address_id,street_address,postal_city,state,zip,year_built,units,use_code,use_description,source_dataset,retrieved_at,record_id,record_url
BOS00001,195 Lexington ST,East Boston,MA,02128,1900,,R3,THREE-FAM DWELLING,Analyze Boston property-assessment FY2026 (rev),2026-10-04T04:36Z,0100001000,https://data.boston.gov/dataset/property-assessment/resource/ee73430d-96c0-423e-ad21-c4cfb54c8961?q=PID%3A0100001000
BOS00002,197 Lexington ST,East Boston,MA,02128,1920,,R3,THREE-FAM DWELLING,Analyze Boston property-assessment FY2026 (rev),2026-10-04T04:36Z,0100002000,https://data.boston.gov/dataset/property-assessment/resource/ee73430d-96c0-423e-ad21-c4cfb54c8961?q=PID%3A0100002000
BOS00003,199 Lexington ST,East Boston,MA,02128,1905,,R3,THREE-FAM DWELLING,Analyze Boston property-assessment FY2026 (rev),2026-10-04T04:36Z,0100003000,https://data.boston.gov/dataset/property-assessment/resource/ee73430d-96c0-423e-ad21-c4cfb54c8961?q=PID%3A0100003000
BOS00004,201 Lexington ST,East Boston,MA,02128,1900,,R3,THREE-FAM DWELLING,Analyze Boston property-assessment FY2026 (rev),2026-10-04T04:36Z,0100004000,https://data.boston.gov/dataset/property-assessment/resource/ee73430d-96c0-423e-ad21-c4cfb54c8961?q=PID%3A0100004000
BOS00005,203 Lexington ST,East Boston,MA,02128,1900,,R3,THREE-FAM DWELLING,Analyze Boston property-assessment FY2026 (rev),2026-10-04T04:36Z,0100005000,https://data.boston.gov/dataset/property-assessment/resource/ee73430d-96c0-423e-ad21-c4cfb54c8961?q=PID%3A0100005000
BOS00006,205 Lexington ST,East Boston,MA,02128,1900,,R3,THREE-FAM DWELLING,Analyze Boston property-assessment FY2026 (rev),2026-10-04T04:36Z,0100006000,https://data.boston.gov/dataset/property-assessment/resource/ee73430d-96c0-423e-ad21-c4cfb54c8961?q=PID%3A0100006000
BOS00007,209 Lexington ST,East Boston,MA,02128,1900,,R3,THREE-FAM DWELLING,Analyze Boston property-assessment FY2026 (rev),2026-10-04T04:36Z,0100007000,https://data.boston.gov/dataset/property-assessment/resource/ee73430d-96c0-423e-ad21-c4cfb54c8961?q=PID%3A0100007000
BOS00008,213 Lexington ST,East Boston,MA,02128,1900,,R3,THREE-FAM DWELLING,Analyze Boston property-assessment FY2026 (rev),2026-10-04T04:36Z,0100008000,https://data.boston.gov/dataset/property-assessment/resource/ee73430d-96c0-423e-ad21-c4cfb54c8961?q=PID%3A0100008000
BOS00009,215 Lexington ST,East Boston,MA,02128,1900,,R3,THREE-FAM DWELLING,Analyze Boston property-assessment FY2026 (rev),2026-10-04T04:36Z,0100009000,https://data.boston.gov/dataset/property-assessment/resource/ee73430d-96c0-423e-ad21-c4cfb54c8961?q=PID%3A0100009000
BOS00010,219 Lexington ST,East Boston,MA,02128,1900,,R2,TWO-FAM DWELLING,Analyze Boston property-assessment FY2026 (rev),2026-10-04T04:36Z,0100011000,https://data.boston.gov/dataset/property-assessment/resource/ee73430d-96c0-423e-ad21-c4cfb54c8961?q=PID%3A0100011000
BOS00011,221 Lexington ST,East Boston,MA,02128,1900,,R3,THREE-FAM DWELLING,Analyze Boston property-assessment FY2026 (rev),2026-10-04T04:36Z,0100012000,https://data.boston.gov/dataset/property-assessment/resource/ee73430d-96c0-423e-ad21-c4cfb54c8961?q=PID%3A0100012000
BOS00012,223 Lexington ST,East Boston,MA,02128,1900,,R3,THREE-FAM DWELLING,Analyze Boston property-assessment FY2026 (rev),2026-10-04T04:36Z,0100013000,https://data.boston.gov/dataset/property-assessment/resource/ee73430d-96c0-423e-ad21-c4cfb54c8961?q=PID%3A0100013000
BOS00013,225 Lexington ST,East Boston,MA,02128,1900,,R3,THREE-FAM DWELLING,Analyze Boston property-assessment FY2026 (rev),2026-10-04T04:36Z,0100014000,https://data.boston.gov/dataset/property-assessment/resource/ee73430d-96c0-423e-ad21-c4cfb54c8961?q=PID%3A0100014000
BOS00014,227 Lexington ST,East Boston,MA,02128,1900,,R2,TWO-FAM DWELLING,Analyze Boston property-assessment FY2026 (rev),2026-10-04T04:36Z,0100015000,https://data.boston.gov/dataset/property-assessment/resource/ee73430d-96c0-423e-ad21-c4cfb54c8961?q=PID%3A0100015000
BOS00015,235 Lexington ST,East Boston,MA,02128,1899,,R2,TWO-FAM DWELLING,Analyze Boston property-assessment FY2026 (rev),2026-10-04T04:36Z,0100016000,https://data.boston.gov/dataset/property-assessment/resource/ee73430d-96c0-423e-ad21-c4cfb54c8961?q=PID%3A0100016000
BOS00016,237 Lexington ST,East Boston,MA,02128,1900,,R3,THREE-FAM DWELLING,Analyze Boston property-assessment FY2026 (rev),2026-10-04T04:36Z,0100017000,https://data.boston.gov/dataset/property-assessment/resource/ee73430d-96c0-423e-ad21-c4cfb54c8961?q=PID%3A0100017000
BOS00017,243 Lexington ST,East Boston,MA,02128,1900,,R3,THREE-FAM DWELLING,Analyze Boston property-assessment FY2026 (rev),2026-10-04T04:36Z,0100020000,https://data.boston.gov/dataset/property-assessment/resource/ee73430d-96c0-423e-ad21-c4cfb54c8961?q=PID%3A0100020000
BOS00018,245 Lexington ST,East Boston,MA,02128,1900,,R3,THREE-FAM DWELLING,Analyze Boston property-assessment FY2026 (rev),2026-10-04T04:36Z,0100022000,https://data.boston.gov/dataset/property-assessment/resource/ee73430d-96c0-423e-ad21-c4cfb54c8961?q=PID%3A0100022000
BOS00019,247 Lexington ST,East Boston,MA,02128,1900,,R3,THREE-FAM DWELLING,Analyze Boston property-assessment FY2026 (rev),2026-10-04T04:36Z,0100023000,https://data.boston.gov/dataset/property-assessment/resource/ee73430d-96c0-423e-ad21-c4cfb54c8961?q=PID%3A0100023000
BOS00020,251 Lexington ST,East Boston,MA,02128,1910,,R3,THREE-FAM DWELLING,Analyze Boston property-assessment FY2026 (rev),2026-10-04T04:36Z,0100025000,https://data.boston.gov/dataset/property-assessment/resource/ee73430d-96c0-423e-ad21-c4cfb54c8961?q=PID%3A0100025000
BOS00021,31 Prescott ST,East Boston,MA,02128,1900,,R2,TWO-FAM DWELLING,Analyze Boston property-assessment FY2026 (rev),2026-10-04T04:36Z,0100026000,https://data.boston.gov/dataset/property-assessment/resource/ee73430d-96c0-423e-ad21-c4cfb54c8961?q=PID%3A0100026000
BOS00022,35 Prescott ST,East Boston,MA,02128,1900,,R2,TWO-FAM DWELLING,Analyze Boston property-assessment FY2026 (rev),2026-10-04T04:36Z,0100028000,https://data.boston.gov/dataset/property-assessment/resource/ee73430d-96c0-423e-ad21-c4cfb54c8961?q=PID%3A0100028000
BOS00023,37 Prescott ST,East Boston,MA,02128,1910,,R3,THREE-FAM DWELLING,Analyze Boston property-assessment FY2026 (rev),2026-10-04T04:36Z,0100029000,https://data.boston.gov/dataset/property-assessment/resource/ee73430d-96c0-423e-ad21-c4cfb54c8961?q=PID%3A0100029000
BOS00024,252 PRINCETON ST,East Boston,MA,02128,1900,,R3,THREE-FAM DWELLING,Analyze Boston property-assessment FY2026 (rev),2026-10-04T04:36Z,0100030000,https://data.boston.gov/dataset/property-assessment/resource/ee73430d-96c0-423e-ad21-c4cfb54c8961?q=PID%3A0100030000
BOS00025,250 PRINCETON ST,East Boston,MA,02128,1900,,R3,THREE-FAM DWELLING,Analyze Boston property-assessment FY2026 (rev),2026-10-04T04:36Z,0100031000,https://data.boston.gov/dataset/property-assessment/resource/ee73430d-96c0-423e-ad21-c4cfb54c8961?q=PID%3A0100031000
BOS00026,248 PRINCETON ST,East Boston,MA,02128,1900,,R2,TWO-FAM DWELLING,Analyze Boston property-assessment FY2026 (rev),2026-10-04T04:36Z,0100032000,https://data.boston.gov/dataset/property-assessment/resource/ee73430d-96c0-423e-ad21-c4cfb54c8961?q=PID%3A0100032000
BOS00027,244 PRINCETON ST,East Boston,MA,02128,1900,,R2,TWO-FAM DWELLING,Analyze Boston property-assessment FY2026 (rev),2026-10-04T04:36Z,0100034000,https://data.boston.gov/dataset/property-assessment/resource/ee73430d-96c0-423e-ad21-c4cfb54c8961?q=PID%3A0100034000
BOS00028,242 PRINCETON ST,East Boston,MA,02128,1900,,R3,THREE-FAM DWELLING,Analyze Boston property-assessment FY2026 (rev),2026-10-04T04:36Z,0100035000,https://data.boston.gov/dataset/property-assessment/resource/ee73430d-96c0-423e-ad21-c4cfb54c8961?q=PID%3A0100035000
BOS00029,240 PRINCETON ST,East Boston,MA,02128,1900,,R3,THREE-FAM DWELLING,Analyze Boston property-assessment FY2026 (rev),2026-10-04T04:36Z,0100036000,https://data.boston.gov/dataset/property-assessment/resource/ee73430d-96c0-423e-ad21-c4cfb54c8961?q=PID%3A0100036000
BOS00030,238 PRINCETON ST,East Boston,MA,02128,1900,,R3,MULTIPLE BLDGS/1 LOT,Analyze Boston property-assessment FY2026 (rev),2026-10-04T04:36Z,0100037000,https://data.boston.gov/dataset/property-assessment/resource/ee73430d-96c0-423e-ad21-c4cfb54c8961?q=PID%3A0100037000
BOS00031,236 PRINCETON ST,East Boston,MA,02128,1900,,R3,THREE-FAM DWELLING,Analyze Boston property-assessment FY2026 (rev),2026-10-04T04:36Z,0100038000,https://data.boston.gov/dataset/property-assessment/resource/ee73430d-96c0-423e-ad21-c4cfb54c8961?q=PID%3A0100038000
BOS00032,234 PRINCETON ST,East Boston,MA,02128,1900,,R3,THREE-FAM DWELLING,Analyze Boston property-assessment FY2026 (rev),2026-10-04T04:36Z,0100039000,https://data.boston.gov/dataset/property-assessment/resource/ee73430d-96c0-423e-ad21-c4cfb54c8961?q=PID%3A0100039000
BOS00033,226 PRINCETON ST,East Boston,MA,02128,1899,,A,LUXURY APARTMENT,Analyze Boston property-assessment FY2026 (rev),2026-10-04T04:36Z,0100040000,https://data.boston.gov/dataset/property-assessment/resource/ee73430d-96c0-423e-ad21-c4cfb54c8961?q=PID%3A0100040000
BOS00034,222 PRINCETON ST,East Boston,MA,02128,1900,,R2,TWO-FAM DWELLING,Analyze Boston property-assessment FY2026 (rev),2026-10-04T04:36Z,0100042000,https://data.boston.gov/dataset/property-assessment/resource/ee73430d-96c0-423e-ad21-c4cfb54c8961?q=PID%3A0100042000
BOS00035,218 PRINCETON ST,East Boston,MA,02128,1899,,R3,THREE-FAM DWELLING,Analyze Boston property-assessment FY2026 (rev),2026-10-04T04:36Z,0100043000,https://data.boston.gov/dataset/property-assessment/resource/ee73430d-96c0-423e-ad21-c4cfb54c8961?q=PID%3A0100043000
BOS00036,216 PRINCETON ST,East Boston,MA,02128,1900,,R3,THREE-FAM DWELLING,Analyze Boston property-assessment FY2026 (rev),2026-10-04T04:36Z,0100044000,https://data.boston.gov/dataset/property-assessment/resource/ee73430d-96c0-423e-ad21-c4cfb54c8961?q=PID%3A0100044000
BOS00037,214 PRINCETON ST,East Boston,MA,02128,1900,,R3,THREE-FAM DWELLING,Analyze Boston property-assessment FY2026 (rev),2026-10-04T04:36Z,0100045000,https://data.boston.gov/dataset/property-assessment/resource/ee73430d-96c0-423e-ad21-c4cfb54c8961?q=PID%3A0100045000
BOS00038,208 PRINCETON ST,East Boston,MA,02128,1900,,A,SUBSD HOUSING S- 8,Analyze Boston property-assessment FY2026 (rev),2026-10-04T04:36Z,0100047000,https://data.boston.gov/dataset/property-assessment/resource/ee73430d-96c0-423e-ad21-c4cfb54c8961?q=PID%3A0100047000
BOS00039,206 PRINCETON ST,East Boston,MA,02128,1900,,R3,THREE-FAM DWELLING,Analyze Boston property-assessment FY2026 (rev),2026-10-04T04:36Z,0100048000,https://data.boston.gov/dataset/property-assessment/resource/ee73430d-96c0-423e-ad21-c4cfb54c8961?q=PID%3A0100048000
BOS00040,204 PRINCETON ST,East Boston,MA,02128,1900,,R3,THREE-FAM DWELLING,Analyze Boston property-assessment FY2026 (rev),2026-10-04T04:36Z,0100049000,https://data.boston.gov/dataset/property-assessment/resource/ee73430d-96c0-423e-ad21-c4cfb54c8961?q=PID%3A0100049000
BOS00041,202 PRINCETON ST,East Boston,MA,02128,1900,,R2,TWO-FAM DWELLING,Analyze Boston property-assessment FY2026 (rev),2026-10-04T04:36Z,0100050000,https://data.boston.gov/dataset/property-assessment/resource/ee73430d-96c0-423e-ad21-c4cfb54c8961?q=PID%3A0100050000
BOS00042,198 PRINCETON ST,East Boston,MA,02128,1900,,R4,APT 4-6 UNITS,Analyze Boston property-assessment FY2026 (rev),2026-10-04T04:36Z,0100051000,https://data.boston.gov/dataset/property-assessment/resource/ee73430d-96c0-423e-ad21-c4cfb54c8961?q=PID%3A0100051000
BOS00043,108 PUTNAM ST,East Boston,MA,02128,1900,,R3,THREE-FAM DWELLING,Analyze Boston property-assessment FY2026 (rev),2026-10-04T04:36Z,0100054000,https://data.boston.gov/dataset/property-assessment/resource/ee73430d-96c0-423e-ad21-c4cfb54c8961?q=PID%3A0100054000
BOS00044,106 PUTNAM ST,East Boston,MA,02128,1900,,R3,THREE-FAM DWELLING,Analyze Boston property-assessment FY2026 (rev),2026-10-04T04:36Z,0100055000,https://data.boston.gov/dataset/property-assessment/resource/ee73430d-96c0-423e-ad21-c4cfb54c8961?q=PID%3A0100055000
BOS00045,74 Prescott ST,East Boston,MA,02128,1920,,R3,THREE-FAM DWELLING,Analyze Boston property-assessment FY2026 (rev),2026-10-04T04:36Z,0100057000,https://data.boston.gov/dataset/property-assessment/resource/ee73430d-96c0-423e-ad21-c4cfb54c8961?q=PID%3A0100057000
BOS00046,72 Prescott ST,East Boston,MA,02128,1910,,A,SUBSD HOUSING S- 8,Analyze Boston property-assessment FY2026 (rev),2026-10-04T04:36Z,0100058000,https://data.boston.gov/dataset/property-assessment/resource/ee73430d-96c0-423e-ad21-c4cfb54c8961?q=PID%3A0100058000
BOS00047,68 Prescott ST,East Boston,MA,02128,1910,,R2,TWO-FAM DWELLING,Analyze Boston property-assessment FY2026 (rev),2026-10-04T04:36Z,0100059000,https://data.boston.gov/dataset/property-assessment/resource/ee73430d-96c0-423e-ad21-c4cfb54c8961?q=PID%3A0100059000
BOS00048,62 Prescott ST,East Boston,MA,02128,1910,,R2,TWO-FAM DWELLING,Analyze Boston property-assessment FY2026 (rev),2026-10-04T04:36Z,0100060000,https://data.boston.gov/dataset/property-assessment/resource/ee73430d-96c0-423e-ad21-c4cfb54c8961?q=PID%3A0100060000
BOS00049,403 Saratoga ST,East Boston,MA,02128,1920,,R2,TWO-FAM DWELLING,Analyze Boston property-assessment FY2026 (rev),2026-10-04T04:36Z,0100062000,https://data.boston.gov/dataset/property-assessment/resource/ee73430d-96c0-423e-ad21-c4cfb54c8961?q=PID%3A0100062000
BOS00050,407 Saratoga ST,East Boston,MA,02128,1910,,R3,THREE-FAM DWELLING,Analyze Boston property-assessment FY2026 (rev),2026-10-04T04:36Z,0100063000,https://data.boston.gov/dataset/property-assessment/resource/ee73430d-96c0-423e-ad21-c4cfb54c8961?q=PID%3A0100063000
BOS00051,409 Saratoga ST,East Boston,MA,02128,1910,,R3,THREE-FAM DWELLING,Analyze Boston property-assessment FY2026 (rev),2026-10-04T04:36Z,0100064000,https://data.boston.gov/dataset/property-assessment/resource/ee73430d-96c0-423e-ad21-c4cfb54c8961?q=PID%3A0100064000
BOS00052,411 Saratoga ST,East Boston,MA,02128,1910,,R3,THREE-FAM DWELLING,Analyze Boston property-assessment FY2026 (rev),2026-10-04T04:36Z,0100065000,https://data.boston.gov/dataset/property-assessment/resource/ee73430d-96c0-423e-ad21-c4cfb54c8961?q=PID%3A0100065000
BOS00053,413 Saratoga ST,East Boston,MA,02128,1910,,R3,THREE-FAM DWELLING,Analyze Boston property-assessment FY2026 (rev),2026-10-04T04:36Z,0100066000,https://data.boston.gov/dataset/property-assessment/resource/ee73430d-96c0-423e-ad21-c4cfb54c8961?q=PID%3A0100066000
BOS00054,421 Saratoga ST,East Boston,MA,02128,1910,,A,APT 7-30 UNITS,Analyze Boston property-assessment FY2026 (rev),2026-10-04T04:36Z,0100067000,https://data.boston.gov/dataset/property-assessment/resource/ee73430d-96c0-423e-ad21-c4cfb54c8961?q=PID%3A0100067000
BOS00055,423 Saratoga ST,East Boston,MA,02128,1910,,R3,THREE-FAM DWELLING,Analyze Boston property-assessment FY2026 (rev),2026-10-04T04:36Z,0100068000,https://data.boston.gov/dataset/property-assessment/resource/ee73430d-96c0-423e-ad21-c4cfb54c8961?q=PID%3A0100068000
BOS00056,425 Saratoga ST,East Boston,MA,02128,1910,,R3,THREE-FAM DWELLING,Analyze Boston property-assessment FY2026 (rev),2026-10-04T04:36Z,0100069000,https://data.boston.gov/dataset/property-assessment/resource/ee73430d-96c0-423e-ad21-c4cfb54c8961?q=PID%3A0100069000
BOS00057,427 Saratoga ST,East Boston,MA,02128,1910,,R2,TWO-FAM DWELLING,Analyze Boston property-assessment FY2026 (rev),2026-10-04T04:36Z,0100070000,https://data.boston.gov/dataset/property-assessment/resource/ee73430d-96c0-423e-ad21-c4cfb54c8961?q=PID%3A0100070000
BOS00058,429 Saratoga ST,East Boston,MA,02128,1910,,R2,TWO-FAM DWELLING,Analyze Boston property-assessment FY2026 (rev),2026-10-04T04:36Z,0100071000,https://data.boston.gov/dataset/property-assessment/resource/ee73430d-96c0-423e-ad21-c4cfb54c8961?q=PID%3A0100071000
BOS00059,431 Saratoga ST,East Boston,MA,02128,1910,,R2,TWO-FAM DWELLING,Analyze Boston property-assessment FY2026 (rev),2026-10-04T04:36Z,0100072000,https://data.boston.gov/dataset/property-assessment/resource/ee73430d-96c0-423e-ad21-c4cfb54c8961?q=PID%3A0100072000
BOS00060,433 Saratoga ST,East Boston,MA,02128,1910,,R3,THREE-FAM DWELLING,Analyze Boston property-assessment FY2026 (rev),2026-10-04T04:36Z,0100073000,https://data.boston.gov/dataset/property-assessment/resource/ee73430d-96c0-423e-ad21-c4cfb54c8961?q=PID%3A0100073000
BOS00061,443 Saratoga ST,East Boston,MA,02128,1910,,R2,TWO-FAM DWELLING,Analyze Boston property-assessment FY2026 (rev),2026-10-04T04:36Z,0100074000,https://data.boston.gov/dataset/property-assessment/resource/ee73430d-96c0-423e-ad21-c4cfb54c8961?q=PID%3A0100074000
BOS00062,445 Saratoga ST,East Boston,MA,02128,1910,,R3,THREE-FAM DWELLING,Analyze Boston property-assessment FY2026 (rev),2026-10-04T04:36Z,0100075000,https://data.boston.gov/dataset/property-assessment/resource/ee73430d-96c0-423e-ad21-c4cfb54c8961?q=PID%3A0100075000
BOS00063,447 Saratoga ST,East Boston,MA,02128,1910,,R3,THREE-FAM DWELLING,Analyze Boston property-assessment FY2026 (rev),2026-10-04T04:36Z,0100076000,https://data.boston.gov/dataset/property-assessment/resource/ee73430d-96c0-423e-ad21-c4cfb54c8961?q=PID%3A0100076000
BOS00064,50 Prescott ST,East Boston,MA,02128,1910,,R3,THREE-FAM DWELLING,Analyze Boston property-assessment FY2026 (rev),2026-10-04T04:36Z,0100097000,https://data.boston.gov/dataset/property-assessment/resource/ee73430d-96c0-423e-ad21-c4cfb54c8961?q=PID%3A0100097000
BOS00065,261 PRINCETON ST,East Boston,MA,02128,1905,,R2,TWO-FAM DWELLING,Analyze Boston property-assessment FY2026 (rev),2026-10-04T04:36Z,0100099000,https://data.boston.gov/dataset/property-assessment/resource/ee73430d-96c0-423e-ad21-c4cfb54c8961?q=PID%3A0100099000
BOS00066,263 PRINCETON ST,East Boston,MA,02128,1900,,R3,THREE-FAM DWELLING,Analyze Boston property-assessment FY2026 (rev),2026-10-04T04:36Z,0100100000,https://data.boston.gov/dataset/property-assessment/resource/ee73430d-96c0-423e-ad21-c4cfb54c8961?q=PID%3A0100100000
BOS00067,265 PRINCETON ST,East Boston,MA,02128,1905,,A,SUBSD HOUSING S- 8,Analyze Boston property-assessment FY2026 (rev),2026-10-04T04:36Z,0100101000,https://data.boston.gov/dataset/property-assessment/resource/ee73430d-96c0-423e-ad21-c4cfb54c8961?q=PID%3A0100101000
BOS00068,271 PRINCETON ST,East Boston,MA,02128,1905,,R2,TWO-FAM DWELLING,Analyze Boston property-assessment FY2026 (rev),2026-10-04T04:36Z,0100103000,https://data.boston.gov/dataset/property-assessment/resource/ee73430d-96c0-423e-ad21-c4cfb54c8961?q=PID%3A0100103000
BOS00069,277 PRINCETON ST,East Boston,MA,02128,1900,,R3,THREE-FAM DWELLING,Analyze Boston property-assessment FY2026 (rev),2026-10-04T04:36Z,0100105000,https://data.boston.gov/dataset/property-assessment/resource/ee73430d-96c0-423e-ad21-c4cfb54c8961?q=PID%3A0100105000
BOS00070,279 PRINCETON ST,East Boston,MA,02128,1910,,R3,THREE-FAM DWELLING,Analyze Boston property-assessment FY2026 (rev),2026-10-04T04:36Z,0100106000,https://data.boston.gov/dataset/property-assessment/resource/ee73430d-96c0-423e-ad21-c4cfb54c8961?q=PID%3A0100106000
BOS00071,281 PRINCETON ST,East Boston,MA,02128,1900,,R3,THREE-FAM DWELLING,Analyze Boston property-assessment FY2026 (rev),2026-10-04T04:36Z,0100107000,https://data.boston.gov/dataset/property-assessment/resource/ee73430d-96c0-423e-ad21-c4cfb54c8961?q=PID%3A0100107000
BOS00072,283 PRINCETON ST,East Boston,MA,02128,1900,,R3,THREE-FAM DWELLING,Analyze Boston property-assessment FY2026 (rev),2026-10-04T04:36Z,0100108000,https://data.boston.gov/dataset/property-assessment/resource/ee73430d-96c0-423e-ad21-c4cfb54c8961?q=PID%3A0100108000
BOS00073,301 PRINCETON ST,East Boston,MA,02128,1905,,R2,TWO-FAM DWELLING,Analyze Boston property-assessment FY2026 (rev),2026-10-04T04:36Z,0100110000,https://data.boston.gov/dataset/property-assessment/resource/ee73430d-96c0-423e-ad21-c4cfb54c8961?q=PID%3A0100110000
BOS00074,303 PRINCETON ST,East Boston,MA,02128,1930,,R3,THREE-FAM DWELLING,Analyze Boston property-assessment FY2026 (rev),2026-10-04T04:36Z,0100111000,https://data.boston.gov/dataset/property-assessment/resource/ee73430d-96c0-423e-ad21-c4cfb54c8961?q=PID%3A0100111000
BOS00075,305 PRINCETON ST,East Boston,MA,02128,1905,,R3,THREE-FAM DWELLING,Analyze Boston property-assessment FY2026 (rev),2026-10-04T04:36Z,0100112000,https://data.boston.gov/dataset/property-assessment/resource/ee73430d-96c0-423e-ad21-c4cfb54c8961?q=PID%3A0100112000
BOS00076,7 LAWSON PL,East Boston,MA,02128,1920,,R2,TWO-FAM DWELLING,Analyze Boston property-assessment FY2026 (rev),2026-10-04T04:36Z,0100113000,https://data.boston.gov/dataset/property-assessment/resource/ee73430d-96c0-423e-ad21-c4cfb54c8961?q=PID%3A0100113000
BOS00077,5 LAWSON PL,East Boston,MA,02128,1905,,R2,TWO-FAM DWELLING,Analyze Boston property-assessment FY2026 (rev),2026-10-04T04:36Z,0100115000,https://data.boston.gov/dataset/property-assessment/resource/ee73430d-96c0-423e-ad21-c4cfb54c8961?q=PID%3A0100115000
BOS00078,468 Saratoga ST,East Boston,MA,02128,1900,,R3,THREE-FAM DWELLING,Analyze Boston property-assessment FY2026 (rev),2026-10-04T04:36Z,0100123000,https://data.boston.gov/dataset/property-assessment/resource/ee73430d-96c0-423e-ad21-c4cfb54c8961?q=PID%3A0100123000
BOS00079,466 Saratoga ST,East Boston,MA,02128,1900,,R3,THREE-FAM DWELLING,Analyze Boston property-assessment FY2026 (rev),2026-10-04T04:36Z,0100124000,https://data.boston.gov/dataset/property-assessment/resource/ee73430d-96c0-423e-ad21-c4cfb54c8961?q=PID%3A0100124000
BOS00080,464 Saratoga ST,East Boston,MA,02128,1900,,R3,THREE-FAM DWELLING,Analyze Boston property-assessment FY2026 (rev),2026-10-04T04:36Z,0100125000,https://data.boston.gov/dataset/property-assessment/resource/ee73430d-96c0-423e-ad21-c4cfb54c8961?q=PID%3A0100125000
BOS00081,462 Saratoga ST,East Boston,MA,02128,1900,,R3,THREE-FAM DWELLING,Analyze Boston property-assessment FY2026 (rev),2026-10-04T04:36Z,0100126000,https://data.boston.gov/dataset/property-assessment/resource/ee73430d-96c0-423e-ad21-c4cfb54c8961?q=PID%3A0100126000
BOS00082,460 Saratoga ST,East Boston,MA,02128,1900,,R3,THREE-FAM DWELLING,Analyze Boston property-assessment FY2026 (rev),2026-10-04T04:36Z,0100127000,https://data.boston.gov/dataset/property-assessment/resource/ee73430d-96c0-423e-ad21-c4cfb54c8961?q=PID%3A0100127000
BOS00083,458 Saratoga ST,East Boston,MA,02128,1900,,R3,THREE-FAM DWELLING,Analyze Boston property-assessment FY2026 (rev),2026-10-04T04:36Z,0100128000,https://data.boston.gov/dataset/property-assessment/resource/ee73430d-96c0-423e-ad21-c4cfb54c8961?q=PID%3A0100128000
BOS00084,456 Saratoga ST,East Boston,MA,02128,1910,,R3,THREE-FAM DWELLING,Analyze Boston property-assessment FY2026 (rev),2026-10-04T04:36Z,0100129000,https://data.boston.gov/dataset/property-assessment/resource/ee73430d-96c0-423e-ad21-c4cfb54c8961?q=PID%3A0100129000
BOS00085,454 Saratoga ST,East Boston,MA,02128,1900,,R3,THREE-FAM DWELLING,Analyze Boston property-assessment FY2026 (rev),2026-10-04T04:36Z,0100130000,https://data.boston.gov/dataset/property-assessment/resource/ee73430d-96c0-423e-ad21-c4cfb54c8961?q=PID%3A0100130000
BOS00086,442 Saratoga ST,East Boston,MA,02128,1899,,R3,THREE-FAM DWELLING,Analyze Boston property-assessment FY2026 (rev),2026-10-04T04:36Z,0100132000,https://data.boston.gov/dataset/property-assessment/resource/ee73430d-96c0-423e-ad21-c4cfb54c8961?q=PID%3A0100132000
BOS00087,440 Saratoga ST,East Boston,MA,02128,1930,,R3,THREE-FAM DWELLING,Analyze Boston property-assessment FY2026 (rev),2026-10-04T04:36Z,0100133000,https://data.boston.gov/dataset/property-assessment/resource/ee73430d-96c0-423e-ad21-c4cfb54c8961?q=PID%3A0100133000
BOS00088,438 Saratoga ST,East Boston,MA,02128,2007,,R3,THREE-FAM DWELLING,Analyze Boston property-assessment FY2026 (rev),2026-10-04T04:36Z,0100134000,https://data.boston.gov/dataset/property-assessment/resource/ee73430d-96c0-423e-ad21-c4cfb54c8961?q=PID%3A0100134000
BOS00089,432 Saratoga ST,East Boston,MA,02128,1900,,R3,THREE-FAM DWELLING,Analyze Boston property-assessment FY2026 (rev),2026-10-04T04:36Z,0100135000,https://data.boston.gov/dataset/property-assessment/resource/ee73430d-96c0-423e-ad21-c4cfb54c8961?q=PID%3A0100135000
BOS00090,428 Saratoga ST,East Boston,MA,02128,1900,,R3,THREE-FAM DWELLING,Analyze Boston property-assessment FY2026 (rev),2026-10-04T04:36Z,0100136000,https://data.boston.gov/dataset/property-assessment/resource/ee73430d-96c0-423e-ad21-c4cfb54c8961?q=PID%3A0100136000
BOS00091,426 Saratoga ST,East Boston,MA,02128,1905,,R2,TWO-FAM DWELLING,Analyze Boston property-assessment FY2026 (rev),2026-10-04T04:36Z,0100138000,https://data.boston.gov/dataset/property-assessment/resource/ee73430d-96c0-423e-ad21-c4cfb54c8961?q=PID%3A0100138000
BOS00092,424 Saratoga ST,East Boston,MA,02128,1900,,R3,THREE-FAM DWELLING,Analyze Boston property-assessment FY2026 (rev),2026-10-04T04:36Z,0100139000,https://data.boston.gov/dataset/property-assessment/resource/ee73430d-96c0-423e-ad21-c4cfb54c8961?q=PID%3A0100139000
BOS00093,422 Saratoga ST,East Boston,MA,02128,1900,,R3,THREE-FAM DWELLING,Analyze Boston property-assessment FY2026 (rev),2026-10-04T04:36Z,0100140000,https://data.boston.gov/dataset/property-assessment/resource/ee73430d-96c0-423e-ad21-c4cfb54c8961?q=PID%3A0100140000
BOS00094,416 Saratoga ST,East Boston,MA,02128,1900,,R3,THREE-FAM DWELLING,Analyze Boston property-assessment FY2026 (rev),2026-10-04T04:36Z,0100142000,https://data.boston.gov/dataset/property-assessment/resource/ee73430d-96c0-423e-ad21-c4cfb54c8961?q=PID%3A0100142000
BOS00095,414 Saratoga ST,East Boston,MA,02128,1900,,R3,THREE-FAM DWELLING,Analyze Boston property-assessment FY2026 (rev),2026-10-04T04:36Z,0100143000,https://data.boston.gov/dataset/property-assessment/resource/ee73430d-96c0-423e-ad21-c4cfb54c8961?q=PID%3A0100143000
BOS00096,412 Saratoga ST,East Boston,MA,02128,1900,,R3,THREE-FAM DWELLING,Analyze Boston property-assessment FY2026 (rev),2026-10-04T04:36Z,0100144000,https://data.boston.gov/dataset/property-assessment/resource/ee73430d-96c0-423e-ad21-c4cfb54c8961?q=PID%3A0100144000
BOS00097,408 Saratoga ST,East Boston,MA,02128,1900,,R4,APT 4-6 UNITS,Analyze Boston property-assessment FY2026 (rev),2026-10-04T04:36Z,0100146000,https://data.boston.gov/dataset/property-assessment/resource/ee73430d-96c0-423e-ad21-c4cfb54c8961?q=PID%3A0100146000
BOS00098,406 Saratoga ST,East Boston,MA,02128,1899,,R3,THREE-FAM DWELLING,Analyze Boston property-assessment FY2026 (rev),2026-10-04T04:36Z,0100147000,https://data.boston.gov/dataset/property-assessment/resource/ee73430d-96c0-423e-ad21-c4cfb54c8961?q=PID%3A0100147000
BOS00099,404 Saratoga ST,East Boston,MA,02128,1900,,R3,THREE-FAM DWELLING,Analyze Boston property-assessment FY2026 (rev),2026-10-04T04:36Z,0100148000,https://data.boston.gov/dataset/property-assessment/resource/ee73430d-96c0-423e-ad21-c4cfb54c8961?q=PID%3A0100148000
BOS00100,262 PRINCETON ST,East Boston,MA,02128,1890,,R3,THREE-FAM DWELLING,Analyze Boston property-assessment FY2026 (rev),2026-10-04T04:36Z,0100149000,https://data.boston.gov/dataset/property-assessment/resource/ee73430d-96c0-423e-ad21-c4cfb54c8961?q=PID%3A0100149000
BOS00101,253 Lexington ST,East Boston,MA,02128,1899,,R3,THREE-FAM DWELLING,Analyze Boston property-assessment FY2026 (rev),2026-10-04T04:36Z,0100150000,https://data.boston.gov/dataset/property-assessment/resource/ee73430d-96c0-423e-ad21-c4cfb54c8961?q=PID%3A0100150000
BOS00102,261 Lexington ST,East Boston,MA,02128,2015,,R4,APT 4-6 UNITS,Analyze Boston property-assessment FY2026 (rev),2026-10-04T04:36Z,0100151000,https://data.boston.gov/dataset/property-assessment/resource/ee73430d-96c0-423e-ad21-c4cfb54c8961?q=PID%3A0100151000
BOS00103,263 Lexington ST,East Boston,MA,02128,1900,,R4,APT 4-6 UNITS,Analyze Boston property-assessment FY2026 (rev),2026-10-04T04:36Z,0100152000,https://data.boston.gov/dataset/property-assessment/resource/ee73430d-96c0-423e-ad21-c4cfb54c8961?q=PID%3A0100152000
BOS00104,271 Lexington ST,East Boston,MA,02128,1890,,R3,THREE-FAM DWELLING,Analyze Boston property-assessment FY2026 (rev),2026-10-04T04:36Z,0100156000,https://data.boston.gov/dataset/property-assessment/resource/ee73430d-96c0-423e-ad21-c4cfb54c8961?q=PID%3A0100156000
BOS00105,273 Lexington ST,East Boston,MA,02128,1890,,R3,THREE-FAM DWELLING,Analyze Boston property-assessment FY2026 (rev),2026-10-04T04:36Z,0100157000,https://data.boston.gov/dataset/property-assessment/resource/ee73430d-96c0-423e-ad21-c4cfb54c8961?q=PID%3A0100157000
BOS00106,275 Lexington ST,East Boston,MA,02128,1900,,R3,THREE-FAM DWELLING,Analyze Boston property-assessment FY2026 (rev),2026-10-04T04:36Z,0100158000,https://data.boston.gov/dataset/property-assessment/resource/ee73430d-96c0-423e-ad21-c4cfb54c8961?q=PID%3A0100158000
BOS00107,279 Lexington ST,East Boston,MA,02128,1900,,R3,THREE-FAM DWELLING,Analyze Boston property-assessment FY2026 (rev),2026-10-04T04:36Z,0100159000,https://data.boston.gov/dataset/property-assessment/resource/ee73430d-96c0-423e-ad21-c4cfb54c8961?q=PID%3A0100159000
BOS00108,281 Lexington ST,East Boston,MA,02128,1900,,R3,THREE-FAM DWELLING,Analyze Boston property-assessment FY2026 (rev),2026-10-04T04:36Z,0100160000,https://data.boston.gov/dataset/property-assessment/resource/ee73430d-96c0-423e-ad21-c4cfb54c8961?q=PID%3A0100160000
BOS00109,283 Lexington ST,East Boston,MA,02128,1900,,R3,THREE-FAM DWELLING,Analyze Boston property-assessment FY2026 (rev),2026-10-04T04:36Z,0100161000,https://data.boston.gov/dataset/property-assessment/resource/ee73430d-96c0-423e-ad21-c4cfb54c8961?q=PID%3A0100161000
BOS00110,285 Lexington ST,East Boston,MA,02128,1900,,R3,THREE-FAM DWELLING,Analyze Boston property-assessment FY2026 (rev),2026-10-04T04:36Z,0100162000,https://data.boston.gov/dataset/property-assessment/resource/ee73430d-96c0-423e-ad21-c4cfb54c8961?q=PID%3A0100162000
BOS00111,287 Lexington ST,East Boston,MA,02128,1900,,R2,TWO-FAM DWELLING,Analyze Boston property-assessment FY2026 (rev),2026-10-04T04:36Z,0100163000,https://data.boston.gov/dataset/property-assessment/resource/ee73430d-96c0-423e-ad21-c4cfb54c8961?q=PID%3A0100163000
BOS00112,291 Lexington ST,East Boston,MA,02128,1940,,R2,TWO-FAM DWELLING,Analyze Boston property-assessment FY2026 (rev),2026-10-04T04:36Z,0100165000,https://data.boston.gov/dataset/property-assessment/resource/ee73430d-96c0-423e-ad21-c4cfb54c8961?q=PID%3A0100165000
BOS00113,293 Lexington ST,East Boston,MA,02128,1900,,R3,THREE-FAM DWELLING,Analyze Boston property-assessment FY2026 (rev),2026-10-04T04:36Z,0100166000,https://data.boston.gov/dataset/property-assessment/resource/ee73430d-96c0-423e-ad21-c4cfb54c8961?q=PID%3A0100166000
BOS00114,295 Lexington ST,East Boston,MA,02128,1900,,R3,THREE-FAM DWELLING,Analyze Boston property-assessment FY2026 (rev),2026-10-04T04:36Z,0100167000,https://data.boston.gov/dataset/property-assessment/resource/ee73430d-96c0-423e-ad21-c4cfb54c8961?q=PID%3A0100167000
BOS00115,297 Lexington ST,East Boston,MA,02128,1900,,R3,THREE-FAM DWELLING,Analyze Boston property-assessment FY2026 (rev),2026-10-04T04:36Z,0100168000,https://data.boston.gov/dataset/property-assessment/resource/ee73430d-96c0-423e-ad21-c4cfb54c8961?q=PID%3A0100168000
BOS00116,299 Lexington ST,East Boston,MA,02128,1900,,R3,THREE-FAM DWELLING,Analyze Boston property-assessment FY2026 (rev),2026-10-04T04:36Z,0100169000,https://data.boston.gov/dataset/property-assessment/resource/ee73430d-96c0-423e-ad21-c4cfb54c8961?q=PID%3A0100169000
BOS00117,301 Lexington ST,East Boston,MA,02128,1900,,R3,THREE-FAM DWELLING,Analyze Boston property-assessment FY2026 (rev),2026-10-04T04:36Z,0100170000,https://data.boston.gov/dataset/property-assessment/resource/ee73430d-96c0-423e-ad21-c4cfb54c8961?q=PID%3A0100170000
BOS00118,307 Lexington ST,East Boston,MA,02128,1899,,R3,THREE-FAM DWELLING,Analyze Boston property-assessment FY2026 (rev),2026-10-04T04:36Z,0100173000,https://data.boston.gov/dataset/property-assessment/resource/ee73430d-96c0-423e-ad21-c4cfb54c8961?q=PID%3A0100173000
BOS00119,309 Lexington ST,East Boston,MA,02128,1900,,R3,THREE-FAM DWELLING,Analyze Boston property-assessment FY2026 (rev),2026-10-04T04:36Z,0100174000,https://data.boston.gov/dataset/property-assessment/resource/ee73430d-96c0-423e-ad21-c4cfb54c8961?q=PID%3A0100174000
BOS00120,313 Lexington ST,East Boston,MA,02128,1907,,R3,THREE-FAM DWELLING,Analyze Boston property-assessment FY2026 (rev),2026-10-04T04:36Z,0100176000,https://data.boston.gov/dataset/property-assessment/resource/ee73430d-96c0-423e-ad21-c4cfb54c8961?q=PID%3A0100176000
BOS00121,9 Shelby ST,East Boston,MA,02128,1899,,A,APT 7-30 UNITS,Analyze Boston property-assessment FY2026 (rev),2026-10-04T04:36Z,0100178000,https://data.boston.gov/dataset/property-assessment/resource/ee73430d-96c0-423e-ad21-c4cfb54c8961?q=PID%3A0100178000
BOS00122,324 PRINCETON ST,East Boston,MA,02128,1890,,R3,THREE-FAM DWELLING,Analyze Boston property-assessment FY2026 (rev),2026-10-04T04:36Z,0100179000,https://data.boston.gov/dataset/property-assessment/resource/ee73430d-96c0-423e-ad21-c4cfb54c8961?q=PID%3A0100179000
BOS00123,322 PRINCETON ST,East Boston,MA,02128,1890,,R3,THREE-FAM DWELLING,Analyze Boston property-assessment FY2026 (rev),2026-10-04T04:36Z,0100179001,https://data.boston.gov/dataset/property-assessment/resource/ee73430d-96c0-423e-ad21-c4cfb54c8961?q=PID%3A0100179001
BOS00124,320 PRINCETON ST,East Boston,MA,02128,1890,,R3,THREE-FAM DWELLING,Analyze Boston property-assessment FY2026 (rev),2026-10-04T04:36Z,0100180000,https://data.boston.gov/dataset/property-assessment/resource/ee73430d-96c0-423e-ad21-c4cfb54c8961?q=PID%3A0100180000
BOS00125,316 PRINCETON ST,East Boston,MA,02128,1890,,R3,THREE-FAM DWELLING,Analyze Boston property-assessment FY2026 (rev),2026-10-04T04:36Z,0100182000,https://data.boston.gov/dataset/property-assessment/resource/ee73430d-96c0-423e-ad21-c4cfb54c8961?q=PID%3A0100182000
BOS00126,314 PRINCETON ST,East Boston,MA,02128,1900,,R3,THREE-FAM DWELLING,Analyze Boston property-assessment FY2026 (rev),2026-10-04T04:36Z,0100183000,https://data.boston.gov/dataset/property-assessment/resource/ee73430d-96c0-423e-ad21-c4cfb54c8961?q=PID%3A0100183000
BOS00127,312 PRINCETON ST,East Boston,MA,02128,1900,,R3,THREE-FAM DWELLING,Analyze Boston property-assessment FY2026 (rev),2026-10-04T04:36Z,0100184000,https://data.boston.gov/dataset/property-assessment/resource/ee73430d-96c0-423e-ad21-c4cfb54c8961?q=PID%3A0100184000
BOS00128,310 PRINCETON ST,East Boston,MA,02128,1988,,R3,THREE-FAM DWELLING,Analyze Boston property-assessment FY2026 (rev),2026-10-04T04:36Z,0100185000,https://data.boston.gov/dataset/property-assessment/resource/ee73430d-96c0-423e-ad21-c4cfb54c8961?q=PID%3A0100185000
BOS00129,294 PRINCETON ST,East Boston,MA,02128,1910,,R3,THREE-FAM DWELLING,Analyze Boston property-assessment FY2026 (rev),2026-10-04T04:36Z,0100190000,https://data.boston.gov/dataset/property-assessment/resource/ee73430d-96c0-423e-ad21-c4cfb54c8961?q=PID%3A0100190000
BOS00130,292 PRINCETON ST,East Boston,MA,02128,1900,,R3,THREE-FAM DWELLING,Analyze Boston property-assessment FY2026 (rev),2026-10-04T04:36Z,0100191000,https://data.boston.gov/dataset/property-assessment/resource/ee73430d-96c0-423e-ad21-c4cfb54c8961?q=PID%3A0100191000
BOS00131,286 PRINCETON ST,East Boston,MA,02128,1900,,R2,TWO-FAM DWELLING,Analyze Boston property-assessment FY2026 (rev),2026-10-04T04:36Z,0100193000,https://data.boston.gov/dataset/property-assessment/resource/ee73430d-96c0-423e-ad21-c4cfb54c8961?q=PID%3A0100193000
BOS00132,278 PRINCETON ST,East Boston,MA,02128,1900,,R2,TWO-FAM DWELLING,Analyze Boston property-assessment FY2026 (rev),2026-10-04T04:36Z,0100195010,https://data.boston.gov/dataset/property-assessment/resource/ee73430d-96c0-423e-ad21-c4cfb54c8961?q=PID%3A0100195010
BOS00133,274 PRINCETON ST,East Boston,MA,02128,1900,,R3,THREE-FAM DWELLING,Analyze Boston property-assessment FY2026 (rev),2026-10-04T04:36Z,0100197000,https://data.boston.gov/dataset/property-assessment/resource/ee73430d-96c0-423e-ad21-c4cfb54c8961?q=PID%3A0100197000
BOS00134,272 PRINCETON ST,East Boston,MA,02128,1900,,R3,THREE-FAM DWELLING,Analyze Boston property-assessment FY2026 (rev),2026-10-04T04:36Z,0100198000,https://data.boston.gov/dataset/property-assessment/resource/ee73430d-96c0-423e-ad21-c4cfb54c8961?q=PID%3A0100198000
BOS00135,270 PRINCETON ST,East Boston,MA,02128,1890,,R3,THREE-FAM DWELLING,Analyze Boston property-assessment FY2026 (rev),2026-10-04T04:36Z,0100199000,https://data.boston.gov/dataset/property-assessment/resource/ee73430d-96c0-423e-ad21-c4cfb54c8961?q=PID%3A0100199000
BOS00136,268 PRINCETON ST,East Boston,MA,02128,1900,,R3,THREE-FAM DWELLING,Analyze Boston property-assessment FY2026 (rev),2026-10-04T04:36Z,0100200000,https://data.boston.gov/dataset/property-assessment/resource/ee73430d-96c0-423e-ad21-c4cfb54c8961?q=PID%3A0100200000
BOS00137,266 PRINCETON ST,East Boston,MA,02128,1900,,R3,THREE-FAM DWELLING,Analyze Boston property-assessment FY2026 (rev),2026-10-04T04:36Z,0100201000,https://data.boston.gov/dataset/property-assessment/resource/ee73430d-96c0-423e-ad21-c4cfb54c8961?q=PID%3A0100201000
BOS00138,256 Lexington ST,East Boston,MA,02128,1910,,R3,THREE-FAM DWELLING,Analyze Boston property-assessment FY2026 (rev),2026-10-04T04:36Z,0100202000,https://data.boston.gov/dataset/property-assessment/resource/ee73430d-96c0-423e-ad21-c4cfb54c8961?q=PID%3A0100202000
BOS00139,10 Prescott ST,East Boston,MA,02128,1900,,R3,THREE-FAM DWELLING,Analyze Boston property-assessment FY2026 (rev),2026-10-04T04:36Z,0100203000,https://data.boston.gov/dataset/property-assessment/resource/ee73430d-96c0-423e-ad21-c4cfb54c8961?q=PID%3A0100203000
BOS00140,8 Prescott ST,East Boston,MA,02128,1900,,R3,THREE-FAM DWELLING,Analyze Boston property-assessment FY2026 (rev),2026-10-04T04:36Z,0100204000,https://data.boston.gov/dataset/property-assessment/resource/ee73430d-96c0-423e-ad21-c4cfb54c8961?q=PID%3A0100204000
BOS00141,6 Prescott ST,East Boston,MA,02128,1900,,R3,THREE-FAM DWELLING,Analyze Boston property-assessment FY2026 (rev),2026-10-04T04:36Z,0100205000,https://data.boston.gov/dataset/property-assessment/resource/ee73430d-96c0-423e-ad21-c4cfb54c8961?q=PID%3A0100205000
BOS00142,217 Trenton ST,East Boston,MA,02128,1924,,R3,THREE-FAM DWELLING,Analyze Boston property-assessment FY2026 (rev),2026-10-04T04:36Z,0100206000,https://data.boston.gov/dataset/property-assessment/resource/ee73430d-96c0-423e-ad21-c4cfb54c8961?q=PID%3A0100206000
BOS00143,219 Trenton ST,East Boston,MA,02128,1900,,R3,THREE-FAM DWELLING,Analyze Boston property-assessment FY2026 (rev),2026-10-04T04:36Z,0100207000,https://data.boston.gov/dataset/property-assessment/resource/ee73430d-96c0-423e-ad21-c4cfb54c8961?q=PID%3A0100207000
BOS00144,221 Trenton ST,East Boston,MA,02128,1900,,R3,THREE-FAM DWELLING,Analyze Boston property-assessment FY2026 (rev),2026-10-04T04:36Z,0100208000,https://data.boston.gov/dataset/property-assessment/resource/ee73430d-96c0-423e-ad21-c4cfb54c8961?q=PID%3A0100208000
BOS00145,223 Trenton ST,East Boston,MA,02128,1900,,R2,TWO-FAM DWELLING,Analyze Boston property-assessment FY2026 (rev),2026-10-04T04:36Z,0100209000,https://data.boston.gov/dataset/property-assessment/resource/ee73430d-96c0-423e-ad21-c4cfb54c8961?q=PID%3A0100209000
BOS00146,225 Trenton ST,East Boston,MA,02128,1900,,R2,TWO-FAM DWELLING,Analyze Boston property-assessment FY2026 (rev),2026-10-04T04:36Z,0100210000,https://data.boston.gov/dataset/property-assessment/resource/ee73430d-96c0-423e-ad21-c4cfb54c8961?q=PID%3A0100210000
BOS00147,229 Trenton ST,East Boston,MA,02128,2004,,R2,TWO-FAM DWELLING,Analyze Boston property-assessment FY2026 (rev),2026-10-04T04:36Z,0100211000,https://data.boston.gov/dataset/property-assessment/resource/ee73430d-96c0-423e-ad21-c4cfb54c8961?q=PID%3A0100211000
BOS00148,247 Trenton ST,East Boston,MA,02128,1900,,R3,THREE-FAM DWELLING,Analyze Boston property-assessment FY2026 (rev),2026-10-04T04:36Z,0100218000,https://data.boston.gov/dataset/property-assessment/resource/ee73430d-96c0-423e-ad21-c4cfb54c8961?q=PID%3A0100218000
BOS00149,291 E EAGLE ST,East Boston,MA,02128,1900,,R3,THREE-FAM DWELLING,Analyze Boston property-assessment FY2026 (rev),2026-10-04T04:36Z,0100219000,https://data.boston.gov/dataset/property-assessment/resource/ee73430d-96c0-423e-ad21-c4cfb54c8961?q=PID%3A0100219000
BOS00150,297 E EAGLE ST,East Boston,MA,02128,1954,,R3,THREE-FAM DWELLING,Analyze Boston property-assessment FY2026 (rev),2026-10-04T04:36Z,0100220000,https://data.boston.gov/dataset/property-assessment/resource/ee73430d-96c0-423e-ad21-c4cfb54c8961?q=PID%3A0100220000
BOS00151,311 E EAGLE ST,East Boston,MA,02128,1900,,R3,THREE-FAM DWELLING,Analyze Boston property-assessment FY2026 (rev),2026-10-04T04:36Z,0100226000,https://data.boston.gov/dataset/property-assessment/resource/ee73430d-96c0-423e-ad21-c4cfb54c8961?q=PID%3A0100226000
BOS00152,313 E EAGLE ST,East Boston,MA,02128,1900,,R2,TWO-FAM DWELLING,Analyze Boston property-assessment FY2026 (rev),2026-10-04T04:36Z,0100227000,https://data.boston.gov/dataset/property-assessment/resource/ee73430d-96c0-423e-ad21-c4cfb54c8961?q=PID%3A0100227000
BOS00153,306 Lexington ST,East Boston,MA,02128,1899,,R4,APT 4-6 UNITS,Analyze Boston property-assessment FY2026 (rev),2026-10-04T04:36Z,0100232000,https://data.boston.gov/dataset/property-assessment/resource/ee73430d-96c0-423e-ad21-c4cfb54c8961?q=PID%3A0100232000
BOS00154,286 Lexington ST,East Boston,MA,02128,1900,,R3,THREE-FAM DWELLING,Analyze Boston property-assessment FY2026 (rev),2026-10-04T04:36Z,0100241000,https://data.boston.gov/dataset/property-assessment/resource/ee73430d-96c0-423e-ad21-c4cfb54c8961?q=PID%3A0100241000
BOS00155,284 Lexington ST,East Boston,MA,02128,1900,,R3,THREE-FAM DWELLING,Analyze Boston property-assessment FY2026 (rev),2026-10-04T04:36Z,0100242000,https://data.boston.gov/dataset/property-assessment/resource/ee73430d-96c0-423e-ad21-c4cfb54c8961?q=PID%3A0100242000
BOS00156,282 Lexington ST,East Boston,MA,02128,1900,,R3,THREE-FAM DWELLING,Analyze Boston property-assessment FY2026 (rev),2026-10-04T04:36Z,0100243000,https://data.boston.gov/dataset/property-assessment/resource/ee73430d-96c0-423e-ad21-c4cfb54c8961?q=PID%3A0100243000
BOS00157,282 Lexington ST,East Boston,MA,02128,1900,,R4,APT 4-6 UNITS,Analyze Boston property-assessment FY2026 (rev),2026-10-04T04:36Z,0100244000,https://data.boston.gov/dataset/property-assessment/resource/ee73430d-96c0-423e-ad21-c4cfb54c8961?q=PID%3A0100244000
BOS00158,280 Lexington ST,East Boston,MA,02128,1900,,R3,THREE-FAM DWELLING,Analyze Boston property-assessment FY2026 (rev),2026-10-04T04:36Z,0100245000,https://data.boston.gov/dataset/property-assessment/resource/ee73430d-96c0-423e-ad21-c4cfb54c8961?q=PID%3A0100245000
BOS00159,278 Lexington ST,East Boston,MA,02128,1900,,R2,TWO-FAM DWELLING,Analyze Boston property-assessment FY2026 (rev),2026-10-04T04:36Z,0100246000,https://data.boston.gov/dataset/property-assessment/resource/ee73430d-96c0-423e-ad21-c4cfb54c8961?q=PID%3A0100246000
BOS00160,276 Lexington ST,East Boston,MA,02128,1890,,R2,TWO-FAM DWELLING,Analyze Boston property-assessment FY2026 (rev),2026-10-04T04:36Z,0100247000,https://data.boston.gov/dataset/property-assessment/resource/ee73430d-96c0-423e-ad21-c4cfb54c8961?q=PID%3A0100247000
BOS00161,274 Lexington ST,East Boston,MA,02128,1890,,R3,THREE-FAM DWELLING,Analyze Boston property-assessment FY2026 (rev),2026-10-04T04:36Z,0100248000,https://data.boston.gov/dataset/property-assessment/resource/ee73430d-96c0-423e-ad21-c4cfb54c8961?q=PID%3A0100248000
BOS00162,260 Lexington ST,East Boston,MA,02128,1900,,R2,TWO-FAM DWELLING,Analyze Boston property-assessment FY2026 (rev),2026-10-04T04:36Z,0100253000,https://data.boston.gov/dataset/property-assessment/resource/ee73430d-96c0-423e-ad21-c4cfb54c8961?q=PID%3A0100253000
BOS00163,258 Lexington ST,East Boston,MA,02128,1910,,R3,THREE-FAM DWELLING,Analyze Boston property-assessment FY2026 (rev),2026-10-04T04:36Z,0100254000,https://data.boston.gov/dataset/property-assessment/resource/ee73430d-96c0-423e-ad21-c4cfb54c8961?q=PID%3A0100254000
BOS00164,317 Lexington ST,East Boston,MA,02128,1890,,R3,THREE-FAM DWELLING,Analyze Boston property-assessment FY2026 (rev),2026-10-04T04:36Z,0100256000,https://data.boston.gov/dataset/property-assessment/resource/ee73430d-96c0-423e-ad21-c4cfb54c8961?q=PID%3A0100256000
BOS00165,327 E EAGLE ST,East Boston,MA,02128,1890,,R3,THREE-FAM DWELLING,Analyze Boston property-assessment FY2026 (rev),2026-10-04T04:36Z,0100258000,https://data.boston.gov/dataset/property-assessment/resource/ee73430d-96c0-423e-ad21-c4cfb54c8961?q=PID%3A0100258000
BOS00166,329 E EAGLE ST,East Boston,MA,02128,1890,,R3,THREE-FAM DWELLING,Analyze Boston property-assessment FY2026 (rev),2026-10-04T04:36Z,0100259000,https://data.boston.gov/dataset/property-assessment/resource/ee73430d-96c0-423e-ad21-c4cfb54c8961?q=PID%3A0100259000
BOS00167,331 E EAGLE ST,East Boston,MA,02128,1890,,R3,THREE-FAM DWELLING,Analyze Boston property-assessment FY2026 (rev),2026-10-04T04:36Z,0100260000,https://data.boston.gov/dataset/property-assessment/resource/ee73430d-96c0-423e-ad21-c4cfb54c8961?q=PID%3A0100260000
BOS00168,333 E EAGLE ST,East Boston,MA,02128,1890,,R3,THREE-FAM DWELLING,Analyze Boston property-assessment FY2026 (rev),2026-10-04T04:36Z,0100261000,https://data.boston.gov/dataset/property-assessment/resource/ee73430d-96c0-423e-ad21-c4cfb54c8961?q=PID%3A0100261000
BOS00169,335 E EAGLE ST,East Boston,MA,02128,1890,,R3,THREE-FAM DWELLING,Analyze Boston property-assessment FY2026 (rev),2026-10-04T04:36Z,0100262000,https://data.boston.gov/dataset/property-assessment/resource/ee73430d-96c0-423e-ad21-c4cfb54c8961?q=PID%3A0100262000
BOS00170,337 E EAGLE ST,East Boston,MA,02128,1890,,R3,THREE-FAM DWELLING,Analyze Boston property-assessment FY2026 (rev),2026-10-04T04:36Z,0100263000,https://data.boston.gov/dataset/property-assessment/resource/ee73430d-96c0-423e-ad21-c4cfb54c8961?q=PID%3A0100263000
BOS00171,362 PRINCETON ST,East Boston,MA,02128,1890,,R3,THREE-FAM DWELLING,Analyze Boston property-assessment FY2026 (rev),2026-10-04T04:36Z,0100268000,https://data.boston.gov/dataset/property-assessment/resource/ee73430d-96c0-423e-ad21-c4cfb54c8961?q=PID%3A0100268000
BOS00172,360 PRINCETON ST,East Boston,MA,02128,1890,,R3,THREE-FAM DWELLING,Analyze Boston property-assessment FY2026 (rev),2026-10-04T04:36Z,0100269000,https://data.boston.gov/dataset/property-assessment/resource/ee73430d-96c0-423e-ad21-c4cfb54c8961?q=PID%3A0100269000
BOS00173,358 PRINCETON ST,East Boston,MA,02128,1899,,R3,THREE-FAM DWELLING,Analyze Boston property-assessment FY2026 (rev),2026-10-04T04:36Z,0100270000,https://data.boston.gov/dataset/property-assessment/resource/ee73430d-96c0-423e-ad21-c4cfb54c8961?q=PID%3A0100270000
BOS00174,352 PRINCETON ST,East Boston,MA,02128,1900,,R3,THREE-FAM DWELLING,Analyze Boston property-assessment FY2026 (rev),2026-10-04T04:36Z,0100272000,https://data.boston.gov/dataset/property-assessment/resource/ee73430d-96c0-423e-ad21-c4cfb54c8961?q=PID%3A0100272000
BOS00175,342 PRINCETON ST,East Boston,MA,02128,1900,,R3,MULTIPLE BLDGS/1 LOT,Analyze Boston property-assessment FY2026 (rev),2026-10-04T04:36Z,0100274000,https://data.boston.gov/dataset/property-assessment/resource/ee73430d-96c0-423e-ad21-c4cfb54c8961?q=PID%3A0100274000
BOS00176,18 Shelby ST,East Boston,MA,02128,1930,,R3,THREE-FAM DWELLING,Analyze Boston property-assessment FY2026 (rev),2026-10-04T04:36Z,0100275000,https://data.boston.gov/dataset/property-assessment/resource/ee73430d-96c0-423e-ad21-c4cfb54c8961?q=PID%3A0100275000
BOS00177,16 Shelby ST,East Boston,MA,02128,1890,,R3,THREE-FAM DWELLING,Analyze Boston property-assessment FY2026 (rev),2026-10-04T04:36Z,0100276000,https://data.boston.gov/dataset/property-assessment/resource/ee73430d-96c0-423e-ad21-c4cfb54c8961?q=PID%3A0100276000
BOS00178,14 Shelby ST,East Boston,MA,02128,1890,,R3,THREE-FAM DWELLING,Analyze Boston property-assessment FY2026 (rev),2026-10-04T04:36Z,0100277000,https://data.boston.gov/dataset/property-assessment/resource/ee73430d-96c0-423e-ad21-c4cfb54c8961?q=PID%3A0100277000
BOS00179,12 Shelby ST,East Boston,MA,02128,1890,,R3,THREE-FAM DWELLING,Analyze Boston property-assessment FY2026 (rev),2026-10-04T04:36Z,0100278000,https://data.boston.gov/dataset/property-assessment/resource/ee73430d-96c0-423e-ad21-c4cfb54c8961?q=PID%3A0100278000
BOS00180,10 Shelby ST,East Boston,MA,02128,1899,,R4,APT 4-6 UNITS,Analyze Boston property-assessment FY2026 (rev),2026-10-04T04:36Z,0100279000,https://data.boston.gov/dataset/property-assessment/resource/ee73430d-96c0-423e-ad21-c4cfb54c8961?q=PID%3A0100279000
BOS00181,8 Shelby ST,East Boston,MA,02128,1899,,R3,THREE-FAM DWELLING,Analyze Boston property-assessment FY2026 (rev),2026-10-04T04:36Z,0100280000,https://data.boston.gov/dataset/property-assessment/resource/ee73430d-96c0-423e-ad21-c4cfb54c8961?q=PID%3A0100280000
BOS00182,347 PRINCETON ST,East Boston,MA,02128,1900,,R3,THREE-FAM DWELLING,Analyze Boston property-assessment FY2026 (rev),2026-10-04T04:36Z,0100284000,https://data.boston.gov/dataset/property-assessment/resource/ee73430d-96c0-423e-ad21-c4cfb54c8961?q=PID%3A0100284000
BOS00183,357 PRINCETON ST,East Boston,MA,02128,1925,,R2,TWO-FAM DWELLING,Analyze Boston property-assessment FY2026 (rev),2026-10-04T04:36Z,0100286000,https://data.boston.gov/dataset/property-assessment/resource/ee73430d-96c0-423e-ad21-c4cfb54c8961?q=PID%3A0100286000
BOS00184,361 PRINCETON ST,East Boston,MA,02128,1925,,R2,TWO-FAM DWELLING,Analyze Boston property-assessment FY2026 (rev),2026-10-04T04:36Z,0100288000,https://data.boston.gov/dataset/property-assessment/resource/ee73430d-96c0-423e-ad21-c4cfb54c8961?q=PID%3A0100288000
BOS00185,432 Chelsea ST,East Boston,MA,02128,1915,,R3,MULTIPLE BLDGS/1 LOT,Analyze Boston property-assessment FY2026 (rev),2026-10-04T04:36Z,0100294000,https://data.boston.gov/dataset/property-assessment/resource/ee73430d-96c0-423e-ad21-c4cfb54c8961?q=PID%3A0100294000
BOS00186,430 Chelsea ST,East Boston,MA,02128,1900,,R3,THREE-FAM DWELLING,Analyze Boston property-assessment FY2026 (rev),2026-10-04T04:36Z,0100295000,https://data.boston.gov/dataset/property-assessment/resource/ee73430d-96c0-423e-ad21-c4cfb54c8961?q=PID%3A0100295000
BOS00187,428 Chelsea ST,East Boston,MA,02128,1907,,R3,THREE-FAM DWELLING,Analyze Boston property-assessment FY2026 (rev),2026-10-04T04:36Z,0100296000,https://data.boston.gov/dataset/property-assessment/resource/ee73430d-96c0-423e-ad21-c4cfb54c8961?q=PID%3A0100296000
BOS00188,426 Chelsea ST,East Boston,MA,02128,1900,,R3,THREE-FAM DWELLING,Analyze Boston property-assessment FY2026 (rev),2026-10-04T04:36Z,0100297000,https://data.boston.gov/dataset/property-assessment/resource/ee73430d-96c0-423e-ad21-c4cfb54c8961?q=PID%3A0100297000
BOS00189,422 Chelsea ST,East Boston,MA,02128,1900,,R3,THREE-FAM DWELLING,Analyze Boston property-assessment FY2026 (rev),2026-10-04T04:36Z,0100299000,https://data.boston.gov/dataset/property-assessment/resource/ee73430d-96c0-423e-ad21-c4cfb54c8961?q=PID%3A0100299000
BOS00190,420 Chelsea ST,East Boston,MA,02128,1915,,R3,THREE-FAM DWELLING,Analyze Boston property-assessment FY2026 (rev),2026-10-04T04:36Z,0100300000,https://data.boston.gov/dataset/property-assessment/resource/ee73430d-96c0-423e-ad21-c4cfb54c8961?q=PID%3A0100300000
BOS00191,480 Saratoga ST,East Boston,MA,02128,1900,,R3,THREE-FAM DWELLING,Analyze Boston property-assessment FY2026 (rev),2026-10-04T04:36Z,0100301000,https://data.boston.gov/dataset/property-assessment/resource/ee73430d-96c0-423e-ad21-c4cfb54c8961?q=PID%3A0100301000
BOS00192,478 Saratoga ST,East Boston,MA,02128,1900,,R3,THREE-FAM DWELLING,Analyze Boston property-assessment FY2026 (rev),2026-10-04T04:36Z,0100302000,https://data.boston.gov/dataset/property-assessment/resource/ee73430d-96c0-423e-ad21-c4cfb54c8961?q=PID%3A0100302000
BOS00193,34 Shelby ST,East Boston,MA,02128,1900,,R4,APT 4-6 UNITS,Analyze Boston property-assessment FY2026 (rev),2026-10-04T04:36Z,0100304000,https://data.boston.gov/dataset/property-assessment/resource/ee73430d-96c0-423e-ad21-c4cfb54c8961?q=PID%3A0100304000
BOS00194,32 Shelby ST,East Boston,MA,02128,1900,,R4,APT 4-6 UNITS,Analyze Boston property-assessment FY2026 (rev),2026-10-04T04:36Z,0100305000,https://data.boston.gov/dataset/property-assessment/resource/ee73430d-96c0-423e-ad21-c4cfb54c8961?q=PID%3A0100305000
BOS00195,26 Shelby ST,East Boston,MA,02128,1900,,R3,THREE-FAM DWELLING,Analyze Boston property-assessment FY2026 (rev),2026-10-04T04:36Z,0100307000,https://data.boston.gov/dataset/property-assessment/resource/ee73430d-96c0-423e-ad21-c4cfb54c8961?q=PID%3A0100307000
BOS00196,355 Chelsea ST,East Boston,MA,02128,1900,,R3,THREE-FAM DWELLING,Analyze Boston property-assessment FY2026 (rev),2026-10-04T04:36Z,0100319000,https://data.boston.gov/dataset/property-assessment/resource/ee73430d-96c0-423e-ad21-c4cfb54c8961?q=PID%3A0100319000
BOS00197,357 Chelsea ST,East Boston,MA,02128,1900,,R3,THREE-FAM DWELLING,Analyze Boston property-assessment FY2026 (rev),2026-10-04T04:36Z,0100320000,https://data.boston.gov/dataset/property-assessment/resource/ee73430d-96c0-423e-ad21-c4cfb54c8961?q=PID%3A0100320000
BOS00198,365 Chelsea ST,East Boston,MA,02128,1960,,R4,APT 4-6 UNITS,Analyze Boston property-assessment FY2026 (rev),2026-10-04T04:36Z,0100322000,https://data.boston.gov/dataset/property-assessment/resource/ee73430d-96c0-423e-ad21-c4cfb54c8961?q=PID%3A0100322000
BOS00199,369 Chelsea ST,East Boston,MA,02128,1910,,R2,TWO-FAM DWELLING,Analyze Boston property-assessment FY2026 (rev),2026-10-04T04:36Z,0100323000,https://data.boston.gov/dataset/property-assessment/resource/ee73430d-96c0-423e-ad21-c4cfb54c8961?q=PID%3A0100323000
BOS00200,299 Bennington ST,East Boston,MA,02128,1905,,R3,THREE-FAM DWELLING,Analyze Boston property-assessment FY2026 (rev),2026-10-04T04:36Z,0100328000,https://data.boston.gov/dataset/property-assessment/resource/ee73430d-96c0-423e-ad21-c4cfb54c8961?q=PID%3A0100328000
BOS00201,319 Bennington ST,East Boston,MA,02128,1899,,R2,TWO-FAM DWELLING,Analyze Boston property-assessment FY2026 (rev),2026-10-04T04:36Z,0100333000,https://data.boston.gov/dataset/property-assessment/resource/ee73430d-96c0-423e-ad21-c4cfb54c8961?q=PID%3A0100333000
BOS00202,400 Bremen ST,East Boston,MA,02128,1900,,A,SUBSD HOUSING S- 8,Analyze Boston property-assessment FY2026 (rev),2026-10-04T04:36Z,0100339000,https://data.boston.gov/dataset/property-assessment/resource/ee73430d-96c0-423e-ad21-c4cfb54c8961?q=PID%3A0100339000
BOS00203,376 Bremen ST,East Boston,MA,02128,1925,,R2,TWO-FAM DWELLING,Analyze Boston property-assessment FY2026 (rev),2026-10-04T04:36Z,0100341000,https://data.boston.gov/dataset/property-assessment/resource/ee73430d-96c0-423e-ad21-c4cfb54c8961?q=PID%3A0100341000
BOS00204,366 Bremen ST,East Boston,MA,02128,2007,,R2,TWO-FAM DWELLING,Analyze Boston property-assessment FY2026 (rev),2026-10-04T04:36Z,0100345000,https://data.boston.gov/dataset/property-assessment/resource/ee73430d-96c0-423e-ad21-c4cfb54c8961?q=PID%3A0100345000
BOS00205,364 Bremen ST,East Boston,MA,02128,1910,,R3,THREE-FAM DWELLING,Analyze Boston property-assessment FY2026 (rev),2026-10-04T04:36Z,0100346000,https://data.boston.gov/dataset/property-assessment/resource/ee73430d-96c0-423e-ad21-c4cfb54c8961?q=PID%3A0100346000
BOS00206,98 Prescott ST,East Boston,MA,02128,2023,,A,APT 7-30 UNITS,Analyze Boston property-assessment FY2026 (rev),2026-10-04T04:36Z,0100348000,https://data.boston.gov/dataset/property-assessment/resource/ee73430d-96c0-423e-ad21-c4cfb54c8961?q=PID%3A0100348000
BOS00207,431 Frankfort ST,East Boston,MA,02128,1880,,R2,TWO-FAM DWELLING,Analyze Boston property-assessment FY2026 (rev),2026-10-04T04:36Z,0100372000,https://data.boston.gov/dataset/property-assessment/resource/ee73430d-96c0-423e-ad21-c4cfb54c8961?q=PID%3A0100372000
BOS00208,443 Frankfort ST,East Boston,MA,02128,1900,,R2,TWO-FAM DWELLING,Analyze Boston property-assessment FY2026 (rev),2026-10-04T04:36Z,0100377000,https://data.boston.gov/dataset/property-assessment/resource/ee73430d-96c0-423e-ad21-c4cfb54c8961?q=PID%3A0100377000
BOS00209,453 Frankfort ST,East Boston,MA,02128,1900,,R3,THREE-FAM DWELLING,Analyze Boston property-assessment FY2026 (rev),2026-10-04T04:36Z,0100380000,https://data.boston.gov/dataset/property-assessment/resource/ee73430d-96c0-423e-ad21-c4cfb54c8961?q=PID%3A0100380000
BOS00210,455 Frankfort ST,East Boston,MA,02128,1900,,R3,THREE-FAM DWELLING,Analyze Boston property-assessment FY2026 (rev),2026-10-04T04:36Z,0100381000,https://data.boston.gov/dataset/property-assessment/resource/ee73430d-96c0-423e-ad21-c4cfb54c8961?q=PID%3A0100381000
BOS00211,441 Bennington ST,East Boston,MA,02128,1905,,R2,TWO-FAM DWELLING,Analyze Boston property-assessment FY2026 (rev),2026-10-04T04:36Z,0100417000,https://data.boston.gov/dataset/property-assessment/resource/ee73430d-96c0-423e-ad21-c4cfb54c8961?q=PID%3A0100417000
BOS00212,447 Bennington ST,East Boston,MA,02128,1905,,R2,TWO-FAM DWELLING,Analyze Boston property-assessment FY2026 (rev),2026-10-04T04:36Z,0100420000,https://data.boston.gov/dataset/property-assessment/resource/ee73430d-96c0-423e-ad21-c4cfb54c8961?q=PID%3A0100420000
BOS00213,449 Bennington ST,East Boston,MA,02128,1905,,R2,TWO-FAM DWELLING,Analyze Boston property-assessment FY2026 (rev),2026-10-04T04:36Z,0100421000,https://data.boston.gov/dataset/property-assessment/resource/ee73430d-96c0-423e-ad21-c4cfb54c8961?q=PID%3A0100421000
BOS00214,451 Bennington ST,East Boston,MA,02128,1905,,R2,TWO-FAM DWELLING,Analyze Boston property-assessment FY2026 (rev),2026-10-04T04:36Z,0100422000,https://data.boston.gov/dataset/property-assessment/resource/ee73430d-96c0-423e-ad21-c4cfb54c8961?q=PID%3A0100422000
BOS00215,546 Saratoga ST,East Boston,MA,02128,2024,,R4,APT 4-6 UNITS,Analyze Boston property-assessment FY2026 (rev),2026-10-04T04:36Z,0100442000,https://data.boston.gov/dataset/property-assessment/resource/ee73430d-96c0-423e-ad21-c4cfb54c8961?q=PID%3A0100442000
BOS00216,544 Saratoga ST,East Boston,MA,02128,1900,,R3,THREE-FAM DWELLING,Analyze Boston property-assessment FY2026 (rev),2026-10-04T04:36Z,0100443000,https://data.boston.gov/dataset/property-assessment/resource/ee73430d-96c0-423e-ad21-c4cfb54c8961?q=PID%3A0100443000
BOS00217,542 Saratoga ST,East Boston,MA,02128,1905,,R3,THREE-FAM DWELLING,Analyze Boston property-assessment FY2026 (rev),2026-10-04T04:36Z,0100444000,https://data.boston.gov/dataset/property-assessment/resource/ee73430d-96c0-423e-ad21-c4cfb54c8961?q=PID%3A0100444000
BOS00218,540 Saratoga ST,East Boston,MA,02128,1900,,R3,THREE-FAM DWELLING,Analyze Boston property-assessment FY2026 (rev),2026-10-04T04:36Z,0100445010,https://data.boston.gov/dataset/property-assessment/resource/ee73430d-96c0-423e-ad21-c4cfb54c8961?q=PID%3A0100445010
BOS00219,433 Chelsea ST,East Boston,MA,02128,2003,,R2,TWO-FAM DWELLING,Analyze Boston property-assessment FY2026 (rev),2026-10-04T04:36Z,0100445020,https://data.boston.gov/dataset/property-assessment/resource/ee73430d-96c0-423e-ad21-c4cfb54c8961?q=PID%3A0100445020
BOS00220,538 Saratoga ST,East Boston,MA,02128,1900,,R3,THREE-FAM DWELLING,Analyze Boston property-assessment FY2026 (rev),2026-10-04T04:36Z,0100446000,https://data.boston.gov/dataset/property-assessment/resource/ee73430d-96c0-423e-ad21-c4cfb54c8961?q=PID%3A0100446000
BOS00221,534 Saratoga ST,East Boston,MA,02128,1900,,R3,THREE-FAM DWELLING,Analyze Boston property-assessment FY2026 (rev),2026-10-04T04:36Z,0100447000,https://data.boston.gov/dataset/property-assessment/resource/ee73430d-96c0-423e-ad21-c4cfb54c8961?q=PID%3A0100447000
BOS00222,526 Saratoga ST,East Boston,MA,02128,1900,,R3,THREE-FAM DWELLING,Analyze Boston property-assessment FY2026 (rev),2026-10-04T04:36Z,0100448000,https://data.boston.gov/dataset/property-assessment/resource/ee73430d-96c0-423e-ad21-c4cfb54c8961?q=PID%3A0100448000
BOS00223,524 Saratoga ST,East Boston,MA,02128,1899,,R3,THREE-FAM DWELLING,Analyze Boston property-assessment FY2026 (rev),2026-10-04T04:36Z,0100449000,https://data.boston.gov/dataset/property-assessment/resource/ee73430d-96c0-423e-ad21-c4cfb54c8961?q=PID%3A0100449000
BOS00224,522 Saratoga ST,East Boston,MA,02128,1900,,R3,THREE-FAM DWELLING,Analyze Boston property-assessment FY2026 (rev),2026-10-04T04:36Z,0100450000,https://data.boston.gov/dataset/property-assessment/resource/ee73430d-96c0-423e-ad21-c4cfb54c8961?q=PID%3A0100450000
BOS00225,520 Saratoga ST,East Boston,MA,02128,1905,,R3,THREE-FAM DWELLING,Analyze Boston property-assessment FY2026 (rev),2026-10-04T04:36Z,0100451000,https://data.boston.gov/dataset/property-assessment/resource/ee73430d-96c0-423e-ad21-c4cfb54c8961?q=PID%3A0100451000
BOS00226,518 Saratoga ST,East Boston,MA,02128,1900,,R3,THREE-FAM DWELLING,Analyze Boston property-assessment FY2026 (rev),2026-10-04T04:36Z,0100452000,https://data.boston.gov/dataset/property-assessment/resource/ee73430d-96c0-423e-ad21-c4cfb54c8961?q=PID%3A0100452000
BOS00227,516 Saratoga ST,East Boston,MA,02128,1910,,R3,THREE-FAM DWELLING,Analyze Boston property-assessment FY2026 (rev),2026-10-04T04:36Z,0100453000,https://data.boston.gov/dataset/property-assessment/resource/ee73430d-96c0-423e-ad21-c4cfb54c8961?q=PID%3A0100453000
BOS00228,435 Chelsea ST,East Boston,MA,02128,1916,,R2,TWO-FAM DWELLING,Analyze Boston property-assessment FY2026 (rev),2026-10-04T04:36Z,0100457000,https://data.boston.gov/dataset/property-assessment/resource/ee73430d-96c0-423e-ad21-c4cfb54c8961?q=PID%3A0100457000
BOS00229,403 Chelsea ST,East Boston,MA,02128,1900,,R3,THREE-FAM DWELLING,Analyze Boston property-assessment FY2026 (rev),2026-10-04T04:36Z,0100472000,https://data.boston.gov/dataset/property-assessment/resource/ee73430d-96c0-423e-ad21-c4cfb54c8961?q=PID%3A0100472000
BOS00230,398 Bennington ST,East Boston,MA,02128,1880,,R2,TWO-FAM DWELLING,Analyze Boston property-assessment FY2026 (rev),2026-10-04T04:36Z,0100501000,https://data.boston.gov/dataset/property-assessment/resource/ee73430d-96c0-423e-ad21-c4cfb54c8961?q=PID%3A0100501000
BOS00231,394 Bennington ST,East Boston,MA,02128,1900,,R2,TWO-FAM DWELLING,Analyze Boston property-assessment FY2026 (rev),2026-10-04T04:36Z,0100503000,https://data.boston.gov/dataset/property-assessment/resource/ee73430d-96c0-423e-ad21-c4cfb54c8961?q=PID%3A0100503000
BOS00232,587 Saratoga ST,East Boston,MA,02128,2014,,R2,TWO-FAM DWELLING,Analyze Boston property-assessment FY2026 (rev),2026-10-04T04:36Z,0100511000,https://data.boston.gov/dataset/property-assessment/resource/ee73430d-96c0-423e-ad21-c4cfb54c8961?q=PID%3A0100511000
BOS00233,589 Saratoga ST,East Boston,MA,02128,1910,,R2,TWO-FAM DWELLING,Analyze Boston property-assessment FY2026 (rev),2026-10-04T04:36Z,0100512000,https://data.boston.gov/dataset/property-assessment/resource/ee73430d-96c0-423e-ad21-c4cfb54c8961?q=PID%3A0100512000
BOS00234,591 Saratoga ST,East Boston,MA,02128,1910,,R2,TWO-FAM DWELLING,Analyze Boston property-assessment FY2026 (rev),2026-10-04T04:36Z,0100513000,https://data.boston.gov/dataset/property-assessment/resource/ee73430d-96c0-423e-ad21-c4cfb54c8961?q=PID%3A0100513000
BOS00235,460 Bennington ST,East Boston,MA,02128,1910,,R2,TWO-FAM DWELLING,Analyze Boston property-assessment FY2026 (rev),2026-10-04T04:36Z,0100518000,https://data.boston.gov/dataset/property-assessment/resource/ee73430d-96c0-423e-ad21-c4cfb54c8961?q=PID%3A0100518000
BOS00236,960 Saratoga ST,East Boston,MA,02128,1915,,R3,THREE-FAM DWELLING,Analyze Boston property-assessment FY2026 (rev),2026-10-04T04:36Z,0100530000,https://data.boston.gov/dataset/property-assessment/resource/ee73430d-96c0-423e-ad21-c4cfb54c8961?q=PID%3A0100530000
BOS00237,958 Saratoga ST,East Boston,MA,02128,1900,,R4,APT 4-6 UNITS,Analyze Boston property-assessment FY2026 (rev),2026-10-04T04:36Z,0100531000,https://data.boston.gov/dataset/property-assessment/resource/ee73430d-96c0-423e-ad21-c4cfb54c8961?q=PID%3A0100531000
BOS00238,870 Saratoga ST,East Boston,MA,02128,1967,,A,SUBSD HOUSING S- 8,Analyze Boston property-assessment FY2026 (rev),2026-10-04T04:36Z,0100534000,https://data.boston.gov/dataset/property-assessment/resource/ee73430d-96c0-423e-ad21-c4cfb54c8961?q=PID%3A0100534000
BOS00239,864 Saratoga ST,East Boston,MA,02128,1910,,R2,TWO-FAM DWELLING,Analyze Boston property-assessment FY2026 (rev),2026-10-04T04:36Z,0100539000,https://data.boston.gov/dataset/property-assessment/resource/ee73430d-96c0-423e-ad21-c4cfb54c8961?q=PID%3A0100539000
BOS00240,862 Saratoga ST,East Boston,MA,02128,1910,,R2,TWO-FAM DWELLING,Analyze Boston property-assessment FY2026 (rev),2026-10-04T04:36Z,0100540000,https://data.boston.gov/dataset/property-assessment/resource/ee73430d-96c0-423e-ad21-c4cfb54c8961?q=PID%3A0100540000
BOS00241,860 Saratoga ST,East Boston,MA,02128,1910,,R2,TWO-FAM DWELLING,Analyze Boston property-assessment FY2026 (rev),2026-10-04T04:36Z,0100541000,https://data.boston.gov/dataset/property-assessment/resource/ee73430d-96c0-423e-ad21-c4cfb54c8961?q=PID%3A0100541000
BOS00242,858 Saratoga ST,East Boston,MA,02128,1910,,R2,TWO-FAM DWELLING,Analyze Boston property-assessment FY2026 (rev),2026-10-04T04:36Z,0100542000,https://data.boston.gov/dataset/property-assessment/resource/ee73430d-96c0-423e-ad21-c4cfb54c8961?q=PID%3A0100542000
BOS00243,856 Saratoga ST,East Boston,MA,02128,1910,,R2,TWO-FAM DWELLING,Analyze Boston property-assessment FY2026 (rev),2026-10-04T04:36Z,0100543000,https://data.boston.gov/dataset/property-assessment/resource/ee73430d-96c0-423e-ad21-c4cfb54c8961?q=PID%3A0100543000
BOS00244,854 Saratoga ST,East Boston,MA,02128,1910,,R2,TWO-FAM DWELLING,Analyze Boston property-assessment FY2026 (rev),2026-10-04T04:36Z,0100544000,https://data.boston.gov/dataset/property-assessment/resource/ee73430d-96c0-423e-ad21-c4cfb54c8961?q=PID%3A0100544000
BOS00245,852 Saratoga ST,East Boston,MA,02128,1921,,R2,TWO-FAM DWELLING,Analyze Boston property-assessment FY2026 (rev),2026-10-04T04:36Z,0100545000,https://data.boston.gov/dataset/property-assessment/resource/ee73430d-96c0-423e-ad21-c4cfb54c8961?q=PID%3A0100545000
BOS00246,850 Saratoga ST,East Boston,MA,02128,1910,,R2,TWO-FAM DWELLING,Analyze Boston property-assessment FY2026 (rev),2026-10-04T04:36Z,0100546000,https://data.boston.gov/dataset/property-assessment/resource/ee73430d-96c0-423e-ad21-c4cfb54c8961?q=PID%3A0100546000
BOS00247,842 Saratoga ST,East Boston,MA,02128,1940,,R3,THREE-FAM DWELLING,Analyze Boston property-assessment FY2026 (rev),2026-10-04T04:36Z,0100548000,https://data.boston.gov/dataset/property-assessment/resource/ee73430d-96c0-423e-ad21-c4cfb54c8961?q=PID%3A0100548000
BOS00248,838 Saratoga ST,East Boston,MA,02128,1940,,R3,THREE-FAM DWELLING,Analyze Boston property-assessment FY2026 (rev),2026-10-04T04:36Z,0100548001,https://data.boston.gov/dataset/property-assessment/resource/ee73430d-96c0-423e-ad21-c4cfb54c8961?q=PID%3A0100548001
BOS00249,834 Saratoga ST,East Boston,MA,02128,1940,,R3,THREE-FAM DWELLING,Analyze Boston property-assessment FY2026 (rev),2026-10-04T04:36Z,0100548002,https://data.boston.gov/dataset/property-assessment/resource/ee73430d-96c0-423e-ad21-c4cfb54c8961?q=PID%3A0100548002
BOS00250,144 Addison ST,Boston,MA,02128,2020,,A,LUXURY APARTMENT,Analyze Boston property-assessment FY2026 (rev),2026-10-04T04:36Z,0100548150,https://data.boston.gov/dataset/property-assessment/resource/ee73430d-96c0-423e-ad21-c4cfb54c8961?q=PID%3A0100548150
BOS00251,822 Saratoga ST,East Boston,MA,02128,1920,,R3,THREE-FAM DWELLING,Analyze Boston property-assessment FY2026 (rev),2026-10-04T04:36Z,0100551000,https://data.boston.gov/dataset/property-assessment/resource/ee73430d-96c0-423e-ad21-c4cfb54c8961?q=PID%3A0100551000
BOS00252,820 Saratoga ST,East Boston,MA,02128,1910,,R4,APT 4-6 UNITS,Analyze Boston property-assessment FY2026 (rev),2026-10-04T04:36Z,0100552000,https://data.boston.gov/dataset/property-assessment/resource/ee73430d-96c0-423e-ad21-c4cfb54c8961?q=PID%3A0100552000
BOS00253,818 Saratoga ST,East Boston,MA,02128,1910,,R2,TWO-FAM DWELLING,Analyze Boston property-assessment FY2026 (rev),2026-10-04T04:36Z,0100553000,https://data.boston.gov/dataset/property-assessment/resource/ee73430d-96c0-423e-ad21-c4cfb54c8961?q=PID%3A0100553000
BOS00254,814 Saratoga ST,East Boston,MA,02128,1910,,R2,TWO-FAM DWELLING,Analyze Boston property-assessment FY2026 (rev),2026-10-04T04:36Z,0100555000,https://data.boston.gov/dataset/property-assessment/resource/ee73430d-96c0-423e-ad21-c4cfb54c8961?q=PID%3A0100555000
BOS00255,96 WORDSWORTH ST,East Boston,MA,02128,1910,,R2,TWO-FAM DWELLING,Analyze Boston property-assessment FY2026 (rev),2026-10-04T04:36Z,0100558000,https://data.boston.gov/dataset/property-assessment/resource/ee73430d-96c0-423e-ad21-c4cfb54c8961?q=PID%3A0100558000
BOS00256,92 WORDSWORTH ST,East Boston,MA,02128,1910,,R2,TWO-FAM DWELLING,Analyze Boston property-assessment FY2026 (rev),2026-10-04T04:36Z,0100560000,https://data.boston.gov/dataset/property-assessment/resource/ee73430d-96c0-423e-ad21-c4cfb54c8961?q=PID%3A0100560000
BOS00257,74 WORDSWORTH ST,East Boston,MA,02128,1910,,R2,TWO-FAM DWELLING,Analyze Boston property-assessment FY2026 (rev),2026-10-04T04:36Z,0100568000,https://data.boston.gov/dataset/property-assessment/resource/ee73430d-96c0-423e-ad21-c4cfb54c8961?q=PID%3A0100568000
BOS00258,72 WORDSWORTH ST,East Boston,MA,02128,1927,,A,SUBSD HOUSING S- 8,Analyze Boston property-assessment FY2026 (rev),2026-10-04T04:36Z,0100569000,https://data.boston.gov/dataset/property-assessment/resource/ee73430d-96c0-423e-ad21-c4cfb54c8961?q=PID%3A0100569000
BOS00259,60 WORDSWORTH ST,East Boston,MA,02128,1910,,R2,TWO-FAM DWELLING,Analyze Boston property-assessment FY2026 (rev),2026-10-04T04:36Z,0100573000,https://data.boston.gov/dataset/property-assessment/resource/ee73430d-96c0-423e-ad21-c4cfb54c8961?q=PID%3A0100573000
BOS00260,58 WORDSWORTH ST,East Boston,MA,02128,1910,,R2,TWO-FAM DWELLING,Analyze Boston property-assessment FY2026 (rev),2026-10-04T04:36Z,0100574000,https://data.boston.gov/dataset/property-assessment/resource/ee73430d-96c0-423e-ad21-c4cfb54c8961?q=PID%3A0100574000
BOS00261,56 WORDSWORTH ST,East Boston,MA,02128,1910,,R2,TWO-FAM DWELLING,Analyze Boston property-assessment FY2026 (rev),2026-10-04T04:36Z,0100575000,https://data.boston.gov/dataset/property-assessment/resource/ee73430d-96c0-423e-ad21-c4cfb54c8961?q=PID%3A0100575000
BOS00262,54 WORDSWORTH ST,East Boston,MA,02128,1910,,R2,TWO-FAM DWELLING,Analyze Boston property-assessment FY2026 (rev),2026-10-04T04:36Z,0100576000,https://data.boston.gov/dataset/property-assessment/resource/ee73430d-96c0-423e-ad21-c4cfb54c8961?q=PID%3A0100576000
BOS00263,50 WORDSWORTH ST,East Boston,MA,02128,1910,,R2,TWO-FAM DWELLING,Analyze Boston property-assessment FY2026 (rev),2026-10-04T04:36Z,0100578000,https://data.boston.gov/dataset/property-assessment/resource/ee73430d-96c0-423e-ad21-c4cfb54c8961?q=PID%3A0100578000
BOS00264,48 WORDSWORTH ST,East Boston,MA,02128,1910,,R2,TWO-FAM DWELLING,Analyze Boston property-assessment FY2026 (rev),2026-10-04T04:36Z,0100579000,https://data.boston.gov/dataset/property-assessment/resource/ee73430d-96c0-423e-ad21-c4cfb54c8961?q=PID%3A0100579000
BOS00265,46 WORDSWORTH ST,East Boston,MA,02128,1910,,R2,TWO-FAM DWELLING,Analyze Boston property-assessment FY2026 (rev),2026-10-04T04:36Z,0100580000,https://data.boston.gov/dataset/property-assessment/resource/ee73430d-96c0-423e-ad21-c4cfb54c8961?q=PID%3A0100580000
BOS00266,42 WORDSWORTH ST,East Boston,MA,02128,1900,,R2,TWO-FAM DWELLING,Analyze Boston property-assessment FY2026 (rev),2026-10-04T04:36Z,0100581000,https://data.boston.gov/dataset/property-assessment/resource/ee73430d-96c0-423e-ad21-c4cfb54c8961?q=PID%3A0100581000
BOS00267,30 WORDSWORTH ST,East Boston,MA,02128,1910,,R2,TWO-FAM DWELLING,Analyze Boston property-assessment FY2026 (rev),2026-10-04T04:36Z,0100583000,https://data.boston.gov/dataset/property-assessment/resource/ee73430d-96c0-423e-ad21-c4cfb54c8961?q=PID%3A0100583000
BOS00268,26 WORDSWORTH ST,East Boston,MA,02128,1918,,R3,THREE-FAM DWELLING,Analyze Boston property-assessment FY2026 (rev),2026-10-04T04:36Z,0100585000,https://data.boston.gov/dataset/property-assessment/resource/ee73430d-96c0-423e-ad21-c4cfb54c8961?q=PID%3A0100585000
BOS00269,24 WORDSWORTH ST,East Boston,MA,02128,1918,,R3,THREE-FAM DWELLING,Analyze Boston property-assessment FY2026 (rev),2026-10-04T04:36Z,0100585001,https://data.boston.gov/dataset/property-assessment/resource/ee73430d-96c0-423e-ad21-c4cfb54c8961?q=PID%3A0100585001
BOS00270,22 WORDSWORTH ST,East Boston,MA,02128,1900,,R2,TWO-FAM DWELLING,Analyze Boston property-assessment FY2026 (rev),2026-10-04T04:36Z,0100586000,https://data.boston.gov/dataset/property-assessment/resource/ee73430d-96c0-423e-ad21-c4cfb54c8961?q=PID%3A0100586000
BOS00271,20 WORDSWORTH ST,East Boston,MA,02128,1910,,R2,TWO-FAM DWELLING,Analyze Boston property-assessment FY2026 (rev),2026-10-04T04:36Z,0100587000,https://data.boston.gov/dataset/property-assessment/resource/ee73430d-96c0-423e-ad21-c4cfb54c8961?q=PID%3A0100587000
BOS00272,14 WORDSWORTH ST,East Boston,MA,02128,1910,,R2,TWO-FAM DWELLING,Analyze Boston property-assessment FY2026 (rev),2026-10-04T04:36Z,0100589000,https://data.boston.gov/dataset/property-assessment/resource/ee73430d-96c0-423e-ad21-c4cfb54c8961?q=PID%3A0100589000
BOS00273,12 WORDSWORTH ST,East Boston,MA,02128,1910,,R2,TWO-FAM DWELLING,Analyze Boston property-assessment FY2026 (rev),2026-10-04T04:36Z,0100590000,https://data.boston.gov/dataset/property-assessment/resource/ee73430d-96c0-423e-ad21-c4cfb54c8961?q=PID%3A0100590000
BOS00274,10 WORDSWORTH ST,East Boston,MA,02128,1899,,R2,TWO-FAM DWELLING,Analyze Boston property-assessment FY2026 (rev),2026-10-04T04:36Z,0100591000,https://data.boston.gov/dataset/property-assessment/resource/ee73430d-96c0-423e-ad21-c4cfb54c8961?q=PID%3A0100591000
BOS00275,95 Addison ST,East Boston,MA,02128,2023,,A,APT 7-30 UNITS,Analyze Boston property-assessment FY2026 (rev),2026-10-04T04:36Z,0100599000,https://data.boston.gov/dataset/property-assessment/resource/ee73430d-96c0-423e-ad21-c4cfb54c8961?q=PID%3A0100599000
BOS00276,99 Addison ST,East Boston,MA,02128,1900,,R4,APT 4-6 UNITS,Analyze Boston property-assessment FY2026 (rev),2026-10-04T04:36Z,0100600000,https://data.boston.gov/dataset/property-assessment/resource/ee73430d-96c0-423e-ad21-c4cfb54c8961?q=PID%3A0100600000
BOS00277,117 Addison ST,East Boston,MA,02128,1990,,R2,TWO-FAM DWELLING,Analyze Boston property-assessment FY2026 (rev),2026-10-04T04:36Z,0100602000,https://data.boston.gov/dataset/property-assessment/resource/ee73430d-96c0-423e-ad21-c4cfb54c8961?q=PID%3A0100602000
BOS00278,121 Addison ST,East Boston,MA,02128,1905,,A,APT 7-30 UNITS,Analyze Boston property-assessment FY2026 (rev),2026-10-04T04:36Z,0100603000,https://data.boston.gov/dataset/property-assessment/resource/ee73430d-96c0-423e-ad21-c4cfb54c8961?q=PID%3A0100603000
BOS00279,119 Addison ST,East Boston,MA,02128,2020,,A,APT 7-30 UNITS,Analyze Boston property-assessment FY2026 (rev),2026-10-04T04:36Z,0100603010,https://data.boston.gov/dataset/property-assessment/resource/ee73430d-96c0-423e-ad21-c4cfb54c8961?q=PID%3A0100603010
BOS00280,125 Addison ST,East Boston,MA,02128,2024,,A,APT 7-30 UNITS,Analyze Boston property-assessment FY2026 (rev),2026-10-04T04:36Z,0100604000,https://data.boston.gov/dataset/property-assessment/resource/ee73430d-96c0-423e-ad21-c4cfb54c8961?q=PID%3A0100604000
BOS00281,135 Addison ST,East Boston,MA,02128,1890,,R2,TWO-FAM DWELLING,Analyze Boston property-assessment FY2026 (rev),2026-10-04T04:36Z,0100606000,https://data.boston.gov/dataset/property-assessment/resource/ee73430d-96c0-423e-ad21-c4cfb54c8961?q=PID%3A0100606000
BOS00282,798 Saratoga ST,East Boston,MA,02128,1939,,R3,THREE-FAM DWELLING,Analyze Boston property-assessment FY2026 (rev),2026-10-04T04:36Z,0100613000,https://data.boston.gov/dataset/property-assessment/resource/ee73430d-96c0-423e-ad21-c4cfb54c8961?q=PID%3A0100613000
BOS00283,796 Saratoga ST,East Boston,MA,02128,1920,,R3,THREE-FAM DWELLING,Analyze Boston property-assessment FY2026 (rev),2026-10-04T04:36Z,0100614000,https://data.boston.gov/dataset/property-assessment/resource/ee73430d-96c0-423e-ad21-c4cfb54c8961?q=PID%3A0100614000
BOS00284,794 Saratoga ST,East Boston,MA,02128,1910,,R3,THREE-FAM DWELLING,Analyze Boston property-assessment FY2026 (rev),2026-10-04T04:36Z,0100615000,https://data.boston.gov/dataset/property-assessment/resource/ee73430d-96c0-423e-ad21-c4cfb54c8961?q=PID%3A0100615000
BOS00285,790 Saratoga ST,East Boston,MA,02128,1910,,R3,THREE-FAM DWELLING,Analyze Boston property-assessment FY2026 (rev),2026-10-04T04:36Z,0100617000,https://data.boston.gov/dataset/property-assessment/resource/ee73430d-96c0-423e-ad21-c4cfb54c8961?q=PID%3A0100617000
BOS00286,788 Saratoga ST,East Boston,MA,02128,1910,,R2,TWO-FAM DWELLING,Analyze Boston property-assessment FY2026 (rev),2026-10-04T04:36Z,0100618000,https://data.boston.gov/dataset/property-assessment/resource/ee73430d-96c0-423e-ad21-c4cfb54c8961?q=PID%3A0100618000
BOS00287,786 Saratoga ST,East Boston,MA,02128,1920,,R3,THREE-FAM DWELLING,Analyze Boston property-assessment FY2026 (rev),2026-10-04T04:36Z,0100619000,https://data.boston.gov/dataset/property-assessment/resource/ee73430d-96c0-423e-ad21-c4cfb54c8961?q=PID%3A0100619000
BOS00288,784 Saratoga ST,East Boston,MA,02128,1910,,R3,THREE-FAM DWELLING,Analyze Boston property-assessment FY2026 (rev),2026-10-04T04:36Z,0100620000,https://data.boston.gov/dataset/property-assessment/resource/ee73430d-96c0-423e-ad21-c4cfb54c8961?q=PID%3A0100620000
BOS00289,114 Byron ST,East Boston,MA,02128,1890,,R2,TWO-FAM DWELLING,Analyze Boston property-assessment FY2026 (rev),2026-10-04T04:36Z,0100621000,https://data.boston.gov/dataset/property-assessment/resource/ee73430d-96c0-423e-ad21-c4cfb54c8961?q=PID%3A0100621000
BOS00290,112 Byron ST,East Boston,MA,02128,1900,,R2,TWO-FAM DWELLING,Analyze Boston property-assessment FY2026 (rev),2026-10-04T04:36Z,0100622000,https://data.boston.gov/dataset/property-assessment/resource/ee73430d-96c0-423e-ad21-c4cfb54c8961?q=PID%3A0100622000
BOS00291,108 Byron ST,East Boston,MA,02128,1900,,R2,TWO-FAM DWELLING,Analyze Boston property-assessment FY2026 (rev),2026-10-04T04:36Z,0100623000,https://data.boston.gov/dataset/property-assessment/resource/ee73430d-96c0-423e-ad21-c4cfb54c8961?q=PID%3A0100623000
BOS00292,106 Byron ST,East Boston,MA,02128,1925,,R2,TWO-FAM DWELLING,Analyze Boston property-assessment FY2026 (rev),2026-10-04T04:36Z,0100624000,https://data.boston.gov/dataset/property-assessment/resource/ee73430d-96c0-423e-ad21-c4cfb54c8961?q=PID%3A0100624000
BOS00293,100 Byron ST,East Boston,MA,02128,1925,,R3,MULTIPLE BLDGS/1 LOT,Analyze Boston property-assessment FY2026 (rev),2026-10-04T04:36Z,0100625000,https://data.boston.gov/dataset/property-assessment/resource/ee73430d-96c0-423e-ad21-c4cfb54c8961?q=PID%3A0100625000
BOS00294,96 Byron ST,East Boston,MA,02128,1910,,R3,THREE-FAM DWELLING,Analyze Boston property-assessment FY2026 (rev),2026-10-04T04:36Z,0100627000,https://data.boston.gov/dataset/property-assessment/resource/ee73430d-96c0-423e-ad21-c4cfb54c8961?q=PID%3A0100627000
BOS00295,94 Byron ST,East Boston,MA,02128,1910,,R3,THREE-FAM DWELLING,Analyze Boston property-assessment FY2026 (rev),2026-10-04T04:36Z,0100627001,https://data.boston.gov/dataset/property-assessment/resource/ee73430d-96c0-423e-ad21-c4cfb54c8961?q=PID%3A0100627001
BOS00296,84 Byron ST,East Boston,MA,02128,1925,,R2,TWO-FAM DWELLING,Analyze Boston property-assessment FY2026 (rev),2026-10-04T04:36Z,0100629000,https://data.boston.gov/dataset/property-assessment/resource/ee73430d-96c0-423e-ad21-c4cfb54c8961?q=PID%3A0100629000
BOS00297,74 Byron ST,East Boston,MA,02128,1905,,R2,TWO-FAM DWELLING,Analyze Boston property-assessment FY2026 (rev),2026-10-04T04:36Z,0100631000,https://data.boston.gov/dataset/property-assessment/resource/ee73430d-96c0-423e-ad21-c4cfb54c8961?q=PID%3A0100631000
BOS00298,72 Byron ST,East Boston,MA,02128,1905,,R2,TWO-FAM DWELLING,Analyze Boston property-assessment FY2026 (rev),2026-10-04T04:36Z,0100632000,https://data.boston.gov/dataset/property-assessment/resource/ee73430d-96c0-423e-ad21-c4cfb54c8961?q=PID%3A0100632000
BOS00299,70 Byron ST,East Boston,MA,02128,1900,,R2,TWO-FAM DWELLING,Analyze Boston property-assessment FY2026 (rev),2026-10-04T04:36Z,0100633000,https://data.boston.gov/dataset/property-assessment/resource/ee73430d-96c0-423e-ad21-c4cfb54c8961?q=PID%3A0100633000
BOS00300,68 Byron ST,East Boston,MA,02128,1900,,R2,TWO-FAM DWELLING,Analyze Boston property-assessment FY2026 (rev),2026-10-04T04:36Z,0100634000,https://data.boston.gov/dataset/property-assessment/resource/ee73430d-96c0-423e-ad21-c4cfb54c8961?q=PID%3A0100634000
BOS00301,60 Byron ST,East Boston,MA,02128,1900,,R2,TWO-FAM DWELLING,Analyze Boston property-assessment FY2026 (rev),2026-10-04T04:36Z,0100637000,https://data.boston.gov/dataset/property-assessment/resource/ee73430d-96c0-423e-ad21-c4cfb54c8961?q=PID%3A0100637000
BOS00302,52 Byron ST,East Boston,MA,02128,1905,,R3,THREE-FAM DWELLING,Analyze Boston property-assessment FY2026 (rev),2026-10-04T04:36Z,0100640000,https://data.boston.gov/dataset/property-assessment/resource/ee73430d-96c0-423e-ad21-c4cfb54c8961?q=PID%3A0100640000
BOS00303,7 WORDSWORTH ST,East Boston,MA,02128,2023,,A,LUXURY APARTMENT,Analyze Boston property-assessment FY2026 (rev),2026-10-04T04:36Z,0100642000,https://data.boston.gov/dataset/property-assessment/resource/ee73430d-96c0-423e-ad21-c4cfb54c8961?q=PID%3A0100642000
BOS00304,9 WORDSWORTH ST,East Boston,MA,02128,1900,,R3,THREE-FAM DWELLING,Analyze Boston property-assessment FY2026 (rev),2026-10-04T04:36Z,0100644010,https://data.boston.gov/dataset/property-assessment/resource/ee73430d-96c0-423e-ad21-c4cfb54c8961?q=PID%3A0100644010
BOS00305,9 WORDSWORTH ST,East Boston,MA,02128,1900,,R3,THREE-FAM DWELLING,Analyze Boston property-assessment FY2026 (rev),2026-10-04T04:36Z,0100644020,https://data.boston.gov/dataset/property-assessment/resource/ee73430d-96c0-423e-ad21-c4cfb54c8961?q=PID%3A0100644020
BOS00306,11 WORDSWORTH ST,East Boston,MA,02128,1911,,R3,THREE-FAM DWELLING,Analyze Boston property-assessment FY2026 (rev),2026-10-04T04:36Z,0100645000,https://data.boston.gov/dataset/property-assessment/resource/ee73430d-96c0-423e-ad21-c4cfb54c8961?q=PID%3A0100645000
BOS00307,13 WORDSWORTH ST,East Boston,MA,02128,1870,,R3,THREE-FAM DWELLING,Analyze Boston property-assessment FY2026 (rev),2026-10-04T04:36Z,0100646000,https://data.boston.gov/dataset/property-assessment/resource/ee73430d-96c0-423e-ad21-c4cfb54c8961?q=PID%3A0100646000
BOS00308,15 WORDSWORTH ST,East Boston,MA,02128,1900,,R3,THREE-FAM DWELLING,Analyze Boston property-assessment FY2026 (rev),2026-10-04T04:36Z,0100647000,https://data.boston.gov/dataset/property-assessment/resource/ee73430d-96c0-423e-ad21-c4cfb54c8961?q=PID%3A0100647000
BOS00309,17 WORDSWORTH ST,East Boston,MA,02128,1900,,R3,THREE-FAM DWELLING,Analyze Boston property-assessment FY2026 (rev),2026-10-04T04:36Z,0100648000,https://data.boston.gov/dataset/property-assessment/resource/ee73430d-96c0-423e-ad21-c4cfb54c8961?q=PID%3A0100648000
BOS00310,19 WORDSWORTH ST,East Boston,MA,02128,1900,,R3,THREE-FAM DWELLING,Analyze Boston property-assessment FY2026 (rev),2026-10-04T04:36Z,0100649000,https://data.boston.gov/dataset/property-assessment/resource/ee73430d-96c0-423e-ad21-c4cfb54c8961?q=PID%3A0100649000
BOS00311,21 WORDSWORTH ST,East Boston,MA,02128,1900,,R3,THREE-FAM DWELLING,Analyze Boston property-assessment FY2026 (rev),2026-10-04T04:36Z,0100650000,https://data.boston.gov/dataset/property-assessment/resource/ee73430d-96c0-423e-ad21-c4cfb54c8961?q=PID%3A0100650000
BOS00312,23 WORDSWORTH ST,East Boston,MA,02128,1900,,R2,TWO-FAM DWELLING,Analyze Boston property-assessment FY2026 (rev),2026-10-04T04:36Z,0100651000,https://data.boston.gov/dataset/property-assessment/resource/ee73430d-96c0-423e-ad21-c4cfb54c8961?q=PID%3A0100651000
BOS00313,25 WORDSWORTH ST,East Boston,MA,02128,1899,,R3,THREE-FAM DWELLING,Analyze Boston property-assessment FY2026 (rev),2026-10-04T04:36Z,0100652000,https://data.boston.gov/dataset/property-assessment/resource/ee73430d-96c0-423e-ad21-c4cfb54c8961?q=PID%3A0100652000
BOS00314,27 WORDSWORTH ST,East Boston,MA,02128,1900,,R2,TWO-FAM DWELLING,Analyze Boston property-assessment FY2026 (rev),2026-10-04T04:36Z,0100653000,https://data.boston.gov/dataset/property-assessment/resource/ee73430d-96c0-423e-ad21-c4cfb54c8961?q=PID%3A0100653000
BOS00315,33 WORDSWORTH ST,East Boston,MA,02128,1900,,R2,TWO-FAM DWELLING,Analyze Boston property-assessment FY2026 (rev),2026-10-04T04:36Z,0100656000,https://data.boston.gov/dataset/property-assessment/resource/ee73430d-96c0-423e-ad21-c4cfb54c8961?q=PID%3A0100656000
BOS00316,35 WORDSWORTH ST,East Boston,MA,02128,1900,,R2,TWO-FAM DWELLING,Analyze Boston property-assessment FY2026 (rev),2026-10-04T04:36Z,0100657000,https://data.boston.gov/dataset/property-assessment/resource/ee73430d-96c0-423e-ad21-c4cfb54c8961?q=PID%3A0100657000
BOS00317,37 WORDSWORTH ST,East Boston,MA,02128,1900,,R2,TWO-FAM DWELLING,Analyze Boston property-assessment FY2026 (rev),2026-10-04T04:36Z,0100658000,https://data.boston.gov/dataset/property-assessment/resource/ee73430d-96c0-423e-ad21-c4cfb54c8961?q=PID%3A0100658000
BOS00318,39 WORDSWORTH ST,East Boston,MA,02128,1899,,R2,TWO-FAM DWELLING,Analyze Boston property-assessment FY2026 (rev),2026-10-04T04:36Z,0100659000,https://data.boston.gov/dataset/property-assessment/resource/ee73430d-96c0-423e-ad21-c4cfb54c8961?q=PID%3A0100659000
BOS00319,45 WORDSWORTH ST,East Boston,MA,02128,1870,,R2,TWO-FAM DWELLING,Analyze Boston property-assessment FY2026 (rev),2026-10-04T04:36Z,0100662000,https://data.boston.gov/dataset/property-assessment/resource/ee73430d-96c0-423e-ad21-c4cfb54c8961?q=PID%3A0100662000
BOS00320,51 WORDSWORTH ST,East Boston,MA,02128,1910,,R3,THREE-FAM DWELLING,Analyze Boston property-assessment FY2026 (rev),2026-10-04T04:36Z,0100665000,https://data.boston.gov/dataset/property-assessment/resource/ee73430d-96c0-423e-ad21-c4cfb54c8961?q=PID%3A0100665000
BOS00321,53 WORDSWORTH ST,East Boston,MA,02128,1900,,R3,THREE-FAM DWELLING,Analyze Boston property-assessment FY2026 (rev),2026-10-04T04:36Z,0100666000,https://data.boston.gov/dataset/property-assessment/resource/ee73430d-96c0-423e-ad21-c4cfb54c8961?q=PID%3A0100666000
BOS00322,55 WORDSWORTH ST,East Boston,MA,02128,1918,,R2,TWO-FAM DWELLING,Analyze Boston property-assessment FY2026 (rev),2026-10-04T04:36Z,0100667000,https://data.boston.gov/dataset/property-assessment/resource/ee73430d-96c0-423e-ad21-c4cfb54c8961?q=PID%3A0100667000
BOS00323,57 WORDSWORTH ST,East Boston,MA,02128,1918,,R2,TWO-FAM DWELLING,Analyze Boston property-assessment FY2026 (rev),2026-10-04T04:36Z,0100668000,https://data.boston.gov/dataset/property-assessment/resource/ee73430d-96c0-423e-ad21-c4cfb54c8961?q=PID%3A0100668000
BOS00324,59 WORDSWORTH ST,East Boston,MA,02128,1918,,A,SUBSD HOUSING S- 8,Analyze Boston property-assessment FY2026 (rev),2026-10-04T04:36Z,0100669000,https://data.boston.gov/dataset/property-assessment/resource/ee73430d-96c0-423e-ad21-c4cfb54c8961?q=PID%3A0100669000
BOS00325,61 WORDSWORTH ST,East Boston,MA,02128,1918,,R2,TWO-FAM DWELLING,Analyze Boston property-assessment FY2026 (rev),2026-10-04T04:36Z,0100670000,https://data.boston.gov/dataset/property-assessment/resource/ee73430d-96c0-423e-ad21-c4cfb54c8961?q=PID%3A0100670000
BOS00326,63 WORDSWORTH ST,East Boston,MA,02128,1918,,R2,TWO-FAM DWELLING,Analyze Boston property-assessment FY2026 (rev),2026-10-04T04:36Z,0100671000,https://data.boston.gov/dataset/property-assessment/resource/ee73430d-96c0-423e-ad21-c4cfb54c8961?q=PID%3A0100671000
BOS00327,65 WORDSWORTH ST,East Boston,MA,02128,1906,,R2,TWO-FAM DWELLING,Analyze Boston property-assessment FY2026 (rev),2026-10-04T04:36Z,0100672000,https://data.boston.gov/dataset/property-assessment/resource/ee73430d-96c0-423e-ad21-c4cfb54c8961?q=PID%3A0100672000
BOS00328,67 WORDSWORTH ST,East Boston,MA,02128,1918,,R2,TWO-FAM DWELLING,Analyze Boston property-assessment FY2026 (rev),2026-10-04T04:36Z,0100673000,https://data.boston.gov/dataset/property-assessment/resource/ee73430d-96c0-423e-ad21-c4cfb54c8961?q=PID%3A0100673000
BOS00329,69 WORDSWORTH ST,East Boston,MA,02128,1918,,R2,TWO-FAM DWELLING,Analyze Boston property-assessment FY2026 (rev),2026-10-04T04:36Z,0100674000,https://data.boston.gov/dataset/property-assessment/resource/ee73430d-96c0-423e-ad21-c4cfb54c8961?q=PID%3A0100674000
BOS00330,71 WORDSWORTH ST,East Boston,MA,02128,1906,,R2,TWO-FAM DWELLING,Analyze Boston property-assessment FY2026 (rev),2026-10-04T04:36Z,0100675000,https://data.boston.gov/dataset/property-assessment/resource/ee73430d-96c0-423e-ad21-c4cfb54c8961?q=PID%3A0100675000
BOS00331,73 WORDSWORTH ST,East Boston,MA,02128,1918,,R2,TWO-FAM DWELLING,Analyze Boston property-assessment FY2026 (rev),2026-10-04T04:36Z,0100676000,https://data.boston.gov/dataset/property-assessment/resource/ee73430d-96c0-423e-ad21-c4cfb54c8961?q=PID%3A0100676000
BOS00332,75 WORDSWORTH ST,East Boston,MA,02128,1900,,R2,TWO-FAM DWELLING,Analyze Boston property-assessment FY2026 (rev),2026-10-04T04:36Z,0100677000,https://data.boston.gov/dataset/property-assessment/resource/ee73430d-96c0-423e-ad21-c4cfb54c8961?q=PID%3A0100677000
BOS00333,756 Saratoga ST,East Boston,MA,02128,1910,,R3,THREE-FAM DWELLING,Analyze Boston property-assessment FY2026 (rev),2026-10-04T04:36Z,0100681000,https://data.boston.gov/dataset/property-assessment/resource/ee73430d-96c0-423e-ad21-c4cfb54c8961?q=PID%3A0100681000
BOS00334,750 Saratoga ST,East Boston,MA,02128,1900,,R3,THREE-FAM DWELLING,Analyze Boston property-assessment FY2026 (rev),2026-10-04T04:36Z,0100683000,https://data.boston.gov/dataset/property-assessment/resource/ee73430d-96c0-423e-ad21-c4cfb54c8961?q=PID%3A0100683000
BOS00335,746 Saratoga ST,East Boston,MA,02128,1910,,R3,THREE-FAM DWELLING,Analyze Boston property-assessment FY2026 (rev),2026-10-04T04:36Z,0100684000,https://data.boston.gov/dataset/property-assessment/resource/ee73430d-96c0-423e-ad21-c4cfb54c8961?q=PID%3A0100684000
BOS00336,740 Saratoga ST,East Boston,MA,02128,1910,,R3,THREE-FAM DWELLING,Analyze Boston property-assessment FY2026 (rev),2026-10-04T04:36Z,0100687000,https://data.boston.gov/dataset/property-assessment/resource/ee73430d-96c0-423e-ad21-c4cfb54c8961?q=PID%3A0100687000
BOS00337,736 Saratoga ST,East Boston,MA,02128,1910,,R3,THREE-FAM DWELLING,Analyze Boston property-assessment FY2026 (rev),2026-10-04T04:36Z,0100688000,https://data.boston.gov/dataset/property-assessment/resource/ee73430d-96c0-423e-ad21-c4cfb54c8961?q=PID%3A0100688000
BOS00338,730 Saratoga ST,East Boston,MA,02128,2006,,R2,TWO-FAM DWELLING,Analyze Boston property-assessment FY2026 (rev),2026-10-04T04:36Z,0100689000,https://data.boston.gov/dataset/property-assessment/resource/ee73430d-96c0-423e-ad21-c4cfb54c8961?q=PID%3A0100689000
BOS00339,724 Saratoga ST,East Boston,MA,02128,1910,,R3,THREE-FAM DWELLING,Analyze Boston property-assessment FY2026 (rev),2026-10-04T04:36Z,0100692000,https://data.boston.gov/dataset/property-assessment/resource/ee73430d-96c0-423e-ad21-c4cfb54c8961?q=PID%3A0100692000
BOS00340,722 Saratoga ST,East Boston,MA,02128,1910,,R3,THREE-FAM DWELLING,Analyze Boston property-assessment FY2026 (rev),2026-10-04T04:36Z,0100693000,https://data.boston.gov/dataset/property-assessment/resource/ee73430d-96c0-423e-ad21-c4cfb54c8961?q=PID%3A0100693000
BOS00341,718 Saratoga ST,East Boston,MA,02128,1894,,R3,THREE-FAM DWELLING,Analyze Boston property-assessment FY2026 (rev),2026-10-04T04:36Z,0100694000,https://data.boston.gov/dataset/property-assessment/resource/ee73430d-96c0-423e-ad21-c4cfb54c8961?q=PID%3A0100694000
BOS00342,714 Saratoga ST,East Boston,MA,02128,1920,,R3,THREE-FAM DWELLING,Analyze Boston property-assessment FY2026 (rev),2026-10-04T04:36Z,0100694001,https://data.boston.gov/dataset/property-assessment/resource/ee73430d-96c0-423e-ad21-c4cfb54c8961?q=PID%3A0100694001
BOS00343,39 MOORE ST,East Boston,MA,02128,1910,,R2,TWO-FAM DWELLING,Analyze Boston property-assessment FY2026 (rev),2026-10-04T04:36Z,0100695000,https://data.boston.gov/dataset/property-assessment/resource/ee73430d-96c0-423e-ad21-c4cfb54c8961?q=PID%3A0100695000
BOS00344,35 MOORE ST,East Boston,MA,02128,1910,,R2,TWO-FAM DWELLING,Analyze Boston property-assessment FY2026 (rev),2026-10-04T04:36Z,0100696000,https://data.boston.gov/dataset/property-assessment/resource/ee73430d-96c0-423e-ad21-c4cfb54c8961?q=PID%3A0100696000
BOS00345,31 MOORE ST,East Boston,MA,02128,1910,,R2,TWO-FAM DWELLING,Analyze Boston property-assessment FY2026 (rev),2026-10-04T04:36Z,0100697000,https://data.boston.gov/dataset/property-assessment/resource/ee73430d-96c0-423e-ad21-c4cfb54c8961?q=PID%3A0100697000
BOS00346,27 MOORE ST,East Boston,MA,02128,1910,,R3,THREE-FAM DWELLING,Analyze Boston property-assessment FY2026 (rev),2026-10-04T04:36Z,0100698000,https://data.boston.gov/dataset/property-assessment/resource/ee73430d-96c0-423e-ad21-c4cfb54c8961?q=PID%3A0100698000
BOS00347,25 MOORE ST,East Boston,MA,02128,1899,,R3,THREE-FAM DWELLING,Analyze Boston property-assessment FY2026 (rev),2026-10-04T04:36Z,0100699000,https://data.boston.gov/dataset/property-assessment/resource/ee73430d-96c0-423e-ad21-c4cfb54c8961?q=PID%3A0100699000
BOS00348,21 MOORE ST,East Boston,MA,02128,1910,,R2,TWO-FAM DWELLING,Analyze Boston property-assessment FY2026 (rev),2026-10-04T04:36Z,0100700000,https://data.boston.gov/dataset/property-assessment/resource/ee73430d-96c0-423e-ad21-c4cfb54c8961?q=PID%3A0100700000
BOS00349,19 MOORE ST,East Boston,MA,02128,1910,,R2,TWO-FAM DWELLING,Analyze Boston property-assessment FY2026 (rev),2026-10-04T04:36Z,0100701000,https://data.boston.gov/dataset/property-assessment/resource/ee73430d-96c0-423e-ad21-c4cfb54c8961?q=PID%3A0100701000
BOS00350,5 MOORE ST,East Boston,MA,02128,1910,,R2,TWO-FAM DWELLING,Analyze Boston property-assessment FY2026 (rev),2026-10-04T04:36Z,0100704000,https://data.boston.gov/dataset/property-assessment/resource/ee73430d-96c0-423e-ad21-c4cfb54c8961?q=PID%3A0100704000
BOS00351,49 Byron ST,East Boston,MA,02128,1910,,R2,TWO-FAM DWELLING,Analyze Boston property-assessment FY2026 (rev),2026-10-04T04:36Z,0100710000,https://data.boston.gov/dataset/property-assessment/resource/ee73430d-96c0-423e-ad21-c4cfb54c8961?q=PID%3A0100710000
BOS00352,67 Byron ST,East Boston,MA,02128,1910,,R3,THREE-FAM DWELLING,Analyze Boston property-assessment FY2026 (rev),2026-10-04T04:36Z,0100717000,https://data.boston.gov/dataset/property-assessment/resource/ee73430d-96c0-423e-ad21-c4cfb54c8961?q=PID%3A0100717000
BOS00353,79 Byron ST,East Boston,MA,02128,1910,,R3,THREE-FAM DWELLING,Analyze Boston property-assessment FY2026 (rev),2026-10-04T04:36Z,0100720000,https://data.boston.gov/dataset/property-assessment/resource/ee73430d-96c0-423e-ad21-c4cfb54c8961?q=PID%3A0100720000
BOS00354,81 Byron ST,East Boston,MA,02128,1910,,R2,TWO-FAM DWELLING,Analyze Boston property-assessment FY2026 (rev),2026-10-04T04:36Z,0100721000,https://data.boston.gov/dataset/property-assessment/resource/ee73430d-96c0-423e-ad21-c4cfb54c8961?q=PID%3A0100721000
BOS00355,85 Byron ST,East Boston,MA,02128,1910,,R2,TWO-FAM DWELLING,Analyze Boston property-assessment FY2026 (rev),2026-10-04T04:36Z,0100723000,https://data.boston.gov/dataset/property-assessment/resource/ee73430d-96c0-423e-ad21-c4cfb54c8961?q=PID%3A0100723000
BOS00356,89 Byron ST,East Boston,MA,02128,1950,,R2,TWO-FAM DWELLING,Analyze Boston property-assessment FY2026 (rev),2026-10-04T04:36Z,0100725000,https://data.boston.gov/dataset/property-assessment/resource/ee73430d-96c0-423e-ad21-c4cfb54c8961?q=PID%3A0100725000
BOS00357,93 Byron ST,East Boston,MA,02128,1910,,R3,THREE-FAM DWELLING,Analyze Boston property-assessment FY2026 (rev),2026-10-04T04:36Z,0100726000,https://data.boston.gov/dataset/property-assessment/resource/ee73430d-96c0-423e-ad21-c4cfb54c8961?q=PID%3A0100726000
BOS00358,10 MOORE ST,East Boston,MA,02128,1910,,A,SUBSD HOUSING S-202,Analyze Boston property-assessment FY2026 (rev),2026-10-04T04:36Z,0100728000,https://data.boston.gov/dataset/property-assessment/resource/ee73430d-96c0-423e-ad21-c4cfb54c8961?q=PID%3A0100728000
BOS00359,30 MOORE ST,East Boston,MA,02128,1900,,R2,TWO-FAM DWELLING,Analyze Boston property-assessment FY2026 (rev),2026-10-04T04:36Z,0100729000,https://data.boston.gov/dataset/property-assessment/resource/ee73430d-96c0-423e-ad21-c4cfb54c8961?q=PID%3A0100729000
BOS00360,36 MOORE ST,East Boston,MA,02128,1910,,R3,THREE-FAM DWELLING,Analyze Boston property-assessment FY2026 (rev),2026-10-04T04:36Z,0100731000,https://data.boston.gov/dataset/property-assessment/resource/ee73430d-96c0-423e-ad21-c4cfb54c8961?q=PID%3A0100731000
BOS00361,38 MOORE ST,East Boston,MA,02128,1910,,R2,TWO-FAM DWELLING,Analyze Boston property-assessment FY2026 (rev),2026-10-04T04:36Z,0100732000,https://data.boston.gov/dataset/property-assessment/resource/ee73430d-96c0-423e-ad21-c4cfb54c8961?q=PID%3A0100732000
BOS00362,708 Saratoga ST,East Boston,MA,02128,1950,,R2,TWO-FAM DWELLING,Analyze Boston property-assessment FY2026 (rev),2026-10-04T04:36Z,0100735000,https://data.boston.gov/dataset/property-assessment/resource/ee73430d-96c0-423e-ad21-c4cfb54c8961?q=PID%3A0100735000
BOS00363,704 Saratoga ST,East Boston,MA,02128,1910,,R2,TWO-FAM DWELLING,Analyze Boston property-assessment FY2026 (rev),2026-10-04T04:36Z,0100736000,https://data.boston.gov/dataset/property-assessment/resource/ee73430d-96c0-423e-ad21-c4cfb54c8961?q=PID%3A0100736000
BOS00364,696 Saratoga ST,East Boston,MA,02128,1910,,R2,TWO-FAM DWELLING,Analyze Boston property-assessment FY2026 (rev),2026-10-04T04:36Z,0100738000,https://data.boston.gov/dataset/property-assessment/resource/ee73430d-96c0-423e-ad21-c4cfb54c8961?q=PID%3A0100738000
BOS00365,690 Saratoga ST,East Boston,MA,02128,1875,,R2,TWO-FAM DWELLING,Analyze Boston property-assessment FY2026 (rev),2026-10-04T04:36Z,0100740000,https://data.boston.gov/dataset/property-assessment/resource/ee73430d-96c0-423e-ad21-c4cfb54c8961?q=PID%3A0100740000
BOS00366,680 Saratoga ST,East Boston,MA,02128,1910,,R2,TWO-FAM DWELLING,Analyze Boston property-assessment FY2026 (rev),2026-10-04T04:36Z,0100743010,https://data.boston.gov/dataset/property-assessment/resource/ee73430d-96c0-423e-ad21-c4cfb54c8961?q=PID%3A0100743010
BOS00367,678 Saratoga ST,East Boston,MA,02128,1910,,R3,THREE-FAM DWELLING,Analyze Boston property-assessment FY2026 (rev),2026-10-04T04:36Z,0100743020,https://data.boston.gov/dataset/property-assessment/resource/ee73430d-96c0-423e-ad21-c4cfb54c8961?q=PID%3A0100743020
BOS00368,674 Saratoga ST,East Boston,MA,02128,1910,,R4,APT 4-6 UNITS,Analyze Boston property-assessment FY2026 (rev),2026-10-04T04:36Z,0100744000,https://data.boston.gov/dataset/property-assessment/resource/ee73430d-96c0-423e-ad21-c4cfb54c8961?q=PID%3A0100744000
BOS00369,670 Saratoga ST,East Boston,MA,02128,2023,,R4,APT 4-6 UNITS,Analyze Boston property-assessment FY2026 (rev),2026-10-04T04:36Z,0100746000,https://data.boston.gov/dataset/property-assessment/resource/ee73430d-96c0-423e-ad21-c4cfb54c8961?q=PID%3A0100746000
BOS00370,666 Saratoga ST,East Boston,MA,02128,1910,,R3,THREE-FAM DWELLING,Analyze Boston property-assessment FY2026 (rev),2026-10-04T04:36Z,0100747000,https://data.boston.gov/dataset/property-assessment/resource/ee73430d-96c0-423e-ad21-c4cfb54c8961?q=PID%3A0100747000
BOS00371,662 Saratoga ST,East Boston,MA,02128,1925,,R4,APT 4-6 UNITS,Analyze Boston property-assessment FY2026 (rev),2026-10-04T04:36Z,0100748000,https://data.boston.gov/dataset/property-assessment/resource/ee73430d-96c0-423e-ad21-c4cfb54c8961?q=PID%3A0100748000
BOS00372,25 CHAUCER ST,East Boston,MA,02128,1900,,A,SUBSD HOUSING S- 8,Analyze Boston property-assessment FY2026 (rev),2026-10-04T04:36Z,0100752000,https://data.boston.gov/dataset/property-assessment/resource/ee73430d-96c0-423e-ad21-c4cfb54c8961?q=PID%3A0100752000
BOS00373,27 CHAUCER ST,East Boston,MA,02128,1900,,A,SUBSD HOUSING S- 8,Analyze Boston property-assessment FY2026 (rev),2026-10-04T04:36Z,0100753000,https://data.boston.gov/dataset/property-assessment/resource/ee73430d-96c0-423e-ad21-c4cfb54c8961?q=PID%3A0100753000
BOS00374,31 CHAUCER ST,East Boston,MA,02128,1910,,R3,THREE-FAM DWELLING,Analyze Boston property-assessment FY2026 (rev),2026-10-04T04:36Z,0100754000,https://data.boston.gov/dataset/property-assessment/resource/ee73430d-96c0-423e-ad21-c4cfb54c8961?q=PID%3A0100754000
BOS00375,35 CHAUCER ST,East Boston,MA,02128,1905,,R2,TWO-FAM DWELLING,Analyze Boston property-assessment FY2026 (rev),2026-10-04T04:36Z,0100755000,https://data.boston.gov/dataset/property-assessment/resource/ee73430d-96c0-423e-ad21-c4cfb54c8961?q=PID%3A0100755000
BOS00376,39 CHAUCER ST,East Boston,MA,02128,1910,,R2,TWO-FAM DWELLING,Analyze Boston property-assessment FY2026 (rev),2026-10-04T04:36Z,0100757000,https://data.boston.gov/dataset/property-assessment/resource/ee73430d-96c0-423e-ad21-c4cfb54c8961?q=PID%3A0100757000
BOS00377,49 CHAUCER ST,East Boston,MA,02128,1905,,R3,THREE-FAM DWELLING,Analyze Boston property-assessment FY2026 (rev),2026-10-04T04:36Z,0100760000,https://data.boston.gov/dataset/property-assessment/resource/ee73430d-96c0-423e-ad21-c4cfb54c8961?q=PID%3A0100760000
BOS00378,55 CHAUCER ST,East Boston,MA,02128,1910,,R2,TWO-FAM DWELLING,Analyze Boston property-assessment FY2026 (rev),2026-10-04T04:36Z,0100761000,https://data.boston.gov/dataset/property-assessment/resource/ee73430d-96c0-423e-ad21-c4cfb54c8961?q=PID%3A0100761000
BOS00379,660 Saratoga ST,East Boston,MA,02128,1925,,R4,APT 4-6 UNITS,Analyze Boston property-assessment FY2026 (rev),2026-10-04T04:36Z,0100762000,https://data.boston.gov/dataset/property-assessment/resource/ee73430d-96c0-423e-ad21-c4cfb54c8961?q=PID%3A0100762000
BOS00380,656 Saratoga ST,East Boston,MA,02128,2021,,A,APT 7-30 UNITS,Analyze Boston property-assessment FY2026 (rev),2026-10-04T04:36Z,0100764000,https://data.boston.gov/dataset/property-assessment/resource/ee73430d-96c0-423e-ad21-c4cfb54c8961?q=PID%3A0100764000
BOS00381,638 Saratoga ST,East Boston,MA,02128,1900,,R2,TWO-FAM DWELLING,Analyze Boston property-assessment FY2026 (rev),2026-10-04T04:36Z,0100769000,https://data.boston.gov/dataset/property-assessment/resource/ee73430d-96c0-423e-ad21-c4cfb54c8961?q=PID%3A0100769000
BOS00382,636 Saratoga ST,East Boston,MA,02128,1890,,R2,TWO-FAM DWELLING,Analyze Boston property-assessment FY2026 (rev),2026-10-04T04:36Z,0100770000,https://data.boston.gov/dataset/property-assessment/resource/ee73430d-96c0-423e-ad21-c4cfb54c8961?q=PID%3A0100770000
BOS00383,634 Saratoga ST,East Boston,MA,02128,1890,,R2,TWO-FAM DWELLING,Analyze Boston property-assessment FY2026 (rev),2026-10-04T04:36Z,0100771000,https://data.boston.gov/dataset/property-assessment/resource/ee73430d-96c0-423e-ad21-c4cfb54c8961?q=PID%3A0100771000
BOS00384,630 Saratoga ST,East Boston,MA,02128,1899,,R3,THREE-FAM DWELLING,Analyze Boston property-assessment FY2026 (rev),2026-10-04T04:36Z,0100772000,https://data.boston.gov/dataset/property-assessment/resource/ee73430d-96c0-423e-ad21-c4cfb54c8961?q=PID%3A0100772000
BOS00385,628 Saratoga ST,East Boston,MA,02128,1890,,R2,TWO-FAM DWELLING,Analyze Boston property-assessment FY2026 (rev),2026-10-04T04:36Z,0100773000,https://data.boston.gov/dataset/property-assessment/resource/ee73430d-96c0-423e-ad21-c4cfb54c8961?q=PID%3A0100773000
BOS00386,622 Saratoga ST,East Boston,MA,02128,1890,,R2,TWO-FAM DWELLING,Analyze Boston property-assessment FY2026 (rev),2026-10-04T04:36Z,0100774000,https://data.boston.gov/dataset/property-assessment/resource/ee73430d-96c0-423e-ad21-c4cfb54c8961?q=PID%3A0100774000
BOS00387,618 Saratoga ST,East Boston,MA,02128,1890,,R2,TWO-FAM DWELLING,Analyze Boston property-assessment FY2026 (rev),2026-10-04T04:36Z,0100775000,https://data.boston.gov/dataset/property-assessment/resource/ee73430d-96c0-423e-ad21-c4cfb54c8961?q=PID%3A0100775000
BOS00388,614 Saratoga ST,East Boston,MA,02128,1890,,R2,TWO-FAM DWELLING,Analyze Boston property-assessment FY2026 (rev),2026-10-04T04:36Z,0100776000,https://data.boston.gov/dataset/property-assessment/resource/ee73430d-96c0-423e-ad21-c4cfb54c8961?q=PID%3A0100776000
BOS00389,610 Saratoga ST,East Boston,MA,02128,1900,,R2,TWO-FAM DWELLING,Analyze Boston property-assessment FY2026 (rev),2026-10-04T04:36Z,0100777000,https://data.boston.gov/dataset/property-assessment/resource/ee73430d-96c0-423e-ad21-c4cfb54c8961?q=PID%3A0100777000
BOS00390,606 Saratoga ST,East Boston,MA,02128,1890,,R2,TWO-FAM DWELLING,Analyze Boston property-assessment FY2026 (rev),2026-10-04T04:36Z,0100778000,https://data.boston.gov/dataset/property-assessment/resource/ee73430d-96c0-423e-ad21-c4cfb54c8961?q=PID%3A0100778000
BOS00391,3 CHAUCER ST,East Boston,MA,02128,1900,,R3,THREE-FAM DWELLING,Analyze Boston property-assessment FY2026 (rev),2026-10-04T04:36Z,0100791000,https://data.boston.gov/dataset/property-assessment/resource/ee73430d-96c0-423e-ad21-c4cfb54c8961?q=PID%3A0100791000
BOS00392,5 CHAUCER ST,East Boston,MA,02128,1910,,R3,THREE-FAM DWELLING,Analyze Boston property-assessment FY2026 (rev),2026-10-04T04:36Z,0100792000,https://data.boston.gov/dataset/property-assessment/resource/ee73430d-96c0-423e-ad21-c4cfb54c8961?q=PID%3A0100792000
BOS00393,9 CHAUCER ST,East Boston,MA,02128,1920,,R2,TWO-FAM DWELLING,Analyze Boston property-assessment FY2026 (rev),2026-10-04T04:36Z,0100793001,https://data.boston.gov/dataset/property-assessment/resource/ee73430d-96c0-423e-ad21-c4cfb54c8961?q=PID%3A0100793001
BOS00394,8 Curtis ST,East Boston,MA,02128,1890,,R3,THREE-FAM DWELLING,Analyze Boston property-assessment FY2026 (rev),2026-10-04T04:36Z,0100794000,https://data.boston.gov/dataset/property-assessment/resource/ee73430d-96c0-423e-ad21-c4cfb54c8961?q=PID%3A0100794000
BOS00395,548 Bennington ST,East Boston,MA,02128,1900,,R3,THREE-FAM DWELLING,Analyze Boston property-assessment FY2026 (rev),2026-10-04T04:36Z,0100798000,https://data.boston.gov/dataset/property-assessment/resource/ee73430d-96c0-423e-ad21-c4cfb54c8961?q=PID%3A0100798000
BOS00396,546 Bennington ST,East Boston,MA,02128,1900,,R3,THREE-FAM DWELLING,Analyze Boston property-assessment FY2026 (rev),2026-10-04T04:36Z,0100799000,https://data.boston.gov/dataset/property-assessment/resource/ee73430d-96c0-423e-ad21-c4cfb54c8961?q=PID%3A0100799000
BOS00397,540 Bennington ST,East Boston,MA,02128,1900,,R3,THREE-FAM DWELLING,Analyze Boston property-assessment FY2026 (rev),2026-10-04T04:36Z,0100801000,https://data.boston.gov/dataset/property-assessment/resource/ee73430d-96c0-423e-ad21-c4cfb54c8961?q=PID%3A0100801000
BOS00398,536 Bennington ST,East Boston,MA,02128,1900,,R3,THREE-FAM DWELLING,Analyze Boston property-assessment FY2026 (rev),2026-10-04T04:36Z,0100802000,https://data.boston.gov/dataset/property-assessment/resource/ee73430d-96c0-423e-ad21-c4cfb54c8961?q=PID%3A0100802000
BOS00399,534 Bennington ST,East Boston,MA,02128,1899,,R3,THREE-FAM DWELLING,Analyze Boston property-assessment FY2026 (rev),2026-10-04T04:36Z,0100803000,https://data.boston.gov/dataset/property-assessment/resource/ee73430d-96c0-423e-ad21-c4cfb54c8961?q=PID%3A0100803000
BOS00400,530 Bennington ST,East Boston,MA,02128,1900,,R2,TWO-FAM DWELLING,Analyze Boston property-assessment FY2026 (rev),2026-10-04T04:36Z,0100805000,https://data.boston.gov/dataset/property-assessment/resource/ee73430d-96c0-423e-ad21-c4cfb54c8961?q=PID%3A0100805000
BOS00401,528 Bennington ST,East Boston,MA,02128,1900,,R2,TWO-FAM DWELLING,Analyze Boston property-assessment FY2026 (rev),2026-10-04T04:36Z,0100806000,https://data.boston.gov/dataset/property-assessment/resource/ee73430d-96c0-423e-ad21-c4cfb54c8961?q=PID%3A0100806000
BOS00402,524 Bennington ST,East Boston,MA,02128,1900,,R3,THREE-FAM DWELLING,Analyze Boston property-assessment FY2026 (rev),2026-10-04T04:36Z,0100807000,https://data.boston.gov/dataset/property-assessment/resource/ee73430d-96c0-423e-ad21-c4cfb54c8961?q=PID%3A0100807000
BOS00403,665 Saratoga ST,East Boston,MA,02128,1900,,R2,TWO-FAM DWELLING,Analyze Boston property-assessment FY2026 (rev),2026-10-04T04:36Z,0100809000,https://data.boston.gov/dataset/property-assessment/resource/ee73430d-96c0-423e-ad21-c4cfb54c8961?q=PID%3A0100809000
BOS00404,671 Saratoga ST,East Boston,MA,02128,1900,,R2,TWO-FAM DWELLING,Analyze Boston property-assessment FY2026 (rev),2026-10-04T04:36Z,0100811000,https://data.boston.gov/dataset/property-assessment/resource/ee73430d-96c0-423e-ad21-c4cfb54c8961?q=PID%3A0100811000
BOS00405,673 Saratoga ST,East Boston,MA,02128,1900,,R2,TWO-FAM DWELLING,Analyze Boston property-assessment FY2026 (rev),2026-10-04T04:36Z,0100812000,https://data.boston.gov/dataset/property-assessment/resource/ee73430d-96c0-423e-ad21-c4cfb54c8961?q=PID%3A0100812000
BOS00406,675 Saratoga ST,East Boston,MA,02128,1890,,R3,THREE-FAM DWELLING,Analyze Boston property-assessment FY2026 (rev),2026-10-04T04:36Z,0100813000,https://data.boston.gov/dataset/property-assessment/resource/ee73430d-96c0-423e-ad21-c4cfb54c8961?q=PID%3A0100813000
BOS00407,679 Saratoga ST,East Boston,MA,02128,1890,,R3,THREE-FAM DWELLING,Analyze Boston property-assessment FY2026 (rev),2026-10-04T04:36Z,0100815000,https://data.boston.gov/dataset/property-assessment/resource/ee73430d-96c0-423e-ad21-c4cfb54c8961?q=PID%3A0100815000
BOS00408,681 Saratoga ST,East Boston,MA,02128,1890,,R3,THREE-FAM DWELLING,Analyze Boston property-assessment FY2026 (rev),2026-10-04T04:36Z,0100816000,https://data.boston.gov/dataset/property-assessment/resource/ee73430d-96c0-423e-ad21-c4cfb54c8961?q=PID%3A0100816000
BOS00409,687 Saratoga ST,East Boston,MA,02128,1900,,R2,TWO-FAM DWELLING,Analyze Boston property-assessment FY2026 (rev),2026-10-04T04:36Z,0100817000,https://data.boston.gov/dataset/property-assessment/resource/ee73430d-96c0-423e-ad21-c4cfb54c8961?q=PID%3A0100817000
BOS00410,691 Saratoga ST,East Boston,MA,02128,1900,,R2,TWO-FAM DWELLING,Analyze Boston property-assessment FY2026 (rev),2026-10-04T04:36Z,0100819000,https://data.boston.gov/dataset/property-assessment/resource/ee73430d-96c0-423e-ad21-c4cfb54c8961?q=PID%3A0100819000
BOS00411,508 Bennington ST,East Boston,MA,02128,1900,,R2,TWO-FAM DWELLING,Analyze Boston property-assessment FY2026 (rev),2026-10-04T04:36Z,0100823000,https://data.boston.gov/dataset/property-assessment/resource/ee73430d-96c0-423e-ad21-c4cfb54c8961?q=PID%3A0100823000
BOS00412,506 Bennington ST,East Boston,MA,02128,1900,,R2,TWO-FAM DWELLING,Analyze Boston property-assessment FY2026 (rev),2026-10-04T04:36Z,0100824000,https://data.boston.gov/dataset/property-assessment/resource/ee73430d-96c0-423e-ad21-c4cfb54c8961?q=PID%3A0100824000
BOS00413,498 Bennington ST,East Boston,MA,02128,1900,,R2,TWO-FAM DWELLING,Analyze Boston property-assessment FY2026 (rev),2026-10-04T04:36Z,0100826000,https://data.boston.gov/dataset/property-assessment/resource/ee73430d-96c0-423e-ad21-c4cfb54c8961?q=PID%3A0100826000
BOS00414,496 Bennington ST,East Boston,MA,02128,1900,,R2,TWO-FAM DWELLING,Analyze Boston property-assessment FY2026 (rev),2026-10-04T04:36Z,0100827000,https://data.boston.gov/dataset/property-assessment/resource/ee73430d-96c0-423e-ad21-c4cfb54c8961?q=PID%3A0100827000
BOS00415,635 Saratoga ST,East Boston,MA,02128,1900,,R2,TWO-FAM DWELLING,Analyze Boston property-assessment FY2026 (rev),2026-10-04T04:36Z,0100836000,https://data.boston.gov/dataset/property-assessment/resource/ee73430d-96c0-423e-ad21-c4cfb54c8961?q=PID%3A0100836000
BOS00416,643 Saratoga ST,East Boston,MA,02128,1890,,R3,THREE-FAM DWELLING,Analyze Boston property-assessment FY2026 (rev),2026-10-04T04:36Z,0100840000,https://data.boston.gov/dataset/property-assessment/resource/ee73430d-96c0-423e-ad21-c4cfb54c8961?q=PID%3A0100840000
BOS00417,645 Saratoga ST,East Boston,MA,02128,1890,,R3,THREE-FAM DWELLING,Analyze Boston property-assessment FY2026 (rev),2026-10-04T04:36Z,0100841000,https://data.boston.gov/dataset/property-assessment/resource/ee73430d-96c0-423e-ad21-c4cfb54c8961?q=PID%3A0100841000
BOS00418,647 Saratoga ST,East Boston,MA,02128,1890,,R3,THREE-FAM DWELLING,Analyze Boston property-assessment FY2026 (rev),2026-10-04T04:36Z,0100842000,https://data.boston.gov/dataset/property-assessment/resource/ee73430d-96c0-423e-ad21-c4cfb54c8961?q=PID%3A0100842000
BOS00419,653 Saratoga ST,East Boston,MA,02128,1890,,R3,THREE-FAM DWELLING,Analyze Boston property-assessment FY2026 (rev),2026-10-04T04:36Z,0100843000,https://data.boston.gov/dataset/property-assessment/resource/ee73430d-96c0-423e-ad21-c4cfb54c8961?q=PID%3A0100843000
BOS00420,521 Bennington ST,East Boston,MA,02128,1900,,R2,TWO-FAM DWELLING,Analyze Boston property-assessment FY2026 (rev),2026-10-04T04:36Z,0100847000,https://data.boston.gov/dataset/property-assessment/resource/ee73430d-96c0-423e-ad21-c4cfb54c8961?q=PID%3A0100847000
BOS00421,529 Bennington ST,East Boston,MA,02128,1900,,R3,THREE-FAM DWELLING,Analyze Boston property-assessment FY2026 (rev),2026-10-04T04:36Z,0100851000,https://data.boston.gov/dataset/property-assessment/resource/ee73430d-96c0-423e-ad21-c4cfb54c8961?q=PID%3A0100851000
BOS00422,531 Bennington ST,East Boston,MA,02128,1930,,R3,THREE-FAM DWELLING,Analyze Boston property-assessment FY2026 (rev),2026-10-04T04:36Z,0100852000,https://data.boston.gov/dataset/property-assessment/resource/ee73430d-96c0-423e-ad21-c4cfb54c8961?q=PID%3A0100852000
BOS00423,533 Bennington ST,East Boston,MA,02128,1900,,R3,THREE-FAM DWELLING,Analyze Boston property-assessment FY2026 (rev),2026-10-04T04:36Z,0100853000,https://data.boston.gov/dataset/property-assessment/resource/ee73430d-96c0-423e-ad21-c4cfb54c8961?q=PID%3A0100853000
BOS00424,537 Bennington ST,East Boston,MA,02128,1940,,R3,THREE-FAM DWELLING,Analyze Boston property-assessment FY2026 (rev),2026-10-04T04:36Z,0100854000,https://data.boston.gov/dataset/property-assessment/resource/ee73430d-96c0-423e-ad21-c4cfb54c8961?q=PID%3A0100854000
BOS00425,541 Bennington ST,East Boston,MA,02128,1890,,R4,APT 4-6 UNITS,Analyze Boston property-assessment FY2026 (rev),2026-10-04T04:36Z,0100855000,https://data.boston.gov/dataset/property-assessment/resource/ee73430d-96c0-423e-ad21-c4cfb54c8961?q=PID%3A0100855000
BOS00426,549 Bennington ST,East Boston,MA,02128,1899,,R4,APT 4-6 UNITS,Analyze Boston property-assessment FY2026 (rev),2026-10-04T04:36Z,0100856000,https://data.boston.gov/dataset/property-assessment/resource/ee73430d-96c0-423e-ad21-c4cfb54c8961?q=PID%3A0100856000
BOS00427,553 Bennington ST,East Boston,MA,02128,1890,,R2,TWO-FAM DWELLING,Analyze Boston property-assessment FY2026 (rev),2026-10-04T04:36Z,0100858000,https://data.boston.gov/dataset/property-assessment/resource/ee73430d-96c0-423e-ad21-c4cfb54c8961?q=PID%3A0100858000
BOS00428,555 Bennington ST,East Boston,MA,02128,1905,,R2,TWO-FAM DWELLING,Analyze Boston property-assessment FY2026 (rev),2026-10-04T04:36Z,0100859000,https://data.boston.gov/dataset/property-assessment/resource/ee73430d-96c0-423e-ad21-c4cfb54c8961?q=PID%3A0100859000
BOS00429,557 Bennington ST,East Boston,MA,02128,1900,,R2,TWO-FAM DWELLING,Analyze Boston property-assessment FY2026 (rev),2026-10-04T04:36Z,0100860000,https://data.boston.gov/dataset/property-assessment/resource/ee73430d-96c0-423e-ad21-c4cfb54c8961?q=PID%3A0100860000
BOS00430,559 Bennington ST,East Boston,MA,02128,1900,,R2,TWO-FAM DWELLING,Analyze Boston property-assessment FY2026 (rev),2026-10-04T04:36Z,0100861000,https://data.boston.gov/dataset/property-assessment/resource/ee73430d-96c0-423e-ad21-c4cfb54c8961?q=PID%3A0100861000
BOS00431,561 Bennington ST,East Boston,MA,02128,1925,,R2,TWO-FAM DWELLING,Analyze Boston property-assessment FY2026 (rev),2026-10-04T04:36Z,0100862000,https://data.boston.gov/dataset/property-assessment/resource/ee73430d-96c0-423e-ad21-c4cfb54c8961?q=PID%3A0100862000
BOS00432,30 HORACE ST,East Boston,MA,02128,1910,,R2,TWO-FAM DWELLING,Analyze Boston property-assessment FY2026 (rev),2026-10-04T04:36Z,0100872000,https://data.boston.gov/dataset/property-assessment/resource/ee73430d-96c0-423e-ad21-c4cfb54c8961?q=PID%3A0100872000
BOS00433,12 HORACE ST,East Boston,MA,02128,1900,,R3,THREE-FAM DWELLING,Analyze Boston property-assessment FY2026 (rev),2026-10-04T04:36Z,0100873001,https://data.boston.gov/dataset/property-assessment/resource/ee73430d-96c0-423e-ad21-c4cfb54c8961?q=PID%3A0100873001
BOS00434,10 HORACE ST,East Boston,MA,02128,1900,,R3,THREE-FAM DWELLING,Analyze Boston property-assessment FY2026 (rev),2026-10-04T04:36Z,0100873002,https://data.boston.gov/dataset/property-assessment/resource/ee73430d-96c0-423e-ad21-c4cfb54c8961?q=PID%3A0100873002
BOS00435,8 HORACE ST,East Boston,MA,02128,1900,,R3,THREE-FAM DWELLING,Analyze Boston property-assessment FY2026 (rev),2026-10-04T04:36Z,0100873003,https://data.boston.gov/dataset/property-assessment/resource/ee73430d-96c0-423e-ad21-c4cfb54c8961?q=PID%3A0100873003
BOS00436,6 HORACE ST,East Boston,MA,02128,1900,,R3,THREE-FAM DWELLING,Analyze Boston property-assessment FY2026 (rev),2026-10-04T04:36Z,0100873004,https://data.boston.gov/dataset/property-assessment/resource/ee73430d-96c0-423e-ad21-c4cfb54c8961?q=PID%3A0100873004
BOS00437,4 HORACE ST,East Boston,MA,02128,1900,,R3,THREE-FAM DWELLING,Analyze Boston property-assessment FY2026 (rev),2026-10-04T04:36Z,0100873005,https://data.boston.gov/dataset/property-assessment/resource/ee73430d-96c0-423e-ad21-c4cfb54c8961?q=PID%3A0100873005
BOS00438,2 HORACE ST,East Boston,MA,02128,1900,,R3,THREE-FAM DWELLING,Analyze Boston property-assessment FY2026 (rev),2026-10-04T04:36Z,0100873006,https://data.boston.gov/dataset/property-assessment/resource/ee73430d-96c0-423e-ad21-c4cfb54c8961?q=PID%3A0100873006
BOS00439,571 Bennington ST,East Boston,MA,02128,1900,,R2,TWO-FAM DWELLING,Analyze Boston property-assessment FY2026 (rev),2026-10-04T04:36Z,0100878000,https://data.boston.gov/dataset/property-assessment/resource/ee73430d-96c0-423e-ad21-c4cfb54c8961?q=PID%3A0100878000
BOS00440,575 Bennington ST,East Boston,MA,02128,1900,,R2,TWO-FAM DWELLING,Analyze Boston property-assessment FY2026 (rev),2026-10-04T04:36Z,0100880000,https://data.boston.gov/dataset/property-assessment/resource/ee73430d-96c0-423e-ad21-c4cfb54c8961?q=PID%3A0100880000
BOS00441,587 Bennington ST,East Boston,MA,02128,1900,,R2,TWO-FAM DWELLING,Analyze Boston property-assessment FY2026 (rev),2026-10-04T04:36Z,0100884000,https://data.boston.gov/dataset/property-assessment/resource/ee73430d-96c0-423e-ad21-c4cfb54c8961?q=PID%3A0100884000
BOS00442,591 Bennington ST,East Boston,MA,02128,1922,,R2,TWO-FAM DWELLING,Analyze Boston property-assessment FY2026 (rev),2026-10-04T04:36Z,0100885000,https://data.boston.gov/dataset/property-assessment/resource/ee73430d-96c0-423e-ad21-c4cfb54c8961?q=PID%3A0100885000
BOS00443,595 Bennington ST,East Boston,MA,02128,1900,,R3,THREE-FAM DWELLING,Analyze Boston property-assessment FY2026 (rev),2026-10-04T04:36Z,0100886000,https://data.boston.gov/dataset/property-assessment/resource/ee73430d-96c0-423e-ad21-c4cfb54c8961?q=PID%3A0100886000
BOS00444,597 Bennington ST,East Boston,MA,02128,1900,,R2,TWO-FAM DWELLING,Analyze Boston property-assessment FY2026 (rev),2026-10-04T04:36Z,0100887000,https://data.boston.gov/dataset/property-assessment/resource/ee73430d-96c0-423e-ad21-c4cfb54c8961?q=PID%3A0100887000
BOS00445,599 Bennington ST,East Boston,MA,02128,1890,,R2,TWO-FAM DWELLING,Analyze Boston property-assessment FY2026 (rev),2026-10-04T04:36Z,0100888000,https://data.boston.gov/dataset/property-assessment/resource/ee73430d-96c0-423e-ad21-c4cfb54c8961?q=PID%3A0100888000
BOS00446,603 Bennington ST,East Boston,MA,02128,1900,,R3,THREE-FAM DWELLING,Analyze Boston property-assessment FY2026 (rev),2026-10-04T04:36Z,0100890000,https://data.boston.gov/dataset/property-assessment/resource/ee73430d-96c0-423e-ad21-c4cfb54c8961?q=PID%3A0100890000
BOS00447,605 Bennington ST,East Boston,MA,02128,1900,,R3,THREE-FAM DWELLING,Analyze Boston property-assessment FY2026 (rev),2026-10-04T04:36Z,0100891000,https://data.boston.gov/dataset/property-assessment/resource/ee73430d-96c0-423e-ad21-c4cfb54c8961?q=PID%3A0100891000
BOS00448,613 Bennington ST,East Boston,MA,02128,1900,,R2,TWO-FAM DWELLING,Analyze Boston property-assessment FY2026 (rev),2026-10-04T04:36Z,0100894000,https://data.boston.gov/dataset/property-assessment/resource/ee73430d-96c0-423e-ad21-c4cfb54c8961?q=PID%3A0100894000
BOS00449,615 Bennington ST,East Boston,MA,02128,1900,,R2,TWO-FAM DWELLING,Analyze Boston property-assessment FY2026 (rev),2026-10-04T04:36Z,0100895000,https://data.boston.gov/dataset/property-assessment/resource/ee73430d-96c0-423e-ad21-c4cfb54c8961?q=PID%3A0100895000
BOS00450,82 HORACE ST,East Boston,MA,02128,1912,,R2,TWO-FAM DWELLING,Analyze Boston property-assessment FY2026 (rev),2026-10-04T04:36Z,0100901000,https://data.boston.gov/dataset/property-assessment/resource/ee73430d-96c0-423e-ad21-c4cfb54c8961?q=PID%3A0100901000
BOS00451,80 HORACE ST,East Boston,MA,02128,1900,,R2,TWO-FAM DWELLING,Analyze Boston property-assessment FY2026 (rev),2026-10-04T04:36Z,0100902000,https://data.boston.gov/dataset/property-assessment/resource/ee73430d-96c0-423e-ad21-c4cfb54c8961?q=PID%3A0100902000
BOS00452,78 HORACE ST,East Boston,MA,02128,1900,,R2,TWO-FAM DWELLING,Analyze Boston property-assessment FY2026 (rev),2026-10-04T04:36Z,0100903000,https://data.boston.gov/dataset/property-assessment/resource/ee73430d-96c0-423e-ad21-c4cfb54c8961?q=PID%3A0100903000
BOS00453,76 HORACE ST,East Boston,MA,02128,2019,,R2,TWO-FAM DWELLING,Analyze Boston property-assessment FY2026 (rev),2026-10-04T04:36Z,0100903010,https://data.boston.gov/dataset/property-assessment/resource/ee73430d-96c0-423e-ad21-c4cfb54c8961?q=PID%3A0100903010
BOS00454,74 HORACE ST,East Boston,MA,02128,1900,,R2,TWO-FAM DWELLING,Analyze Boston property-assessment FY2026 (rev),2026-10-04T04:36Z,0100904000,https://data.boston.gov/dataset/property-assessment/resource/ee73430d-96c0-423e-ad21-c4cfb54c8961?q=PID%3A0100904000
BOS00455,70 HORACE ST,East Boston,MA,02128,1900,,R2,TWO-FAM DWELLING,Analyze Boston property-assessment FY2026 (rev),2026-10-04T04:36Z,0100905000,https://data.boston.gov/dataset/property-assessment/resource/ee73430d-96c0-423e-ad21-c4cfb54c8961?q=PID%3A0100905000
BOS00456,68 HORACE ST,East Boston,MA,02128,2017,,R2,TWO-FAM DWELLING,Analyze Boston property-assessment FY2026 (rev),2026-10-04T04:36Z,0100906000,https://data.boston.gov/dataset/property-assessment/resource/ee73430d-96c0-423e-ad21-c4cfb54c8961?q=PID%3A0100906000
BOS00457,68 HORACE ST,East Boston,MA,02128,1900,,R2,TWO-FAM DWELLING,Analyze Boston property-assessment FY2026 (rev),2026-10-04T04:36Z,0100908000,https://data.boston.gov/dataset/property-assessment/resource/ee73430d-96c0-423e-ad21-c4cfb54c8961?q=PID%3A0100908000
BOS00458,64 HORACE ST,East Boston,MA,02128,1910,,R2,TWO-FAM DWELLING,Analyze Boston property-assessment FY2026 (rev),2026-10-04T04:36Z,0100909000,https://data.boston.gov/dataset/property-assessment/resource/ee73430d-96c0-423e-ad21-c4cfb54c8961?q=PID%3A0100909000
BOS00459,75 MOORE ST,East Boston,MA,02128,1890,,R2,TWO-FAM DWELLING,Analyze Boston property-assessment FY2026 (rev),2026-10-04T04:36Z,0100913000,https://data.boston.gov/dataset/property-assessment/resource/ee73430d-96c0-423e-ad21-c4cfb54c8961?q=PID%3A0100913000
BOS00460,73 MOORE ST,East Boston,MA,02128,1890,,R2,TWO-FAM DWELLING,Analyze Boston property-assessment FY2026 (rev),2026-10-04T04:36Z,0100914000,https://data.boston.gov/dataset/property-assessment/resource/ee73430d-96c0-423e-ad21-c4cfb54c8961?q=PID%3A0100914000
BOS00461,745 Saratoga ST,East Boston,MA,02128,1900,,R2,TWO-FAM DWELLING,Analyze Boston property-assessment FY2026 (rev),2026-10-04T04:36Z,0100919000,https://data.boston.gov/dataset/property-assessment/resource/ee73430d-96c0-423e-ad21-c4cfb54c8961?q=PID%3A0100919000
BOS00462,749 Saratoga ST,East Boston,MA,02128,1900,,R3,THREE-FAM DWELLING,Analyze Boston property-assessment FY2026 (rev),2026-10-04T04:36Z,0100921000,https://data.boston.gov/dataset/property-assessment/resource/ee73430d-96c0-423e-ad21-c4cfb54c8961?q=PID%3A0100921000
BOS00463,753 Saratoga ST,East Boston,MA,02128,1900,,R2,TWO-FAM DWELLING,Analyze Boston property-assessment FY2026 (rev),2026-10-04T04:36Z,0100922000,https://data.boston.gov/dataset/property-assessment/resource/ee73430d-96c0-423e-ad21-c4cfb54c8961?q=PID%3A0100922000
BOS00464,755 Saratoga ST,East Boston,MA,02128,1918,,R3,THREE-FAM DWELLING,Analyze Boston property-assessment FY2026 (rev),2026-10-04T04:36Z,0100923000,https://data.boston.gov/dataset/property-assessment/resource/ee73430d-96c0-423e-ad21-c4cfb54c8961?q=PID%3A0100923000
BOS00465,127 Byron ST,East Boston,MA,02128,1839,,R3,THREE-FAM DWELLING,Analyze Boston property-assessment FY2026 (rev),2026-10-04T04:36Z,0100926000,https://data.boston.gov/dataset/property-assessment/resource/ee73430d-96c0-423e-ad21-c4cfb54c8961?q=PID%3A0100926000
BOS00466,624 Bennington ST,East Boston,MA,02128,1900,,R2,TWO-FAM DWELLING,Analyze Boston property-assessment FY2026 (rev),2026-10-04T04:36Z,0100936000,https://data.boston.gov/dataset/property-assessment/resource/ee73430d-96c0-423e-ad21-c4cfb54c8961?q=PID%3A0100936000
BOS00467,789 Saratoga ST,East Boston,MA,02128,1910,,R3,THREE-FAM DWELLING,Analyze Boston property-assessment FY2026 (rev),2026-10-04T04:36Z,0100938000,https://data.boston.gov/dataset/property-assessment/resource/ee73430d-96c0-423e-ad21-c4cfb54c8961?q=PID%3A0100938000
BOS00468,791 Saratoga ST,East Boston,MA,02128,1910,,R3,THREE-FAM DWELLING,Analyze Boston property-assessment FY2026 (rev),2026-10-04T04:36Z,0100939000,https://data.boston.gov/dataset/property-assessment/resource/ee73430d-96c0-423e-ad21-c4cfb54c8961?q=PID%3A0100939000
BOS00469,793 Saratoga ST,East Boston,MA,02128,1910,,R2,TWO-FAM DWELLING,Analyze Boston property-assessment FY2026 (rev),2026-10-04T04:36Z,0100940000,https://data.boston.gov/dataset/property-assessment/resource/ee73430d-96c0-423e-ad21-c4cfb54c8961?q=PID%3A0100940000
BOS00470,797 Saratoga ST,East Boston,MA,02128,1910,,R2,TWO-FAM DWELLING,Analyze Boston property-assessment FY2026 (rev),2026-10-04T04:36Z,0100942000,https://data.boston.gov/dataset/property-assessment/resource/ee73430d-96c0-423e-ad21-c4cfb54c8961?q=PID%3A0100942000
BOS00471,801 Saratoga ST,East Boston,MA,02128,1910,,R3,THREE-FAM DWELLING,Analyze Boston property-assessment FY2026 (rev),2026-10-04T04:36Z,0100944000,https://data.boston.gov/dataset/property-assessment/resource/ee73430d-96c0-423e-ad21-c4cfb54c8961?q=PID%3A0100944000
BOS00472,803 Saratoga ST,East Boston,MA,02128,1910,,R2,TWO-FAM DWELLING,Analyze Boston property-assessment FY2026 (rev),2026-10-04T04:36Z,0100945000,https://data.boston.gov/dataset/property-assessment/resource/ee73430d-96c0-423e-ad21-c4cfb54c8961?q=PID%3A0100945000
BOS00473,107 WORDSWORTH ST,East Boston,MA,02128,1910,,R2,TWO-FAM DWELLING,Analyze Boston property-assessment FY2026 (rev),2026-10-04T04:36Z,0100947000,https://data.boston.gov/dataset/property-assessment/resource/ee73430d-96c0-423e-ad21-c4cfb54c8961?q=PID%3A0100947000
BOS00474,634 Bennington ST,East Boston,MA,02128,1900,,R3,THREE-FAM DWELLING,Analyze Boston property-assessment FY2026 (rev),2026-10-04T04:36Z,0100950000,https://data.boston.gov/dataset/property-assessment/resource/ee73430d-96c0-423e-ad21-c4cfb54c8961?q=PID%3A0100950000
BOS00475,632 Bennington ST,East Boston,MA,02128,1900,,R3,THREE-FAM DWELLING,Analyze Boston property-assessment FY2026 (rev),2026-10-04T04:36Z,0100951000,https://data.boston.gov/dataset/property-assessment/resource/ee73430d-96c0-423e-ad21-c4cfb54c8961?q=PID%3A0100951000
BOS00476,630 Bennington ST,East Boston,MA,02128,1900,,R3,THREE-FAM DWELLING,Analyze Boston property-assessment FY2026 (rev),2026-10-04T04:36Z,0100952000,https://data.boston.gov/dataset/property-assessment/resource/ee73430d-96c0-423e-ad21-c4cfb54c8961?q=PID%3A0100952000
BOS00477,628 Bennington ST,East Boston,MA,02128,1900,,R3,THREE-FAM DWELLING,Analyze Boston property-assessment FY2026 (rev),2026-10-04T04:36Z,0100953000,https://data.boston.gov/dataset/property-assessment/resource/ee73430d-96c0-423e-ad21-c4cfb54c8961?q=PID%3A0100953000
BOS00478,626 Bennington ST,East Boston,MA,02128,1900,,R3,THREE-FAM DWELLING,Analyze Boston property-assessment FY2026 (rev),2026-10-04T04:36Z,0100954000,https://data.boston.gov/dataset/property-assessment/resource/ee73430d-96c0-423e-ad21-c4cfb54c8961?q=PID%3A0100954000
BOS00479,641 Bennington ST,East Boston,MA,02128,1910,,R3,THREE-FAM DWELLING,Analyze Boston property-assessment FY2026 (rev),2026-10-04T04:36Z,0100957000,https://data.boston.gov/dataset/property-assessment/resource/ee73430d-96c0-423e-ad21-c4cfb54c8961?q=PID%3A0100957000
BOS00480,643 Bennington ST,East Boston,MA,02128,1910,,R3,THREE-FAM DWELLING,Analyze Boston property-assessment FY2026 (rev),2026-10-04T04:36Z,0100958000,https://data.boston.gov/dataset/property-assessment/resource/ee73430d-96c0-423e-ad21-c4cfb54c8961?q=PID%3A0100958000
BOS00481,645 Bennington ST,East Boston,MA,02128,1910,,R3,THREE-FAM DWELLING,Analyze Boston property-assessment FY2026 (rev),2026-10-04T04:36Z,0100959000,https://data.boston.gov/dataset/property-assessment/resource/ee73430d-96c0-423e-ad21-c4cfb54c8961?q=PID%3A0100959000
BOS00482,651 Bennington ST,East Boston,MA,02128,1910,,R3,THREE-FAM DWELLING,Analyze Boston property-assessment FY2026 (rev),2026-10-04T04:36Z,0100961000,https://data.boston.gov/dataset/property-assessment/resource/ee73430d-96c0-423e-ad21-c4cfb54c8961?q=PID%3A0100961000
BOS00483,653 Bennington ST,East Boston,MA,02128,1925,,R3,THREE-FAM DWELLING,Analyze Boston property-assessment FY2026 (rev),2026-10-04T04:36Z,0100962000,https://data.boston.gov/dataset/property-assessment/resource/ee73430d-96c0-423e-ad21-c4cfb54c8961?q=PID%3A0100962000
BOS00484,125 WORDSWORTH ST,East Boston,MA,02128,1910,,R3,THREE-FAM DWELLING,Analyze Boston property-assessment FY2026 (rev),2026-10-04T04:36Z,0100963000,https://data.boston.gov/dataset/property-assessment/resource/ee73430d-96c0-423e-ad21-c4cfb54c8961?q=PID%3A0100963000
BOS00485,669 Bennington ST,East Boston,MA,02128,1910,,R3,THREE-FAM DWELLING,Analyze Boston property-assessment FY2026 (rev),2026-10-04T04:36Z,0100970050,https://data.boston.gov/dataset/property-assessment/resource/ee73430d-96c0-423e-ad21-c4cfb54c8961?q=PID%3A0100970050
BOS00486,675 Bennington ST,East Boston,MA,02128,1910,,R3,THREE-FAM DWELLING,Analyze Boston property-assessment FY2026 (rev),2026-10-04T04:36Z,0100973000,https://data.boston.gov/dataset/property-assessment/resource/ee73430d-96c0-423e-ad21-c4cfb54c8961?q=PID%3A0100973000
BOS00487,677 Bennington ST,East Boston,MA,02128,1910,,R3,THREE-FAM DWELLING,Analyze Boston property-assessment FY2026 (rev),2026-10-04T04:36Z,0100974000,https://data.boston.gov/dataset/property-assessment/resource/ee73430d-96c0-423e-ad21-c4cfb54c8961?q=PID%3A0100974000
BOS00488,687 Bennington ST,East Boston,MA,02128,1910,,R2,TWO-FAM DWELLING,Analyze Boston property-assessment FY2026 (rev),2026-10-04T04:36Z,0100978000,https://data.boston.gov/dataset/property-assessment/resource/ee73430d-96c0-423e-ad21-c4cfb54c8961?q=PID%3A0100978000
BOS00489,691 Bennington ST,East Boston,MA,02128,1899,,R3,THREE-FAM DWELLING,Analyze Boston property-assessment FY2026 (rev),2026-10-04T04:36Z,0100980000,https://data.boston.gov/dataset/property-assessment/resource/ee73430d-96c0-423e-ad21-c4cfb54c8961?q=PID%3A0100980000
BOS00490,693 Bennington ST,East Boston,MA,02128,1920,,R3,THREE-FAM DWELLING,Analyze Boston property-assessment FY2026 (rev),2026-10-04T04:36Z,0100981000,https://data.boston.gov/dataset/property-assessment/resource/ee73430d-96c0-423e-ad21-c4cfb54c8961?q=PID%3A0100981000
BOS00491,695 Bennington ST,East Boston,MA,02128,1910,,R3,THREE-FAM DWELLING,Analyze Boston property-assessment FY2026 (rev),2026-10-04T04:36Z,0100982000,https://data.boston.gov/dataset/property-assessment/resource/ee73430d-96c0-423e-ad21-c4cfb54c8961?q=PID%3A0100982000
BOS00492,697 Bennington ST,East Boston,MA,02128,1910,,R3,THREE-FAM DWELLING,Analyze Boston property-assessment FY2026 (rev),2026-10-04T04:36Z,0100983000,https://data.boston.gov/dataset/property-assessment/resource/ee73430d-96c0-423e-ad21-c4cfb54c8961?q=PID%3A0100983000
BOS00493,699 Bennington ST,East Boston,MA,02128,1910,,R3,THREE-FAM DWELLING,Analyze Boston property-assessment FY2026 (rev),2026-10-04T04:36Z,0100984000,https://data.boston.gov/dataset/property-assessment/resource/ee73430d-96c0-423e-ad21-c4cfb54c8961?q=PID%3A0100984000
BOS00494,701 Bennington ST,East Boston,MA,02128,1910,,R3,THREE-FAM DWELLING,Analyze Boston property-assessment FY2026 (rev),2026-10-04T04:36Z,0100985000,https://data.boston.gov/dataset/property-assessment/resource/ee73430d-96c0-423e-ad21-c4cfb54c8961?q=PID%3A0100985000
BOS00495,703 Bennington ST,East Boston,MA,02128,1910,,R3,THREE-FAM DWELLING,Analyze Boston property-assessment FY2026 (rev),2026-10-04T04:36Z,0100986000,https://data.boston.gov/dataset/property-assessment/resource/ee73430d-96c0-423e-ad21-c4cfb54c8961?q=PID%3A0100986000
BOS00496,705 Bennington ST,East Boston,MA,02128,1910,,R3,THREE-FAM DWELLING,Analyze Boston property-assessment FY2026 (rev),2026-10-04T04:36Z,0100987000,https://data.boston.gov/dataset/property-assessment/resource/ee73430d-96c0-423e-ad21-c4cfb54c8961?q=PID%3A0100987000
BOS00497,707 Bennington ST,East Boston,MA,02128,1910,,R3,THREE-FAM DWELLING,Analyze Boston property-assessment FY2026 (rev),2026-10-04T04:36Z,0100988000,https://data.boston.gov/dataset/property-assessment/resource/ee73430d-96c0-423e-ad21-c4cfb54c8961?q=PID%3A0100988000
BOS00498,709 Bennington ST,East Boston,MA,02128,1910,,R3,THREE-FAM DWELLING,Analyze Boston property-assessment FY2026 (rev),2026-10-04T04:36Z,0100989000,https://data.boston.gov/dataset/property-assessment/resource/ee73430d-96c0-423e-ad21-c4cfb54c8961?q=PID%3A0100989000
BOS00499,130 WORDSWORTH ST,East Boston,MA,02128,1910,,R2,TWO-FAM DWELLING,Analyze Boston property-assessment FY2026 (rev),2026-10-04T04:36Z,0101009000,https://data.boston.gov/dataset/property-assessment/resource/ee73430d-96c0-423e-ad21-c4cfb54c8961?q=PID%3A0101009000
BOS00500,128 WORDSWORTH ST,East Boston,MA,02128,1910,,R2,TWO-FAM DWELLING,Analyze Boston property-assessment FY2026 (rev),2026-10-04T04:36Z,0101010000,https://data.boston.gov/dataset/property-assessment/resource/ee73430d-96c0-423e-ad21-c4cfb54c8961?q=PID%3A0101010000
BOS00501,656 Bennington ST,East Boston,MA,02128,1900,,R3,THREE-FAM DWELLING,Analyze Boston property-assessment FY2026 (rev),2026-10-04T04:36Z,0101011000,https://data.boston.gov/dataset/property-assessment/resource/ee73430d-96c0-423e-ad21-c4cfb54c8961?q=PID%3A0101011000
BOS00502,809 Saratoga ST,East Boston,MA,02128,1900,,A,SUBSD HOUSING S- 8,Analyze Boston property-assessment FY2026 (rev),2026-10-04T04:36Z,0101012000,https://data.boston.gov/dataset/property-assessment/resource/ee73430d-96c0-423e-ad21-c4cfb54c8961?q=PID%3A0101012000
BOS00503,815 Saratoga ST,East Boston,MA,02128,1900,,R3,THREE-FAM DWELLING,Analyze Boston property-assessment FY2026 (rev),2026-10-04T04:36Z,0101013000,https://data.boston.gov/dataset/property-assessment/resource/ee73430d-96c0-423e-ad21-c4cfb54c8961?q=PID%3A0101013000
BOS00504,819 Saratoga ST,East Boston,MA,02128,1900,,R3,THREE-FAM DWELLING,Analyze Boston property-assessment FY2026 (rev),2026-10-04T04:36Z,0101014000,https://data.boston.gov/dataset/property-assessment/resource/ee73430d-96c0-423e-ad21-c4cfb54c8961?q=PID%3A0101014000
BOS00505,821 Saratoga ST,East Boston,MA,02128,1900,,R3,THREE-FAM DWELLING,Analyze Boston property-assessment FY2026 (rev),2026-10-04T04:36Z,0101015000,https://data.boston.gov/dataset/property-assessment/resource/ee73430d-96c0-423e-ad21-c4cfb54c8961?q=PID%3A0101015000
BOS00506,823 Saratoga ST,East Boston,MA,02128,1910,,R3,THREE-FAM DWELLING,Analyze Boston property-assessment FY2026 (rev),2026-10-04T04:36Z,0101016000,https://data.boston.gov/dataset/property-assessment/resource/ee73430d-96c0-423e-ad21-c4cfb54c8961?q=PID%3A0101016000
BOS00507,825 Saratoga ST,East Boston,MA,02128,1900,,R3,THREE-FAM DWELLING,Analyze Boston property-assessment FY2026 (rev),2026-10-04T04:36Z,0101017000,https://data.boston.gov/dataset/property-assessment/resource/ee73430d-96c0-423e-ad21-c4cfb54c8961?q=PID%3A0101017000
BOS00508,827 Saratoga ST,East Boston,MA,02128,1900,,R3,THREE-FAM DWELLING,Analyze Boston property-assessment FY2026 (rev),2026-10-04T04:36Z,0101018000,https://data.boston.gov/dataset/property-assessment/resource/ee73430d-96c0-423e-ad21-c4cfb54c8961?q=PID%3A0101018000
BOS00509,829 Saratoga ST,East Boston,MA,02128,1900,,R2,TWO-FAM DWELLING,Analyze Boston property-assessment FY2026 (rev),2026-10-04T04:36Z,0101021000,https://data.boston.gov/dataset/property-assessment/resource/ee73430d-96c0-423e-ad21-c4cfb54c8961?q=PID%3A0101021000
BOS00510,831 Saratoga ST,East Boston,MA,02128,1900,,R2,TWO-FAM DWELLING,Analyze Boston property-assessment FY2026 (rev),2026-10-04T04:36Z,0101022000,https://data.boston.gov/dataset/property-assessment/resource/ee73430d-96c0-423e-ad21-c4cfb54c8961?q=PID%3A0101022000
BOS00511,833 Saratoga ST,East Boston,MA,02128,1910,,R4,APT 4-6 UNITS,Analyze Boston property-assessment FY2026 (rev),2026-10-04T04:36Z,0101023000,https://data.boston.gov/dataset/property-assessment/resource/ee73430d-96c0-423e-ad21-c4cfb54c8961?q=PID%3A0101023000
BOS00512,837 Saratoga ST,East Boston,MA,02128,1900,,R4,APT 4-6 UNITS,Analyze Boston property-assessment FY2026 (rev),2026-10-04T04:36Z,0101024000,https://data.boston.gov/dataset/property-assessment/resource/ee73430d-96c0-423e-ad21-c4cfb54c8961?q=PID%3A0101024000
BOS00513,851 Saratoga ST,East Boston,MA,02128,1900,,A,SUBSD HOUSING S- 8,Analyze Boston property-assessment FY2026 (rev),2026-10-04T04:36Z,0101027000,https://data.boston.gov/dataset/property-assessment/resource/ee73430d-96c0-423e-ad21-c4cfb54c8961?q=PID%3A0101027000
BOS00514,853 Saratoga ST,East Boston,MA,02128,1915,,R3,THREE-FAM DWELLING,Analyze Boston property-assessment FY2026 (rev),2026-10-04T04:36Z,0101028000,https://data.boston.gov/dataset/property-assessment/resource/ee73430d-96c0-423e-ad21-c4cfb54c8961?q=PID%3A0101028000
BOS00515,855 Saratoga ST,East Boston,MA,02128,1900,,R3,THREE-FAM DWELLING,Analyze Boston property-assessment FY2026 (rev),2026-10-04T04:36Z,0101029000,https://data.boston.gov/dataset/property-assessment/resource/ee73430d-96c0-423e-ad21-c4cfb54c8961?q=PID%3A0101029000
BOS00516,857 Saratoga ST,East Boston,MA,02128,1900,,R3,THREE-FAM DWELLING,Analyze Boston property-assessment FY2026 (rev),2026-10-04T04:36Z,0101030000,https://data.boston.gov/dataset/property-assessment/resource/ee73430d-96c0-423e-ad21-c4cfb54c8961?q=PID%3A0101030000
BOS00517,859 Saratoga ST,East Boston,MA,02128,1900,,R3,THREE-FAM DWELLING,Analyze Boston property-assessment FY2026 (rev),2026-10-04T04:36Z,0101031000,https://data.boston.gov/dataset/property-assessment/resource/ee73430d-96c0-423e-ad21-c4cfb54c8961?q=PID%3A0101031000
BOS00518,861 Saratoga ST,East Boston,MA,02128,1900,,R3,THREE-FAM DWELLING,Analyze Boston property-assessment FY2026 (rev),2026-10-04T04:36Z,0101032000,https://data.boston.gov/dataset/property-assessment/resource/ee73430d-96c0-423e-ad21-c4cfb54c8961?q=PID%3A0101032000
BOS00519,696 Bennington ST,East Boston,MA,02128,1960,,R2,TWO-FAM DWELLING,Analyze Boston property-assessment FY2026 (rev),2026-10-04T04:36Z,0101035000,https://data.boston.gov/dataset/property-assessment/resource/ee73430d-96c0-423e-ad21-c4cfb54c8961?q=PID%3A0101035000
BOS00520,680 Bennington ST,East Boston,MA,02128,1900,,R3,THREE-FAM DWELLING,Analyze Boston property-assessment FY2026 (rev),2026-10-04T04:36Z,0101042000,https://data.boston.gov/dataset/property-assessment/resource/ee73430d-96c0-423e-ad21-c4cfb54c8961?q=PID%3A0101042000
BOS00521,678 Bennington ST,East Boston,MA,02128,1900,,R2,TWO-FAM DWELLING,Analyze Boston property-assessment FY2026 (rev),2026-10-04T04:36Z,0101043000,https://data.boston.gov/dataset/property-assessment/resource/ee73430d-96c0-423e-ad21-c4cfb54c8961?q=PID%3A0101043000
BOS00522,670 Bennington ST,East Boston,MA,02128,1900,,R2,TWO-FAM DWELLING,Analyze Boston property-assessment FY2026 (rev),2026-10-04T04:36Z,0101046000,https://data.boston.gov/dataset/property-assessment/resource/ee73430d-96c0-423e-ad21-c4cfb54c8961?q=PID%3A0101046000
BOS00523,668 Bennington ST,East Boston,MA,02128,1900,,R2,TWO-FAM DWELLING,Analyze Boston property-assessment FY2026 (rev),2026-10-04T04:36Z,0101047000,https://data.boston.gov/dataset/property-assessment/resource/ee73430d-96c0-423e-ad21-c4cfb54c8961?q=PID%3A0101047000
BOS00524,664 Bennington ST,East Boston,MA,02128,1910,,R2,TWO-FAM DWELLING,Analyze Boston property-assessment FY2026 (rev),2026-10-04T04:36Z,0101049000,https://data.boston.gov/dataset/property-assessment/resource/ee73430d-96c0-423e-ad21-c4cfb54c8961?q=PID%3A0101049000
BOS00525,660 Bennington ST,East Boston,MA,02128,1900,,R2,TWO-FAM DWELLING,Analyze Boston property-assessment FY2026 (rev),2026-10-04T04:36Z,0101050000,https://data.boston.gov/dataset/property-assessment/resource/ee73430d-96c0-423e-ad21-c4cfb54c8961?q=PID%3A0101050000
BOS00526,871 Saratoga ST,East Boston,MA,02128,1900,,R2,TWO-FAM DWELLING,Analyze Boston property-assessment FY2026 (rev),2026-10-04T04:36Z,0101054000,https://data.boston.gov/dataset/property-assessment/resource/ee73430d-96c0-423e-ad21-c4cfb54c8961?q=PID%3A0101054000
BOS00527,873 Saratoga ST,East Boston,MA,02128,1900,,R2,TWO-FAM DWELLING,Analyze Boston property-assessment FY2026 (rev),2026-10-04T04:36Z,0101055000,https://data.boston.gov/dataset/property-assessment/resource/ee73430d-96c0-423e-ad21-c4cfb54c8961?q=PID%3A0101055000
BOS00528,875 Saratoga ST,East Boston,MA,02128,1899,,R2,TWO-FAM DWELLING,Analyze Boston property-assessment FY2026 (rev),2026-10-04T04:36Z,0101056000,https://data.boston.gov/dataset/property-assessment/resource/ee73430d-96c0-423e-ad21-c4cfb54c8961?q=PID%3A0101056000
BOS00529,877 Saratoga ST,East Boston,MA,02128,1900,,R2,TWO-FAM DWELLING,Analyze Boston property-assessment FY2026 (rev),2026-10-04T04:36Z,0101057000,https://data.boston.gov/dataset/property-assessment/resource/ee73430d-96c0-423e-ad21-c4cfb54c8961?q=PID%3A0101057000
BOS00530,879 Saratoga ST,East Boston,MA,02128,1900,,R2,TWO-FAM DWELLING,Analyze Boston property-assessment FY2026 (rev),2026-10-04T04:36Z,0101058000,https://data.boston.gov/dataset/property-assessment/resource/ee73430d-96c0-423e-ad21-c4cfb54c8961?q=PID%3A0101058000
BOS00531,883 Saratoga ST,East Boston,MA,02128,1900,,R3,THREE-FAM DWELLING,Analyze Boston property-assessment FY2026 (rev),2026-10-04T04:36Z,0101059000,https://data.boston.gov/dataset/property-assessment/resource/ee73430d-96c0-423e-ad21-c4cfb54c8961?q=PID%3A0101059000
BOS00532,889 Saratoga ST,East Boston,MA,02128,1900,,R4,APT 4-6 UNITS,Analyze Boston property-assessment FY2026 (rev),2026-10-04T04:36Z,0101060000,https://data.boston.gov/dataset/property-assessment/resource/ee73430d-96c0-423e-ad21-c4cfb54c8961?q=PID%3A0101060000
BOS00533,901 Saratoga ST,East Boston,MA,02128,1900,,R3,THREE-FAM DWELLING,Analyze Boston property-assessment FY2026 (rev),2026-10-04T04:36Z,0101062000,https://data.boston.gov/dataset/property-assessment/resource/ee73430d-96c0-423e-ad21-c4cfb54c8961?q=PID%3A0101062000
BOS00534,903 Saratoga ST,East Boston,MA,02128,1916,,R3,THREE-FAM DWELLING,Analyze Boston property-assessment FY2026 (rev),2026-10-04T04:36Z,0101063000,https://data.boston.gov/dataset/property-assessment/resource/ee73430d-96c0-423e-ad21-c4cfb54c8961?q=PID%3A0101063000
BOS00535,905 Saratoga ST,East Boston,MA,02128,1900,,R3,THREE-FAM DWELLING,Analyze Boston property-assessment FY2026 (rev),2026-10-04T04:36Z,0101064000,https://data.boston.gov/dataset/property-assessment/resource/ee73430d-96c0-423e-ad21-c4cfb54c8961?q=PID%3A0101064000
BOS00536,907 Saratoga ST,East Boston,MA,02128,1900,,R3,THREE-FAM DWELLING,Analyze Boston property-assessment FY2026 (rev),2026-10-04T04:36Z,0101065000,https://data.boston.gov/dataset/property-assessment/resource/ee73430d-96c0-423e-ad21-c4cfb54c8961?q=PID%3A0101065000
BOS00537,911 Saratoga ST,East Boston,MA,02128,1913,,R3,THREE-FAM DWELLING,Analyze Boston property-assessment FY2026 (rev),2026-10-04T04:36Z,0101066000,https://data.boston.gov/dataset/property-assessment/resource/ee73430d-96c0-423e-ad21-c4cfb54c8961?q=PID%3A0101066000
BOS00538,746 Bennington ST,East Boston,MA,02128,1910,,A,SUBSD HOUSING S- 8,Analyze Boston property-assessment FY2026 (rev),2026-10-04T04:36Z,0101073000,https://data.boston.gov/dataset/property-assessment/resource/ee73430d-96c0-423e-ad21-c4cfb54c8961?q=PID%3A0101073000
BOS00539,744 Bennington ST,East Boston,MA,02128,1900,,R3,THREE-FAM DWELLING,Analyze Boston property-assessment FY2026 (rev),2026-10-04T04:36Z,0101074000,https://data.boston.gov/dataset/property-assessment/resource/ee73430d-96c0-423e-ad21-c4cfb54c8961?q=PID%3A0101074000
BOS00540,740 Bennington ST,East Boston,MA,02128,1900,,R3,THREE-FAM DWELLING,Analyze Boston property-assessment FY2026 (rev),2026-10-04T04:36Z,0101076000,https://data.boston.gov/dataset/property-assessment/resource/ee73430d-96c0-423e-ad21-c4cfb54c8961?q=PID%3A0101076000
BOS00541,738 Bennington ST,East Boston,MA,02128,1900,,R3,THREE-FAM DWELLING,Analyze Boston property-assessment FY2026 (rev),2026-10-04T04:36Z,0101077000,https://data.boston.gov/dataset/property-assessment/resource/ee73430d-96c0-423e-ad21-c4cfb54c8961?q=PID%3A0101077000
BOS00542,736 Bennington ST,East Boston,MA,02128,1900,,R3,THREE-FAM DWELLING,Analyze Boston property-assessment FY2026 (rev),2026-10-04T04:36Z,0101078000,https://data.boston.gov/dataset/property-assessment/resource/ee73430d-96c0-423e-ad21-c4cfb54c8961?q=PID%3A0101078000
BOS00543,734 Bennington ST,East Boston,MA,02128,1913,,R3,THREE-FAM DWELLING,Analyze Boston property-assessment FY2026 (rev),2026-10-04T04:36Z,0101079000,https://data.boston.gov/dataset/property-assessment/resource/ee73430d-96c0-423e-ad21-c4cfb54c8961?q=PID%3A0101079000
BOS00544,732 Bennington ST,East Boston,MA,02128,1905,,R3,THREE-FAM DWELLING,Analyze Boston property-assessment FY2026 (rev),2026-10-04T04:36Z,0101080000,https://data.boston.gov/dataset/property-assessment/resource/ee73430d-96c0-423e-ad21-c4cfb54c8961?q=PID%3A0101080000
BOS00545,720 Bennington ST,East Boston,MA,02128,1960,,A,APT 7-30 UNITS,Analyze Boston property-assessment FY2026 (rev),2026-10-04T04:36Z,0101082000,https://data.boston.gov/dataset/property-assessment/resource/ee73430d-96c0-423e-ad21-c4cfb54c8961?q=PID%3A0101082000
BOS00546,185 WORDSWORTH ST,East Boston,MA,02128,1910,,R2,TWO-FAM DWELLING,Analyze Boston property-assessment FY2026 (rev),2026-10-04T04:36Z,0101094000,https://data.boston.gov/dataset/property-assessment/resource/ee73430d-96c0-423e-ad21-c4cfb54c8961?q=PID%3A0101094000
BOS00547,189 WORDSWORTH ST,East Boston,MA,02128,1930,,R2,TWO-FAM DWELLING,Analyze Boston property-assessment FY2026 (rev),2026-10-04T04:36Z,0101095000,https://data.boston.gov/dataset/property-assessment/resource/ee73430d-96c0-423e-ad21-c4cfb54c8961?q=PID%3A0101095000
BOS00548,156 Coleridge ST,East Boston,MA,02128,1912,,R2,TWO-FAM DWELLING,Analyze Boston property-assessment FY2026 (rev),2026-10-04T04:36Z,0101096000,https://data.boston.gov/dataset/property-assessment/resource/ee73430d-96c0-423e-ad21-c4cfb54c8961?q=PID%3A0101096000
BOS00549,148 Coleridge ST,East Boston,MA,02128,1905,,R3,THREE-FAM DWELLING,Analyze Boston property-assessment FY2026 (rev),2026-10-04T04:36Z,0101098000,https://data.boston.gov/dataset/property-assessment/resource/ee73430d-96c0-423e-ad21-c4cfb54c8961?q=PID%3A0101098000
BOS00550,210 Byron ST,East Boston,MA,02128,1905,,R2,TWO-FAM DWELLING,Analyze Boston property-assessment FY2026 (rev),2026-10-04T04:36Z,0101099000,https://data.boston.gov/dataset/property-assessment/resource/ee73430d-96c0-423e-ad21-c4cfb54c8961?q=PID%3A0101099000
BOS00551,206 Byron ST,East Boston,MA,02128,1900,,R2,TWO-FAM DWELLING,Analyze Boston property-assessment FY2026 (rev),2026-10-04T04:36Z,0101100000,https://data.boston.gov/dataset/property-assessment/resource/ee73430d-96c0-423e-ad21-c4cfb54c8961?q=PID%3A0101100000
BOS00552,151 Cowper ST,East Boston,MA,02128,1900,,R2,TWO-FAM DWELLING,Analyze Boston property-assessment FY2026 (rev),2026-10-04T04:36Z,0101104000,https://data.boston.gov/dataset/property-assessment/resource/ee73430d-96c0-423e-ad21-c4cfb54c8961?q=PID%3A0101104000
BOS00553,163 Byron ST,East Boston,MA,02128,1900,,R4,APT 4-6 UNITS,Analyze Boston property-assessment FY2026 (rev),2026-10-04T04:36Z,0101125000,https://data.boston.gov/dataset/property-assessment/resource/ee73430d-96c0-423e-ad21-c4cfb54c8961?q=PID%3A0101125000
BOS00554,167 Byron ST,East Boston,MA,02128,1910,,R2,TWO-FAM DWELLING,Analyze Boston property-assessment FY2026 (rev),2026-10-04T04:36Z,0101126000,https://data.boston.gov/dataset/property-assessment/resource/ee73430d-96c0-423e-ad21-c4cfb54c8961?q=PID%3A0101126000
BOS00555,169 Byron ST,East Boston,MA,02128,1910,,R2,TWO-FAM DWELLING,Analyze Boston property-assessment FY2026 (rev),2026-10-04T04:36Z,0101127000,https://data.boston.gov/dataset/property-assessment/resource/ee73430d-96c0-423e-ad21-c4cfb54c8961?q=PID%3A0101127000
BOS00556,96 HOMER ST,East Boston,MA,02128,1900,,R2,TWO-FAM DWELLING,Analyze Boston property-assessment FY2026 (rev),2026-10-04T04:36Z,0101128000,https://data.boston.gov/dataset/property-assessment/resource/ee73430d-96c0-423e-ad21-c4cfb54c8961?q=PID%3A0101128000
BOS00557,94 HOMER ST,East Boston,MA,02128,1910,,R2,TWO-FAM DWELLING,Analyze Boston property-assessment FY2026 (rev),2026-10-04T04:36Z,0101129000,https://data.boston.gov/dataset/property-assessment/resource/ee73430d-96c0-423e-ad21-c4cfb54c8961?q=PID%3A0101129000
BOS00558,90 HOMER ST,East Boston,MA,02128,1910,,R2,TWO-FAM DWELLING,Analyze Boston property-assessment FY2026 (rev),2026-10-04T04:36Z,0101130000,https://data.boston.gov/dataset/property-assessment/resource/ee73430d-96c0-423e-ad21-c4cfb54c8961?q=PID%3A0101130000
BOS00559,82 HOMER ST,East Boston,MA,02128,1900,,R2,TWO-FAM DWELLING,Analyze Boston property-assessment FY2026 (rev),2026-10-04T04:36Z,0101132000,https://data.boston.gov/dataset/property-assessment/resource/ee73430d-96c0-423e-ad21-c4cfb54c8961?q=PID%3A0101132000
BOS00560,78 HOMER ST,East Boston,MA,02128,1900,,R2,TWO-FAM DWELLING,Analyze Boston property-assessment FY2026 (rev),2026-10-04T04:36Z,0101133000,https://data.boston.gov/dataset/property-assessment/resource/ee73430d-96c0-423e-ad21-c4cfb54c8961?q=PID%3A0101133000
BOS00561,56 HOMER ST,East Boston,MA,02128,1910,,R3,THREE-FAM DWELLING,Analyze Boston property-assessment FY2026 (rev),2026-10-04T04:36Z,0101142000,https://data.boston.gov/dataset/property-assessment/resource/ee73430d-96c0-423e-ad21-c4cfb54c8961?q=PID%3A0101142000
BOS00562,91 MOORE ST,East Boston,MA,02128,1900,,R2,TWO-FAM DWELLING,Analyze Boston property-assessment FY2026 (rev),2026-10-04T04:36Z,0101144000,https://data.boston.gov/dataset/property-assessment/resource/ee73430d-96c0-423e-ad21-c4cfb54c8961?q=PID%3A0101144000
BOS00563,89 MOORE ST,East Boston,MA,02128,1900,,R2,TWO-FAM DWELLING,Analyze Boston property-assessment FY2026 (rev),2026-10-04T04:36Z,0101145000,https://data.boston.gov/dataset/property-assessment/resource/ee73430d-96c0-423e-ad21-c4cfb54c8961?q=PID%3A0101145000
BOS00564,63 HORACE ST,East Boston,MA,02128,1900,,R2,TWO-FAM DWELLING,Analyze Boston property-assessment FY2026 (rev),2026-10-04T04:36Z,0101149000,https://data.boston.gov/dataset/property-assessment/resource/ee73430d-96c0-423e-ad21-c4cfb54c8961?q=PID%3A0101149000
BOS00565,65 HORACE ST,East Boston,MA,02128,1900,,R2,TWO-FAM DWELLING,Analyze Boston property-assessment FY2026 (rev),2026-10-04T04:36Z,0101150000,https://data.boston.gov/dataset/property-assessment/resource/ee73430d-96c0-423e-ad21-c4cfb54c8961?q=PID%3A0101150000
BOS00566,67 HORACE ST,East Boston,MA,02128,1900,,R2,TWO-FAM DWELLING,Analyze Boston property-assessment FY2026 (rev),2026-10-04T04:36Z,0101151000,https://data.boston.gov/dataset/property-assessment/resource/ee73430d-96c0-423e-ad21-c4cfb54c8961?q=PID%3A0101151000
BOS00567,75 HORACE ST,East Boston,MA,02128,1900,,R2,TWO-FAM DWELLING,Analyze Boston property-assessment FY2026 (rev),2026-10-04T04:36Z,0101154000,https://data.boston.gov/dataset/property-assessment/resource/ee73430d-96c0-423e-ad21-c4cfb54c8961?q=PID%3A0101154000
BOS00568,79 HORACE ST,East Boston,MA,02128,1900,,R2,TWO-FAM DWELLING,Analyze Boston property-assessment FY2026 (rev),2026-10-04T04:36Z,0101156000,https://data.boston.gov/dataset/property-assessment/resource/ee73430d-96c0-423e-ad21-c4cfb54c8961?q=PID%3A0101156000
BOS00569,81 HORACE ST,East Boston,MA,02128,1900,,R2,TWO-FAM DWELLING,Analyze Boston property-assessment FY2026 (rev),2026-10-04T04:36Z,0101157000,https://data.boston.gov/dataset/property-assessment/resource/ee73430d-96c0-423e-ad21-c4cfb54c8961?q=PID%3A0101157000
BOS00570,87 HORACE ST,East Boston,MA,02128,1900,,R3,THREE-FAM DWELLING,Analyze Boston property-assessment FY2026 (rev),2026-10-04T04:36Z,0101158000,https://data.boston.gov/dataset/property-assessment/resource/ee73430d-96c0-423e-ad21-c4cfb54c8961?q=PID%3A0101158000
BOS00571,91 HORACE ST,East Boston,MA,02128,1900,,R2,TWO-FAM DWELLING,Analyze Boston property-assessment FY2026 (rev),2026-10-04T04:36Z,0101159000,https://data.boston.gov/dataset/property-assessment/resource/ee73430d-96c0-423e-ad21-c4cfb54c8961?q=PID%3A0101159000
BOS00572,95 HORACE ST,East Boston,MA,02128,1900,,R2,TWO-FAM DWELLING,Analyze Boston property-assessment FY2026 (rev),2026-10-04T04:36Z,0101160000,https://data.boston.gov/dataset/property-assessment/resource/ee73430d-96c0-423e-ad21-c4cfb54c8961?q=PID%3A0101160000
BOS00573,118 Cowper ST,East Boston,MA,02128,1910,,R3,THREE-FAM DWELLING,Analyze Boston property-assessment FY2026 (rev),2026-10-04T04:36Z,0101163000,https://data.boston.gov/dataset/property-assessment/resource/ee73430d-96c0-423e-ad21-c4cfb54c8961?q=PID%3A0101163000
BOS00574,102 Cowper ST,East Boston,MA,02128,1891,,R2,TWO-FAM DWELLING,Analyze Boston property-assessment FY2026 (rev),2026-10-04T04:36Z,0101169000,https://data.boston.gov/dataset/property-assessment/resource/ee73430d-96c0-423e-ad21-c4cfb54c8961?q=PID%3A0101169000
BOS00575,100 Cowper ST,East Boston,MA,02128,1910,,R2,TWO-FAM DWELLING,Analyze Boston property-assessment FY2026 (rev),2026-10-04T04:36Z,0101171000,https://data.boston.gov/dataset/property-assessment/resource/ee73430d-96c0-423e-ad21-c4cfb54c8961?q=PID%3A0101171000
BOS00576,98 Cowper ST,East Boston,MA,02128,1910,,R2,TWO-FAM DWELLING,Analyze Boston property-assessment FY2026 (rev),2026-10-04T04:36Z,0101172000,https://data.boston.gov/dataset/property-assessment/resource/ee73430d-96c0-423e-ad21-c4cfb54c8961?q=PID%3A0101172000
BOS00577,94 Cowper ST,East Boston,MA,02128,1910,,R3,THREE-FAM DWELLING,Analyze Boston property-assessment FY2026 (rev),2026-10-04T04:36Z,0101173000,https://data.boston.gov/dataset/property-assessment/resource/ee73430d-96c0-423e-ad21-c4cfb54c8961?q=PID%3A0101173000
BOS00578,115 MOORE ST,East Boston,MA,02128,1900,,R2,TWO-FAM DWELLING,Analyze Boston property-assessment FY2026 (rev),2026-10-04T04:36Z,0101174000,https://data.boston.gov/dataset/property-assessment/resource/ee73430d-96c0-423e-ad21-c4cfb54c8961?q=PID%3A0101174000
BOS00579,113 MOORE ST,East Boston,MA,02128,1900,,R2,TWO-FAM DWELLING,Analyze Boston property-assessment FY2026 (rev),2026-10-04T04:36Z,0101175000,https://data.boston.gov/dataset/property-assessment/resource/ee73430d-96c0-423e-ad21-c4cfb54c8961?q=PID%3A0101175000
BOS00580,111 MOORE ST,East Boston,MA,02128,1915,,R2,TWO-FAM DWELLING,Analyze Boston property-assessment FY2026 (rev),2026-10-04T04:36Z,0101176000,https://data.boston.gov/dataset/property-assessment/resource/ee73430d-96c0-423e-ad21-c4cfb54c8961?q=PID%3A0101176000
BOS00581,109 MOORE ST,East Boston,MA,02128,1900,,R2,TWO-FAM DWELLING,Analyze Boston property-assessment FY2026 (rev),2026-10-04T04:36Z,0101177000,https://data.boston.gov/dataset/property-assessment/resource/ee73430d-96c0-423e-ad21-c4cfb54c8961?q=PID%3A0101177000
BOS00582,107 MOORE ST,East Boston,MA,02128,1900,,R2,TWO-FAM DWELLING,Analyze Boston property-assessment FY2026 (rev),2026-10-04T04:36Z,0101178000,https://data.boston.gov/dataset/property-assessment/resource/ee73430d-96c0-423e-ad21-c4cfb54c8961?q=PID%3A0101178000
BOS00583,61 HOMER ST,East Boston,MA,02128,1918,,R3,THREE-FAM DWELLING,Analyze Boston property-assessment FY2026 (rev),2026-10-04T04:36Z,0101180000,https://data.boston.gov/dataset/property-assessment/resource/ee73430d-96c0-423e-ad21-c4cfb54c8961?q=PID%3A0101180000
BOS00584,63 HOMER ST,East Boston,MA,02128,1910,,R3,THREE-FAM DWELLING,Analyze Boston property-assessment FY2026 (rev),2026-10-04T04:36Z,0101181000,https://data.boston.gov/dataset/property-assessment/resource/ee73430d-96c0-423e-ad21-c4cfb54c8961?q=PID%3A0101181000
BOS00585,67 HOMER ST,East Boston,MA,02128,1910,,R2,TWO-FAM DWELLING,Analyze Boston property-assessment FY2026 (rev),2026-10-04T04:36Z,0101182000,https://data.boston.gov/dataset/property-assessment/resource/ee73430d-96c0-423e-ad21-c4cfb54c8961?q=PID%3A0101182000
BOS00586,69 HOMER ST,East Boston,MA,02128,1910,,R3,THREE-FAM DWELLING,Analyze Boston property-assessment FY2026 (rev),2026-10-04T04:36Z,0101183000,https://data.boston.gov/dataset/property-assessment/resource/ee73430d-96c0-423e-ad21-c4cfb54c8961?q=PID%3A0101183000
BOS00587,71 HOMER ST,East Boston,MA,02128,1900,,R3,THREE-FAM DWELLING,Analyze Boston property-assessment FY2026 (rev),2026-10-04T04:36Z,0101184000,https://data.boston.gov/dataset/property-assessment/resource/ee73430d-96c0-423e-ad21-c4cfb54c8961?q=PID%3A0101184000
BOS00588,75 HOMER ST,East Boston,MA,02128,1910,,R2,TWO-FAM DWELLING,Analyze Boston property-assessment FY2026 (rev),2026-10-04T04:36Z,0101186000,https://data.boston.gov/dataset/property-assessment/resource/ee73430d-96c0-423e-ad21-c4cfb54c8961?q=PID%3A0101186000
BOS00589,79 HOMER ST,East Boston,MA,02128,1910,,R3,THREE-FAM DWELLING,Analyze Boston property-assessment FY2026 (rev),2026-10-04T04:36Z,0101187000,https://data.boston.gov/dataset/property-assessment/resource/ee73430d-96c0-423e-ad21-c4cfb54c8961?q=PID%3A0101187000
BOS00590,87 HOMER ST,East Boston,MA,02128,1910,,R2,TWO-FAM DWELLING,Analyze Boston property-assessment FY2026 (rev),2026-10-04T04:36Z,0101188000,https://data.boston.gov/dataset/property-assessment/resource/ee73430d-96c0-423e-ad21-c4cfb54c8961?q=PID%3A0101188000
BOS00591,91 HOMER ST,East Boston,MA,02128,1920,,R2,TWO-FAM DWELLING,Analyze Boston property-assessment FY2026 (rev),2026-10-04T04:36Z,0101189000,https://data.boston.gov/dataset/property-assessment/resource/ee73430d-96c0-423e-ad21-c4cfb54c8961?q=PID%3A0101189000
BOS00592,93 HOMER ST,East Boston,MA,02128,1910,,R2,TWO-FAM DWELLING,Analyze Boston property-assessment FY2026 (rev),2026-10-04T04:36Z,0101190000,https://data.boston.gov/dataset/property-assessment/resource/ee73430d-96c0-423e-ad21-c4cfb54c8961?q=PID%3A0101190000
BOS00593,99 HOMER ST,East Boston,MA,02128,1900,,R2,TWO-FAM DWELLING,Analyze Boston property-assessment FY2026 (rev),2026-10-04T04:36Z,0101192000,https://data.boston.gov/dataset/property-assessment/resource/ee73430d-96c0-423e-ad21-c4cfb54c8961?q=PID%3A0101192000
BOS00594,103 HOMER ST,East Boston,MA,02128,1910,,R2,TWO-FAM DWELLING,Analyze Boston property-assessment FY2026 (rev),2026-10-04T04:36Z,0101193000,https://data.boston.gov/dataset/property-assessment/resource/ee73430d-96c0-423e-ad21-c4cfb54c8961?q=PID%3A0101193000
BOS00595,21 ST ANDREW RD,East Boston,MA,02128,1915,,R2,TWO-FAM DWELLING,Analyze Boston property-assessment FY2026 (rev),2026-10-04T04:36Z,0101195000,https://data.boston.gov/dataset/property-assessment/resource/ee73430d-96c0-423e-ad21-c4cfb54c8961?q=PID%3A0101195000
BOS00596,31 ST ANDREW RD,East Boston,MA,02128,1910,,R2,TWO-FAM DWELLING,Analyze Boston property-assessment FY2026 (rev),2026-10-04T04:36Z,0101198000,https://data.boston.gov/dataset/property-assessment/resource/ee73430d-96c0-423e-ad21-c4cfb54c8961?q=PID%3A0101198000
BOS00597,37 ST ANDREW RD,East Boston,MA,02128,1910,,R2,TWO-FAM DWELLING,Analyze Boston property-assessment FY2026 (rev),2026-10-04T04:36Z,0101199000,https://data.boston.gov/dataset/property-assessment/resource/ee73430d-96c0-423e-ad21-c4cfb54c8961?q=PID%3A0101199000
BOS00598,41 ST ANDREW RD,East Boston,MA,02128,1900,,R2,TWO-FAM DWELLING,Analyze Boston property-assessment FY2026 (rev),2026-10-04T04:36Z,0101200000,https://data.boston.gov/dataset/property-assessment/resource/ee73430d-96c0-423e-ad21-c4cfb54c8961?q=PID%3A0101200000
BOS00599,74 Bayswater ST,East Boston,MA,02128,1930,,R3,THREE-FAM DWELLING,Analyze Boston property-assessment FY2026 (rev),2026-10-04T04:36Z,0101201000,https://data.boston.gov/dataset/property-assessment/resource/ee73430d-96c0-423e-ad21-c4cfb54c8961?q=PID%3A0101201000
BOS00600,66 Bayswater ST,East Boston,MA,02128,1940,,R2,TWO-FAM DWELLING,Analyze Boston property-assessment FY2026 (rev),2026-10-04T04:36Z,0101203000,https://data.boston.gov/dataset/property-assessment/resource/ee73430d-96c0-423e-ad21-c4cfb54c8961?q=PID%3A0101203000
BOS00601,64 Bayswater ST,East Boston,MA,02128,2001,,R2,TWO-FAM DWELLING,Analyze Boston property-assessment FY2026 (rev),2026-10-04T04:36Z,0101204000,https://data.boston.gov/dataset/property-assessment/resource/ee73430d-96c0-423e-ad21-c4cfb54c8961?q=PID%3A0101204000
BOS00602,60 Bayswater ST,East Boston,MA,02128,1900,,R2,TWO-FAM DWELLING,Analyze Boston property-assessment FY2026 (rev),2026-10-04T04:36Z,0101205000,https://data.boston.gov/dataset/property-assessment/resource/ee73430d-96c0-423e-ad21-c4cfb54c8961?q=PID%3A0101205000
BOS00603,54 Bayswater ST,East Boston,MA,02128,1910,,R2,TWO-FAM DWELLING,Analyze Boston property-assessment FY2026 (rev),2026-10-04T04:36Z,0101206000,https://data.boston.gov/dataset/property-assessment/resource/ee73430d-96c0-423e-ad21-c4cfb54c8961?q=PID%3A0101206000
BOS00604,50 Bayswater ST,East Boston,MA,02128,1910,,R2,TWO-FAM DWELLING,Analyze Boston property-assessment FY2026 (rev),2026-10-04T04:36Z,0101207000,https://data.boston.gov/dataset/property-assessment/resource/ee73430d-96c0-423e-ad21-c4cfb54c8961?q=PID%3A0101207000
BOS00605,51 ST ANDREW RD,East Boston,MA,02128,1915,,R2,TWO-FAM DWELLING,Analyze Boston property-assessment FY2026 (rev),2026-10-04T04:36Z,0101208000,https://data.boston.gov/dataset/property-assessment/resource/ee73430d-96c0-423e-ad21-c4cfb54c8961?q=PID%3A0101208000
BOS00606,53 ST ANDREW RD,East Boston,MA,02128,1920,,R3,THREE-FAM DWELLING,Analyze Boston property-assessment FY2026 (rev),2026-10-04T04:36Z,0101209000,https://data.boston.gov/dataset/property-assessment/resource/ee73430d-96c0-423e-ad21-c4cfb54c8961?q=PID%3A0101209000
BOS00607,55 ST ANDREW RD,East Boston,MA,02128,1912,,R3,THREE-FAM DWELLING,Analyze Boston property-assessment FY2026 (rev),2026-10-04T04:36Z,0101210000,https://data.boston.gov/dataset/property-assessment/resource/ee73430d-96c0-423e-ad21-c4cfb54c8961?q=PID%3A0101210000
BOS00608,57 ST ANDREW RD,East Boston,MA,02128,1912,,R3,THREE-FAM DWELLING,Analyze Boston property-assessment FY2026 (rev),2026-10-04T04:36Z,0101211000,https://data.boston.gov/dataset/property-assessment/resource/ee73430d-96c0-423e-ad21-c4cfb54c8961?q=PID%3A0101211000
BOS00609,59 ST ANDREW RD,East Boston,MA,02128,1920,,R3,THREE-FAM DWELLING,Analyze Boston property-assessment FY2026 (rev),2026-10-04T04:36Z,0101212000,https://data.boston.gov/dataset/property-assessment/resource/ee73430d-96c0-423e-ad21-c4cfb54c8961?q=PID%3A0101212000
BOS00610,63 ST ANDREW RD,East Boston,MA,02128,1915,,R3,THREE-FAM DWELLING,Analyze Boston property-assessment FY2026 (rev),2026-10-04T04:36Z,0101214000,https://data.boston.gov/dataset/property-assessment/resource/ee73430d-96c0-423e-ad21-c4cfb54c8961?q=PID%3A0101214000
BOS00611,65 ST ANDREW RD,East Boston,MA,02128,1925,,R2,TWO-FAM DWELLING,Analyze Boston property-assessment FY2026 (rev),2026-10-04T04:36Z,0101215000,https://data.boston.gov/dataset/property-assessment/resource/ee73430d-96c0-423e-ad21-c4cfb54c8961?q=PID%3A0101215000
BOS00612,69 ST ANDREW RD,East Boston,MA,02128,1929,,R3,THREE-FAM DWELLING,Analyze Boston property-assessment FY2026 (rev),2026-10-04T04:36Z,0101216000,https://data.boston.gov/dataset/property-assessment/resource/ee73430d-96c0-423e-ad21-c4cfb54c8961?q=PID%3A0101216000
BOS00613,73 ST ANDREW RD,East Boston,MA,02128,1915,,R3,THREE-FAM DWELLING,Analyze Boston property-assessment FY2026 (rev),2026-10-04T04:36Z,0101217000,https://data.boston.gov/dataset/property-assessment/resource/ee73430d-96c0-423e-ad21-c4cfb54c8961?q=PID%3A0101217000
BOS00614,75 ST ANDREW RD,East Boston,MA,02128,1920,,R3,THREE-FAM DWELLING,Analyze Boston property-assessment FY2026 (rev),2026-10-04T04:36Z,0101218000,https://data.boston.gov/dataset/property-assessment/resource/ee73430d-96c0-423e-ad21-c4cfb54c8961?q=PID%3A0101218000
BOS00615,77 ST ANDREW RD,East Boston,MA,02128,1910,,R3,THREE-FAM DWELLING,Analyze Boston property-assessment FY2026 (rev),2026-10-04T04:36Z,0101219000,https://data.boston.gov/dataset/property-assessment/resource/ee73430d-96c0-423e-ad21-c4cfb54c8961?q=PID%3A0101219000
BOS00616,81 ST ANDREW RD,East Boston,MA,02128,1912,,R3,THREE-FAM DWELLING,Analyze Boston property-assessment FY2026 (rev),2026-10-04T04:36Z,0101220000,https://data.boston.gov/dataset/property-assessment/resource/ee73430d-96c0-423e-ad21-c4cfb54c8961?q=PID%3A0101220000
BOS00617,83 ST ANDREW RD,East Boston,MA,02128,1915,,R2,TWO-FAM DWELLING,Analyze Boston property-assessment FY2026 (rev),2026-10-04T04:36Z,0101221000,https://data.boston.gov/dataset/property-assessment/resource/ee73430d-96c0-423e-ad21-c4cfb54c8961?q=PID%3A0101221000
BOS00618,124 Bayswater ST,East Boston,MA,02128,1895,,R2,TWO-FAM DWELLING,Analyze Boston property-assessment FY2026 (rev),2026-10-04T04:36Z,0101222000,https://data.boston.gov/dataset/property-assessment/resource/ee73430d-96c0-423e-ad21-c4cfb54c8961?q=PID%3A0101222000
BOS00619,120 Bayswater ST,East Boston,MA,02128,1925,,R2,TWO-FAM DWELLING,Analyze Boston property-assessment FY2026 (rev),2026-10-04T04:36Z,0101223000,https://data.boston.gov/dataset/property-assessment/resource/ee73430d-96c0-423e-ad21-c4cfb54c8961?q=PID%3A0101223000
BOS00620,114 Bayswater ST,East Boston,MA,02128,1915,,R3,THREE-FAM DWELLING,Analyze Boston property-assessment FY2026 (rev),2026-10-04T04:36Z,0101225000,https://data.boston.gov/dataset/property-assessment/resource/ee73430d-96c0-423e-ad21-c4cfb54c8961?q=PID%3A0101225000
BOS00621,110 Bayswater ST,East Boston,MA,02128,1915,,R3,THREE-FAM DWELLING,Analyze Boston property-assessment FY2026 (rev),2026-10-04T04:36Z,0101226000,https://data.boston.gov/dataset/property-assessment/resource/ee73430d-96c0-423e-ad21-c4cfb54c8961?q=PID%3A0101226000
BOS00622,106 Bayswater ST,East Boston,MA,02128,1920,,R2,TWO-FAM DWELLING,Analyze Boston property-assessment FY2026 (rev),2026-10-04T04:36Z,0101227000,https://data.boston.gov/dataset/property-assessment/resource/ee73430d-96c0-423e-ad21-c4cfb54c8961?q=PID%3A0101227000
BOS00623,102 Bayswater ST,East Boston,MA,02128,1915,,R2,TWO-FAM DWELLING,Analyze Boston property-assessment FY2026 (rev),2026-10-04T04:36Z,0101228000,https://data.boston.gov/dataset/property-assessment/resource/ee73430d-96c0-423e-ad21-c4cfb54c8961?q=PID%3A0101228000
BOS00624,98 Bayswater ST,East Boston,MA,02128,1923,,R3,THREE-FAM DWELLING,Analyze Boston property-assessment FY2026 (rev),2026-10-04T04:36Z,0101229000,https://data.boston.gov/dataset/property-assessment/resource/ee73430d-96c0-423e-ad21-c4cfb54c8961?q=PID%3A0101229000
BOS00625,94 Bayswater ST,East Boston,MA,02128,1910,,R2,TWO-FAM DWELLING,Analyze Boston property-assessment FY2026 (rev),2026-10-04T04:36Z,0101230000,https://data.boston.gov/dataset/property-assessment/resource/ee73430d-96c0-423e-ad21-c4cfb54c8961?q=PID%3A0101230000
BOS00626,84 Bayswater ST,East Boston,MA,02128,1920,,R2,TWO-FAM DWELLING,Analyze Boston property-assessment FY2026 (rev),2026-10-04T04:36Z,0101232000,https://data.boston.gov/dataset/property-assessment/resource/ee73430d-96c0-423e-ad21-c4cfb54c8961?q=PID%3A0101232000
BOS00627,80 Bayswater ST,East Boston,MA,02128,1915,,R2,TWO-FAM DWELLING,Analyze Boston property-assessment FY2026 (rev),2026-10-04T04:36Z,0101233000,https://data.boston.gov/dataset/property-assessment/resource/ee73430d-96c0-423e-ad21-c4cfb54c8961?q=PID%3A0101233000
BOS00628,1047 Saratoga ST,East Boston,MA,02128,1910,,R3,THREE-FAM DWELLING,Analyze Boston property-assessment FY2026 (rev),2026-10-04T04:36Z,0101236000,https://data.boston.gov/dataset/property-assessment/resource/ee73430d-96c0-423e-ad21-c4cfb54c8961?q=PID%3A0101236000
BOS00629,1051 Saratoga ST,East Boston,MA,02128,1915,,R3,THREE-FAM DWELLING,Analyze Boston property-assessment FY2026 (rev),2026-10-04T04:36Z,0101237000,https://data.boston.gov/dataset/property-assessment/resource/ee73430d-96c0-423e-ad21-c4cfb54c8961?q=PID%3A0101237000
BOS00630,1053 Saratoga ST,East Boston,MA,02128,1915,,R3,THREE-FAM DWELLING,Analyze Boston property-assessment FY2026 (rev),2026-10-04T04:36Z,0101238000,https://data.boston.gov/dataset/property-assessment/resource/ee73430d-96c0-423e-ad21-c4cfb54c8961?q=PID%3A0101238000
BOS00631,1055 Saratoga ST,East Boston,MA,02128,1910,,R3,THREE-FAM DWELLING,Analyze Boston property-assessment FY2026 (rev),2026-10-04T04:36Z,0101239000,https://data.boston.gov/dataset/property-assessment/resource/ee73430d-96c0-423e-ad21-c4cfb54c8961?q=PID%3A0101239000
BOS00632,1057 Saratoga ST,East Boston,MA,02128,1910,,R3,THREE-FAM DWELLING,Analyze Boston property-assessment FY2026 (rev),2026-10-04T04:36Z,0101240000,https://data.boston.gov/dataset/property-assessment/resource/ee73430d-96c0-423e-ad21-c4cfb54c8961?q=PID%3A0101240000
BOS00633,1059 Saratoga ST,East Boston,MA,02128,1915,,R3,THREE-FAM DWELLING,Analyze Boston property-assessment FY2026 (rev),2026-10-04T04:36Z,0101241000,https://data.boston.gov/dataset/property-assessment/resource/ee73430d-96c0-423e-ad21-c4cfb54c8961?q=PID%3A0101241000
BOS00634,1061 Saratoga ST,East Boston,MA,02128,1910,,R3,THREE-FAM DWELLING,Analyze Boston property-assessment FY2026 (rev),2026-10-04T04:36Z,0101242000,https://data.boston.gov/dataset/property-assessment/resource/ee73430d-96c0-423e-ad21-c4cfb54c8961?q=PID%3A0101242000
BOS00635,1065 Saratoga ST,East Boston,MA,02128,1910,,R2,TWO-FAM DWELLING,Analyze Boston property-assessment FY2026 (rev),2026-10-04T04:36Z,0101243000,https://data.boston.gov/dataset/property-assessment/resource/ee73430d-96c0-423e-ad21-c4cfb54c8961?q=PID%3A0101243000
BOS00636,1069 Saratoga ST,East Boston,MA,02128,1910,,R2,TWO-FAM DWELLING,Analyze Boston property-assessment FY2026 (rev),2026-10-04T04:36Z,0101244000,https://data.boston.gov/dataset/property-assessment/resource/ee73430d-96c0-423e-ad21-c4cfb54c8961?q=PID%3A0101244000
BOS00637,1075 Saratoga ST,East Boston,MA,02128,1915,,R2,TWO-FAM DWELLING,Analyze Boston property-assessment FY2026 (rev),2026-10-04T04:36Z,0101246000,https://data.boston.gov/dataset/property-assessment/resource/ee73430d-96c0-423e-ad21-c4cfb54c8961?q=PID%3A0101246000
BOS00638,1085 Saratoga ST,East Boston,MA,02128,1900,,R2,TWO-FAM DWELLING,Analyze Boston property-assessment FY2026 (rev),2026-10-04T04:36Z,0101249000,https://data.boston.gov/dataset/property-assessment/resource/ee73430d-96c0-423e-ad21-c4cfb54c8961?q=PID%3A0101249000
BOS00639,42 ST ANDREW RD,East Boston,MA,02128,1910,,A,SUBSD HOUSING S- 8,Analyze Boston property-assessment FY2026 (rev),2026-10-04T04:36Z,0101250000,https://data.boston.gov/dataset/property-assessment/resource/ee73430d-96c0-423e-ad21-c4cfb54c8961?q=PID%3A0101250000
BOS00640,38 ST ANDREW RD,East Boston,MA,02128,1915,,R2,TWO-FAM DWELLING,Analyze Boston property-assessment FY2026 (rev),2026-10-04T04:36Z,0101251000,https://data.boston.gov/dataset/property-assessment/resource/ee73430d-96c0-423e-ad21-c4cfb54c8961?q=PID%3A0101251000
BOS00641,30 ST ANDREW RD,East Boston,MA,02128,1950,,R2,TWO-FAM DWELLING,Analyze Boston property-assessment FY2026 (rev),2026-10-04T04:36Z,0101253000,https://data.boston.gov/dataset/property-assessment/resource/ee73430d-96c0-423e-ad21-c4cfb54c8961?q=PID%3A0101253000
BOS00642,14 ST ANDREW RD,East Boston,MA,02128,1910,,R2,TWO-FAM DWELLING,Analyze Boston property-assessment FY2026 (rev),2026-10-04T04:36Z,0101257000,https://data.boston.gov/dataset/property-assessment/resource/ee73430d-96c0-423e-ad21-c4cfb54c8961?q=PID%3A0101257000
BOS00643,10 ST ANDREW RD,East Boston,MA,02128,1915,,R2,TWO-FAM DWELLING,Analyze Boston property-assessment FY2026 (rev),2026-10-04T04:36Z,0101258000,https://data.boston.gov/dataset/property-assessment/resource/ee73430d-96c0-423e-ad21-c4cfb54c8961?q=PID%3A0101258000
BOS00644,6 ST ANDREW RD,East Boston,MA,02128,1915,,R2,TWO-FAM DWELLING,Analyze Boston property-assessment FY2026 (rev),2026-10-04T04:36Z,0101259000,https://data.boston.gov/dataset/property-assessment/resource/ee73430d-96c0-423e-ad21-c4cfb54c8961?q=PID%3A0101259000
BOS00645,2 ST ANDREW RD,East Boston,MA,02128,1900,,R2,TWO-FAM DWELLING,Analyze Boston property-assessment FY2026 (rev),2026-10-04T04:36Z,0101260000,https://data.boston.gov/dataset/property-assessment/resource/ee73430d-96c0-423e-ad21-c4cfb54c8961?q=PID%3A0101260000
BOS00646,22 Bayswater ST,East Boston,MA,02128,1915,,R2,TWO-FAM DWELLING,Analyze Boston property-assessment FY2026 (rev),2026-10-04T04:36Z,0101261000,https://data.boston.gov/dataset/property-assessment/resource/ee73430d-96c0-423e-ad21-c4cfb54c8961?q=PID%3A0101261000
BOS00647,16 Bayswater ST,East Boston,MA,02128,1925,,R2,TWO-FAM DWELLING,Analyze Boston property-assessment FY2026 (rev),2026-10-04T04:36Z,0101262000,https://data.boston.gov/dataset/property-assessment/resource/ee73430d-96c0-423e-ad21-c4cfb54c8961?q=PID%3A0101262000
BOS00648,50 ST ANDREW RD,East Boston,MA,02128,1910,,R2,TWO-FAM DWELLING,Analyze Boston property-assessment FY2026 (rev),2026-10-04T04:36Z,0101263000,https://data.boston.gov/dataset/property-assessment/resource/ee73430d-96c0-423e-ad21-c4cfb54c8961?q=PID%3A0101263000
BOS00649,1093 Saratoga ST,East Boston,MA,02128,1915,,R2,TWO-FAM DWELLING,Analyze Boston property-assessment FY2026 (rev),2026-10-04T04:36Z,0101264000,https://data.boston.gov/dataset/property-assessment/resource/ee73430d-96c0-423e-ad21-c4cfb54c8961?q=PID%3A0101264000
BOS00650,1095 Saratoga ST,East Boston,MA,02128,1915,,R3,THREE-FAM DWELLING,Analyze Boston property-assessment FY2026 (rev),2026-10-04T04:36Z,0101265000,https://data.boston.gov/dataset/property-assessment/resource/ee73430d-96c0-423e-ad21-c4cfb54c8961?q=PID%3A0101265000
BOS00651,1097 Saratoga ST,East Boston,MA,02128,1930,,R3,THREE-FAM DWELLING,Analyze Boston property-assessment FY2026 (rev),2026-10-04T04:36Z,0101266000,https://data.boston.gov/dataset/property-assessment/resource/ee73430d-96c0-423e-ad21-c4cfb54c8961?q=PID%3A0101266000
BOS00652,1101 Saratoga ST,East Boston,MA,02128,1910,,R2,TWO-FAM DWELLING,Analyze Boston property-assessment FY2026 (rev),2026-10-04T04:36Z,0101267000,https://data.boston.gov/dataset/property-assessment/resource/ee73430d-96c0-423e-ad21-c4cfb54c8961?q=PID%3A0101267000
BOS00653,1105 Saratoga ST,East Boston,MA,02128,1910,,R3,THREE-FAM DWELLING,Analyze Boston property-assessment FY2026 (rev),2026-10-04T04:36Z,0101268000,https://data.boston.gov/dataset/property-assessment/resource/ee73430d-96c0-423e-ad21-c4cfb54c8961?q=PID%3A0101268000
BOS00654,1109 Saratoga ST,East Boston,MA,02128,1920,,R2,TWO-FAM DWELLING,Analyze Boston property-assessment FY2026 (rev),2026-10-04T04:36Z,0101269000,https://data.boston.gov/dataset/property-assessment/resource/ee73430d-96c0-423e-ad21-c4cfb54c8961?q=PID%3A0101269000
BOS00655,1111 Saratoga ST,East Boston,MA,02128,1930,,R2,TWO-FAM DWELLING,Analyze Boston property-assessment FY2026 (rev),2026-10-04T04:36Z,0101270000,https://data.boston.gov/dataset/property-assessment/resource/ee73430d-96c0-423e-ad21-c4cfb54c8961?q=PID%3A0101270000
BOS00656,1115 Saratoga ST,East Boston,MA,02128,1910,,R3,THREE-FAM DWELLING,Analyze Boston property-assessment FY2026 (rev),2026-10-04T04:36Z,0101271000,https://data.boston.gov/dataset/property-assessment/resource/ee73430d-96c0-423e-ad21-c4cfb54c8961?q=PID%3A0101271000
BOS00657,1117 Saratoga ST,East Boston,MA,02128,1920,,A,SUBSD HOUSING S- 8,Analyze Boston property-assessment FY2026 (rev),2026-10-04T04:36Z,0101272000,https://data.boston.gov/dataset/property-assessment/resource/ee73430d-96c0-423e-ad21-c4cfb54c8961?q=PID%3A0101272000
BOS00658,1119 Saratoga ST,East Boston,MA,02128,1910,,R2,TWO-FAM DWELLING,Analyze Boston property-assessment FY2026 (rev),2026-10-04T04:36Z,0101273000,https://data.boston.gov/dataset/property-assessment/resource/ee73430d-96c0-423e-ad21-c4cfb54c8961?q=PID%3A0101273000
BOS00659,1121 Saratoga ST,East Boston,MA,02128,1910,,R2,TWO-FAM DWELLING,Analyze Boston property-assessment FY2026 (rev),2026-10-04T04:36Z,0101274000,https://data.boston.gov/dataset/property-assessment/resource/ee73430d-96c0-423e-ad21-c4cfb54c8961?q=PID%3A0101274000
BOS00660,1123 Saratoga ST,East Boston,MA,02128,1925,,R2,TWO-FAM DWELLING,Analyze Boston property-assessment FY2026 (rev),2026-10-04T04:36Z,0101275000,https://data.boston.gov/dataset/property-assessment/resource/ee73430d-96c0-423e-ad21-c4cfb54c8961?q=PID%3A0101275000
BOS00661,1125 Saratoga ST,East Boston,MA,02128,1900,,R2,TWO-FAM DWELLING,Analyze Boston property-assessment FY2026 (rev),2026-10-04T04:36Z,0101276000,https://data.boston.gov/dataset/property-assessment/resource/ee73430d-96c0-423e-ad21-c4cfb54c8961?q=PID%3A0101276000
BOS00662,1127 Saratoga ST,East Boston,MA,02128,1900,,R3,THREE-FAM DWELLING,Analyze Boston property-assessment FY2026 (rev),2026-10-04T04:36Z,0101277000,https://data.boston.gov/dataset/property-assessment/resource/ee73430d-96c0-423e-ad21-c4cfb54c8961?q=PID%3A0101277000
BOS00663,1129 Saratoga ST,East Boston,MA,02128,1910,,R3,THREE-FAM DWELLING,Analyze Boston property-assessment FY2026 (rev),2026-10-04T04:36Z,0101278000,https://data.boston.gov/dataset/property-assessment/resource/ee73430d-96c0-423e-ad21-c4cfb54c8961?q=PID%3A0101278000
BOS00664,92 ST ANDREW RD,East Boston,MA,02128,1910,,R3,THREE-FAM DWELLING,Analyze Boston property-assessment FY2026 (rev),2026-10-04T04:36Z,0101279000,https://data.boston.gov/dataset/property-assessment/resource/ee73430d-96c0-423e-ad21-c4cfb54c8961?q=PID%3A0101279000
BOS00665,90 ST ANDREW RD,East Boston,MA,02128,1910,,R3,THREE-FAM DWELLING,Analyze Boston property-assessment FY2026 (rev),2026-10-04T04:36Z,0101280000,https://data.boston.gov/dataset/property-assessment/resource/ee73430d-96c0-423e-ad21-c4cfb54c8961?q=PID%3A0101280000
BOS00666,86 ST ANDREW RD,East Boston,MA,02128,1910,,R3,THREE-FAM DWELLING,Analyze Boston property-assessment FY2026 (rev),2026-10-04T04:36Z,0101281000,https://data.boston.gov/dataset/property-assessment/resource/ee73430d-96c0-423e-ad21-c4cfb54c8961?q=PID%3A0101281000
BOS00667,82 ST ANDREW RD,East Boston,MA,02128,1915,,A,SUBSD HOUSING S- 8,Analyze Boston property-assessment FY2026 (rev),2026-10-04T04:36Z,0101282000,https://data.boston.gov/dataset/property-assessment/resource/ee73430d-96c0-423e-ad21-c4cfb54c8961?q=PID%3A0101282000
BOS00668,78 ST ANDREW RD,East Boston,MA,02128,1915,,R2,TWO-FAM DWELLING,Analyze Boston property-assessment FY2026 (rev),2026-10-04T04:36Z,0101283000,https://data.boston.gov/dataset/property-assessment/resource/ee73430d-96c0-423e-ad21-c4cfb54c8961?q=PID%3A0101283000
BOS00669,74 ST ANDREW RD,East Boston,MA,02128,1900,,R2,TWO-FAM DWELLING,Analyze Boston property-assessment FY2026 (rev),2026-10-04T04:36Z,0101284000,https://data.boston.gov/dataset/property-assessment/resource/ee73430d-96c0-423e-ad21-c4cfb54c8961?q=PID%3A0101284000
BOS00670,72 ST ANDREW RD,East Boston,MA,02128,1910,,R2,TWO-FAM DWELLING,Analyze Boston property-assessment FY2026 (rev),2026-10-04T04:36Z,0101285000,https://data.boston.gov/dataset/property-assessment/resource/ee73430d-96c0-423e-ad21-c4cfb54c8961?q=PID%3A0101285000
BOS00671,70 ST ANDREW RD,East Boston,MA,02128,1915,,R3,THREE-FAM DWELLING,Analyze Boston property-assessment FY2026 (rev),2026-10-04T04:36Z,0101286000,https://data.boston.gov/dataset/property-assessment/resource/ee73430d-96c0-423e-ad21-c4cfb54c8961?q=PID%3A0101286000
BOS00672,68 ST ANDREW RD,East Boston,MA,02128,1910,,R3,THREE-FAM DWELLING,Analyze Boston property-assessment FY2026 (rev),2026-10-04T04:36Z,0101287000,https://data.boston.gov/dataset/property-assessment/resource/ee73430d-96c0-423e-ad21-c4cfb54c8961?q=PID%3A0101287000
BOS00673,66 ST ANDREW RD,East Boston,MA,02128,1910,,R3,THREE-FAM DWELLING,Analyze Boston property-assessment FY2026 (rev),2026-10-04T04:36Z,0101288000,https://data.boston.gov/dataset/property-assessment/resource/ee73430d-96c0-423e-ad21-c4cfb54c8961?q=PID%3A0101288000
BOS00674,60 ST ANDREW RD,East Boston,MA,02128,1920,,R2,TWO-FAM DWELLING,Analyze Boston property-assessment FY2026 (rev),2026-10-04T04:36Z,0101290000,https://data.boston.gov/dataset/property-assessment/resource/ee73430d-96c0-423e-ad21-c4cfb54c8961?q=PID%3A0101290000
BOS00675,45 ST EDWARD RD,East Boston,MA,02128,1910,,R3,THREE-FAM DWELLING,Analyze Boston property-assessment FY2026 (rev),2026-10-04T04:36Z,0101292000,https://data.boston.gov/dataset/property-assessment/resource/ee73430d-96c0-423e-ad21-c4cfb54c8961?q=PID%3A0101292000
BOS00676,95 BARNES AV,East Boston,MA,02128,1900,,R2,TWO-FAM DWELLING,Analyze Boston property-assessment FY2026 (rev),2026-10-04T04:36Z,0101293000,https://data.boston.gov/dataset/property-assessment/resource/ee73430d-96c0-423e-ad21-c4cfb54c8961?q=PID%3A0101293000
BOS00677,99 BARNES AV,East Boston,MA,02128,1920,,R2,TWO-FAM DWELLING,Analyze Boston property-assessment FY2026 (rev),2026-10-04T04:36Z,0101294000,https://data.boston.gov/dataset/property-assessment/resource/ee73430d-96c0-423e-ad21-c4cfb54c8961?q=PID%3A0101294000
BOS00678,103 BARNES AV,East Boston,MA,02128,1920,,R2,TWO-FAM DWELLING,Analyze Boston property-assessment FY2026 (rev),2026-10-04T04:36Z,0101295000,https://data.boston.gov/dataset/property-assessment/resource/ee73430d-96c0-423e-ad21-c4cfb54c8961?q=PID%3A0101295000
BOS00679,107 BARNES AV,East Boston,MA,02128,1900,,R2,TWO-FAM DWELLING,Analyze Boston property-assessment FY2026 (rev),2026-10-04T04:36Z,0101296000,https://data.boston.gov/dataset/property-assessment/resource/ee73430d-96c0-423e-ad21-c4cfb54c8961?q=PID%3A0101296000
BOS00680,111 BARNES AV,East Boston,MA,02128,1920,,R2,TWO-FAM DWELLING,Analyze Boston property-assessment FY2026 (rev),2026-10-04T04:36Z,0101297000,https://data.boston.gov/dataset/property-assessment/resource/ee73430d-96c0-423e-ad21-c4cfb54c8961?q=PID%3A0101297000
BOS00681,115 BARNES AV,East Boston,MA,02128,1920,,R2,TWO-FAM DWELLING,Analyze Boston property-assessment FY2026 (rev),2026-10-04T04:36Z,0101298000,https://data.boston.gov/dataset/property-assessment/resource/ee73430d-96c0-423e-ad21-c4cfb54c8961?q=PID%3A0101298000
BOS00682,123 BARNES AV,East Boston,MA,02128,1945,,R2,TWO-FAM DWELLING,Analyze Boston property-assessment FY2026 (rev),2026-10-04T04:36Z,0101300000,https://data.boston.gov/dataset/property-assessment/resource/ee73430d-96c0-423e-ad21-c4cfb54c8961?q=PID%3A0101300000
BOS00683,1128 Saratoga ST,East Boston,MA,02128,1910,,R2,TWO-FAM DWELLING,Analyze Boston property-assessment FY2026 (rev),2026-10-04T04:36Z,0101305000,https://data.boston.gov/dataset/property-assessment/resource/ee73430d-96c0-423e-ad21-c4cfb54c8961?q=PID%3A0101305000
BOS00684,1126 Saratoga ST,East Boston,MA,02128,1910,,R2,TWO-FAM DWELLING,Analyze Boston property-assessment FY2026 (rev),2026-10-04T04:36Z,0101306000,https://data.boston.gov/dataset/property-assessment/resource/ee73430d-96c0-423e-ad21-c4cfb54c8961?q=PID%3A0101306000
BOS00685,1124 Saratoga ST,East Boston,MA,02128,1920,,R2,TWO-FAM DWELLING,Analyze Boston property-assessment FY2026 (rev),2026-10-04T04:36Z,0101307000,https://data.boston.gov/dataset/property-assessment/resource/ee73430d-96c0-423e-ad21-c4cfb54c8961?q=PID%3A0101307000
BOS00686,1122 Saratoga ST,East Boston,MA,02128,1910,,R2,TWO-FAM DWELLING,Analyze Boston property-assessment FY2026 (rev),2026-10-04T04:36Z,0101308000,https://data.boston.gov/dataset/property-assessment/resource/ee73430d-96c0-423e-ad21-c4cfb54c8961?q=PID%3A0101308000
BOS00687,1120 Saratoga ST,East Boston,MA,02128,1915,,R2,TWO-FAM DWELLING,Analyze Boston property-assessment FY2026 (rev),2026-10-04T04:36Z,0101309000,https://data.boston.gov/dataset/property-assessment/resource/ee73430d-96c0-423e-ad21-c4cfb54c8961?q=PID%3A0101309000
BOS00688,1118 Saratoga ST,East Boston,MA,02128,1920,,R2,TWO-FAM DWELLING,Analyze Boston property-assessment FY2026 (rev),2026-10-04T04:36Z,0101311000,https://data.boston.gov/dataset/property-assessment/resource/ee73430d-96c0-423e-ad21-c4cfb54c8961?q=PID%3A0101311000
BOS00689,1116 Saratoga ST,East Boston,MA,02128,1920,,R2,TWO-FAM DWELLING,Analyze Boston property-assessment FY2026 (rev),2026-10-04T04:36Z,0101312000,https://data.boston.gov/dataset/property-assessment/resource/ee73430d-96c0-423e-ad21-c4cfb54c8961?q=PID%3A0101312000
BOS00690,1114 Saratoga ST,East Boston,MA,02128,1910,,R2,TWO-FAM DWELLING,Analyze Boston property-assessment FY2026 (rev),2026-10-04T04:36Z,0101313000,https://data.boston.gov/dataset/property-assessment/resource/ee73430d-96c0-423e-ad21-c4cfb54c8961?q=PID%3A0101313000
BOS00691,1110 Saratoga ST,East Boston,MA,02128,1910,,R2,TWO-FAM DWELLING,Analyze Boston property-assessment FY2026 (rev),2026-10-04T04:36Z,0101314000,https://data.boston.gov/dataset/property-assessment/resource/ee73430d-96c0-423e-ad21-c4cfb54c8961?q=PID%3A0101314000
BOS00692,1098 Saratoga ST,East Boston,MA,02128,1910,,R2,TWO-FAM DWELLING,Analyze Boston property-assessment FY2026 (rev),2026-10-04T04:36Z,0101318000,https://data.boston.gov/dataset/property-assessment/resource/ee73430d-96c0-423e-ad21-c4cfb54c8961?q=PID%3A0101318000
BOS00693,35 ST EDWARD RD,East Boston,MA,02128,1910,,R3,THREE-FAM DWELLING,Analyze Boston property-assessment FY2026 (rev),2026-10-04T04:36Z,0101320000,https://data.boston.gov/dataset/property-assessment/resource/ee73430d-96c0-423e-ad21-c4cfb54c8961?q=PID%3A0101320000
BOS00694,37 ST EDWARD RD,East Boston,MA,02128,1910,,R3,THREE-FAM DWELLING,Analyze Boston property-assessment FY2026 (rev),2026-10-04T04:36Z,0101321000,https://data.boston.gov/dataset/property-assessment/resource/ee73430d-96c0-423e-ad21-c4cfb54c8961?q=PID%3A0101321000
BOS00695,39 ST EDWARD RD,East Boston,MA,02128,1910,,R3,THREE-FAM DWELLING,Analyze Boston property-assessment FY2026 (rev),2026-10-04T04:36Z,0101322000,https://data.boston.gov/dataset/property-assessment/resource/ee73430d-96c0-423e-ad21-c4cfb54c8961?q=PID%3A0101322000
BOS00696,41 ST EDWARD RD,East Boston,MA,02128,1910,,R3,THREE-FAM DWELLING,Analyze Boston property-assessment FY2026 (rev),2026-10-04T04:36Z,0101323000,https://data.boston.gov/dataset/property-assessment/resource/ee73430d-96c0-423e-ad21-c4cfb54c8961?q=PID%3A0101323000
BOS00697,43 ST EDWARD RD,East Boston,MA,02128,1910,,R3,THREE-FAM DWELLING,Analyze Boston property-assessment FY2026 (rev),2026-10-04T04:36Z,0101324000,https://data.boston.gov/dataset/property-assessment/resource/ee73430d-96c0-423e-ad21-c4cfb54c8961?q=PID%3A0101324000
BOS00698,44 ST EDWARD RD,East Boston,MA,02128,1910,,R3,THREE-FAM DWELLING,Analyze Boston property-assessment FY2026 (rev),2026-10-04T04:36Z,0101329000,https://data.boston.gov/dataset/property-assessment/resource/ee73430d-96c0-423e-ad21-c4cfb54c8961?q=PID%3A0101329000
BOS00699,1084 Saratoga ST,East Boston,MA,02128,1910,,R2,TWO-FAM DWELLING,Analyze Boston property-assessment FY2026 (rev),2026-10-04T04:36Z,0101334000,https://data.boston.gov/dataset/property-assessment/resource/ee73430d-96c0-423e-ad21-c4cfb54c8961?q=PID%3A0101334000
BOS00700,1078 Saratoga ST,East Boston,MA,02128,1910,,R3,THREE-FAM DWELLING,Analyze Boston property-assessment FY2026 (rev),2026-10-04T04:36Z,0101336000,https://data.boston.gov/dataset/property-assessment/resource/ee73430d-96c0-423e-ad21-c4cfb54c8961?q=PID%3A0101336000
BOS00701,1072 Saratoga ST,East Boston,MA,02128,1920,,R3,THREE-FAM DWELLING,Analyze Boston property-assessment FY2026 (rev),2026-10-04T04:36Z,0101337000,https://data.boston.gov/dataset/property-assessment/resource/ee73430d-96c0-423e-ad21-c4cfb54c8961?q=PID%3A0101337000
BOS00702,1066 Saratoga ST,East Boston,MA,02128,1910,,R2,TWO-FAM DWELLING,Analyze Boston property-assessment FY2026 (rev),2026-10-04T04:36Z,0101338000,https://data.boston.gov/dataset/property-assessment/resource/ee73430d-96c0-423e-ad21-c4cfb54c8961?q=PID%3A0101338000
BOS00703,1060 Saratoga ST,East Boston,MA,02128,1910,,R3,THREE-FAM DWELLING,Analyze Boston property-assessment FY2026 (rev),2026-10-04T04:36Z,0101340000,https://data.boston.gov/dataset/property-assessment/resource/ee73430d-96c0-423e-ad21-c4cfb54c8961?q=PID%3A0101340000
BOS00704,1052 Saratoga ST,East Boston,MA,02128,1900,,R3,THREE-FAM DWELLING,Analyze Boston property-assessment FY2026 (rev),2026-10-04T04:36Z,0101341000,https://data.boston.gov/dataset/property-assessment/resource/ee73430d-96c0-423e-ad21-c4cfb54c8961?q=PID%3A0101341000
BOS00705,1046 Saratoga ST,East Boston,MA,02128,1920,,R2,TWO-FAM DWELLING,Analyze Boston property-assessment FY2026 (rev),2026-10-04T04:36Z,0101343000,https://data.boston.gov/dataset/property-assessment/resource/ee73430d-96c0-423e-ad21-c4cfb54c8961?q=PID%3A0101343000
BOS00706,1042 Saratoga ST,East Boston,MA,02128,1910,,R2,TWO-FAM DWELLING,Analyze Boston property-assessment FY2026 (rev),2026-10-04T04:36Z,0101345000,https://data.boston.gov/dataset/property-assessment/resource/ee73430d-96c0-423e-ad21-c4cfb54c8961?q=PID%3A0101345000
BOS00707,25 BARNES AV,East Boston,MA,02128,1940,,R2,TWO-FAM DWELLING,Analyze Boston property-assessment FY2026 (rev),2026-10-04T04:36Z,0101349000,https://data.boston.gov/dataset/property-assessment/resource/ee73430d-96c0-423e-ad21-c4cfb54c8961?q=PID%3A0101349000
BOS00708,53 BARNES AV,East Boston,MA,02128,1924,,R2,TWO-FAM DWELLING,Analyze Boston property-assessment FY2026 (rev),2026-10-04T04:36Z,0101351000,https://data.boston.gov/dataset/property-assessment/resource/ee73430d-96c0-423e-ad21-c4cfb54c8961?q=PID%3A0101351000
BOS00709,57 BARNES AV,East Boston,MA,02128,1911,,R2,TWO-FAM DWELLING,Analyze Boston property-assessment FY2026 (rev),2026-10-04T04:36Z,0101352000,https://data.boston.gov/dataset/property-assessment/resource/ee73430d-96c0-423e-ad21-c4cfb54c8961?q=PID%3A0101352000
BOS00710,61 BARNES AV,East Boston,MA,02128,1924,,R2,TWO-FAM DWELLING,Analyze Boston property-assessment FY2026 (rev),2026-10-04T04:36Z,0101353000,https://data.boston.gov/dataset/property-assessment/resource/ee73430d-96c0-423e-ad21-c4cfb54c8961?q=PID%3A0101353000
BOS00711,73 BARNES AV,East Boston,MA,02128,1910,,R3,THREE-FAM DWELLING,Analyze Boston property-assessment FY2026 (rev),2026-10-04T04:36Z,0101357000,https://data.boston.gov/dataset/property-assessment/resource/ee73430d-96c0-423e-ad21-c4cfb54c8961?q=PID%3A0101357000
BOS00712,126 BARNES AV,East Boston,MA,02128,1925,,R2,TWO-FAM DWELLING,Analyze Boston property-assessment FY2026 (rev),2026-10-04T04:36Z,0101363000,https://data.boston.gov/dataset/property-assessment/resource/ee73430d-96c0-423e-ad21-c4cfb54c8961?q=PID%3A0101363000
BOS00713,122 BARNES AV,East Boston,MA,02128,1900,,R2,TWO-FAM DWELLING,Analyze Boston property-assessment FY2026 (rev),2026-10-04T04:36Z,0101364000,https://data.boston.gov/dataset/property-assessment/resource/ee73430d-96c0-423e-ad21-c4cfb54c8961?q=PID%3A0101364000
BOS00714,118 BARNES AV,East Boston,MA,02128,1920,,R2,TWO-FAM DWELLING,Analyze Boston property-assessment FY2026 (rev),2026-10-04T04:36Z,0101365000,https://data.boston.gov/dataset/property-assessment/resource/ee73430d-96c0-423e-ad21-c4cfb54c8961?q=PID%3A0101365000
BOS00715,112 BARNES AV,East Boston,MA,02128,1965,,R2,TWO-FAM DWELLING,Analyze Boston property-assessment FY2026 (rev),2026-10-04T04:36Z,0101366000,https://data.boston.gov/dataset/property-assessment/resource/ee73430d-96c0-423e-ad21-c4cfb54c8961?q=PID%3A0101366000
BOS00716,110 BARNES AV,East Boston,MA,02128,1920,,R2,TWO-FAM DWELLING,Analyze Boston property-assessment FY2026 (rev),2026-10-04T04:36Z,0101367000,https://data.boston.gov/dataset/property-assessment/resource/ee73430d-96c0-423e-ad21-c4cfb54c8961?q=PID%3A0101367000
BOS00717,106 BARNES AV,East Boston,MA,02128,1960,,R3,THREE-FAM DWELLING,Analyze Boston property-assessment FY2026 (rev),2026-10-04T04:36Z,0101367001,https://data.boston.gov/dataset/property-assessment/resource/ee73430d-96c0-423e-ad21-c4cfb54c8961?q=PID%3A0101367001
BOS00718,102 BARNES AV,East Boston,MA,02128,1910,,R2,TWO-FAM DWELLING,Analyze Boston property-assessment FY2026 (rev),2026-10-04T04:36Z,0101368000,https://data.boston.gov/dataset/property-assessment/resource/ee73430d-96c0-423e-ad21-c4cfb54c8961?q=PID%3A0101368000
BOS00719,94 BARNES AV,East Boston,MA,02128,1945,,R2,TWO-FAM DWELLING,Analyze Boston property-assessment FY2026 (rev),2026-10-04T04:36Z,0101370000,https://data.boston.gov/dataset/property-assessment/resource/ee73430d-96c0-423e-ad21-c4cfb54c8961?q=PID%3A0101370000
BOS00720,90 BARNES AV,East Boston,MA,02128,1900,,R3,THREE-FAM DWELLING,Analyze Boston property-assessment FY2026 (rev),2026-10-04T04:36Z,0101371000,https://data.boston.gov/dataset/property-assessment/resource/ee73430d-96c0-423e-ad21-c4cfb54c8961?q=PID%3A0101371000
BOS00721,86 BARNES AV,East Boston,MA,02128,1920,,R3,THREE-FAM DWELLING,Analyze Boston property-assessment FY2026 (rev),2026-10-04T04:36Z,0101372000,https://data.boston.gov/dataset/property-assessment/resource/ee73430d-96c0-423e-ad21-c4cfb54c8961?q=PID%3A0101372000
BOS00722,82 BARNES AV,East Boston,MA,02128,1910,,R3,THREE-FAM DWELLING,Analyze Boston property-assessment FY2026 (rev),2026-10-04T04:36Z,0101373000,https://data.boston.gov/dataset/property-assessment/resource/ee73430d-96c0-423e-ad21-c4cfb54c8961?q=PID%3A0101373000
BOS00723,78 BARNES AV,East Boston,MA,02128,1920,,R3,THREE-FAM DWELLING,Analyze Boston property-assessment FY2026 (rev),2026-10-04T04:36Z,0101374000,https://data.boston.gov/dataset/property-assessment/resource/ee73430d-96c0-423e-ad21-c4cfb54c8961?q=PID%3A0101374000
BOS00724,74 BARNES AV,East Boston,MA,02128,1918,,R3,THREE-FAM DWELLING,Analyze Boston property-assessment FY2026 (rev),2026-10-04T04:36Z,0101375000,https://data.boston.gov/dataset/property-assessment/resource/ee73430d-96c0-423e-ad21-c4cfb54c8961?q=PID%3A0101375000
BOS00725,70 BARNES AV,East Boston,MA,02128,1918,,R3,THREE-FAM DWELLING,Analyze Boston property-assessment FY2026 (rev),2026-10-04T04:36Z,0101376000,https://data.boston.gov/dataset/property-assessment/resource/ee73430d-96c0-423e-ad21-c4cfb54c8961?q=PID%3A0101376000
BOS00726,66 BARNES AV,East Boston,MA,02128,1916,,R3,THREE-FAM DWELLING,Analyze Boston property-assessment FY2026 (rev),2026-10-04T04:36Z,0101377000,https://data.boston.gov/dataset/property-assessment/resource/ee73430d-96c0-423e-ad21-c4cfb54c8961?q=PID%3A0101377000
BOS00727,62 BARNES AV,East Boston,MA,02128,1900,,R3,THREE-FAM DWELLING,Analyze Boston property-assessment FY2026 (rev),2026-10-04T04:36Z,0101378000,https://data.boston.gov/dataset/property-assessment/resource/ee73430d-96c0-423e-ad21-c4cfb54c8961?q=PID%3A0101378000
BOS00728,58 BARNES AV,East Boston,MA,02128,1900,,R3,THREE-FAM DWELLING,Analyze Boston property-assessment FY2026 (rev),2026-10-04T04:36Z,0101379000,https://data.boston.gov/dataset/property-assessment/resource/ee73430d-96c0-423e-ad21-c4cfb54c8961?q=PID%3A0101379000
BOS00729,54 BARNES AV,East Boston,MA,02128,1912,,R3,THREE-FAM DWELLING,Analyze Boston property-assessment FY2026 (rev),2026-10-04T04:36Z,0101380000,https://data.boston.gov/dataset/property-assessment/resource/ee73430d-96c0-423e-ad21-c4cfb54c8961?q=PID%3A0101380000
BOS00730,44 BARNES AV,East Boston,MA,02128,1900,,R2,TWO-FAM DWELLING,Analyze Boston property-assessment FY2026 (rev),2026-10-04T04:36Z,0101382000,https://data.boston.gov/dataset/property-assessment/resource/ee73430d-96c0-423e-ad21-c4cfb54c8961?q=PID%3A0101382000
BOS00731,40 BARNES AV,East Boston,MA,02128,1900,,R2,TWO-FAM DWELLING,Analyze Boston property-assessment FY2026 (rev),2026-10-04T04:36Z,0101383000,https://data.boston.gov/dataset/property-assessment/resource/ee73430d-96c0-423e-ad21-c4cfb54c8961?q=PID%3A0101383000
BOS00732,34 BARNES AV,East Boston,MA,02128,1900,,R3,THREE-FAM DWELLING,Analyze Boston property-assessment FY2026 (rev),2026-10-04T04:36Z,0101385000,https://data.boston.gov/dataset/property-assessment/resource/ee73430d-96c0-423e-ad21-c4cfb54c8961?q=PID%3A0101385000
BOS00733,32 BARNES AV,East Boston,MA,02128,1900,,R3,THREE-FAM DWELLING,Analyze Boston property-assessment FY2026 (rev),2026-10-04T04:36Z,0101386000,https://data.boston.gov/dataset/property-assessment/resource/ee73430d-96c0-423e-ad21-c4cfb54c8961?q=PID%3A0101386000
BOS00734,30 BARNES AV,East Boston,MA,02128,1900,,R3,THREE-FAM DWELLING,Analyze Boston property-assessment FY2026 (rev),2026-10-04T04:36Z,0101387000,https://data.boston.gov/dataset/property-assessment/resource/ee73430d-96c0-423e-ad21-c4cfb54c8961?q=PID%3A0101387000
BOS00735,28 BARNES AV,East Boston,MA,02128,1900,,R3,THREE-FAM DWELLING,Analyze Boston property-assessment FY2026 (rev),2026-10-04T04:36Z,0101388000,https://data.boston.gov/dataset/property-assessment/resource/ee73430d-96c0-423e-ad21-c4cfb54c8961?q=PID%3A0101388000
BOS00736,24 BARNES AV,East Boston,MA,02128,1910,,R2,TWO-FAM DWELLING,Analyze Boston property-assessment FY2026 (rev),2026-10-04T04:36Z,0101390000,https://data.boston.gov/dataset/property-assessment/resource/ee73430d-96c0-423e-ad21-c4cfb54c8961?q=PID%3A0101390000
BOS00737,15 Bayswater ST,East Boston,MA,02128,1899,,R2,TWO-FAM DWELLING,Analyze Boston property-assessment FY2026 (rev),2026-10-04T04:36Z,0101420000,https://data.boston.gov/dataset/property-assessment/resource/ee73430d-96c0-423e-ad21-c4cfb54c8961?q=PID%3A0101420000
BOS00738,23 Bayswater ST,East Boston,MA,02128,1926,,R2,TWO-FAM DWELLING,Analyze Boston property-assessment FY2026 (rev),2026-10-04T04:36Z,0101421000,https://data.boston.gov/dataset/property-assessment/resource/ee73430d-96c0-423e-ad21-c4cfb54c8961?q=PID%3A0101421000
BOS00739,29 Bayswater ST,East Boston,MA,02128,1910,,R2,TWO-FAM DWELLING,Analyze Boston property-assessment FY2026 (rev),2026-10-04T04:36Z,0101423000,https://data.boston.gov/dataset/property-assessment/resource/ee73430d-96c0-423e-ad21-c4cfb54c8961?q=PID%3A0101423000
BOS00740,37 Bayswater ST,East Boston,MA,02128,1902,,R2,TWO-FAM DWELLING,Analyze Boston property-assessment FY2026 (rev),2026-10-04T04:36Z,0101425000,https://data.boston.gov/dataset/property-assessment/resource/ee73430d-96c0-423e-ad21-c4cfb54c8961?q=PID%3A0101425000
BOS00741,49 Bayswater ST,East Boston,MA,02128,1929,,R2,TWO-FAM DWELLING,Analyze Boston property-assessment FY2026 (rev),2026-10-04T04:36Z,0101428000,https://data.boston.gov/dataset/property-assessment/resource/ee73430d-96c0-423e-ad21-c4cfb54c8961?q=PID%3A0101428000
BOS00742,53 Bayswater ST,East Boston,MA,02128,1920,,R3,THREE-FAM DWELLING,Analyze Boston property-assessment FY2026 (rev),2026-10-04T04:36Z,0101429000,https://data.boston.gov/dataset/property-assessment/resource/ee73430d-96c0-423e-ad21-c4cfb54c8961?q=PID%3A0101429000
BOS00743,26 THURSTON ST,East Boston,MA,02128,1910,,R3,THREE-FAM DWELLING,Analyze Boston property-assessment FY2026 (rev),2026-10-04T04:36Z,0101431000,https://data.boston.gov/dataset/property-assessment/resource/ee73430d-96c0-423e-ad21-c4cfb54c8961?q=PID%3A0101431000
BOS00744,18 THURSTON ST,East Boston,MA,02128,1910,,R3,THREE-FAM DWELLING,Analyze Boston property-assessment FY2026 (rev),2026-10-04T04:36Z,0101434000,https://data.boston.gov/dataset/property-assessment/resource/ee73430d-96c0-423e-ad21-c4cfb54c8961?q=PID%3A0101434000
BOS00745,14 THURSTON ST,East Boston,MA,02128,1910,,R2,TWO-FAM DWELLING,Analyze Boston property-assessment FY2026 (rev),2026-10-04T04:36Z,0101436000,https://data.boston.gov/dataset/property-assessment/resource/ee73430d-96c0-423e-ad21-c4cfb54c8961?q=PID%3A0101436000
BOS00746,12 THURSTON ST,East Boston,MA,02128,1920,,R3,THREE-FAM DWELLING,Analyze Boston property-assessment FY2026 (rev),2026-10-04T04:36Z,0101437000,https://data.boston.gov/dataset/property-assessment/resource/ee73430d-96c0-423e-ad21-c4cfb54c8961?q=PID%3A0101437000
BOS00747,10 THURSTON ST,East Boston,MA,02128,1920,,R2,TWO-FAM DWELLING,Analyze Boston property-assessment FY2026 (rev),2026-10-04T04:36Z,0101438000,https://data.boston.gov/dataset/property-assessment/resource/ee73430d-96c0-423e-ad21-c4cfb54c8961?q=PID%3A0101438000
BOS00748,8 THURSTON ST,East Boston,MA,02128,1910,,R2,TWO-FAM DWELLING,Analyze Boston property-assessment FY2026 (rev),2026-10-04T04:36Z,0101439000,https://data.boston.gov/dataset/property-assessment/resource/ee73430d-96c0-423e-ad21-c4cfb54c8961?q=PID%3A0101439000
BOS00749,7 BARNES AV,East Boston,MA,02128,1960,,R3,THREE-FAM DWELLING,Analyze Boston property-assessment FY2026 (rev),2026-10-04T04:36Z,0101444000,https://data.boston.gov/dataset/property-assessment/resource/ee73430d-96c0-423e-ad21-c4cfb54c8961?q=PID%3A0101444000
BOS00750,87 ST ANDREW RD,East Boston,MA,02128,1920,,R3,THREE-FAM DWELLING,Analyze Boston property-assessment FY2026 (rev),2026-10-04T04:36Z,0101446000,https://data.boston.gov/dataset/property-assessment/resource/ee73430d-96c0-423e-ad21-c4cfb54c8961?q=PID%3A0101446000
BOS00751,91 ST ANDREW RD,East Boston,MA,02128,1915,,R2,TWO-FAM DWELLING,Analyze Boston property-assessment FY2026 (rev),2026-10-04T04:36Z,0101447000,https://data.boston.gov/dataset/property-assessment/resource/ee73430d-96c0-423e-ad21-c4cfb54c8961?q=PID%3A0101447000
BOS00752,97 ST ANDREW RD,East Boston,MA,02128,1962,,R2,TWO-FAM DWELLING,Analyze Boston property-assessment FY2026 (rev),2026-10-04T04:36Z,0101448000,https://data.boston.gov/dataset/property-assessment/resource/ee73430d-96c0-423e-ad21-c4cfb54c8961?q=PID%3A0101448000
BOS00753,101 ST ANDREW RD,East Boston,MA,02128,1910,,R2,TWO-FAM DWELLING,Analyze Boston property-assessment FY2026 (rev),2026-10-04T04:36Z,0101449000,https://data.boston.gov/dataset/property-assessment/resource/ee73430d-96c0-423e-ad21-c4cfb54c8961?q=PID%3A0101449000
BOS00754,144 Bayswater ST,East Boston,MA,02128,1910,,R3,THREE-FAM DWELLING,Analyze Boston property-assessment FY2026 (rev),2026-10-04T04:36Z,0101450000,https://data.boston.gov/dataset/property-assessment/resource/ee73430d-96c0-423e-ad21-c4cfb54c8961?q=PID%3A0101450000
BOS00755,140 Bayswater ST,East Boston,MA,02128,1931,,R2,TWO-FAM DWELLING,Analyze Boston property-assessment FY2026 (rev),2026-10-04T04:36Z,0101451000,https://data.boston.gov/dataset/property-assessment/resource/ee73430d-96c0-423e-ad21-c4cfb54c8961?q=PID%3A0101451000
BOS00756,146 Bayswater ST,East Boston,MA,02128,1900,,R3,THREE-FAM DWELLING,Analyze Boston property-assessment FY2026 (rev),2026-10-04T04:36Z,0101452000,https://data.boston.gov/dataset/property-assessment/resource/ee73430d-96c0-423e-ad21-c4cfb54c8961?q=PID%3A0101452000
BOS00757,14 LILLIAN ST,East Boston,MA,02128,1920,,R2,TWO-FAM DWELLING,Analyze Boston property-assessment FY2026 (rev),2026-10-04T04:36Z,0101453000,https://data.boston.gov/dataset/property-assessment/resource/ee73430d-96c0-423e-ad21-c4cfb54c8961?q=PID%3A0101453000
BOS00758,103 ST ANDREW RD,East Boston,MA,02128,1920,,R2,TWO-FAM DWELLING,Analyze Boston property-assessment FY2026 (rev),2026-10-04T04:36Z,0101454000,https://data.boston.gov/dataset/property-assessment/resource/ee73430d-96c0-423e-ad21-c4cfb54c8961?q=PID%3A0101454000
BOS00759,105 ST ANDREW RD,East Boston,MA,02128,1915,,R2,TWO-FAM DWELLING,Analyze Boston property-assessment FY2026 (rev),2026-10-04T04:36Z,0101455000,https://data.boston.gov/dataset/property-assessment/resource/ee73430d-96c0-423e-ad21-c4cfb54c8961?q=PID%3A0101455000
BOS00760,109 ST ANDREW RD,East Boston,MA,02128,1915,,R3,THREE-FAM DWELLING,Analyze Boston property-assessment FY2026 (rev),2026-10-04T04:36Z,0101456000,https://data.boston.gov/dataset/property-assessment/resource/ee73430d-96c0-423e-ad21-c4cfb54c8961?q=PID%3A0101456000
BOS00761,113 ST ANDREW RD,East Boston,MA,02128,1915,,R2,TWO-FAM DWELLING,Analyze Boston property-assessment FY2026 (rev),2026-10-04T04:36Z,0101457000,https://data.boston.gov/dataset/property-assessment/resource/ee73430d-96c0-423e-ad21-c4cfb54c8961?q=PID%3A0101457000
BOS00762,25 TERAGRAM ST,East Boston,MA,02128,1927,,R2,TWO-FAM DWELLING,Analyze Boston property-assessment FY2026 (rev),2026-10-04T04:36Z,0101458000,https://data.boston.gov/dataset/property-assessment/resource/ee73430d-96c0-423e-ad21-c4cfb54c8961?q=PID%3A0101458000
BOS00763,160 Bayswater ST,East Boston,MA,02128,1920,,R2,TWO-FAM DWELLING,Analyze Boston property-assessment FY2026 (rev),2026-10-04T04:36Z,0101459000,https://data.boston.gov/dataset/property-assessment/resource/ee73430d-96c0-423e-ad21-c4cfb54c8961?q=PID%3A0101459000
BOS00764,154 Bayswater ST,East Boston,MA,02128,1920,,R2,TWO-FAM DWELLING,Analyze Boston property-assessment FY2026 (rev),2026-10-04T04:36Z,0101460000,https://data.boston.gov/dataset/property-assessment/resource/ee73430d-96c0-423e-ad21-c4cfb54c8961?q=PID%3A0101460000
BOS00765,30 TERAGRAM ST,East Boston,MA,02128,1940,,R2,TWO-FAM DWELLING,Analyze Boston property-assessment FY2026 (rev),2026-10-04T04:36Z,0101463000,https://data.boston.gov/dataset/property-assessment/resource/ee73430d-96c0-423e-ad21-c4cfb54c8961?q=PID%3A0101463000
BOS00766,26 TERAGRAM ST,East Boston,MA,02128,1930,,R2,TWO-FAM DWELLING,Analyze Boston property-assessment FY2026 (rev),2026-10-04T04:36Z,0101464000,https://data.boston.gov/dataset/property-assessment/resource/ee73430d-96c0-423e-ad21-c4cfb54c8961?q=PID%3A0101464000
BOS00767,121 ST ANDREW RD,East Boston,MA,02128,1934,,R2,TWO-FAM DWELLING,Analyze Boston property-assessment FY2026 (rev),2026-10-04T04:36Z,0101465000,https://data.boston.gov/dataset/property-assessment/resource/ee73430d-96c0-423e-ad21-c4cfb54c8961?q=PID%3A0101465000
BOS00768,123 ST ANDREW RD,East Boston,MA,02128,1915,,R2,TWO-FAM DWELLING,Analyze Boston property-assessment FY2026 (rev),2026-10-04T04:36Z,0101466000,https://data.boston.gov/dataset/property-assessment/resource/ee73430d-96c0-423e-ad21-c4cfb54c8961?q=PID%3A0101466000
BOS00769,127 ST ANDREW RD,East Boston,MA,02128,1930,,R2,TWO-FAM DWELLING,Analyze Boston property-assessment FY2026 (rev),2026-10-04T04:36Z,0101468000,https://data.boston.gov/dataset/property-assessment/resource/ee73430d-96c0-423e-ad21-c4cfb54c8961?q=PID%3A0101468000
BOS00770,174 Bayswater ST,East Boston,MA,02128,1925,,R3,THREE-FAM DWELLING,Analyze Boston property-assessment FY2026 (rev),2026-10-04T04:36Z,0101471000,https://data.boston.gov/dataset/property-assessment/resource/ee73430d-96c0-423e-ad21-c4cfb54c8961?q=PID%3A0101471000
BOS00771,170 Bayswater ST,East Boston,MA,02128,1930,,R2,TWO-FAM DWELLING,Analyze Boston property-assessment FY2026 (rev),2026-10-04T04:36Z,0101472000,https://data.boston.gov/dataset/property-assessment/resource/ee73430d-96c0-423e-ad21-c4cfb54c8961?q=PID%3A0101472000
BOS00772,166 Bayswater ST,East Boston,MA,02128,1915,,R2,TWO-FAM DWELLING,Analyze Boston property-assessment FY2026 (rev),2026-10-04T04:36Z,0101473000,https://data.boston.gov/dataset/property-assessment/resource/ee73430d-96c0-423e-ad21-c4cfb54c8961?q=PID%3A0101473000
BOS00773,21 ANNAVOY ST,East Boston,MA,02128,1995,,R2,TWO-FAM DWELLING,Analyze Boston property-assessment FY2026 (rev),2026-10-04T04:36Z,0101482000,https://data.boston.gov/dataset/property-assessment/resource/ee73430d-96c0-423e-ad21-c4cfb54c8961?q=PID%3A0101482000
BOS00774,188 Bayswater ST,East Boston,MA,02128,1930,,R2,TWO-FAM DWELLING,Analyze Boston property-assessment FY2026 (rev),2026-10-04T04:36Z,0101485000,https://data.boston.gov/dataset/property-assessment/resource/ee73430d-96c0-423e-ad21-c4cfb54c8961?q=PID%3A0101485000
BOS00775,186 Bayswater ST,East Boston,MA,02128,1930,,R2,TWO-FAM DWELLING,Analyze Boston property-assessment FY2026 (rev),2026-10-04T04:36Z,0101486000,https://data.boston.gov/dataset/property-assessment/resource/ee73430d-96c0-423e-ad21-c4cfb54c8961?q=PID%3A0101486000
BOS00776,140 ST ANDREW RD,East Boston,MA,02128,1915,,R3,THREE-FAM DWELLING,Analyze Boston property-assessment FY2026 (rev),2026-10-04T04:36Z,0101487000,https://data.boston.gov/dataset/property-assessment/resource/ee73430d-96c0-423e-ad21-c4cfb54c8961?q=PID%3A0101487000
BOS00777,2 TERAGRAM ST,East Boston,MA,02128,1945,,R2,TWO-FAM DWELLING,Analyze Boston property-assessment FY2026 (rev),2026-10-04T04:36Z,0101488000,https://data.boston.gov/dataset/property-assessment/resource/ee73430d-96c0-423e-ad21-c4cfb54c8961?q=PID%3A0101488000
BOS00778,1179 Saratoga ST,East Boston,MA,02128,1915,,R2,TWO-FAM DWELLING,Analyze Boston property-assessment FY2026 (rev),2026-10-04T04:36Z,0101490000,https://data.boston.gov/dataset/property-assessment/resource/ee73430d-96c0-423e-ad21-c4cfb54c8961?q=PID%3A0101490000
BOS00779,1181 Saratoga ST,East Boston,MA,02128,1915,,R2,TWO-FAM DWELLING,Analyze Boston property-assessment FY2026 (rev),2026-10-04T04:36Z,0101491000,https://data.boston.gov/dataset/property-assessment/resource/ee73430d-96c0-423e-ad21-c4cfb54c8961?q=PID%3A0101491000
BOS00780,1183 Saratoga ST,East Boston,MA,02128,1910,,R2,TWO-FAM DWELLING,Analyze Boston property-assessment FY2026 (rev),2026-10-04T04:36Z,0101492000,https://data.boston.gov/dataset/property-assessment/resource/ee73430d-96c0-423e-ad21-c4cfb54c8961?q=PID%3A0101492000
BOS00781,1187 Saratoga ST,East Boston,MA,02128,1915,,R2,TWO-FAM DWELLING,Analyze Boston property-assessment FY2026 (rev),2026-10-04T04:36Z,0101493000,https://data.boston.gov/dataset/property-assessment/resource/ee73430d-96c0-423e-ad21-c4cfb54c8961?q=PID%3A0101493000
BOS00782,1189 Saratoga ST,East Boston,MA,02128,1915,,R2,TWO-FAM DWELLING,Analyze Boston property-assessment FY2026 (rev),2026-10-04T04:36Z,0101494000,https://data.boston.gov/dataset/property-assessment/resource/ee73430d-96c0-423e-ad21-c4cfb54c8961?q=PID%3A0101494000
BOS00783,1193 Saratoga ST,East Boston,MA,02128,1915,,R2,TWO-FAM DWELLING,Analyze Boston property-assessment FY2026 (rev),2026-10-04T04:36Z,0101495000,https://data.boston.gov/dataset/property-assessment/resource/ee73430d-96c0-423e-ad21-c4cfb54c8961?q=PID%3A0101495000
BOS00784,1197 Saratoga ST,East Boston,MA,02128,1915,,R2,TWO-FAM DWELLING,Analyze Boston property-assessment FY2026 (rev),2026-10-04T04:36Z,0101496000,https://data.boston.gov/dataset/property-assessment/resource/ee73430d-96c0-423e-ad21-c4cfb54c8961?q=PID%3A0101496000
BOS00785,154 ST ANDREW RD,East Boston,MA,02128,1915,,R2,TWO-FAM DWELLING,Analyze Boston property-assessment FY2026 (rev),2026-10-04T04:36Z,0101499000,https://data.boston.gov/dataset/property-assessment/resource/ee73430d-96c0-423e-ad21-c4cfb54c8961?q=PID%3A0101499000
BOS00786,152 ST ANDREW RD,East Boston,MA,02128,1915,,R2,TWO-FAM DWELLING,Analyze Boston property-assessment FY2026 (rev),2026-10-04T04:36Z,0101500000,https://data.boston.gov/dataset/property-assessment/resource/ee73430d-96c0-423e-ad21-c4cfb54c8961?q=PID%3A0101500000
BOS00787,150 ST ANDREW RD,East Boston,MA,02128,1915,,R2,TWO-FAM DWELLING,Analyze Boston property-assessment FY2026 (rev),2026-10-04T04:36Z,0101501000,https://data.boston.gov/dataset/property-assessment/resource/ee73430d-96c0-423e-ad21-c4cfb54c8961?q=PID%3A0101501000
BOS00788,148 ST ANDREW RD,East Boston,MA,02128,1915,,R2,TWO-FAM DWELLING,Analyze Boston property-assessment FY2026 (rev),2026-10-04T04:36Z,0101502000,https://data.boston.gov/dataset/property-assessment/resource/ee73430d-96c0-423e-ad21-c4cfb54c8961?q=PID%3A0101502000
BOS00789,146 ST ANDREW RD,East Boston,MA,02128,1915,,R2,TWO-FAM DWELLING,Analyze Boston property-assessment FY2026 (rev),2026-10-04T04:36Z,0101503000,https://data.boston.gov/dataset/property-assessment/resource/ee73430d-96c0-423e-ad21-c4cfb54c8961?q=PID%3A0101503000
BOS00790,144 ST ANDREW RD,East Boston,MA,02128,1915,,R2,TWO-FAM DWELLING,Analyze Boston property-assessment FY2026 (rev),2026-10-04T04:36Z,0101504000,https://data.boston.gov/dataset/property-assessment/resource/ee73430d-96c0-423e-ad21-c4cfb54c8961?q=PID%3A0101504000
BOS00791,142 ST ANDREW RD,East Boston,MA,02128,1915,,R2,TWO-FAM DWELLING,Analyze Boston property-assessment FY2026 (rev),2026-10-04T04:36Z,0101505000,https://data.boston.gov/dataset/property-assessment/resource/ee73430d-96c0-423e-ad21-c4cfb54c8961?q=PID%3A0101505000
BOS00792,1135 Saratoga ST,East Boston,MA,02128,1955,,R4,APT 4-6 UNITS,Analyze Boston property-assessment FY2026 (rev),2026-10-04T04:36Z,0101507000,https://data.boston.gov/dataset/property-assessment/resource/ee73430d-96c0-423e-ad21-c4cfb54c8961?q=PID%3A0101507000
BOS00793,1141 Saratoga ST,East Boston,MA,02128,1900,,R2,TWO-FAM DWELLING,Analyze Boston property-assessment FY2026 (rev),2026-10-04T04:36Z,0101508000,https://data.boston.gov/dataset/property-assessment/resource/ee73430d-96c0-423e-ad21-c4cfb54c8961?q=PID%3A0101508000
BOS00794,1145 Saratoga ST,East Boston,MA,02128,1915,,R2,TWO-FAM DWELLING,Analyze Boston property-assessment FY2026 (rev),2026-10-04T04:36Z,0101509000,https://data.boston.gov/dataset/property-assessment/resource/ee73430d-96c0-423e-ad21-c4cfb54c8961?q=PID%3A0101509000
BOS00795,1149 Saratoga ST,East Boston,MA,02128,1915,,R2,TWO-FAM DWELLING,Analyze Boston property-assessment FY2026 (rev),2026-10-04T04:36Z,0101510000,https://data.boston.gov/dataset/property-assessment/resource/ee73430d-96c0-423e-ad21-c4cfb54c8961?q=PID%3A0101510000
BOS00796,3 TERAGRAM ST,East Boston,MA,02128,1945,,R2,TWO-FAM DWELLING,Analyze Boston property-assessment FY2026 (rev),2026-10-04T04:36Z,0101511002,https://data.boston.gov/dataset/property-assessment/resource/ee73430d-96c0-423e-ad21-c4cfb54c8961?q=PID%3A0101511002
BOS00797,7 TERAGRAM ST,East Boston,MA,02128,1945,,R2,TWO-FAM DWELLING,Analyze Boston property-assessment FY2026 (rev),2026-10-04T04:36Z,0101511003,https://data.boston.gov/dataset/property-assessment/resource/ee73430d-96c0-423e-ad21-c4cfb54c8961?q=PID%3A0101511003
BOS00798,120 ST ANDREW RD,East Boston,MA,02128,2024,,R2,TWO-FAM DWELLING,Analyze Boston property-assessment FY2026 (rev),2026-10-04T04:36Z,0101511004,https://data.boston.gov/dataset/property-assessment/resource/ee73430d-96c0-423e-ad21-c4cfb54c8961?q=PID%3A0101511004
BOS00799,112 ST ANDREW RD,East Boston,MA,02128,1915,,A,SUBSD HOUSING S- 8,Analyze Boston property-assessment FY2026 (rev),2026-10-04T04:36Z,0101512000,https://data.boston.gov/dataset/property-assessment/resource/ee73430d-96c0-423e-ad21-c4cfb54c8961?q=PID%3A0101512000
BOS00800,108 ST ANDREW RD,East Boston,MA,02128,1915,,R2,TWO-FAM DWELLING,Analyze Boston property-assessment FY2026 (rev),2026-10-04T04:36Z,0101513000,https://data.boston.gov/dataset/property-assessment/resource/ee73430d-96c0-423e-ad21-c4cfb54c8961?q=PID%3A0101513000
BOS00801,104 ST ANDREW RD,East Boston,MA,02128,1915,,R2,TWO-FAM DWELLING,Analyze Boston property-assessment FY2026 (rev),2026-10-04T04:36Z,0101514000,https://data.boston.gov/dataset/property-assessment/resource/ee73430d-96c0-423e-ad21-c4cfb54c8961?q=PID%3A0101514000
BOS00802,1183 Bennington ST,East Boston,MA,02128,1900,,R3,THREE-FAM DWELLING,Analyze Boston property-assessment FY2026 (rev),2026-10-04T04:36Z,0101516001,https://data.boston.gov/dataset/property-assessment/resource/ee73430d-96c0-423e-ad21-c4cfb54c8961?q=PID%3A0101516001
BOS00803,1185 Bennington ST,East Boston,MA,02128,1930,,R3,THREE-FAM DWELLING,Analyze Boston property-assessment FY2026 (rev),2026-10-04T04:36Z,0101517000,https://data.boston.gov/dataset/property-assessment/resource/ee73430d-96c0-423e-ad21-c4cfb54c8961?q=PID%3A0101517000
BOS00804,1189 Bennington ST,East Boston,MA,02128,1910,,R2,TWO-FAM DWELLING,Analyze Boston property-assessment FY2026 (rev),2026-10-04T04:36Z,0101518000,https://data.boston.gov/dataset/property-assessment/resource/ee73430d-96c0-423e-ad21-c4cfb54c8961?q=PID%3A0101518000
BOS00805,1193 Bennington ST,East Boston,MA,02128,1900,,R2,TWO-FAM DWELLING,Analyze Boston property-assessment FY2026 (rev),2026-10-04T04:36Z,0101519000,https://data.boston.gov/dataset/property-assessment/resource/ee73430d-96c0-423e-ad21-c4cfb54c8961?q=PID%3A0101519000
BOS00806,1201 Bennington ST,East Boston,MA,02128,1900,,R3,THREE-FAM DWELLING,Analyze Boston property-assessment FY2026 (rev),2026-10-04T04:36Z,0101521000,https://data.boston.gov/dataset/property-assessment/resource/ee73430d-96c0-423e-ad21-c4cfb54c8961?q=PID%3A0101521000
BOS00807,1209 Bennington ST,East Boston,MA,02128,2024,,R4,APT 4-6 UNITS,Analyze Boston property-assessment FY2026 (rev),2026-10-04T04:36Z,0101523000,https://data.boston.gov/dataset/property-assessment/resource/ee73430d-96c0-423e-ad21-c4cfb54c8961?q=PID%3A0101523000
BOS00808,1211 Bennington ST,East Boston,MA,02128,1910,,R3,THREE-FAM DWELLING,Analyze Boston property-assessment FY2026 (rev),2026-10-04T04:36Z,0101524000,https://data.boston.gov/dataset/property-assessment/resource/ee73430d-96c0-423e-ad21-c4cfb54c8961?q=PID%3A0101524000
BOS00809,1215 Bennington ST,East Boston,MA,02128,1900,,R2,TWO-FAM DWELLING,Analyze Boston property-assessment FY2026 (rev),2026-10-04T04:36Z,0101525000,https://data.boston.gov/dataset/property-assessment/resource/ee73430d-96c0-423e-ad21-c4cfb54c8961?q=PID%3A0101525000
BOS00810,1219 Bennington ST,East Boston,MA,02128,1920,,R2,TWO-FAM DWELLING,Analyze Boston property-assessment FY2026 (rev),2026-10-04T04:36Z,0101526000,https://data.boston.gov/dataset/property-assessment/resource/ee73430d-96c0-423e-ad21-c4cfb54c8961?q=PID%3A0101526000
BOS00811,1223 Bennington ST,East Boston,MA,02128,1900,,R2,TWO-FAM DWELLING,Analyze Boston property-assessment FY2026 (rev),2026-10-04T04:36Z,0101527000,https://data.boston.gov/dataset/property-assessment/resource/ee73430d-96c0-423e-ad21-c4cfb54c8961?q=PID%3A0101527000
BOS00812,1229 Bennington ST,East Boston,MA,02128,1920,,R2,TWO-FAM DWELLING,Analyze Boston property-assessment FY2026 (rev),2026-10-04T04:36Z,0101529000,https://data.boston.gov/dataset/property-assessment/resource/ee73430d-96c0-423e-ad21-c4cfb54c8961?q=PID%3A0101529000
BOS00813,32 SWAN AV,East Boston,MA,02128,1998,,R2,TWO-FAM DWELLING,Analyze Boston property-assessment FY2026 (rev),2026-10-04T04:36Z,0101530000,https://data.boston.gov/dataset/property-assessment/resource/ee73430d-96c0-423e-ad21-c4cfb54c8961?q=PID%3A0101530000
BOS00814,24 SWAN AV,East Boston,MA,02128,1985,,R2,TWO-FAM DWELLING,Analyze Boston property-assessment FY2026 (rev),2026-10-04T04:36Z,0101534000,https://data.boston.gov/dataset/property-assessment/resource/ee73430d-96c0-423e-ad21-c4cfb54c8961?q=PID%3A0101534000
BOS00815,22 SWAN AV,East Boston,MA,02128,1985,,R2,TWO-FAM DWELLING,Analyze Boston property-assessment FY2026 (rev),2026-10-04T04:36Z,0101535000,https://data.boston.gov/dataset/property-assessment/resource/ee73430d-96c0-423e-ad21-c4cfb54c8961?q=PID%3A0101535000
BOS00816,20 SWAN AV,East Boston,MA,02128,1970,,R2,TWO-FAM DWELLING,Analyze Boston property-assessment FY2026 (rev),2026-10-04T04:36Z,0101536000,https://data.boston.gov/dataset/property-assessment/resource/ee73430d-96c0-423e-ad21-c4cfb54c8961?q=PID%3A0101536000
BOS00817,16 SWAN AV,East Boston,MA,02128,1984,,R2,TWO-FAM DWELLING,Analyze Boston property-assessment FY2026 (rev),2026-10-04T04:36Z,0101538000,https://data.boston.gov/dataset/property-assessment/resource/ee73430d-96c0-423e-ad21-c4cfb54c8961?q=PID%3A0101538000
BOS00818,15 SWAN AV,East Boston,MA,02128,1975,,R2,TWO-FAM DWELLING,Analyze Boston property-assessment FY2026 (rev),2026-10-04T04:36Z,0101546000,https://data.boston.gov/dataset/property-assessment/resource/ee73430d-96c0-423e-ad21-c4cfb54c8961?q=PID%3A0101546000
BOS00819,19 SWAN AV,East Boston,MA,02128,1982,,R2,TWO-FAM DWELLING,Analyze Boston property-assessment FY2026 (rev),2026-10-04T04:36Z,0101546005,https://data.boston.gov/dataset/property-assessment/resource/ee73430d-96c0-423e-ad21-c4cfb54c8961?q=PID%3A0101546005
BOS00820,23 SWAN AV,East Boston,MA,02128,1978,,R2,TWO-FAM DWELLING,Analyze Boston property-assessment FY2026 (rev),2026-10-04T04:36Z,0101548000,https://data.boston.gov/dataset/property-assessment/resource/ee73430d-96c0-423e-ad21-c4cfb54c8961?q=PID%3A0101548000
BOS00821,29 SWAN AV,East Boston,MA,02128,1969,,R2,TWO-FAM DWELLING,Analyze Boston property-assessment FY2026 (rev),2026-10-04T04:36Z,0101551000,https://data.boston.gov/dataset/property-assessment/resource/ee73430d-96c0-423e-ad21-c4cfb54c8961?q=PID%3A0101551000
BOS00822,8 LAWN AV,East Boston,MA,02128,1964,,R2,TWO-FAM DWELLING,Analyze Boston property-assessment FY2026 (rev),2026-10-04T04:36Z,0101554000,https://data.boston.gov/dataset/property-assessment/resource/ee73430d-96c0-423e-ad21-c4cfb54c8961?q=PID%3A0101554000
BOS00823,6 LAWN AV,East Boston,MA,02128,1960,,R2,TWO-FAM DWELLING,Analyze Boston property-assessment FY2026 (rev),2026-10-04T04:36Z,0101555000,https://data.boston.gov/dataset/property-assessment/resource/ee73430d-96c0-423e-ad21-c4cfb54c8961?q=PID%3A0101555000
BOS00824,4 LAWN AV,East Boston,MA,02128,1964,,R2,TWO-FAM DWELLING,Analyze Boston property-assessment FY2026 (rev),2026-10-04T04:36Z,0101556000,https://data.boston.gov/dataset/property-assessment/resource/ee73430d-96c0-423e-ad21-c4cfb54c8961?q=PID%3A0101556000
BOS00825,20 PALERMO ST,East Boston,MA,02128,1965,,R2,TWO-FAM DWELLING,Analyze Boston property-assessment FY2026 (rev),2026-10-04T04:36Z,0101558000,https://data.boston.gov/dataset/property-assessment/resource/ee73430d-96c0-423e-ad21-c4cfb54c8961?q=PID%3A0101558000
BOS00826,3 Walley ST,East Boston,MA,02128,1910,,R2,TWO-FAM DWELLING,Analyze Boston property-assessment FY2026 (rev),2026-10-04T04:36Z,0101574001,https://data.boston.gov/dataset/property-assessment/resource/ee73430d-96c0-423e-ad21-c4cfb54c8961?q=PID%3A0101574001
BOS00827,7 Walley ST,East Boston,MA,02128,1910,,R2,TWO-FAM DWELLING,Analyze Boston property-assessment FY2026 (rev),2026-10-04T04:36Z,0101576000,https://data.boston.gov/dataset/property-assessment/resource/ee73430d-96c0-423e-ad21-c4cfb54c8961?q=PID%3A0101576000
BOS00828,1024 Bennington ST,East Boston,MA,02128,1910,,R4,APT 4-6 UNITS,Analyze Boston property-assessment FY2026 (rev),2026-10-04T04:36Z,0101581000,https://data.boston.gov/dataset/property-assessment/resource/ee73430d-96c0-423e-ad21-c4cfb54c8961?q=PID%3A0101581000
BOS00829,7 Breed ST,East Boston,MA,02128,1920,,R3,THREE-FAM DWELLING,Analyze Boston property-assessment FY2026 (rev),2026-10-04T04:36Z,0101585000,https://data.boston.gov/dataset/property-assessment/resource/ee73430d-96c0-423e-ad21-c4cfb54c8961?q=PID%3A0101585000
BOS00830,44 ASHLEY ST,East Boston,MA,02128,1907,,R3,THREE-FAM DWELLING,Analyze Boston property-assessment FY2026 (rev),2026-10-04T04:36Z,0101591000,https://data.boston.gov/dataset/property-assessment/resource/ee73430d-96c0-423e-ad21-c4cfb54c8961?q=PID%3A0101591000
BOS00831,40 ASHLEY ST,East Boston,MA,02128,1900,,R3,THREE-FAM DWELLING,Analyze Boston property-assessment FY2026 (rev),2026-10-04T04:36Z,0101592000,https://data.boston.gov/dataset/property-assessment/resource/ee73430d-96c0-423e-ad21-c4cfb54c8961?q=PID%3A0101592000
BOS00832,14 ANTRIM ST,East Boston,MA,02128,1900,,R3,THREE-FAM DWELLING,Analyze Boston property-assessment FY2026 (rev),2026-10-04T04:36Z,0101594000,https://data.boston.gov/dataset/property-assessment/resource/ee73430d-96c0-423e-ad21-c4cfb54c8961?q=PID%3A0101594000
BOS00833,12 ANTRIM ST,East Boston,MA,02128,1900,,R3,THREE-FAM DWELLING,Analyze Boston property-assessment FY2026 (rev),2026-10-04T04:36Z,0101595000,https://data.boston.gov/dataset/property-assessment/resource/ee73430d-96c0-423e-ad21-c4cfb54c8961?q=PID%3A0101595000
BOS00834,10 ANTRIM ST,East Boston,MA,02128,1915,,R3,THREE-FAM DWELLING,Analyze Boston property-assessment FY2026 (rev),2026-10-04T04:36Z,0101596000,https://data.boston.gov/dataset/property-assessment/resource/ee73430d-96c0-423e-ad21-c4cfb54c8961?q=PID%3A0101596000
BOS00835,6 ANTRIM ST,East Boston,MA,02128,1900,,R3,THREE-FAM DWELLING,Analyze Boston property-assessment FY2026 (rev),2026-10-04T04:36Z,0101597000,https://data.boston.gov/dataset/property-assessment/resource/ee73430d-96c0-423e-ad21-c4cfb54c8961?q=PID%3A0101597000
BOS00836,1070 Bennington ST,East Boston,MA,02128,1920,,R4,APT 4-6 UNITS,Analyze Boston property-assessment FY2026 (rev),2026-10-04T04:36Z,0101599000,https://data.boston.gov/dataset/property-assessment/resource/ee73430d-96c0-423e-ad21-c4cfb54c8961?q=PID%3A0101599000
BOS00837,1066 Bennington ST,East Boston,MA,02128,1910,,R3,THREE-FAM DWELLING,Analyze Boston property-assessment FY2026 (rev),2026-10-04T04:36Z,0101600000,https://data.boston.gov/dataset/property-assessment/resource/ee73430d-96c0-423e-ad21-c4cfb54c8961?q=PID%3A0101600000
BOS00838,1064 Bennington ST,East Boston,MA,02128,1918,,R3,THREE-FAM DWELLING,Analyze Boston property-assessment FY2026 (rev),2026-10-04T04:36Z,0101601000,https://data.boston.gov/dataset/property-assessment/resource/ee73430d-96c0-423e-ad21-c4cfb54c8961?q=PID%3A0101601000
BOS00839,1062 Bennington ST,East Boston,MA,02128,1918,,R3,THREE-FAM DWELLING,Analyze Boston property-assessment FY2026 (rev),2026-10-04T04:36Z,0101602000,https://data.boston.gov/dataset/property-assessment/resource/ee73430d-96c0-423e-ad21-c4cfb54c8961?q=PID%3A0101602000
BOS00840,1058 Bennington ST,East Boston,MA,02128,1918,,R3,THREE-FAM DWELLING,Analyze Boston property-assessment FY2026 (rev),2026-10-04T04:36Z,0101603000,https://data.boston.gov/dataset/property-assessment/resource/ee73430d-96c0-423e-ad21-c4cfb54c8961?q=PID%3A0101603000
BOS00841,1056 Bennington ST,East Boston,MA,02128,1918,,R3,THREE-FAM DWELLING,Analyze Boston property-assessment FY2026 (rev),2026-10-04T04:36Z,0101604000,https://data.boston.gov/dataset/property-assessment/resource/ee73430d-96c0-423e-ad21-c4cfb54c8961?q=PID%3A0101604000
BOS00842,1054 Bennington ST,East Boston,MA,02128,1912,,R3,THREE-FAM DWELLING,Analyze Boston property-assessment FY2026 (rev),2026-10-04T04:36Z,0101605000,https://data.boston.gov/dataset/property-assessment/resource/ee73430d-96c0-423e-ad21-c4cfb54c8961?q=PID%3A0101605000
BOS00843,1052 Bennington ST,East Boston,MA,02128,1918,,R3,THREE-FAM DWELLING,Analyze Boston property-assessment FY2026 (rev),2026-10-04T04:36Z,0101606000,https://data.boston.gov/dataset/property-assessment/resource/ee73430d-96c0-423e-ad21-c4cfb54c8961?q=PID%3A0101606000
BOS00844,1046 Bennington ST,East Boston,MA,02128,1910,,R3,THREE-FAM DWELLING,Analyze Boston property-assessment FY2026 (rev),2026-10-04T04:36Z,0101607000,https://data.boston.gov/dataset/property-assessment/resource/ee73430d-96c0-423e-ad21-c4cfb54c8961?q=PID%3A0101607000
BOS00845,5 ANTRIM ST,East Boston,MA,02128,1905,,R3,THREE-FAM DWELLING,Analyze Boston property-assessment FY2026 (rev),2026-10-04T04:36Z,0101610000,https://data.boston.gov/dataset/property-assessment/resource/ee73430d-96c0-423e-ad21-c4cfb54c8961?q=PID%3A0101610000
BOS00846,7 ANTRIM ST,East Boston,MA,02128,1910,,R3,THREE-FAM DWELLING,Analyze Boston property-assessment FY2026 (rev),2026-10-04T04:36Z,0101611000,https://data.boston.gov/dataset/property-assessment/resource/ee73430d-96c0-423e-ad21-c4cfb54c8961?q=PID%3A0101611000
BOS00847,9 ANTRIM ST,East Boston,MA,02128,1910,,R3,THREE-FAM DWELLING,Analyze Boston property-assessment FY2026 (rev),2026-10-04T04:36Z,0101612000,https://data.boston.gov/dataset/property-assessment/resource/ee73430d-96c0-423e-ad21-c4cfb54c8961?q=PID%3A0101612000
BOS00848,11 ANTRIM ST,East Boston,MA,02128,1910,,R2,TWO-FAM DWELLING,Analyze Boston property-assessment FY2026 (rev),2026-10-04T04:36Z,0101613000,https://data.boston.gov/dataset/property-assessment/resource/ee73430d-96c0-423e-ad21-c4cfb54c8961?q=PID%3A0101613000
BOS00849,32 ASHLEY ST,East Boston,MA,02128,1919,,R3,THREE-FAM DWELLING,Analyze Boston property-assessment FY2026 (rev),2026-10-04T04:36Z,0101614000,https://data.boston.gov/dataset/property-assessment/resource/ee73430d-96c0-423e-ad21-c4cfb54c8961?q=PID%3A0101614000
BOS00850,26 ASHLEY ST,East Boston,MA,02128,1910,,R3,THREE-FAM DWELLING,Analyze Boston property-assessment FY2026 (rev),2026-10-04T04:36Z,0101615000,https://data.boston.gov/dataset/property-assessment/resource/ee73430d-96c0-423e-ad21-c4cfb54c8961?q=PID%3A0101615000
BOS00851,22 ASHLEY ST,East Boston,MA,02128,1910,,R3,THREE-FAM DWELLING,Analyze Boston property-assessment FY2026 (rev),2026-10-04T04:36Z,0101616000,https://data.boston.gov/dataset/property-assessment/resource/ee73430d-96c0-423e-ad21-c4cfb54c8961?q=PID%3A0101616000
BOS00852,18 ASHLEY ST,East Boston,MA,02128,1915,,R3,THREE-FAM DWELLING,Analyze Boston property-assessment FY2026 (rev),2026-10-04T04:36Z,0101617000,https://data.boston.gov/dataset/property-assessment/resource/ee73430d-96c0-423e-ad21-c4cfb54c8961?q=PID%3A0101617000
BOS00853,7 FORD ST,East Boston,MA,02128,1910,,R4,APT 4-6 UNITS,Analyze Boston property-assessment FY2026 (rev),2026-10-04T04:36Z,0101625000,https://data.boston.gov/dataset/property-assessment/resource/ee73430d-96c0-423e-ad21-c4cfb54c8961?q=PID%3A0101625000
BOS00854,11 FORD ST,East Boston,MA,02128,1920,,R2,TWO-FAM DWELLING,Analyze Boston property-assessment FY2026 (rev),2026-10-04T04:36Z,0101626000,https://data.boston.gov/dataset/property-assessment/resource/ee73430d-96c0-423e-ad21-c4cfb54c8961?q=PID%3A0101626000
BOS00855,10 Breed ST,East Boston,MA,02128,1925,,A,SUBSD HOUSING S- 8,Analyze Boston property-assessment FY2026 (rev),2026-10-04T04:36Z,0101631000,https://data.boston.gov/dataset/property-assessment/resource/ee73430d-96c0-423e-ad21-c4cfb54c8961?q=PID%3A0101631000
BOS00856,951 Saratoga ST,East Boston,MA,02128,1900,,R3,THREE-FAM DWELLING,Analyze Boston property-assessment FY2026 (rev),2026-10-04T04:36Z,0101638000,https://data.boston.gov/dataset/property-assessment/resource/ee73430d-96c0-423e-ad21-c4cfb54c8961?q=PID%3A0101638000
BOS00857,953 Saratoga ST,East Boston,MA,02128,1914,,R3,THREE-FAM DWELLING,Analyze Boston property-assessment FY2026 (rev),2026-10-04T04:36Z,0101639000,https://data.boston.gov/dataset/property-assessment/resource/ee73430d-96c0-423e-ad21-c4cfb54c8961?q=PID%3A0101639000
BOS00858,957 Saratoga ST,East Boston,MA,02128,1900,,R3,THREE-FAM DWELLING,Analyze Boston property-assessment FY2026 (rev),2026-10-04T04:36Z,0101641000,https://data.boston.gov/dataset/property-assessment/resource/ee73430d-96c0-423e-ad21-c4cfb54c8961?q=PID%3A0101641000
BOS00859,959 Saratoga ST,East Boston,MA,02128,1900,,R3,THREE-FAM DWELLING,Analyze Boston property-assessment FY2026 (rev),2026-10-04T04:36Z,0101642000,https://data.boston.gov/dataset/property-assessment/resource/ee73430d-96c0-423e-ad21-c4cfb54c8961?q=PID%3A0101642000
BOS00860,961 Saratoga ST,East Boston,MA,02128,1900,,R3,THREE-FAM DWELLING,Analyze Boston property-assessment FY2026 (rev),2026-10-04T04:36Z,0101643000,https://data.boston.gov/dataset/property-assessment/resource/ee73430d-96c0-423e-ad21-c4cfb54c8961?q=PID%3A0101643000
BOS00861,963 Saratoga ST,East Boston,MA,02128,1900,,R3,THREE-FAM DWELLING,Analyze Boston property-assessment FY2026 (rev),2026-10-04T04:36Z,0101644000,https://data.boston.gov/dataset/property-assessment/resource/ee73430d-96c0-423e-ad21-c4cfb54c8961?q=PID%3A0101644000
BOS00862,965 Saratoga ST,East Boston,MA,02128,1900,,R3,THREE-FAM DWELLING,Analyze Boston property-assessment FY2026 (rev),2026-10-04T04:36Z,0101645000,https://data.boston.gov/dataset/property-assessment/resource/ee73430d-96c0-423e-ad21-c4cfb54c8961?q=PID%3A0101645000
BOS00863,967 Saratoga ST,East Boston,MA,02128,1910,,R3,THREE-FAM DWELLING,Analyze Boston property-assessment FY2026 (rev),2026-10-04T04:36Z,0101646000,https://data.boston.gov/dataset/property-assessment/resource/ee73430d-96c0-423e-ad21-c4cfb54c8961?q=PID%3A0101646000
BOS00864,972 Bennington ST,East Boston,MA,02128,1900,,R3,THREE-FAM DWELLING,Analyze Boston property-assessment FY2026 (rev),2026-10-04T04:36Z,0101652000,https://data.boston.gov/dataset/property-assessment/resource/ee73430d-96c0-423e-ad21-c4cfb54c8961?q=PID%3A0101652000
BOS00865,970 Bennington ST,East Boston,MA,02128,1900,,R3,THREE-FAM DWELLING,Analyze Boston property-assessment FY2026 (rev),2026-10-04T04:36Z,0101653000,https://data.boston.gov/dataset/property-assessment/resource/ee73430d-96c0-423e-ad21-c4cfb54c8961?q=PID%3A0101653000
BOS00866,968 Bennington ST,East Boston,MA,02128,1900,,R3,THREE-FAM DWELLING,Analyze Boston property-assessment FY2026 (rev),2026-10-04T04:36Z,0101654000,https://data.boston.gov/dataset/property-assessment/resource/ee73430d-96c0-423e-ad21-c4cfb54c8961?q=PID%3A0101654000
BOS00867,966 Bennington ST,East Boston,MA,02128,1900,,R3,THREE-FAM DWELLING,Analyze Boston property-assessment FY2026 (rev),2026-10-04T04:36Z,0101655000,https://data.boston.gov/dataset/property-assessment/resource/ee73430d-96c0-423e-ad21-c4cfb54c8961?q=PID%3A0101655000
BOS00868,964 Bennington ST,East Boston,MA,02128,1900,,R3,THREE-FAM DWELLING,Analyze Boston property-assessment FY2026 (rev),2026-10-04T04:36Z,0101656000,https://data.boston.gov/dataset/property-assessment/resource/ee73430d-96c0-423e-ad21-c4cfb54c8961?q=PID%3A0101656000
BOS00869,962 Bennington ST,East Boston,MA,02128,1900,,R3,THREE-FAM DWELLING,Analyze Boston property-assessment FY2026 (rev),2026-10-04T04:36Z,0101657000,https://data.boston.gov/dataset/property-assessment/resource/ee73430d-96c0-423e-ad21-c4cfb54c8961?q=PID%3A0101657000
BOS00870,960 Bennington ST,East Boston,MA,02128,1914,,R3,THREE-FAM DWELLING,Analyze Boston property-assessment FY2026 (rev),2026-10-04T04:36Z,0101658000,https://data.boston.gov/dataset/property-assessment/resource/ee73430d-96c0-423e-ad21-c4cfb54c8961?q=PID%3A0101658000
BOS00871,29 Breed ST,East Boston,MA,02128,1900,,R2,TWO-FAM DWELLING,Analyze Boston property-assessment FY2026 (rev),2026-10-04T04:36Z,0101668000,https://data.boston.gov/dataset/property-assessment/resource/ee73430d-96c0-423e-ad21-c4cfb54c8961?q=PID%3A0101668000
BOS00872,31 Breed ST,East Boston,MA,02128,1900,,R2,TWO-FAM DWELLING,Analyze Boston property-assessment FY2026 (rev),2026-10-04T04:36Z,0101669000,https://data.boston.gov/dataset/property-assessment/resource/ee73430d-96c0-423e-ad21-c4cfb54c8961?q=PID%3A0101669000
BOS00873,33 Breed ST,East Boston,MA,02128,1900,,A,SUBSD HOUSING S- 8,Analyze Boston property-assessment FY2026 (rev),2026-10-04T04:36Z,0101670000,https://data.boston.gov/dataset/property-assessment/resource/ee73430d-96c0-423e-ad21-c4cfb54c8961?q=PID%3A0101670000
BOS00874,35 Breed ST,East Boston,MA,02128,1900,,R2,TWO-FAM DWELLING,Analyze Boston property-assessment FY2026 (rev),2026-10-04T04:36Z,0101671000,https://data.boston.gov/dataset/property-assessment/resource/ee73430d-96c0-423e-ad21-c4cfb54c8961?q=PID%3A0101671000
BOS00875,149 Leyden ST,East Boston,MA,02128,1910,,A,APT 7-30 UNITS,Analyze Boston property-assessment FY2026 (rev),2026-10-04T04:36Z,0101672000,https://data.boston.gov/dataset/property-assessment/resource/ee73430d-96c0-423e-ad21-c4cfb54c8961?q=PID%3A0101672000
BOS00876,153 Leyden ST,East Boston,MA,02128,1899,,R4,APT 4-6 UNITS,Analyze Boston property-assessment FY2026 (rev),2026-10-04T04:36Z,0101673000,https://data.boston.gov/dataset/property-assessment/resource/ee73430d-96c0-423e-ad21-c4cfb54c8961?q=PID%3A0101673000
BOS00877,175 Leyden ST,East Boston,MA,02128,1900,,R2,TWO-FAM DWELLING,Analyze Boston property-assessment FY2026 (rev),2026-10-04T04:36Z,0101678000,https://data.boston.gov/dataset/property-assessment/resource/ee73430d-96c0-423e-ad21-c4cfb54c8961?q=PID%3A0101678000
BOS00878,177 Leyden ST,East Boston,MA,02128,1900,,R3,THREE-FAM DWELLING,Analyze Boston property-assessment FY2026 (rev),2026-10-04T04:36Z,0101679000,https://data.boston.gov/dataset/property-assessment/resource/ee73430d-96c0-423e-ad21-c4cfb54c8961?q=PID%3A0101679000
BOS00879,183 Leyden ST,East Boston,MA,02128,1900,,R3,THREE-FAM DWELLING,Analyze Boston property-assessment FY2026 (rev),2026-10-04T04:36Z,0101680000,https://data.boston.gov/dataset/property-assessment/resource/ee73430d-96c0-423e-ad21-c4cfb54c8961?q=PID%3A0101680000
BOS00880,19 ASHLEY ST,East Boston,MA,02128,1915,,R3,THREE-FAM DWELLING,Analyze Boston property-assessment FY2026 (rev),2026-10-04T04:36Z,0101682000,https://data.boston.gov/dataset/property-assessment/resource/ee73430d-96c0-423e-ad21-c4cfb54c8961?q=PID%3A0101682000
BOS00881,19 ASHLEY ST,East Boston,MA,02128,1900,,R2,TWO-FAM DWELLING,Analyze Boston property-assessment FY2026 (rev),2026-10-04T04:36Z,0101683000,https://data.boston.gov/dataset/property-assessment/resource/ee73430d-96c0-423e-ad21-c4cfb54c8961?q=PID%3A0101683000
BOS00882,21 ASHLEY ST,East Boston,MA,02128,1920,,R3,THREE-FAM DWELLING,Analyze Boston property-assessment FY2026 (rev),2026-10-04T04:36Z,0101684000,https://data.boston.gov/dataset/property-assessment/resource/ee73430d-96c0-423e-ad21-c4cfb54c8961?q=PID%3A0101684000
BOS00883,21 ASHLEY ST,East Boston,MA,02128,1923,,R2,TWO-FAM DWELLING,Analyze Boston property-assessment FY2026 (rev),2026-10-04T04:36Z,0101685000,https://data.boston.gov/dataset/property-assessment/resource/ee73430d-96c0-423e-ad21-c4cfb54c8961?q=PID%3A0101685000
BOS00884,23 ASHLEY ST,East Boston,MA,02128,1920,,R3,THREE-FAM DWELLING,Analyze Boston property-assessment FY2026 (rev),2026-10-04T04:36Z,0101686000,https://data.boston.gov/dataset/property-assessment/resource/ee73430d-96c0-423e-ad21-c4cfb54c8961?q=PID%3A0101686000
BOS00885,25 ASHLEY ST,East Boston,MA,02128,1900,,R2,TWO-FAM DWELLING,Analyze Boston property-assessment FY2026 (rev),2026-10-04T04:36Z,0101687000,https://data.boston.gov/dataset/property-assessment/resource/ee73430d-96c0-423e-ad21-c4cfb54c8961?q=PID%3A0101687000
BOS00886,33 ASHLEY ST,East Boston,MA,02128,2004,,R2,TWO-FAM DWELLING,Analyze Boston property-assessment FY2026 (rev),2026-10-04T04:36Z,0101689000,https://data.boston.gov/dataset/property-assessment/resource/ee73430d-96c0-423e-ad21-c4cfb54c8961?q=PID%3A0101689000
BOS00887,35 ASHLEY ST,East Boston,MA,02128,1910,,R2,TWO-FAM DWELLING,Analyze Boston property-assessment FY2026 (rev),2026-10-04T04:36Z,0101690000,https://data.boston.gov/dataset/property-assessment/resource/ee73430d-96c0-423e-ad21-c4cfb54c8961?q=PID%3A0101690000
BOS00888,39 ASHLEY ST,East Boston,MA,02128,1900,,R2,TWO-FAM DWELLING,Analyze Boston property-assessment FY2026 (rev),2026-10-04T04:36Z,0101691000,https://data.boston.gov/dataset/property-assessment/resource/ee73430d-96c0-423e-ad21-c4cfb54c8961?q=PID%3A0101691000
BOS00889,41 ASHLEY ST,East Boston,MA,02128,1900,,R3,MULTIPLE BLDGS/1 LOT,Analyze Boston property-assessment FY2026 (rev),2026-10-04T04:36Z,0101692000,https://data.boston.gov/dataset/property-assessment/resource/ee73430d-96c0-423e-ad21-c4cfb54c8961?q=PID%3A0101692000
BOS00890,215 Leyden ST,East Boston,MA,02128,1910,,R4,APT 4-6 UNITS,Analyze Boston property-assessment FY2026 (rev),2026-10-04T04:36Z,0101694000,https://data.boston.gov/dataset/property-assessment/resource/ee73430d-96c0-423e-ad21-c4cfb54c8961?q=PID%3A0101694000
BOS00891,219 Leyden ST,East Boston,MA,02128,1900,,R2,TWO-FAM DWELLING,Analyze Boston property-assessment FY2026 (rev),2026-10-04T04:36Z,0101695000,https://data.boston.gov/dataset/property-assessment/resource/ee73430d-96c0-423e-ad21-c4cfb54c8961?q=PID%3A0101695000
BOS00892,225 Leyden ST,East Boston,MA,02128,1916,,R3,THREE-FAM DWELLING,Analyze Boston property-assessment FY2026 (rev),2026-10-04T04:36Z,0101698000,https://data.boston.gov/dataset/property-assessment/resource/ee73430d-96c0-423e-ad21-c4cfb54c8961?q=PID%3A0101698000
BOS00893,231 Leyden ST,East Boston,MA,02128,1890,,R3,THREE-FAM DWELLING,Analyze Boston property-assessment FY2026 (rev),2026-10-04T04:36Z,0101699000,https://data.boston.gov/dataset/property-assessment/resource/ee73430d-96c0-423e-ad21-c4cfb54c8961?q=PID%3A0101699000
BOS00894,239 Leyden ST,East Boston,MA,02128,1900,,R2,TWO-FAM DWELLING,Analyze Boston property-assessment FY2026 (rev),2026-10-04T04:36Z,0101702000,https://data.boston.gov/dataset/property-assessment/resource/ee73430d-96c0-423e-ad21-c4cfb54c8961?q=PID%3A0101702000
BOS00895,249 Leyden ST,East Boston,MA,02128,1900,,R2,TWO-FAM DWELLING,Analyze Boston property-assessment FY2026 (rev),2026-10-04T04:36Z,0101704000,https://data.boston.gov/dataset/property-assessment/resource/ee73430d-96c0-423e-ad21-c4cfb54c8961?q=PID%3A0101704000
BOS00896,1118 Bennington ST,East Boston,MA,02128,1900,,R2,TWO-FAM DWELLING,Analyze Boston property-assessment FY2026 (rev),2026-10-04T04:36Z,0101709000,https://data.boston.gov/dataset/property-assessment/resource/ee73430d-96c0-423e-ad21-c4cfb54c8961?q=PID%3A0101709000
BOS00897,1114 Bennington ST,East Boston,MA,02128,1900,,R3,THREE-FAM DWELLING,Analyze Boston property-assessment FY2026 (rev),2026-10-04T04:36Z,0101710000,https://data.boston.gov/dataset/property-assessment/resource/ee73430d-96c0-423e-ad21-c4cfb54c8961?q=PID%3A0101710000
BOS00898,1106 Bennington ST,East Boston,MA,02128,1930,,R2,TWO-FAM DWELLING,Analyze Boston property-assessment FY2026 (rev),2026-10-04T04:36Z,0101713000,https://data.boston.gov/dataset/property-assessment/resource/ee73430d-96c0-423e-ad21-c4cfb54c8961?q=PID%3A0101713000
BOS00899,1102 Bennington ST,East Boston,MA,02128,1900,,R3,THREE-FAM DWELLING,Analyze Boston property-assessment FY2026 (rev),2026-10-04T04:36Z,0101714000,https://data.boston.gov/dataset/property-assessment/resource/ee73430d-96c0-423e-ad21-c4cfb54c8961?q=PID%3A0101714000
BOS00900,1100 Bennington ST,East Boston,MA,02128,1900,,R3,THREE-FAM DWELLING,Analyze Boston property-assessment FY2026 (rev),2026-10-04T04:36Z,0101715000,https://data.boston.gov/dataset/property-assessment/resource/ee73430d-96c0-423e-ad21-c4cfb54c8961?q=PID%3A0101715000
BOS00901,1096 Bennington ST,East Boston,MA,02128,1900,,R3,THREE-FAM DWELLING,Analyze Boston property-assessment FY2026 (rev),2026-10-04T04:36Z,0101717000,https://data.boston.gov/dataset/property-assessment/resource/ee73430d-96c0-423e-ad21-c4cfb54c8961?q=PID%3A0101717000
BOS00902,1092 Bennington ST,East Boston,MA,02128,1900,,R3,THREE-FAM DWELLING,Analyze Boston property-assessment FY2026 (rev),2026-10-04T04:36Z,0101718000,https://data.boston.gov/dataset/property-assessment/resource/ee73430d-96c0-423e-ad21-c4cfb54c8961?q=PID%3A0101718000
BOS00903,1088 Bennington ST,East Boston,MA,02128,1900,,R3,THREE-FAM DWELLING,Analyze Boston property-assessment FY2026 (rev),2026-10-04T04:36Z,0101719000,https://data.boston.gov/dataset/property-assessment/resource/ee73430d-96c0-423e-ad21-c4cfb54c8961?q=PID%3A0101719000
BOS00904,1 BLACKINTON ST,East Boston,MA,02128,1899,,R4,APT 4-6 UNITS,Analyze Boston property-assessment FY2026 (rev),2026-10-04T04:36Z,0101720000,https://data.boston.gov/dataset/property-assessment/resource/ee73430d-96c0-423e-ad21-c4cfb54c8961?q=PID%3A0101720000
BOS00905,7 BLACKINTON ST,East Boston,MA,02128,1900,,R3,THREE-FAM DWELLING,Analyze Boston property-assessment FY2026 (rev),2026-10-04T04:36Z,0101721000,https://data.boston.gov/dataset/property-assessment/resource/ee73430d-96c0-423e-ad21-c4cfb54c8961?q=PID%3A0101721000
BOS00906,11 BLACKINTON ST,East Boston,MA,02128,1900,,A,SUBSD HOUSING S- 8,Analyze Boston property-assessment FY2026 (rev),2026-10-04T04:36Z,0101722000,https://data.boston.gov/dataset/property-assessment/resource/ee73430d-96c0-423e-ad21-c4cfb54c8961?q=PID%3A0101722000
BOS00907,8 FORD ST,East Boston,MA,02128,1910,,R4,APT 4-6 UNITS,Analyze Boston property-assessment FY2026 (rev),2026-10-04T04:36Z,0101723000,https://data.boston.gov/dataset/property-assessment/resource/ee73430d-96c0-423e-ad21-c4cfb54c8961?q=PID%3A0101723000
BOS00908,8 FORD ST,East Boston,MA,02128,2023,,R3,THREE-FAM DWELLING,Analyze Boston property-assessment FY2026 (rev),2026-10-04T04:36Z,0101723010,https://data.boston.gov/dataset/property-assessment/resource/ee73430d-96c0-423e-ad21-c4cfb54c8961?q=PID%3A0101723010
BOS00909,6 FORD ST,East Boston,MA,02128,1910,,R4,APT 4-6 UNITS,Analyze Boston property-assessment FY2026 (rev),2026-10-04T04:36Z,0101724000,https://data.boston.gov/dataset/property-assessment/resource/ee73430d-96c0-423e-ad21-c4cfb54c8961?q=PID%3A0101724000
BOS00910,4 FORD ST,East Boston,MA,02128,1910,,R2,TWO-FAM DWELLING,Analyze Boston property-assessment FY2026 (rev),2026-10-04T04:36Z,0101725000,https://data.boston.gov/dataset/property-assessment/resource/ee73430d-96c0-423e-ad21-c4cfb54c8961?q=PID%3A0101725000
BOS00911,9 Boardman ST,East Boston,MA,02128,1899,,R4,APT 4-6 UNITS,Analyze Boston property-assessment FY2026 (rev),2026-10-04T04:36Z,0101728000,https://data.boston.gov/dataset/property-assessment/resource/ee73430d-96c0-423e-ad21-c4cfb54c8961?q=PID%3A0101728000
BOS00912,11 Boardman ST,East Boston,MA,02128,1910,,R4,APT 4-6 UNITS,Analyze Boston property-assessment FY2026 (rev),2026-10-04T04:36Z,0101729000,https://data.boston.gov/dataset/property-assessment/resource/ee73430d-96c0-423e-ad21-c4cfb54c8961?q=PID%3A0101729000
BOS00913,15 Boardman ST,East Boston,MA,02128,1889,,R3,THREE-FAM DWELLING,Analyze Boston property-assessment FY2026 (rev),2026-10-04T04:36Z,0101730000,https://data.boston.gov/dataset/property-assessment/resource/ee73430d-96c0-423e-ad21-c4cfb54c8961?q=PID%3A0101730000
BOS00914,19 Boardman ST,East Boston,MA,02128,1910,,R3,THREE-FAM DWELLING,Analyze Boston property-assessment FY2026 (rev),2026-10-04T04:36Z,0101731000,https://data.boston.gov/dataset/property-assessment/resource/ee73430d-96c0-423e-ad21-c4cfb54c8961?q=PID%3A0101731000
BOS00915,23 Boardman ST,East Boston,MA,02128,1910,,R3,THREE-FAM DWELLING,Analyze Boston property-assessment FY2026 (rev),2026-10-04T04:36Z,0101732000,https://data.boston.gov/dataset/property-assessment/resource/ee73430d-96c0-423e-ad21-c4cfb54c8961?q=PID%3A0101732000
BOS00916,49 Boardman ST,East Boston,MA,02128,1906,,R2,TWO-FAM DWELLING,Analyze Boston property-assessment FY2026 (rev),2026-10-04T04:36Z,0101740000,https://data.boston.gov/dataset/property-assessment/resource/ee73430d-96c0-423e-ad21-c4cfb54c8961?q=PID%3A0101740000
BOS00917,53 Boardman ST,East Boston,MA,02128,1920,,R2,TWO-FAM DWELLING,Analyze Boston property-assessment FY2026 (rev),2026-10-04T04:36Z,0101741000,https://data.boston.gov/dataset/property-assessment/resource/ee73430d-96c0-423e-ad21-c4cfb54c8961?q=PID%3A0101741000
BOS00918,100 ASHLEY ST,East Boston,MA,02128,1947,,R2,TWO-FAM DWELLING,Analyze Boston property-assessment FY2026 (rev),2026-10-04T04:36Z,0101745000,https://data.boston.gov/dataset/property-assessment/resource/ee73430d-96c0-423e-ad21-c4cfb54c8961?q=PID%3A0101745000
BOS00919,92 ASHLEY ST,East Boston,MA,02128,1910,,R2,TWO-FAM DWELLING,Analyze Boston property-assessment FY2026 (rev),2026-10-04T04:36Z,0101746001,https://data.boston.gov/dataset/property-assessment/resource/ee73430d-96c0-423e-ad21-c4cfb54c8961?q=PID%3A0101746001
BOS00920,88 ASHLEY ST,East Boston,MA,02128,2022,,R2,TWO-FAM DWELLING,Analyze Boston property-assessment FY2026 (rev),2026-10-04T04:36Z,0101747000,https://data.boston.gov/dataset/property-assessment/resource/ee73430d-96c0-423e-ad21-c4cfb54c8961?q=PID%3A0101747000
BOS00921,16 WHITBY ST,East Boston,MA,02128,2023,,A,APT 7-30 UNITS,Analyze Boston property-assessment FY2026 (rev),2026-10-04T04:36Z,0101753000,https://data.boston.gov/dataset/property-assessment/resource/ee73430d-96c0-423e-ad21-c4cfb54c8961?q=PID%3A0101753000
BOS00922,12 WHITBY ST,East Boston,MA,02128,1918,,R3,THREE-FAM DWELLING,Analyze Boston property-assessment FY2026 (rev),2026-10-04T04:36Z,0101754000,https://data.boston.gov/dataset/property-assessment/resource/ee73430d-96c0-423e-ad21-c4cfb54c8961?q=PID%3A0101754000
BOS00923,10 WHITBY ST,East Boston,MA,02128,1910,,R3,THREE-FAM DWELLING,Analyze Boston property-assessment FY2026 (rev),2026-10-04T04:36Z,0101755000,https://data.boston.gov/dataset/property-assessment/resource/ee73430d-96c0-423e-ad21-c4cfb54c8961?q=PID%3A0101755000
BOS00924,9 WHITBY ST,East Boston,MA,02128,1900,,R3,THREE-FAM DWELLING,Analyze Boston property-assessment FY2026 (rev),2026-10-04T04:36Z,0101760000,https://data.boston.gov/dataset/property-assessment/resource/ee73430d-96c0-423e-ad21-c4cfb54c8961?q=PID%3A0101760000
BOS00925,21 WHITBY ST,East Boston,MA,02128,1900,,R2,TWO-FAM DWELLING,Analyze Boston property-assessment FY2026 (rev),2026-10-04T04:36Z,0101762000,https://data.boston.gov/dataset/property-assessment/resource/ee73430d-96c0-423e-ad21-c4cfb54c8961?q=PID%3A0101762000
BOS00926,52 ASHLEY ST,East Boston,MA,02128,1930,,R2,TWO-FAM DWELLING,Analyze Boston property-assessment FY2026 (rev),2026-10-04T04:36Z,0101766000,https://data.boston.gov/dataset/property-assessment/resource/ee73430d-96c0-423e-ad21-c4cfb54c8961?q=PID%3A0101766000
BOS00927,46 Breed ST,East Boston,MA,02128,1910,,R3,THREE-FAM DWELLING,Analyze Boston property-assessment FY2026 (rev),2026-10-04T04:36Z,0101767000,https://data.boston.gov/dataset/property-assessment/resource/ee73430d-96c0-423e-ad21-c4cfb54c8961?q=PID%3A0101767000
BOS00928,42 Breed ST,East Boston,MA,02128,1928,,R3,THREE-FAM DWELLING,Analyze Boston property-assessment FY2026 (rev),2026-10-04T04:36Z,0101769000,https://data.boston.gov/dataset/property-assessment/resource/ee73430d-96c0-423e-ad21-c4cfb54c8961?q=PID%3A0101769000
BOS00929,40 Breed ST,East Boston,MA,02128,1928,,R3,THREE-FAM DWELLING,Analyze Boston property-assessment FY2026 (rev),2026-10-04T04:36Z,0101770000,https://data.boston.gov/dataset/property-assessment/resource/ee73430d-96c0-423e-ad21-c4cfb54c8961?q=PID%3A0101770000
BOS00930,49 ASHLEY ST,East Boston,MA,02128,1920,,R2,TWO-FAM DWELLING,Analyze Boston property-assessment FY2026 (rev),2026-10-04T04:36Z,0101771000,https://data.boston.gov/dataset/property-assessment/resource/ee73430d-96c0-423e-ad21-c4cfb54c8961?q=PID%3A0101771000
BOS00931,87 ASHLEY ST,East Boston,MA,02128,1938,,R2,TWO-FAM DWELLING,Analyze Boston property-assessment FY2026 (rev),2026-10-04T04:36Z,0101777000,https://data.boston.gov/dataset/property-assessment/resource/ee73430d-96c0-423e-ad21-c4cfb54c8961?q=PID%3A0101777000
BOS00932,91 ASHLEY ST,East Boston,MA,02128,1915,,R3,THREE-FAM DWELLING,Analyze Boston property-assessment FY2026 (rev),2026-10-04T04:36Z,0101778000,https://data.boston.gov/dataset/property-assessment/resource/ee73430d-96c0-423e-ad21-c4cfb54c8961?q=PID%3A0101778000
BOS00933,115 ASHLEY ST,East Boston,MA,02128,1965,,R2,TWO-FAM DWELLING,Analyze Boston property-assessment FY2026 (rev),2026-10-04T04:36Z,0101784000,https://data.boston.gov/dataset/property-assessment/resource/ee73430d-96c0-423e-ad21-c4cfb54c8961?q=PID%3A0101784000
BOS00934,145 ASHLEY ST,East Boston,MA,02128,1960,,R2,TWO-FAM DWELLING,Analyze Boston property-assessment FY2026 (rev),2026-10-04T04:36Z,0101790000,https://data.boston.gov/dataset/property-assessment/resource/ee73430d-96c0-423e-ad21-c4cfb54c8961?q=PID%3A0101790000
BOS00935,111 Boardman ST,East Boston,MA,02128,1910,,R3,THREE-FAM DWELLING,Analyze Boston property-assessment FY2026 (rev),2026-10-04T04:36Z,0101796000,https://data.boston.gov/dataset/property-assessment/resource/ee73430d-96c0-423e-ad21-c4cfb54c8961?q=PID%3A0101796000
BOS00936,29 Leyden ST,East Boston,MA,02128,1875,,R3,THREE-FAM DWELLING,Analyze Boston property-assessment FY2026 (rev),2026-10-04T04:36Z,0101799000,https://data.boston.gov/dataset/property-assessment/resource/ee73430d-96c0-423e-ad21-c4cfb54c8961?q=PID%3A0101799000
BOS00937,55 Leyden ST,East Boston,MA,02128,1900,,R3,THREE-FAM DWELLING,Analyze Boston property-assessment FY2026 (rev),2026-10-04T04:36Z,0101804000,https://data.boston.gov/dataset/property-assessment/resource/ee73430d-96c0-423e-ad21-c4cfb54c8961?q=PID%3A0101804000
BOS00938,61 Leyden ST,East Boston,MA,02128,1910,,R2,TWO-FAM DWELLING,Analyze Boston property-assessment FY2026 (rev),2026-10-04T04:36Z,0101805001,https://data.boston.gov/dataset/property-assessment/resource/ee73430d-96c0-423e-ad21-c4cfb54c8961?q=PID%3A0101805001
BOS00939,63 Leyden ST,East Boston,MA,02128,1910,,R3,THREE-FAM DWELLING,Analyze Boston property-assessment FY2026 (rev),2026-10-04T04:36Z,0101806000,https://data.boston.gov/dataset/property-assessment/resource/ee73430d-96c0-423e-ad21-c4cfb54c8961?q=PID%3A0101806000
BOS00940,67 Leyden ST,East Boston,MA,02128,1917,,R2,TWO-FAM DWELLING,Analyze Boston property-assessment FY2026 (rev),2026-10-04T04:36Z,0101807000,https://data.boston.gov/dataset/property-assessment/resource/ee73430d-96c0-423e-ad21-c4cfb54c8961?q=PID%3A0101807000
BOS00941,71 Leyden ST,East Boston,MA,02128,1886,,R3,THREE-FAM DWELLING,Analyze Boston property-assessment FY2026 (rev),2026-10-04T04:36Z,0101808000,https://data.boston.gov/dataset/property-assessment/resource/ee73430d-96c0-423e-ad21-c4cfb54c8961?q=PID%3A0101808000
BOS00942,75 Leyden ST,East Boston,MA,02128,2018,,R4,APT 4-6 UNITS,Analyze Boston property-assessment FY2026 (rev),2026-10-04T04:36Z,0101809000,https://data.boston.gov/dataset/property-assessment/resource/ee73430d-96c0-423e-ad21-c4cfb54c8961?q=PID%3A0101809000
BOS00943,79 Leyden ST,East Boston,MA,02128,1900,,R3,THREE-FAM DWELLING,Analyze Boston property-assessment FY2026 (rev),2026-10-04T04:36Z,0101810000,https://data.boston.gov/dataset/property-assessment/resource/ee73430d-96c0-423e-ad21-c4cfb54c8961?q=PID%3A0101810000
BOS00944,83 Leyden ST,East Boston,MA,02128,1910,,R3,THREE-FAM DWELLING,Analyze Boston property-assessment FY2026 (rev),2026-10-04T04:36Z,0101811000,https://data.boston.gov/dataset/property-assessment/resource/ee73430d-96c0-423e-ad21-c4cfb54c8961?q=PID%3A0101811000
BOS00945,87 Leyden ST,East Boston,MA,02128,1910,,R3,THREE-FAM DWELLING,Analyze Boston property-assessment FY2026 (rev),2026-10-04T04:36Z,0101812000,https://data.boston.gov/dataset/property-assessment/resource/ee73430d-96c0-423e-ad21-c4cfb54c8961?q=PID%3A0101812000
BOS00946,91 Leyden ST,East Boston,MA,02128,1910,,R2,TWO-FAM DWELLING,Analyze Boston property-assessment FY2026 (rev),2026-10-04T04:36Z,0101813000,https://data.boston.gov/dataset/property-assessment/resource/ee73430d-96c0-423e-ad21-c4cfb54c8961?q=PID%3A0101813000
BOS00947,93 Leyden ST,East Boston,MA,02128,1980,,R2,TWO-FAM DWELLING,Analyze Boston property-assessment FY2026 (rev),2026-10-04T04:36Z,0101814000,https://data.boston.gov/dataset/property-assessment/resource/ee73430d-96c0-423e-ad21-c4cfb54c8961?q=PID%3A0101814000
BOS00948,101 Leyden ST,East Boston,MA,02128,1899,,R3,THREE-FAM DWELLING,Analyze Boston property-assessment FY2026 (rev),2026-10-04T04:36Z,0101815000,https://data.boston.gov/dataset/property-assessment/resource/ee73430d-96c0-423e-ad21-c4cfb54c8961?q=PID%3A0101815000
BOS00949,103 Leyden ST,East Boston,MA,02128,1899,,R4,APT 4-6 UNITS,Analyze Boston property-assessment FY2026 (rev),2026-10-04T04:36Z,0101816000,https://data.boston.gov/dataset/property-assessment/resource/ee73430d-96c0-423e-ad21-c4cfb54c8961?q=PID%3A0101816000
BOS00950,109 Leyden ST,East Boston,MA,02128,1956,,R2,TWO-FAM DWELLING,Analyze Boston property-assessment FY2026 (rev),2026-10-04T04:36Z,0101817000,https://data.boston.gov/dataset/property-assessment/resource/ee73430d-96c0-423e-ad21-c4cfb54c8961?q=PID%3A0101817000
BOS00951,113 Leyden ST,East Boston,MA,02128,1952,,R2,TWO-FAM DWELLING,Analyze Boston property-assessment FY2026 (rev),2026-10-04T04:36Z,0101818000,https://data.boston.gov/dataset/property-assessment/resource/ee73430d-96c0-423e-ad21-c4cfb54c8961?q=PID%3A0101818000
BOS00952,115 Leyden ST,East Boston,MA,02128,1885,,R3,THREE-FAM DWELLING,Analyze Boston property-assessment FY2026 (rev),2026-10-04T04:36Z,0101819000,https://data.boston.gov/dataset/property-assessment/resource/ee73430d-96c0-423e-ad21-c4cfb54c8961?q=PID%3A0101819000
BOS00953,125 Leyden ST,East Boston,MA,02128,1910,,R3,THREE-FAM DWELLING,Analyze Boston property-assessment FY2026 (rev),2026-10-04T04:36Z,0101820000,https://data.boston.gov/dataset/property-assessment/resource/ee73430d-96c0-423e-ad21-c4cfb54c8961?q=PID%3A0101820000
BOS00954,129 Leyden ST,East Boston,MA,02128,1910,,R2,TWO-FAM DWELLING,Analyze Boston property-assessment FY2026 (rev),2026-10-04T04:36Z,0101821000,https://data.boston.gov/dataset/property-assessment/resource/ee73430d-96c0-423e-ad21-c4cfb54c8961?q=PID%3A0101821000
BOS00955,131 Leyden ST,East Boston,MA,02128,1910,,R3,THREE-FAM DWELLING,Analyze Boston property-assessment FY2026 (rev),2026-10-04T04:36Z,0101822000,https://data.boston.gov/dataset/property-assessment/resource/ee73430d-96c0-423e-ad21-c4cfb54c8961?q=PID%3A0101822000
BOS00956,137 Leyden ST,East Boston,MA,02128,1910,,R3,THREE-FAM DWELLING,Analyze Boston property-assessment FY2026 (rev),2026-10-04T04:36Z,0101824000,https://data.boston.gov/dataset/property-assessment/resource/ee73430d-96c0-423e-ad21-c4cfb54c8961?q=PID%3A0101824000
BOS00957,139 Leyden ST,East Boston,MA,02128,1918,,R2,TWO-FAM DWELLING,Analyze Boston property-assessment FY2026 (rev),2026-10-04T04:36Z,0101825000,https://data.boston.gov/dataset/property-assessment/resource/ee73430d-96c0-423e-ad21-c4cfb54c8961?q=PID%3A0101825000
BOS00958,90 Gladstone ST,East Boston,MA,02128,1915,,R3,THREE-FAM DWELLING,Analyze Boston property-assessment FY2026 (rev),2026-10-04T04:36Z,0101826000,https://data.boston.gov/dataset/property-assessment/resource/ee73430d-96c0-423e-ad21-c4cfb54c8961?q=PID%3A0101826000
BOS00959,88 Gladstone ST,East Boston,MA,02128,1910,,R2,TWO-FAM DWELLING,Analyze Boston property-assessment FY2026 (rev),2026-10-04T04:36Z,0101827000,https://data.boston.gov/dataset/property-assessment/resource/ee73430d-96c0-423e-ad21-c4cfb54c8961?q=PID%3A0101827000
BOS00960,72 Gladstone ST,East Boston,MA,02128,1910,,A,SUBSD HOUSING S- 8,Analyze Boston property-assessment FY2026 (rev),2026-10-04T04:36Z,0101829000,https://data.boston.gov/dataset/property-assessment/resource/ee73430d-96c0-423e-ad21-c4cfb54c8961?q=PID%3A0101829000
BOS00961,66 Gladstone ST,East Boston,MA,02128,1910,,R2,TWO-FAM DWELLING,Analyze Boston property-assessment FY2026 (rev),2026-10-04T04:36Z,0101830000,https://data.boston.gov/dataset/property-assessment/resource/ee73430d-96c0-423e-ad21-c4cfb54c8961?q=PID%3A0101830000
BOS00962,60 Gladstone ST,East Boston,MA,02128,1915,,R2,TWO-FAM DWELLING,Analyze Boston property-assessment FY2026 (rev),2026-10-04T04:36Z,0101831000,https://data.boston.gov/dataset/property-assessment/resource/ee73430d-96c0-423e-ad21-c4cfb54c8961?q=PID%3A0101831000
BOS00963,56 Gladstone ST,East Boston,MA,02128,1915,,R2,TWO-FAM DWELLING,Analyze Boston property-assessment FY2026 (rev),2026-10-04T04:36Z,0101833000,https://data.boston.gov/dataset/property-assessment/resource/ee73430d-96c0-423e-ad21-c4cfb54c8961?q=PID%3A0101833000
BOS00964,46 Gladstone ST,East Boston,MA,02128,1915,,R2,TWO-FAM DWELLING,Analyze Boston property-assessment FY2026 (rev),2026-10-04T04:36Z,0101835000,https://data.boston.gov/dataset/property-assessment/resource/ee73430d-96c0-423e-ad21-c4cfb54c8961?q=PID%3A0101835000
BOS00965,40 Gladstone ST,East Boston,MA,02128,1950,,R2,TWO-FAM DWELLING,Analyze Boston property-assessment FY2026 (rev),2026-10-04T04:36Z,0101837000,https://data.boston.gov/dataset/property-assessment/resource/ee73430d-96c0-423e-ad21-c4cfb54c8961?q=PID%3A0101837000
BOS00966,34 Gladstone ST,East Boston,MA,02128,1905,,R2,TWO-FAM DWELLING,Analyze Boston property-assessment FY2026 (rev),2026-10-04T04:36Z,0101839000,https://data.boston.gov/dataset/property-assessment/resource/ee73430d-96c0-423e-ad21-c4cfb54c8961?q=PID%3A0101839000
BOS00967,24 Gladstone ST,East Boston,MA,02128,1905,,R3,THREE-FAM DWELLING,Analyze Boston property-assessment FY2026 (rev),2026-10-04T04:36Z,0101841000,https://data.boston.gov/dataset/property-assessment/resource/ee73430d-96c0-423e-ad21-c4cfb54c8961?q=PID%3A0101841000
BOS00968,18 Gladstone ST,East Boston,MA,02128,1905,,R3,THREE-FAM DWELLING,Analyze Boston property-assessment FY2026 (rev),2026-10-04T04:36Z,0101842000,https://data.boston.gov/dataset/property-assessment/resource/ee73430d-96c0-423e-ad21-c4cfb54c8961?q=PID%3A0101842000
BOS00969,8 Gladstone ST,East Boston,MA,02128,1925,,R2,TWO-FAM DWELLING,Analyze Boston property-assessment FY2026 (rev),2026-10-04T04:36Z,0101844000,https://data.boston.gov/dataset/property-assessment/resource/ee73430d-96c0-423e-ad21-c4cfb54c8961?q=PID%3A0101844000
BOS00970,1148 Bennington ST,East Boston,MA,02128,1900,,R3,THREE-FAM DWELLING,Analyze Boston property-assessment FY2026 (rev),2026-10-04T04:36Z,0101848000,https://data.boston.gov/dataset/property-assessment/resource/ee73430d-96c0-423e-ad21-c4cfb54c8961?q=PID%3A0101848000
BOS00971,1144 Bennington ST,East Boston,MA,02128,1910,,R3,THREE-FAM DWELLING,Analyze Boston property-assessment FY2026 (rev),2026-10-04T04:36Z,0101849000,https://data.boston.gov/dataset/property-assessment/resource/ee73430d-96c0-423e-ad21-c4cfb54c8961?q=PID%3A0101849000
BOS00972,258 Leyden ST,East Boston,MA,02128,1910,,R3,THREE-FAM DWELLING,Analyze Boston property-assessment FY2026 (rev),2026-10-04T04:36Z,0101850000,https://data.boston.gov/dataset/property-assessment/resource/ee73430d-96c0-423e-ad21-c4cfb54c8961?q=PID%3A0101850000
BOS00973,256 Leyden ST,East Boston,MA,02128,1900,,R2,TWO-FAM DWELLING,Analyze Boston property-assessment FY2026 (rev),2026-10-04T04:36Z,0101851000,https://data.boston.gov/dataset/property-assessment/resource/ee73430d-96c0-423e-ad21-c4cfb54c8961?q=PID%3A0101851000
BOS00974,252 Leyden ST,East Boston,MA,02128,2005,,R2,TWO-FAM DWELLING,Analyze Boston property-assessment FY2026 (rev),2026-10-04T04:36Z,0101852000,https://data.boston.gov/dataset/property-assessment/resource/ee73430d-96c0-423e-ad21-c4cfb54c8961?q=PID%3A0101852000
BOS00975,250 Leyden ST,East Boston,MA,02128,1900,,R3,THREE-FAM DWELLING,Analyze Boston property-assessment FY2026 (rev),2026-10-04T04:36Z,0101853000,https://data.boston.gov/dataset/property-assessment/resource/ee73430d-96c0-423e-ad21-c4cfb54c8961?q=PID%3A0101853000
BOS00976,246 Leyden ST,East Boston,MA,02128,1900,,R3,THREE-FAM DWELLING,Analyze Boston property-assessment FY2026 (rev),2026-10-04T04:36Z,0101854000,https://data.boston.gov/dataset/property-assessment/resource/ee73430d-96c0-423e-ad21-c4cfb54c8961?q=PID%3A0101854000
BOS00977,244 Leyden ST,East Boston,MA,02128,1900,,R3,THREE-FAM DWELLING,Analyze Boston property-assessment FY2026 (rev),2026-10-04T04:36Z,0101855000,https://data.boston.gov/dataset/property-assessment/resource/ee73430d-96c0-423e-ad21-c4cfb54c8961?q=PID%3A0101855000
BOS00978,242 Leyden ST,East Boston,MA,02128,1900,,R3,THREE-FAM DWELLING,Analyze Boston property-assessment FY2026 (rev),2026-10-04T04:36Z,0101856000,https://data.boston.gov/dataset/property-assessment/resource/ee73430d-96c0-423e-ad21-c4cfb54c8961?q=PID%3A0101856000
BOS00979,240 Leyden ST,East Boston,MA,02128,1900,,R3,THREE-FAM DWELLING,Analyze Boston property-assessment FY2026 (rev),2026-10-04T04:36Z,0101857000,https://data.boston.gov/dataset/property-assessment/resource/ee73430d-96c0-423e-ad21-c4cfb54c8961?q=PID%3A0101857000
BOS00980,226 Leyden ST,East Boston,MA,02128,1900,,R3,THREE-FAM DWELLING,Analyze Boston property-assessment FY2026 (rev),2026-10-04T04:36Z,0101859000,https://data.boston.gov/dataset/property-assessment/resource/ee73430d-96c0-423e-ad21-c4cfb54c8961?q=PID%3A0101859000
BOS00981,218 Leyden ST,East Boston,MA,02128,1900,,R2,TWO-FAM DWELLING,Analyze Boston property-assessment FY2026 (rev),2026-10-04T04:36Z,0101860001,https://data.boston.gov/dataset/property-assessment/resource/ee73430d-96c0-423e-ad21-c4cfb54c8961?q=PID%3A0101860001
BOS00982,200 Leyden ST,East Boston,MA,02128,1890,,R2,TWO-FAM DWELLING,Analyze Boston property-assessment FY2026 (rev),2026-10-04T04:36Z,0101864000,https://data.boston.gov/dataset/property-assessment/resource/ee73430d-96c0-423e-ad21-c4cfb54c8961?q=PID%3A0101864000
BOS00983,172 Gladstone ST,East Boston,MA,02128,1900,,R4,APT 4-6 UNITS,Analyze Boston property-assessment FY2026 (rev),2026-10-04T04:36Z,0101866000,https://data.boston.gov/dataset/property-assessment/resource/ee73430d-96c0-423e-ad21-c4cfb54c8961?q=PID%3A0101866000
BOS00984,136 Gladstone ST,East Boston,MA,02128,1918,,R2,TWO-FAM DWELLING,Analyze Boston property-assessment FY2026 (rev),2026-10-04T04:36Z,0101868000,https://data.boston.gov/dataset/property-assessment/resource/ee73430d-96c0-423e-ad21-c4cfb54c8961?q=PID%3A0101868000
BOS00985,126 Gladstone ST,East Boston,MA,02128,1910,,R2,TWO-FAM DWELLING,Analyze Boston property-assessment FY2026 (rev),2026-10-04T04:36Z,0101869000,https://data.boston.gov/dataset/property-assessment/resource/ee73430d-96c0-423e-ad21-c4cfb54c8961?q=PID%3A0101869000
BOS00986,124 Gladstone ST,East Boston,MA,02128,1920,,R3,THREE-FAM DWELLING,Analyze Boston property-assessment FY2026 (rev),2026-10-04T04:36Z,0101870000,https://data.boston.gov/dataset/property-assessment/resource/ee73430d-96c0-423e-ad21-c4cfb54c8961?q=PID%3A0101870000
BOS00987,122 Gladstone ST,East Boston,MA,02128,1910,,R3,THREE-FAM DWELLING,Analyze Boston property-assessment FY2026 (rev),2026-10-04T04:36Z,0101870001,https://data.boston.gov/dataset/property-assessment/resource/ee73430d-96c0-423e-ad21-c4cfb54c8961?q=PID%3A0101870001
BOS00988,120 Gladstone ST,East Boston,MA,02128,1910,,R4,APT 4-6 UNITS,Analyze Boston property-assessment FY2026 (rev),2026-10-04T04:36Z,0101871000,https://data.boston.gov/dataset/property-assessment/resource/ee73430d-96c0-423e-ad21-c4cfb54c8961?q=PID%3A0101871000
BOS00989,118 Gladstone ST,East Boston,MA,02128,1910,,R4,APT 4-6 UNITS,Analyze Boston property-assessment FY2026 (rev),2026-10-04T04:36Z,0101872000,https://data.boston.gov/dataset/property-assessment/resource/ee73430d-96c0-423e-ad21-c4cfb54c8961?q=PID%3A0101872000
BOS00990,116 Gladstone ST,East Boston,MA,02128,1910,,R3,THREE-FAM DWELLING,Analyze Boston property-assessment FY2026 (rev),2026-10-04T04:36Z,0101873000,https://data.boston.gov/dataset/property-assessment/resource/ee73430d-96c0-423e-ad21-c4cfb54c8961?q=PID%3A0101873000
BOS00991,114 Gladstone ST,East Boston,MA,02128,1910,,R3,THREE-FAM DWELLING,Analyze Boston property-assessment FY2026 (rev),2026-10-04T04:36Z,0101874000,https://data.boston.gov/dataset/property-assessment/resource/ee73430d-96c0-423e-ad21-c4cfb54c8961?q=PID%3A0101874000
BOS00992,112 Gladstone ST,East Boston,MA,02128,1910,,R3,THREE-FAM DWELLING,Analyze Boston property-assessment FY2026 (rev),2026-10-04T04:36Z,0101875000,https://data.boston.gov/dataset/property-assessment/resource/ee73430d-96c0-423e-ad21-c4cfb54c8961?q=PID%3A0101875000
BOS00993,110 Gladstone ST,East Boston,MA,02128,1915,,A,SUBSD HOUSING S- 8,Analyze Boston property-assessment FY2026 (rev),2026-10-04T04:36Z,0101876010,https://data.boston.gov/dataset/property-assessment/resource/ee73430d-96c0-423e-ad21-c4cfb54c8961?q=PID%3A0101876010
BOS00994,108 Gladstone ST,East Boston,MA,02128,1915,,R3,THREE-FAM DWELLING,Analyze Boston property-assessment FY2026 (rev),2026-10-04T04:36Z,0101876020,https://data.boston.gov/dataset/property-assessment/resource/ee73430d-96c0-423e-ad21-c4cfb54c8961?q=PID%3A0101876020
BOS00995,104 Gladstone ST,East Boston,MA,02128,1915,,R3,THREE-FAM DWELLING,Analyze Boston property-assessment FY2026 (rev),2026-10-04T04:36Z,0101878000,https://data.boston.gov/dataset/property-assessment/resource/ee73430d-96c0-423e-ad21-c4cfb54c8961?q=PID%3A0101878000
BOS00996,102 Gladstone ST,East Boston,MA,02128,1915,,R3,THREE-FAM DWELLING,Analyze Boston property-assessment FY2026 (rev),2026-10-04T04:36Z,0101878010,https://data.boston.gov/dataset/property-assessment/resource/ee73430d-96c0-423e-ad21-c4cfb54c8961?q=PID%3A0101878010
BOS00997,186 Leyden ST,East Boston,MA,02128,1900,,R3,THREE-FAM DWELLING,Analyze Boston property-assessment FY2026 (rev),2026-10-04T04:36Z,0101882000,https://data.boston.gov/dataset/property-assessment/resource/ee73430d-96c0-423e-ad21-c4cfb54c8961?q=PID%3A0101882000
BOS00998,182 Leyden ST,East Boston,MA,02128,1890,,R2,TWO-FAM DWELLING,Analyze Boston property-assessment FY2026 (rev),2026-10-04T04:36Z,0101883000,https://data.boston.gov/dataset/property-assessment/resource/ee73430d-96c0-423e-ad21-c4cfb54c8961?q=PID%3A0101883000
BOS00999,180 Leyden ST,East Boston,MA,02128,1890,,R2,TWO-FAM DWELLING,Analyze Boston property-assessment FY2026 (rev),2026-10-04T04:36Z,0101884000,https://data.boston.gov/dataset/property-assessment/resource/ee73430d-96c0-423e-ad21-c4cfb54c8961?q=PID%3A0101884000
BOS01000,168 Leyden ST,East Boston,MA,02128,1890,,A,SUBSD HOUSING S- 8,Analyze Boston property-assessment FY2026 (rev),2026-10-04T04:36Z,0101889000,https://data.boston.gov/dataset/property-assessment/resource/ee73430d-96c0-423e-ad21-c4cfb54c8961?q=PID%3A0101889000
BOS01001,166 Leyden ST,East Boston,MA,02128,1890,,A,SUBSD HOUSING S- 8,Analyze Boston property-assessment FY2026 (rev),2026-10-04T04:36Z,0101890000,https://data.boston.gov/dataset/property-assessment/resource/ee73430d-96c0-423e-ad21-c4cfb54c8961?q=PID%3A0101890000
BOS01002,164 Leyden ST,East Boston,MA,02128,1960,,R3,THREE-FAM DWELLING,Analyze Boston property-assessment FY2026 (rev),2026-10-04T04:36Z,0101891000,https://data.boston.gov/dataset/property-assessment/resource/ee73430d-96c0-423e-ad21-c4cfb54c8961?q=PID%3A0101891000
BOS01003,160 Leyden ST,East Boston,MA,02128,1900,,R2,TWO-FAM DWELLING,Analyze Boston property-assessment FY2026 (rev),2026-10-04T04:36Z,0101892000,https://data.boston.gov/dataset/property-assessment/resource/ee73430d-96c0-423e-ad21-c4cfb54c8961?q=PID%3A0101892000
BOS01004,117 Gladstone ST,East Boston,MA,02128,1928,,R3,MULTIPLE BLDGS/1 LOT,Analyze Boston property-assessment FY2026 (rev),2026-10-04T04:36Z,0101906000,https://data.boston.gov/dataset/property-assessment/resource/ee73430d-96c0-423e-ad21-c4cfb54c8961?q=PID%3A0101906000
BOS01005,98 ORIENT AV,East Boston,MA,02128,1915,,R3,THREE-FAM DWELLING,Analyze Boston property-assessment FY2026 (rev),2026-10-04T04:36Z,0101913000,https://data.boston.gov/dataset/property-assessment/resource/ee73430d-96c0-423e-ad21-c4cfb54c8961?q=PID%3A0101913000
BOS01006,90 ORIENT AV,East Boston,MA,02128,1930,,R3,THREE-FAM DWELLING,Analyze Boston property-assessment FY2026 (rev),2026-10-04T04:36Z,0101915000,https://data.boston.gov/dataset/property-assessment/resource/ee73430d-96c0-423e-ad21-c4cfb54c8961?q=PID%3A0101915000
BOS01007,88 ORIENT AV,East Boston,MA,02128,1956,,R2,TWO-FAM DWELLING,Analyze Boston property-assessment FY2026 (rev),2026-10-04T04:36Z,0101916000,https://data.boston.gov/dataset/property-assessment/resource/ee73430d-96c0-423e-ad21-c4cfb54c8961?q=PID%3A0101916000
BOS01008,84 ORIENT AV,East Boston,MA,02128,1935,,R3,THREE-FAM DWELLING,Analyze Boston property-assessment FY2026 (rev),2026-10-04T04:36Z,0101917000,https://data.boston.gov/dataset/property-assessment/resource/ee73430d-96c0-423e-ad21-c4cfb54c8961?q=PID%3A0101917000
BOS01009,82 ORIENT AV,East Boston,MA,02128,1950,,R2,TWO-FAM DWELLING,Analyze Boston property-assessment FY2026 (rev),2026-10-04T04:36Z,0101918000,https://data.boston.gov/dataset/property-assessment/resource/ee73430d-96c0-423e-ad21-c4cfb54c8961?q=PID%3A0101918000
BOS01010,80 ORIENT AV,East Boston,MA,02128,1910,,R2,TWO-FAM DWELLING,Analyze Boston property-assessment FY2026 (rev),2026-10-04T04:36Z,0101919000,https://data.boston.gov/dataset/property-assessment/resource/ee73430d-96c0-423e-ad21-c4cfb54c8961?q=PID%3A0101919000
BOS01011,76 ORIENT AV,East Boston,MA,02128,1910,,R2,TWO-FAM DWELLING,Analyze Boston property-assessment FY2026 (rev),2026-10-04T04:36Z,0101920000,https://data.boston.gov/dataset/property-assessment/resource/ee73430d-96c0-423e-ad21-c4cfb54c8961?q=PID%3A0101920000
BOS01012,72 ORIENT AV,East Boston,MA,02128,1920,,R2,TWO-FAM DWELLING,Analyze Boston property-assessment FY2026 (rev),2026-10-04T04:36Z,0101921000,https://data.boston.gov/dataset/property-assessment/resource/ee73430d-96c0-423e-ad21-c4cfb54c8961?q=PID%3A0101921000
BOS01013,60 ORIENT AV,East Boston,MA,02128,1918,,R2,TWO-FAM DWELLING,Analyze Boston property-assessment FY2026 (rev),2026-10-04T04:36Z,0101924000,https://data.boston.gov/dataset/property-assessment/resource/ee73430d-96c0-423e-ad21-c4cfb54c8961?q=PID%3A0101924000
BOS01014,54 ORIENT AV,East Boston,MA,02128,1918,,R2,TWO-FAM DWELLING,Analyze Boston property-assessment FY2026 (rev),2026-10-04T04:36Z,0101925000,https://data.boston.gov/dataset/property-assessment/resource/ee73430d-96c0-423e-ad21-c4cfb54c8961?q=PID%3A0101925000
BOS01015,42 ORIENT AV,East Boston,MA,02128,1918,,R2,TWO-FAM DWELLING,Analyze Boston property-assessment FY2026 (rev),2026-10-04T04:36Z,0101927000,https://data.boston.gov/dataset/property-assessment/resource/ee73430d-96c0-423e-ad21-c4cfb54c8961?q=PID%3A0101927000
BOS01016,40 ORIENT AV,East Boston,MA,02128,1900,,R3,THREE-FAM DWELLING,Analyze Boston property-assessment FY2026 (rev),2026-10-04T04:36Z,0101928000,https://data.boston.gov/dataset/property-assessment/resource/ee73430d-96c0-423e-ad21-c4cfb54c8961?q=PID%3A0101928000
BOS01017,36 ORIENT AV,East Boston,MA,02128,2024,,R2,TWO-FAM DWELLING,Analyze Boston property-assessment FY2026 (rev),2026-10-04T04:36Z,0101928010,https://data.boston.gov/dataset/property-assessment/resource/ee73430d-96c0-423e-ad21-c4cfb54c8961?q=PID%3A0101928010
BOS01018,32 ORIENT AV,East Boston,MA,02128,1900,,R2,TWO-FAM DWELLING,Analyze Boston property-assessment FY2026 (rev),2026-10-04T04:36Z,0101929000,https://data.boston.gov/dataset/property-assessment/resource/ee73430d-96c0-423e-ad21-c4cfb54c8961?q=PID%3A0101929000
BOS01019,28 ORIENT AV,East Boston,MA,02128,1927,,R2,TWO-FAM DWELLING,Analyze Boston property-assessment FY2026 (rev),2026-10-04T04:36Z,0101930000,https://data.boston.gov/dataset/property-assessment/resource/ee73430d-96c0-423e-ad21-c4cfb54c8961?q=PID%3A0101930000
BOS01020,24 ORIENT AV,East Boston,MA,02128,1910,,R2,TWO-FAM DWELLING,Analyze Boston property-assessment FY2026 (rev),2026-10-04T04:36Z,0101931000,https://data.boston.gov/dataset/property-assessment/resource/ee73430d-96c0-423e-ad21-c4cfb54c8961?q=PID%3A0101931000
BOS01021,20 ORIENT AV,East Boston,MA,02128,1920,,R3,THREE-FAM DWELLING,Analyze Boston property-assessment FY2026 (rev),2026-10-04T04:36Z,0101932000,https://data.boston.gov/dataset/property-assessment/resource/ee73430d-96c0-423e-ad21-c4cfb54c8961?q=PID%3A0101932000
BOS01022,16 ORIENT AV,East Boston,MA,02128,1957,,R2,TWO-FAM DWELLING,Analyze Boston property-assessment FY2026 (rev),2026-10-04T04:36Z,0101933000,https://data.boston.gov/dataset/property-assessment/resource/ee73430d-96c0-423e-ad21-c4cfb54c8961?q=PID%3A0101933000
BOS01023,12 ORIENT AV,East Boston,MA,02128,1910,,R2,TWO-FAM DWELLING,Analyze Boston property-assessment FY2026 (rev),2026-10-04T04:36Z,0101934000,https://data.boston.gov/dataset/property-assessment/resource/ee73430d-96c0-423e-ad21-c4cfb54c8961?q=PID%3A0101934000
BOS01024,8 ORIENT AV,East Boston,MA,02128,1910,,R2,TWO-FAM DWELLING,Analyze Boston property-assessment FY2026 (rev),2026-10-04T04:36Z,0101935000,https://data.boston.gov/dataset/property-assessment/resource/ee73430d-96c0-423e-ad21-c4cfb54c8961?q=PID%3A0101935000
BOS01025,5 Gladstone ST,East Boston,MA,02128,1930,,R2,TWO-FAM DWELLING,Analyze Boston property-assessment FY2026 (rev),2026-10-04T04:36Z,0101937000,https://data.boston.gov/dataset/property-assessment/resource/ee73430d-96c0-423e-ad21-c4cfb54c8961?q=PID%3A0101937000
BOS01026,9 Gladstone ST,East Boston,MA,02128,1915,,R2,TWO-FAM DWELLING,Analyze Boston property-assessment FY2026 (rev),2026-10-04T04:36Z,0101939000,https://data.boston.gov/dataset/property-assessment/resource/ee73430d-96c0-423e-ad21-c4cfb54c8961?q=PID%3A0101939000
BOS01027,17 Gladstone ST,East Boston,MA,02128,1885,,R3,THREE-FAM DWELLING,Analyze Boston property-assessment FY2026 (rev),2026-10-04T04:36Z,0101940000,https://data.boston.gov/dataset/property-assessment/resource/ee73430d-96c0-423e-ad21-c4cfb54c8961?q=PID%3A0101940000
BOS01028,21 Gladstone ST,East Boston,MA,02128,1915,,R3,THREE-FAM DWELLING,Analyze Boston property-assessment FY2026 (rev),2026-10-04T04:36Z,0101941000,https://data.boston.gov/dataset/property-assessment/resource/ee73430d-96c0-423e-ad21-c4cfb54c8961?q=PID%3A0101941000
BOS01029,25 Gladstone ST,East Boston,MA,02128,1918,,R3,THREE-FAM DWELLING,Analyze Boston property-assessment FY2026 (rev),2026-10-04T04:36Z,0101942000,https://data.boston.gov/dataset/property-assessment/resource/ee73430d-96c0-423e-ad21-c4cfb54c8961?q=PID%3A0101942000
BOS01030,33 Gladstone ST,East Boston,MA,02128,1910,,R3,THREE-FAM DWELLING,Analyze Boston property-assessment FY2026 (rev),2026-10-04T04:36Z,0101943000,https://data.boston.gov/dataset/property-assessment/resource/ee73430d-96c0-423e-ad21-c4cfb54c8961?q=PID%3A0101943000
BOS01031,37 Gladstone ST,East Boston,MA,02128,1915,,R3,THREE-FAM DWELLING,Analyze Boston property-assessment FY2026 (rev),2026-10-04T04:36Z,0101944000,https://data.boston.gov/dataset/property-assessment/resource/ee73430d-96c0-423e-ad21-c4cfb54c8961?q=PID%3A0101944000
BOS01032,47 Gladstone ST,East Boston,MA,02128,1950,,R2,TWO-FAM DWELLING,Analyze Boston property-assessment FY2026 (rev),2026-10-04T04:36Z,0101947000,https://data.boston.gov/dataset/property-assessment/resource/ee73430d-96c0-423e-ad21-c4cfb54c8961?q=PID%3A0101947000
BOS01033,57 Gladstone ST,East Boston,MA,02128,1915,,R2,TWO-FAM DWELLING,Analyze Boston property-assessment FY2026 (rev),2026-10-04T04:36Z,0101949000,https://data.boston.gov/dataset/property-assessment/resource/ee73430d-96c0-423e-ad21-c4cfb54c8961?q=PID%3A0101949000
BOS01034,61 Gladstone ST,East Boston,MA,02128,1915,,R2,TWO-FAM DWELLING,Analyze Boston property-assessment FY2026 (rev),2026-10-04T04:36Z,0101950000,https://data.boston.gov/dataset/property-assessment/resource/ee73430d-96c0-423e-ad21-c4cfb54c8961?q=PID%3A0101950000
BOS01035,65 Gladstone ST,East Boston,MA,02128,1900,,R2,TWO-FAM DWELLING,Analyze Boston property-assessment FY2026 (rev),2026-10-04T04:36Z,0101951000,https://data.boston.gov/dataset/property-assessment/resource/ee73430d-96c0-423e-ad21-c4cfb54c8961?q=PID%3A0101951000
BOS01036,69 Gladstone ST,East Boston,MA,02128,1920,,R3,THREE-FAM DWELLING,Analyze Boston property-assessment FY2026 (rev),2026-10-04T04:36Z,0101952000,https://data.boston.gov/dataset/property-assessment/resource/ee73430d-96c0-423e-ad21-c4cfb54c8961?q=PID%3A0101952000
BOS01037,71 Gladstone ST,East Boston,MA,02128,1915,,R2,TWO-FAM DWELLING,Analyze Boston property-assessment FY2026 (rev),2026-10-04T04:36Z,0101953000,https://data.boston.gov/dataset/property-assessment/resource/ee73430d-96c0-423e-ad21-c4cfb54c8961?q=PID%3A0101953000
BOS01038,81 Gladstone ST,East Boston,MA,02128,1915,,R2,TWO-FAM DWELLING,Analyze Boston property-assessment FY2026 (rev),2026-10-04T04:36Z,0101955000,https://data.boston.gov/dataset/property-assessment/resource/ee73430d-96c0-423e-ad21-c4cfb54c8961?q=PID%3A0101955000
BOS01039,85 Gladstone ST,East Boston,MA,02128,1910,,R3,THREE-FAM DWELLING,Analyze Boston property-assessment FY2026 (rev),2026-10-04T04:36Z,0101956000,https://data.boston.gov/dataset/property-assessment/resource/ee73430d-96c0-423e-ad21-c4cfb54c8961?q=PID%3A0101956000
BOS01040,93 Gladstone ST,East Boston,MA,02128,1910,,R2,TWO-FAM DWELLING,Analyze Boston property-assessment FY2026 (rev),2026-10-04T04:36Z,0101958000,https://data.boston.gov/dataset/property-assessment/resource/ee73430d-96c0-423e-ad21-c4cfb54c8961?q=PID%3A0101958000
BOS01041,165 Gladstone ST,East Boston,MA,02128,1925,,R2,TWO-FAM DWELLING,Analyze Boston property-assessment FY2026 (rev),2026-10-04T04:36Z,0101962000,https://data.boston.gov/dataset/property-assessment/resource/ee73430d-96c0-423e-ad21-c4cfb54c8961?q=PID%3A0101962000
BOS01042,175 Gladstone ST,East Boston,MA,02128,1925,,R2,TWO-FAM DWELLING,Analyze Boston property-assessment FY2026 (rev),2026-10-04T04:36Z,0101965000,https://data.boston.gov/dataset/property-assessment/resource/ee73430d-96c0-423e-ad21-c4cfb54c8961?q=PID%3A0101965000
BOS01043,183 Gladstone ST,East Boston,MA,02128,1925,,R2,TWO-FAM DWELLING,Analyze Boston property-assessment FY2026 (rev),2026-10-04T04:36Z,0101967000,https://data.boston.gov/dataset/property-assessment/resource/ee73430d-96c0-423e-ad21-c4cfb54c8961?q=PID%3A0101967000
BOS01044,189 Gladstone ST,East Boston,MA,02128,1899,,R4,APT 4-6 UNITS,Analyze Boston property-assessment FY2026 (rev),2026-10-04T04:36Z,0101968000,https://data.boston.gov/dataset/property-assessment/resource/ee73430d-96c0-423e-ad21-c4cfb54c8961?q=PID%3A0101968000
BOS01045,191 Gladstone ST,East Boston,MA,02128,1925,,R2,TWO-FAM DWELLING,Analyze Boston property-assessment FY2026 (rev),2026-10-04T04:36Z,0101969000,https://data.boston.gov/dataset/property-assessment/resource/ee73430d-96c0-423e-ad21-c4cfb54c8961?q=PID%3A0101969000
BOS01046,199 Gladstone ST,East Boston,MA,02128,1925,,R2,TWO-FAM DWELLING,Analyze Boston property-assessment FY2026 (rev),2026-10-04T04:36Z,0101971000,https://data.boston.gov/dataset/property-assessment/resource/ee73430d-96c0-423e-ad21-c4cfb54c8961?q=PID%3A0101971000
BOS01047,203 Gladstone ST,East Boston,MA,02128,1925,,R3,MULTIPLE BLDGS/1 LOT,Analyze Boston property-assessment FY2026 (rev),2026-10-04T04:36Z,0101972000,https://data.boston.gov/dataset/property-assessment/resource/ee73430d-96c0-423e-ad21-c4cfb54c8961?q=PID%3A0101972000
BOS01048,207 Gladstone ST,East Boston,MA,02128,1920,,R2,TWO-FAM DWELLING,Analyze Boston property-assessment FY2026 (rev),2026-10-04T04:36Z,0101973000,https://data.boston.gov/dataset/property-assessment/resource/ee73430d-96c0-423e-ad21-c4cfb54c8961?q=PID%3A0101973000
BOS01049,211 Gladstone ST,East Boston,MA,02128,1925,,R2,TWO-FAM DWELLING,Analyze Boston property-assessment FY2026 (rev),2026-10-04T04:36Z,0101974000,https://data.boston.gov/dataset/property-assessment/resource/ee73430d-96c0-423e-ad21-c4cfb54c8961?q=PID%3A0101974000
BOS01050,215 Gladstone ST,East Boston,MA,02128,1935,,R2,TWO-FAM DWELLING,Analyze Boston property-assessment FY2026 (rev),2026-10-04T04:36Z,0101975000,https://data.boston.gov/dataset/property-assessment/resource/ee73430d-96c0-423e-ad21-c4cfb54c8961?q=PID%3A0101975000
BOS01051,231 Gladstone ST,East Boston,MA,02128,1955,,R2,TWO-FAM DWELLING,Analyze Boston property-assessment FY2026 (rev),2026-10-04T04:36Z,0101979000,https://data.boston.gov/dataset/property-assessment/resource/ee73430d-96c0-423e-ad21-c4cfb54c8961?q=PID%3A0101979000
BOS01052,252 ORIENT AV,East Boston,MA,02128,1925,,R2,TWO-FAM DWELLING,Analyze Boston property-assessment FY2026 (rev),2026-10-04T04:36Z,0101997010,https://data.boston.gov/dataset/property-assessment/resource/ee73430d-96c0-423e-ad21-c4cfb54c8961?q=PID%3A0101997010
BOS01053,240 ORIENT AV,East Boston,MA,02128,1939,,R2,TWO-FAM DWELLING,Analyze Boston property-assessment FY2026 (rev),2026-10-04T04:36Z,0102001000,https://data.boston.gov/dataset/property-assessment/resource/ee73430d-96c0-423e-ad21-c4cfb54c8961?q=PID%3A0102001000
BOS01054,230 ORIENT AV,East Boston,MA,02128,1925,,R2,TWO-FAM DWELLING,Analyze Boston property-assessment FY2026 (rev),2026-10-04T04:36Z,0102004000,https://data.boston.gov/dataset/property-assessment/resource/ee73430d-96c0-423e-ad21-c4cfb54c8961?q=PID%3A0102004000
BOS01055,226 ORIENT AV,East Boston,MA,02128,1925,,R2,TWO-FAM DWELLING,Analyze Boston property-assessment FY2026 (rev),2026-10-04T04:36Z,0102005000,https://data.boston.gov/dataset/property-assessment/resource/ee73430d-96c0-423e-ad21-c4cfb54c8961?q=PID%3A0102005000
BOS01056,220 ORIENT AV,East Boston,MA,02128,1925,,R2,TWO-FAM DWELLING,Analyze Boston property-assessment FY2026 (rev),2026-10-04T04:36Z,0102006000,https://data.boston.gov/dataset/property-assessment/resource/ee73430d-96c0-423e-ad21-c4cfb54c8961?q=PID%3A0102006000
BOS01057,212 ORIENT AV,East Boston,MA,02128,1948,,R2,TWO-FAM DWELLING,Analyze Boston property-assessment FY2026 (rev),2026-10-04T04:36Z,0102008000,https://data.boston.gov/dataset/property-assessment/resource/ee73430d-96c0-423e-ad21-c4cfb54c8961?q=PID%3A0102008000
BOS01058,206 ORIENT AV,East Boston,MA,02128,1955,,R2,TWO-FAM DWELLING,Analyze Boston property-assessment FY2026 (rev),2026-10-04T04:36Z,0102010000,https://data.boston.gov/dataset/property-assessment/resource/ee73430d-96c0-423e-ad21-c4cfb54c8961?q=PID%3A0102010000
BOS01059,202 ORIENT AV,East Boston,MA,02128,1925,,R2,TWO-FAM DWELLING,Analyze Boston property-assessment FY2026 (rev),2026-10-04T04:36Z,0102011000,https://data.boston.gov/dataset/property-assessment/resource/ee73430d-96c0-423e-ad21-c4cfb54c8961?q=PID%3A0102011000
BOS01060,198 ORIENT AV,East Boston,MA,02128,1925,,R2,TWO-FAM DWELLING,Analyze Boston property-assessment FY2026 (rev),2026-10-04T04:36Z,0102012000,https://data.boston.gov/dataset/property-assessment/resource/ee73430d-96c0-423e-ad21-c4cfb54c8961?q=PID%3A0102012000
BOS01061,162 ORIENT AV,East Boston,MA,02128,1930,,R2,TWO-FAM DWELLING,Analyze Boston property-assessment FY2026 (rev),2026-10-04T04:36Z,0102021000,https://data.boston.gov/dataset/property-assessment/resource/ee73430d-96c0-423e-ad21-c4cfb54c8961?q=PID%3A0102021000
BOS01062,56 Breed ST,East Boston,MA,02128,1900,,R3,THREE-FAM DWELLING,Analyze Boston property-assessment FY2026 (rev),2026-10-04T04:36Z,0102022000,https://data.boston.gov/dataset/property-assessment/resource/ee73430d-96c0-423e-ad21-c4cfb54c8961?q=PID%3A0102022000
BOS01063,142 Leyden ST,East Boston,MA,02128,1900,,R3,THREE-FAM DWELLING,Analyze Boston property-assessment FY2026 (rev),2026-10-04T04:36Z,0102023000,https://data.boston.gov/dataset/property-assessment/resource/ee73430d-96c0-423e-ad21-c4cfb54c8961?q=PID%3A0102023000
BOS01064,136 Leyden ST,East Boston,MA,02128,1900,,R3,THREE-FAM DWELLING,Analyze Boston property-assessment FY2026 (rev),2026-10-04T04:36Z,0102024000,https://data.boston.gov/dataset/property-assessment/resource/ee73430d-96c0-423e-ad21-c4cfb54c8961?q=PID%3A0102024000
BOS01065,126 Leyden ST,East Boston,MA,02128,1900,,R3,THREE-FAM DWELLING,Analyze Boston property-assessment FY2026 (rev),2026-10-04T04:36Z,0102026000,https://data.boston.gov/dataset/property-assessment/resource/ee73430d-96c0-423e-ad21-c4cfb54c8961?q=PID%3A0102026000
BOS01066,114 Leyden ST,East Boston,MA,02128,1906,,R2,TWO-FAM DWELLING,Analyze Boston property-assessment FY2026 (rev),2026-10-04T04:36Z,0102027000,https://data.boston.gov/dataset/property-assessment/resource/ee73430d-96c0-423e-ad21-c4cfb54c8961?q=PID%3A0102027000
BOS01067,108 Leyden ST,East Boston,MA,02128,1988,,R2,TWO-FAM DWELLING,Analyze Boston property-assessment FY2026 (rev),2026-10-04T04:36Z,0102028000,https://data.boston.gov/dataset/property-assessment/resource/ee73430d-96c0-423e-ad21-c4cfb54c8961?q=PID%3A0102028000
BOS01068,96 Leyden ST,East Boston,MA,02128,1915,,R2,TWO-FAM DWELLING,Analyze Boston property-assessment FY2026 (rev),2026-10-04T04:36Z,0102030000,https://data.boston.gov/dataset/property-assessment/resource/ee73430d-96c0-423e-ad21-c4cfb54c8961?q=PID%3A0102030000
BOS01069,88 Leyden ST,East Boston,MA,02128,1935,,R3,THREE-FAM DWELLING,Analyze Boston property-assessment FY2026 (rev),2026-10-04T04:36Z,0102031000,https://data.boston.gov/dataset/property-assessment/resource/ee73430d-96c0-423e-ad21-c4cfb54c8961?q=PID%3A0102031000
BOS01070,82 Leyden ST,East Boston,MA,02128,1920,,R3,THREE-FAM DWELLING,Analyze Boston property-assessment FY2026 (rev),2026-10-04T04:36Z,0102032000,https://data.boston.gov/dataset/property-assessment/resource/ee73430d-96c0-423e-ad21-c4cfb54c8961?q=PID%3A0102032000
BOS01071,80 Leyden ST,East Boston,MA,02128,1900,,R2,TWO-FAM DWELLING,Analyze Boston property-assessment FY2026 (rev),2026-10-04T04:36Z,0102033000,https://data.boston.gov/dataset/property-assessment/resource/ee73430d-96c0-423e-ad21-c4cfb54c8961?q=PID%3A0102033000
BOS01072,78 Leyden ST,East Boston,MA,02128,1900,,R3,THREE-FAM DWELLING,Analyze Boston property-assessment FY2026 (rev),2026-10-04T04:36Z,0102034000,https://data.boston.gov/dataset/property-assessment/resource/ee73430d-96c0-423e-ad21-c4cfb54c8961?q=PID%3A0102034000
BOS01073,72 Leyden ST,East Boston,MA,02128,1915,,R2,TWO-FAM DWELLING,Analyze Boston property-assessment FY2026 (rev),2026-10-04T04:36Z,0102036000,https://data.boston.gov/dataset/property-assessment/resource/ee73430d-96c0-423e-ad21-c4cfb54c8961?q=PID%3A0102036000
BOS01074,68 Leyden ST,East Boston,MA,02128,1900,,R3,THREE-FAM DWELLING,Analyze Boston property-assessment FY2026 (rev),2026-10-04T04:36Z,0102037000,https://data.boston.gov/dataset/property-assessment/resource/ee73430d-96c0-423e-ad21-c4cfb54c8961?q=PID%3A0102037000
BOS01075,60 Leyden ST,East Boston,MA,02128,1900,,R3,THREE-FAM DWELLING,Analyze Boston property-assessment FY2026 (rev),2026-10-04T04:36Z,0102039000,https://data.boston.gov/dataset/property-assessment/resource/ee73430d-96c0-423e-ad21-c4cfb54c8961?q=PID%3A0102039000
BOS01076,36 Leyden ST,East Boston,MA,02128,1915,,R2,TWO-FAM DWELLING,Analyze Boston property-assessment FY2026 (rev),2026-10-04T04:36Z,0102046000,https://data.boston.gov/dataset/property-assessment/resource/ee73430d-96c0-423e-ad21-c4cfb54c8961?q=PID%3A0102046000
BOS01077,30 Leyden ST,East Boston,MA,02128,1967,,R2,TWO-FAM DWELLING,Analyze Boston property-assessment FY2026 (rev),2026-10-04T04:36Z,0102047000,https://data.boston.gov/dataset/property-assessment/resource/ee73430d-96c0-423e-ad21-c4cfb54c8961?q=PID%3A0102047000
BOS01078,26 Leyden ST,East Boston,MA,02128,1945,,R2,TWO-FAM DWELLING,Analyze Boston property-assessment FY2026 (rev),2026-10-04T04:36Z,0102048000,https://data.boston.gov/dataset/property-assessment/resource/ee73430d-96c0-423e-ad21-c4cfb54c8961?q=PID%3A0102048000
BOS01079,22 Leyden ST,East Boston,MA,02128,1945,,R2,TWO-FAM DWELLING,Analyze Boston property-assessment FY2026 (rev),2026-10-04T04:36Z,0102049000,https://data.boston.gov/dataset/property-assessment/resource/ee73430d-96c0-423e-ad21-c4cfb54c8961?q=PID%3A0102049000
BOS01080,18 Leyden ST,East Boston,MA,02128,1935,,R2,TWO-FAM DWELLING,Analyze Boston property-assessment FY2026 (rev),2026-10-04T04:36Z,0102050000,https://data.boston.gov/dataset/property-assessment/resource/ee73430d-96c0-423e-ad21-c4cfb54c8961?q=PID%3A0102050000
BOS01081,14 Leyden ST,East Boston,MA,02128,1955,,R2,TWO-FAM DWELLING,Analyze Boston property-assessment FY2026 (rev),2026-10-04T04:36Z,0102051000,https://data.boston.gov/dataset/property-assessment/resource/ee73430d-96c0-423e-ad21-c4cfb54c8961?q=PID%3A0102051000
BOS01082,10 Leyden ST,East Boston,MA,02128,1940,,R2,TWO-FAM DWELLING,Analyze Boston property-assessment FY2026 (rev),2026-10-04T04:36Z,0102052000,https://data.boston.gov/dataset/property-assessment/resource/ee73430d-96c0-423e-ad21-c4cfb54c8961?q=PID%3A0102052000
BOS01083,202 Gladstone ST,East Boston,MA,02128,1885,,R2,TWO-FAM DWELLING,Analyze Boston property-assessment FY2026 (rev),2026-10-04T04:36Z,0102069000,https://data.boston.gov/dataset/property-assessment/resource/ee73430d-96c0-423e-ad21-c4cfb54c8961?q=PID%3A0102069000
BOS01084,196 Gladstone ST,East Boston,MA,02128,1915,,R3,THREE-FAM DWELLING,Analyze Boston property-assessment FY2026 (rev),2026-10-04T04:36Z,0102070000,https://data.boston.gov/dataset/property-assessment/resource/ee73430d-96c0-423e-ad21-c4cfb54c8961?q=PID%3A0102070000
BOS01085,184 Gladstone ST,East Boston,MA,02128,1909,,R3,THREE-FAM DWELLING,Analyze Boston property-assessment FY2026 (rev),2026-10-04T04:36Z,0102073000,https://data.boston.gov/dataset/property-assessment/resource/ee73430d-96c0-423e-ad21-c4cfb54c8961?q=PID%3A0102073000
BOS01086,82 Breed ST,East Boston,MA,02128,1900,,R3,THREE-FAM DWELLING,Analyze Boston property-assessment FY2026 (rev),2026-10-04T04:36Z,0102075000,https://data.boston.gov/dataset/property-assessment/resource/ee73430d-96c0-423e-ad21-c4cfb54c8961?q=PID%3A0102075000
BOS01087,47 MONTMORENCI AV,East Boston,MA,02128,1959,,R2,TWO-FAM DWELLING,Analyze Boston property-assessment FY2026 (rev),2026-10-04T04:36Z,0102081000,https://data.boston.gov/dataset/property-assessment/resource/ee73430d-96c0-423e-ad21-c4cfb54c8961?q=PID%3A0102081000
BOS01088,59 MONTMORENCI AV,East Boston,MA,02128,1950,,R2,TWO-FAM DWELLING,Analyze Boston property-assessment FY2026 (rev),2026-10-04T04:36Z,0102084000,https://data.boston.gov/dataset/property-assessment/resource/ee73430d-96c0-423e-ad21-c4cfb54c8961?q=PID%3A0102084000
BOS01089,215 ORIENT AV,East Boston,MA,02128,1950,,R2,TWO-FAM DWELLING,Analyze Boston property-assessment FY2026 (rev),2026-10-04T04:36Z,0102099000,https://data.boston.gov/dataset/property-assessment/resource/ee73430d-96c0-423e-ad21-c4cfb54c8961?q=PID%3A0102099000
BOS01090,96 BEACHVIEW RD,East Boston,MA,02128,1895,,R2,TWO-FAM DWELLING,Analyze Boston property-assessment FY2026 (rev),2026-10-04T04:36Z,0102104000,https://data.boston.gov/dataset/property-assessment/resource/ee73430d-96c0-423e-ad21-c4cfb54c8961?q=PID%3A0102104000
BOS01091,36 BEACHVIEW RD,East Boston,MA,02128,1920,,R3,THREE-FAM DWELLING,Analyze Boston property-assessment FY2026 (rev),2026-10-04T04:36Z,0102119000,https://data.boston.gov/dataset/property-assessment/resource/ee73430d-96c0-423e-ad21-c4cfb54c8961?q=PID%3A0102119000
BOS01092,32 BEACHVIEW RD,East Boston,MA,02128,1920,,R2,TWO-FAM DWELLING,Analyze Boston property-assessment FY2026 (rev),2026-10-04T04:36Z,0102120000,https://data.boston.gov/dataset/property-assessment/resource/ee73430d-96c0-423e-ad21-c4cfb54c8961?q=PID%3A0102120000
BOS01093,75 ORIENT AV,East Boston,MA,02128,1928,,R2,TWO-FAM DWELLING,Analyze Boston property-assessment FY2026 (rev),2026-10-04T04:36Z,0102122000,https://data.boston.gov/dataset/property-assessment/resource/ee73430d-96c0-423e-ad21-c4cfb54c8961?q=PID%3A0102122000
BOS01094,81 ORIENT AV,East Boston,MA,02128,1923,,R2,TWO-FAM DWELLING,Analyze Boston property-assessment FY2026 (rev),2026-10-04T04:36Z,0102123000,https://data.boston.gov/dataset/property-assessment/resource/ee73430d-96c0-423e-ad21-c4cfb54c8961?q=PID%3A0102123000
BOS01095,87 ORIENT AV,East Boston,MA,02128,1920,,R2,TWO-FAM DWELLING,Analyze Boston property-assessment FY2026 (rev),2026-10-04T04:36Z,0102124000,https://data.boston.gov/dataset/property-assessment/resource/ee73430d-96c0-423e-ad21-c4cfb54c8961?q=PID%3A0102124000
BOS01096,99 ORIENT AV,East Boston,MA,02128,1920,,R2,TWO-FAM DWELLING,Analyze Boston property-assessment FY2026 (rev),2026-10-04T04:36Z,0102125000,https://data.boston.gov/dataset/property-assessment/resource/ee73430d-96c0-423e-ad21-c4cfb54c8961?q=PID%3A0102125000
BOS01097,1 SEA VIEW AV,East Boston,MA,02128,1928,,R2,TWO-FAM DWELLING,Analyze Boston property-assessment FY2026 (rev),2026-10-04T04:36Z,0102126000,https://data.boston.gov/dataset/property-assessment/resource/ee73430d-96c0-423e-ad21-c4cfb54c8961?q=PID%3A0102126000
BOS01098,5 SEA VIEW AV,East Boston,MA,02128,1925,,R2,TWO-FAM DWELLING,Analyze Boston property-assessment FY2026 (rev),2026-10-04T04:36Z,0102127000,https://data.boston.gov/dataset/property-assessment/resource/ee73430d-96c0-423e-ad21-c4cfb54c8961?q=PID%3A0102127000
BOS01099,13 SEA VIEW AV,East Boston,MA,02128,1968,,R2,TWO-FAM DWELLING,Analyze Boston property-assessment FY2026 (rev),2026-10-04T04:36Z,0102128001,https://data.boston.gov/dataset/property-assessment/resource/ee73430d-96c0-423e-ad21-c4cfb54c8961?q=PID%3A0102128001
BOS01100,15 SEA VIEW AV,East Boston,MA,02128,1880,,R2,TWO-FAM DWELLING,Analyze Boston property-assessment FY2026 (rev),2026-10-04T04:36Z,0102129000,https://data.boston.gov/dataset/property-assessment/resource/ee73430d-96c0-423e-ad21-c4cfb54c8961?q=PID%3A0102129000
BOS01101,19 SEA VIEW AV,East Boston,MA,02128,1917,,R2,TWO-FAM DWELLING,Analyze Boston property-assessment FY2026 (rev),2026-10-04T04:36Z,0102130000,https://data.boston.gov/dataset/property-assessment/resource/ee73430d-96c0-423e-ad21-c4cfb54c8961?q=PID%3A0102130000
BOS01102,43 SEA VIEW AV,East Boston,MA,02128,1928,,R2,TWO-FAM DWELLING,Analyze Boston property-assessment FY2026 (rev),2026-10-04T04:36Z,0102136000,https://data.boston.gov/dataset/property-assessment/resource/ee73430d-96c0-423e-ad21-c4cfb54c8961?q=PID%3A0102136000
BOS01103,150 WALDEMAR AV,East Boston,MA,02128,1950,,R2,TWO-FAM DWELLING,Analyze Boston property-assessment FY2026 (rev),2026-10-04T04:36Z,0102195000,https://data.boston.gov/dataset/property-assessment/resource/ee73430d-96c0-423e-ad21-c4cfb54c8961?q=PID%3A0102195000
BOS01104,124 WALDEMAR AV,East Boston,MA,02128,1965,,R2,TWO-FAM DWELLING,Analyze Boston property-assessment FY2026 (rev),2026-10-04T04:36Z,0102203000,https://data.boston.gov/dataset/property-assessment/resource/ee73430d-96c0-423e-ad21-c4cfb54c8961?q=PID%3A0102203000
BOS01105,120 WALDEMAR AV,East Boston,MA,02128,1960,,R2,TWO-FAM DWELLING,Analyze Boston property-assessment FY2026 (rev),2026-10-04T04:36Z,0102204000,https://data.boston.gov/dataset/property-assessment/resource/ee73430d-96c0-423e-ad21-c4cfb54c8961?q=PID%3A0102204000
BOS01106,90 WALDEMAR AV,East Boston,MA,02128,1965,,R3,THREE-FAM DWELLING,Analyze Boston property-assessment FY2026 (rev),2026-10-04T04:36Z,0102212000,https://data.boston.gov/dataset/property-assessment/resource/ee73430d-96c0-423e-ad21-c4cfb54c8961?q=PID%3A0102212000
BOS01107,52 WALDEMAR AV,East Boston,MA,02128,1910,,R2,TWO-FAM DWELLING,Analyze Boston property-assessment FY2026 (rev),2026-10-04T04:36Z,0102221010,https://data.boston.gov/dataset/property-assessment/resource/ee73430d-96c0-423e-ad21-c4cfb54c8961?q=PID%3A0102221010
BOS01108,48 WALDEMAR AV,East Boston,MA,02128,1965,,R2,TWO-FAM DWELLING,Analyze Boston property-assessment FY2026 (rev),2026-10-04T04:36Z,0102224000,https://data.boston.gov/dataset/property-assessment/resource/ee73430d-96c0-423e-ad21-c4cfb54c8961?q=PID%3A0102224000
BOS01109,16 WALDEMAR AV,East Boston,MA,02128,1970,,A,APT 7-30 UNITS,Analyze Boston property-assessment FY2026 (rev),2026-10-04T04:36Z,0102233000,https://data.boston.gov/dataset/property-assessment/resource/ee73430d-96c0-423e-ad21-c4cfb54c8961?q=PID%3A0102233000
BOS01110,1 ORIENT AV,East Boston,MA,02128,1912,,R3,THREE-FAM DWELLING,Analyze Boston property-assessment FY2026 (rev),2026-10-04T04:36Z,0102236000,https://data.boston.gov/dataset/property-assessment/resource/ee73430d-96c0-423e-ad21-c4cfb54c8961?q=PID%3A0102236000
BOS01111,3 ORIENT AV,East Boston,MA,02128,1912,,R3,THREE-FAM DWELLING,Analyze Boston property-assessment FY2026 (rev),2026-10-04T04:36Z,0102237000,https://data.boston.gov/dataset/property-assessment/resource/ee73430d-96c0-423e-ad21-c4cfb54c8961?q=PID%3A0102237000
BOS01112,5 ORIENT AV,East Boston,MA,02128,1910,,R3,THREE-FAM DWELLING,Analyze Boston property-assessment FY2026 (rev),2026-10-04T04:36Z,0102238000,https://data.boston.gov/dataset/property-assessment/resource/ee73430d-96c0-423e-ad21-c4cfb54c8961?q=PID%3A0102238000
BOS01113,7 ORIENT AV,East Boston,MA,02128,1910,,R3,THREE-FAM DWELLING,Analyze Boston property-assessment FY2026 (rev),2026-10-04T04:36Z,0102239000,https://data.boston.gov/dataset/property-assessment/resource/ee73430d-96c0-423e-ad21-c4cfb54c8961?q=PID%3A0102239000
BOS01114,11 ORIENT AV,East Boston,MA,02128,1942,,R3,THREE-FAM DWELLING,Analyze Boston property-assessment FY2026 (rev),2026-10-04T04:36Z,0102240000,https://data.boston.gov/dataset/property-assessment/resource/ee73430d-96c0-423e-ad21-c4cfb54c8961?q=PID%3A0102240000
BOS01115,19 ORIENT AV,East Boston,MA,02128,1920,,R2,TWO-FAM DWELLING,Analyze Boston property-assessment FY2026 (rev),2026-10-04T04:36Z,0102242000,https://data.boston.gov/dataset/property-assessment/resource/ee73430d-96c0-423e-ad21-c4cfb54c8961?q=PID%3A0102242000
BOS01116,29 ORIENT AV,East Boston,MA,02128,1915,,R2,TWO-FAM DWELLING,Analyze Boston property-assessment FY2026 (rev),2026-10-04T04:36Z,0102244000,https://data.boston.gov/dataset/property-assessment/resource/ee73430d-96c0-423e-ad21-c4cfb54c8961?q=PID%3A0102244000
BOS01117,31 FAYWOOD AV,East Boston,MA,02128,1920,,R3,THREE-FAM DWELLING,Analyze Boston property-assessment FY2026 (rev),2026-10-04T04:36Z,0102245000,https://data.boston.gov/dataset/property-assessment/resource/ee73430d-96c0-423e-ad21-c4cfb54c8961?q=PID%3A0102245000
BOS01118,33 FAYWOOD AV,East Boston,MA,02128,1915,,R3,THREE-FAM DWELLING,Analyze Boston property-assessment FY2026 (rev),2026-10-04T04:36Z,0102246000,https://data.boston.gov/dataset/property-assessment/resource/ee73430d-96c0-423e-ad21-c4cfb54c8961?q=PID%3A0102246000
BOS01119,35 FAYWOOD AV,East Boston,MA,02128,1920,,R3,THREE-FAM DWELLING,Analyze Boston property-assessment FY2026 (rev),2026-10-04T04:36Z,0102247000,https://data.boston.gov/dataset/property-assessment/resource/ee73430d-96c0-423e-ad21-c4cfb54c8961?q=PID%3A0102247000
BOS01120,37 FAYWOOD AV,East Boston,MA,02128,1920,,R3,THREE-FAM DWELLING,Analyze Boston property-assessment FY2026 (rev),2026-10-04T04:36Z,0102248000,https://data.boston.gov/dataset/property-assessment/resource/ee73430d-96c0-423e-ad21-c4cfb54c8961?q=PID%3A0102248000
BOS01121,45 FAYWOOD AV,East Boston,MA,02128,1915,,R2,TWO-FAM DWELLING,Analyze Boston property-assessment FY2026 (rev),2026-10-04T04:36Z,0102251000,https://data.boston.gov/dataset/property-assessment/resource/ee73430d-96c0-423e-ad21-c4cfb54c8961?q=PID%3A0102251000
BOS01122,65 FAYWOOD AV,East Boston,MA,02128,1940,,R2,TWO-FAM DWELLING,Analyze Boston property-assessment FY2026 (rev),2026-10-04T04:36Z,0102256000,https://data.boston.gov/dataset/property-assessment/resource/ee73430d-96c0-423e-ad21-c4cfb54c8961?q=PID%3A0102256000
BOS01123,69 FAYWOOD AV,East Boston,MA,02128,1920,,R2,TWO-FAM DWELLING,Analyze Boston property-assessment FY2026 (rev),2026-10-04T04:36Z,0102257000,https://data.boston.gov/dataset/property-assessment/resource/ee73430d-96c0-423e-ad21-c4cfb54c8961?q=PID%3A0102257000
BOS01124,85 FAYWOOD AV,East Boston,MA,02128,1915,,R2,TWO-FAM DWELLING,Analyze Boston property-assessment FY2026 (rev),2026-10-04T04:36Z,0102262000,https://data.boston.gov/dataset/property-assessment/resource/ee73430d-96c0-423e-ad21-c4cfb54c8961?q=PID%3A0102262000
BOS01125,87 FAYWOOD AV,East Boston,MA,02128,1925,,R2,TWO-FAM DWELLING,Analyze Boston property-assessment FY2026 (rev),2026-10-04T04:36Z,0102263000,https://data.boston.gov/dataset/property-assessment/resource/ee73430d-96c0-423e-ad21-c4cfb54c8961?q=PID%3A0102263000
BOS01126,93 FAYWOOD AV,East Boston,MA,02128,1925,,R2,TWO-FAM DWELLING,Analyze Boston property-assessment FY2026 (rev),2026-10-04T04:36Z,0102266000,https://data.boston.gov/dataset/property-assessment/resource/ee73430d-96c0-423e-ad21-c4cfb54c8961?q=PID%3A0102266000
BOS01127,95 FAYWOOD AV,East Boston,MA,02128,1925,,R2,TWO-FAM DWELLING,Analyze Boston property-assessment FY2026 (rev),2026-10-04T04:36Z,0102267000,https://data.boston.gov/dataset/property-assessment/resource/ee73430d-96c0-423e-ad21-c4cfb54c8961?q=PID%3A0102267000
BOS01128,99 FAYWOOD AV,East Boston,MA,02128,1925,,R2,TWO-FAM DWELLING,Analyze Boston property-assessment FY2026 (rev),2026-10-04T04:36Z,0102268000,https://data.boston.gov/dataset/property-assessment/resource/ee73430d-96c0-423e-ad21-c4cfb54c8961?q=PID%3A0102268000
BOS01129,7 CRESTWAY RD,East Boston,MA,02128,1955,,R2,TWO-FAM DWELLING,Analyze Boston property-assessment FY2026 (rev),2026-10-04T04:36Z,0102276000,https://data.boston.gov/dataset/property-assessment/resource/ee73430d-96c0-423e-ad21-c4cfb54c8961?q=PID%3A0102276000
BOS01130,5 WALDEMAR AV,East Boston,MA,02128,1950,,R4,APT 4-6 UNITS,Analyze Boston property-assessment FY2026 (rev),2026-10-04T04:36Z,0102278000,https://data.boston.gov/dataset/property-assessment/resource/ee73430d-96c0-423e-ad21-c4cfb54c8961?q=PID%3A0102278000
BOS01131,26 CRESTWAY RD,East Boston,MA,02128,1900,,R2,TWO-FAM DWELLING,Analyze Boston property-assessment FY2026 (rev),2026-10-04T04:36Z,0102281000,https://data.boston.gov/dataset/property-assessment/resource/ee73430d-96c0-423e-ad21-c4cfb54c8961?q=PID%3A0102281000
BOS01132,115 FAYWOOD AV,East Boston,MA,02128,1955,,R2,TWO-FAM DWELLING,Analyze Boston property-assessment FY2026 (rev),2026-10-04T04:36Z,0102286000,https://data.boston.gov/dataset/property-assessment/resource/ee73430d-96c0-423e-ad21-c4cfb54c8961?q=PID%3A0102286000
BOS01133,108 FAYWOOD AV,East Boston,MA,02128,1928,,R2,TWO-FAM DWELLING,Analyze Boston property-assessment FY2026 (rev),2026-10-04T04:36Z,0102302000,https://data.boston.gov/dataset/property-assessment/resource/ee73430d-96c0-423e-ad21-c4cfb54c8961?q=PID%3A0102302000
BOS01134,92 FAYWOOD AV,East Boston,MA,02128,1930,,R2,TWO-FAM DWELLING,Analyze Boston property-assessment FY2026 (rev),2026-10-04T04:36Z,0102306000,https://data.boston.gov/dataset/property-assessment/resource/ee73430d-96c0-423e-ad21-c4cfb54c8961?q=PID%3A0102306000
BOS01135,76 FAYWOOD AV,East Boston,MA,02128,1942,,R2,TWO-FAM DWELLING,Analyze Boston property-assessment FY2026 (rev),2026-10-04T04:36Z,0102310000,https://data.boston.gov/dataset/property-assessment/resource/ee73430d-96c0-423e-ad21-c4cfb54c8961?q=PID%3A0102310000
BOS01136,56 FAYWOOD AV,East Boston,MA,02128,1920,,R2,TWO-FAM DWELLING,Analyze Boston property-assessment FY2026 (rev),2026-10-04T04:36Z,0102315000,https://data.boston.gov/dataset/property-assessment/resource/ee73430d-96c0-423e-ad21-c4cfb54c8961?q=PID%3A0102315000
BOS01137,52 FAYWOOD AV,East Boston,MA,02128,1934,,R2,TWO-FAM DWELLING,Analyze Boston property-assessment FY2026 (rev),2026-10-04T04:36Z,0102316000,https://data.boston.gov/dataset/property-assessment/resource/ee73430d-96c0-423e-ad21-c4cfb54c8961?q=PID%3A0102316000
BOS01138,37 ORIENT AV,East Boston,MA,02128,1899,,R3,THREE-FAM DWELLING,Analyze Boston property-assessment FY2026 (rev),2026-10-04T04:36Z,0102320000,https://data.boston.gov/dataset/property-assessment/resource/ee73430d-96c0-423e-ad21-c4cfb54c8961?q=PID%3A0102320000
BOS01139,41 ORIENT AV,East Boston,MA,02128,1920,,R2,TWO-FAM DWELLING,Analyze Boston property-assessment FY2026 (rev),2026-10-04T04:36Z,0102321000,https://data.boston.gov/dataset/property-assessment/resource/ee73430d-96c0-423e-ad21-c4cfb54c8961?q=PID%3A0102321000
BOS01140,49 ORIENT AV,East Boston,MA,02128,1950,,R2,TWO-FAM DWELLING,Analyze Boston property-assessment FY2026 (rev),2026-10-04T04:36Z,0102323000,https://data.boston.gov/dataset/property-assessment/resource/ee73430d-96c0-423e-ad21-c4cfb54c8961?q=PID%3A0102323000
BOS01141,57 ORIENT AV,East Boston,MA,02128,1930,,R2,TWO-FAM DWELLING,Analyze Boston property-assessment FY2026 (rev),2026-10-04T04:36Z,0102324000,https://data.boston.gov/dataset/property-assessment/resource/ee73430d-96c0-423e-ad21-c4cfb54c8961?q=PID%3A0102324000
BOS01142,63 ORIENT AV,East Boston,MA,02128,1915,,R2,TWO-FAM DWELLING,Analyze Boston property-assessment FY2026 (rev),2026-10-04T04:36Z,0102325000,https://data.boston.gov/dataset/property-assessment/resource/ee73430d-96c0-423e-ad21-c4cfb54c8961?q=PID%3A0102325000
BOS01143,9 BEACHVIEW RD,East Boston,MA,02128,1920,,R2,TWO-FAM DWELLING,Analyze Boston property-assessment FY2026 (rev),2026-10-04T04:36Z,0102327000,https://data.boston.gov/dataset/property-assessment/resource/ee73430d-96c0-423e-ad21-c4cfb54c8961?q=PID%3A0102327000
BOS01144,21 BEACHVIEW RD,East Boston,MA,02128,1970,,R2,TWO-FAM DWELLING,Analyze Boston property-assessment FY2026 (rev),2026-10-04T04:36Z,0102329000,https://data.boston.gov/dataset/property-assessment/resource/ee73430d-96c0-423e-ad21-c4cfb54c8961?q=PID%3A0102329000
BOS01145,23 BEACHVIEW RD,East Boston,MA,02128,1918,,R2,TWO-FAM DWELLING,Analyze Boston property-assessment FY2026 (rev),2026-10-04T04:36Z,0102329001,https://data.boston.gov/dataset/property-assessment/resource/ee73430d-96c0-423e-ad21-c4cfb54c8961?q=PID%3A0102329001
BOS01146,27 BEACHVIEW RD,East Boston,MA,02128,1930,,R2,TWO-FAM DWELLING,Analyze Boston property-assessment FY2026 (rev),2026-10-04T04:36Z,0102331000,https://data.boston.gov/dataset/property-assessment/resource/ee73430d-96c0-423e-ad21-c4cfb54c8961?q=PID%3A0102331000
BOS01147,43 BEACHVIEW RD,East Boston,MA,02128,1999,,R2,TWO-FAM DWELLING,Analyze Boston property-assessment FY2026 (rev),2026-10-04T04:36Z,0102335000,https://data.boston.gov/dataset/property-assessment/resource/ee73430d-96c0-423e-ad21-c4cfb54c8961?q=PID%3A0102335000
BOS01148,47 BEACHVIEW RD,East Boston,MA,02128,1900,,R3,THREE-FAM DWELLING,Analyze Boston property-assessment FY2026 (rev),2026-10-04T04:36Z,0102336000,https://data.boston.gov/dataset/property-assessment/resource/ee73430d-96c0-423e-ad21-c4cfb54c8961?q=PID%3A0102336000
BOS01149,55 BEACHVIEW RD,East Boston,MA,02128,1982,,R2,TWO-FAM DWELLING,Analyze Boston property-assessment FY2026 (rev),2026-10-04T04:36Z,0102339000,https://data.boston.gov/dataset/property-assessment/resource/ee73430d-96c0-423e-ad21-c4cfb54c8961?q=PID%3A0102339000
BOS01150,97 BEACHVIEW RD,East Boston,MA,02128,1950,,R2,TWO-FAM DWELLING,Analyze Boston property-assessment FY2026 (rev),2026-10-04T04:36Z,0102344000,https://data.boston.gov/dataset/property-assessment/resource/ee73430d-96c0-423e-ad21-c4cfb54c8961?q=PID%3A0102344000
BOS01151,44 MONTMORENCI AV,East Boston,MA,02128,1940,,R2,TWO-FAM DWELLING,Analyze Boston property-assessment FY2026 (rev),2026-10-04T04:36Z,0102354000,https://data.boston.gov/dataset/property-assessment/resource/ee73430d-96c0-423e-ad21-c4cfb54c8961?q=PID%3A0102354000
BOS01152,79 WALDEMAR AV,East Boston,MA,02128,1995,,R2,TWO-FAM DWELLING,Analyze Boston property-assessment FY2026 (rev),2026-10-04T04:36Z,0102502000,https://data.boston.gov/dataset/property-assessment/resource/ee73430d-96c0-423e-ad21-c4cfb54c8961?q=PID%3A0102502000
BOS01153,69 WALDEMAR AV,East Boston,MA,02128,1960,,R3,THREE-FAM DWELLING,Analyze Boston property-assessment FY2026 (rev),2026-10-04T04:36Z,0102506000,https://data.boston.gov/dataset/property-assessment/resource/ee73430d-96c0-423e-ad21-c4cfb54c8961?q=PID%3A0102506000
BOS01154,21 WALDEMAR AV,East Boston,MA,02128,1920,,R2,TWO-FAM DWELLING,Analyze Boston property-assessment FY2026 (rev),2026-10-04T04:36Z,0102519000,https://data.boston.gov/dataset/property-assessment/resource/ee73430d-96c0-423e-ad21-c4cfb54c8961?q=PID%3A0102519000
BOS01155,285 Meridian ST,East Boston,MA,02128,1925,,R4,APT 4-6 UNITS,Analyze Boston property-assessment FY2026 (rev),2026-10-04T04:36Z,0102526000,https://data.boston.gov/dataset/property-assessment/resource/ee73430d-96c0-423e-ad21-c4cfb54c8961?q=PID%3A0102526000
BOS01156,287 Meridian ST,East Boston,MA,02128,1910,,R3,THREE-FAM DWELLING,Analyze Boston property-assessment FY2026 (rev),2026-10-04T04:36Z,0102527000,https://data.boston.gov/dataset/property-assessment/resource/ee73430d-96c0-423e-ad21-c4cfb54c8961?q=PID%3A0102527000
BOS01157,289 Meridian ST,East Boston,MA,02128,1900,,R3,THREE-FAM DWELLING,Analyze Boston property-assessment FY2026 (rev),2026-10-04T04:36Z,0102528000,https://data.boston.gov/dataset/property-assessment/resource/ee73430d-96c0-423e-ad21-c4cfb54c8961?q=PID%3A0102528000
BOS01158,291 Meridian ST,East Boston,MA,02128,1899,,R4,APT 4-6 UNITS,Analyze Boston property-assessment FY2026 (rev),2026-10-04T04:36Z,0102529000,https://data.boston.gov/dataset/property-assessment/resource/ee73430d-96c0-423e-ad21-c4cfb54c8961?q=PID%3A0102529000
BOS01159,293 Meridian ST,East Boston,MA,02128,1930,,R3,THREE-FAM DWELLING,Analyze Boston property-assessment FY2026 (rev),2026-10-04T04:36Z,0102530000,https://data.boston.gov/dataset/property-assessment/resource/ee73430d-96c0-423e-ad21-c4cfb54c8961?q=PID%3A0102530000
BOS01160,297 Meridian ST,East Boston,MA,02128,1910,,R3,THREE-FAM DWELLING,Analyze Boston property-assessment FY2026 (rev),2026-10-04T04:36Z,0102531000,https://data.boston.gov/dataset/property-assessment/resource/ee73430d-96c0-423e-ad21-c4cfb54c8961?q=PID%3A0102531000
BOS01161,27 Lexington ST,East Boston,MA,02128,1920,,R2,TWO-FAM DWELLING,Analyze Boston property-assessment FY2026 (rev),2026-10-04T04:36Z,0102535000,https://data.boston.gov/dataset/property-assessment/resource/ee73430d-96c0-423e-ad21-c4cfb54c8961?q=PID%3A0102535000
BOS01162,29 Lexington ST,East Boston,MA,02128,1900,,R3,THREE-FAM DWELLING,Analyze Boston property-assessment FY2026 (rev),2026-10-04T04:36Z,0102536000,https://data.boston.gov/dataset/property-assessment/resource/ee73430d-96c0-423e-ad21-c4cfb54c8961?q=PID%3A0102536000
BOS01163,31 Lexington ST,East Boston,MA,02128,1983,,R3,THREE-FAM DWELLING,Analyze Boston property-assessment FY2026 (rev),2026-10-04T04:36Z,0102537000,https://data.boston.gov/dataset/property-assessment/resource/ee73430d-96c0-423e-ad21-c4cfb54c8961?q=PID%3A0102537000
BOS01164,33 Lexington ST,East Boston,MA,02128,1983,,R3,THREE-FAM DWELLING,Analyze Boston property-assessment FY2026 (rev),2026-10-04T04:36Z,0102538000,https://data.boston.gov/dataset/property-assessment/resource/ee73430d-96c0-423e-ad21-c4cfb54c8961?q=PID%3A0102538000
BOS01165,37 LEXINGTON AV,East Boston,MA,02128,1991,,R2,TWO-FAM DWELLING,Analyze Boston property-assessment FY2026 (rev),2026-10-04T04:36Z,0102540000,https://data.boston.gov/dataset/property-assessment/resource/ee73430d-96c0-423e-ad21-c4cfb54c8961?q=PID%3A0102540000
BOS01166,45 Lexington ST,East Boston,MA,02128,1900,,R3,THREE-FAM DWELLING,Analyze Boston property-assessment FY2026 (rev),2026-10-04T04:36Z,0102549000,https://data.boston.gov/dataset/property-assessment/resource/ee73430d-96c0-423e-ad21-c4cfb54c8961?q=PID%3A0102549000
BOS01167,47 Lexington ST,East Boston,MA,02128,1900,,R3,THREE-FAM DWELLING,Analyze Boston property-assessment FY2026 (rev),2026-10-04T04:36Z,0102550000,https://data.boston.gov/dataset/property-assessment/resource/ee73430d-96c0-423e-ad21-c4cfb54c8961?q=PID%3A0102550000
BOS01168,49 Lexington ST,East Boston,MA,02128,1900,,R3,THREE-FAM DWELLING,Analyze Boston property-assessment FY2026 (rev),2026-10-04T04:36Z,0102551000,https://data.boston.gov/dataset/property-assessment/resource/ee73430d-96c0-423e-ad21-c4cfb54c8961?q=PID%3A0102551000
BOS01169,51 Lexington ST,East Boston,MA,02128,1900,,R3,THREE-FAM DWELLING,Analyze Boston property-assessment FY2026 (rev),2026-10-04T04:36Z,0102552000,https://data.boston.gov/dataset/property-assessment/resource/ee73430d-96c0-423e-ad21-c4cfb54c8961?q=PID%3A0102552000
BOS01170,61 Lexington ST,East Boston,MA,02128,1900,,R3,THREE-FAM DWELLING,Analyze Boston property-assessment FY2026 (rev),2026-10-04T04:36Z,0102561000,https://data.boston.gov/dataset/property-assessment/resource/ee73430d-96c0-423e-ad21-c4cfb54c8961?q=PID%3A0102561000
BOS01171,63 Lexington ST,East Boston,MA,02128,1900,,R3,THREE-FAM DWELLING,Analyze Boston property-assessment FY2026 (rev),2026-10-04T04:36Z,0102562000,https://data.boston.gov/dataset/property-assessment/resource/ee73430d-96c0-423e-ad21-c4cfb54c8961?q=PID%3A0102562000
BOS01172,73 Lexington ST,East Boston,MA,02128,1900,,R3,THREE-FAM DWELLING,Analyze Boston property-assessment FY2026 (rev),2026-10-04T04:36Z,0102566000,https://data.boston.gov/dataset/property-assessment/resource/ee73430d-96c0-423e-ad21-c4cfb54c8961?q=PID%3A0102566000
BOS01173,107 Marion ST,East Boston,MA,02128,1900,,R3,THREE-FAM DWELLING,Analyze Boston property-assessment FY2026 (rev),2026-10-04T04:36Z,0102569000,https://data.boston.gov/dataset/property-assessment/resource/ee73430d-96c0-423e-ad21-c4cfb54c8961?q=PID%3A0102569000
BOS01174,62 PRINCETON ST,East Boston,MA,02128,1900,,R3,THREE-FAM DWELLING,Analyze Boston property-assessment FY2026 (rev),2026-10-04T04:36Z,0102570000,https://data.boston.gov/dataset/property-assessment/resource/ee73430d-96c0-423e-ad21-c4cfb54c8961?q=PID%3A0102570000
BOS01175,60 PRINCETON ST,East Boston,MA,02128,1900,,R2,TWO-FAM DWELLING,Analyze Boston property-assessment FY2026 (rev),2026-10-04T04:36Z,0102571000,https://data.boston.gov/dataset/property-assessment/resource/ee73430d-96c0-423e-ad21-c4cfb54c8961?q=PID%3A0102571000
BOS01176,58 PRINCETON ST,East Boston,MA,02128,1900,,R2,TWO-FAM DWELLING,Analyze Boston property-assessment FY2026 (rev),2026-10-04T04:36Z,0102572000,https://data.boston.gov/dataset/property-assessment/resource/ee73430d-96c0-423e-ad21-c4cfb54c8961?q=PID%3A0102572000
BOS01177,56 PRINCETON ST,East Boston,MA,02128,1900,,R2,TWO-FAM DWELLING,Analyze Boston property-assessment FY2026 (rev),2026-10-04T04:36Z,0102573000,https://data.boston.gov/dataset/property-assessment/resource/ee73430d-96c0-423e-ad21-c4cfb54c8961?q=PID%3A0102573000
BOS01178,50 PRINCETON ST,East Boston,MA,02128,1850,,R2,TWO-FAM DWELLING,Analyze Boston property-assessment FY2026 (rev),2026-10-04T04:36Z,0102575000,https://data.boston.gov/dataset/property-assessment/resource/ee73430d-96c0-423e-ad21-c4cfb54c8961?q=PID%3A0102575000
BOS01179,48 PRINCETON ST,East Boston,MA,02128,1898,,R3,THREE-FAM DWELLING,Analyze Boston property-assessment FY2026 (rev),2026-10-04T04:36Z,0102576000,https://data.boston.gov/dataset/property-assessment/resource/ee73430d-96c0-423e-ad21-c4cfb54c8961?q=PID%3A0102576000
BOS01180,46 PRINCETON ST,East Boston,MA,02128,1850,,R2,TWO-FAM DWELLING,Analyze Boston property-assessment FY2026 (rev),2026-10-04T04:36Z,0102577000,https://data.boston.gov/dataset/property-assessment/resource/ee73430d-96c0-423e-ad21-c4cfb54c8961?q=PID%3A0102577000
BOS01181,40 PRINCETON ST,East Boston,MA,02128,1900,,R3,THREE-FAM DWELLING,Analyze Boston property-assessment FY2026 (rev),2026-10-04T04:36Z,0102579000,https://data.boston.gov/dataset/property-assessment/resource/ee73430d-96c0-423e-ad21-c4cfb54c8961?q=PID%3A0102579000
BOS01182,38 PRINCETON ST,East Boston,MA,02128,1900,,R4,APT 4-6 UNITS,Analyze Boston property-assessment FY2026 (rev),2026-10-04T04:36Z,0102580000,https://data.boston.gov/dataset/property-assessment/resource/ee73430d-96c0-423e-ad21-c4cfb54c8961?q=PID%3A0102580000
BOS01183,36 PRINCETON ST,East Boston,MA,02128,1899,,R3,THREE-FAM DWELLING,Analyze Boston property-assessment FY2026 (rev),2026-10-04T04:36Z,0102581000,https://data.boston.gov/dataset/property-assessment/resource/ee73430d-96c0-423e-ad21-c4cfb54c8961?q=PID%3A0102581000
BOS01184,32 PRINCETON ST,East Boston,MA,02128,1900,,R3,THREE-FAM DWELLING,Analyze Boston property-assessment FY2026 (rev),2026-10-04T04:36Z,0102583000,https://data.boston.gov/dataset/property-assessment/resource/ee73430d-96c0-423e-ad21-c4cfb54c8961?q=PID%3A0102583000
BOS01185,30 PRINCETON ST,East Boston,MA,02128,1900,,R2,TWO-FAM DWELLING,Analyze Boston property-assessment FY2026 (rev),2026-10-04T04:36Z,0102584000,https://data.boston.gov/dataset/property-assessment/resource/ee73430d-96c0-423e-ad21-c4cfb54c8961?q=PID%3A0102584000
BOS01186,28 PRINCETON ST,East Boston,MA,02128,1900,,A,SUBSD HOUSING S- 8,Analyze Boston property-assessment FY2026 (rev),2026-10-04T04:36Z,0102585000,https://data.boston.gov/dataset/property-assessment/resource/ee73430d-96c0-423e-ad21-c4cfb54c8961?q=PID%3A0102585000
BOS01187,26 PRINCETON ST,East Boston,MA,02128,1900,,A,SUBSD HOUSING S- 8,Analyze Boston property-assessment FY2026 (rev),2026-10-04T04:36Z,0102586000,https://data.boston.gov/dataset/property-assessment/resource/ee73430d-96c0-423e-ad21-c4cfb54c8961?q=PID%3A0102586000
BOS01188,24 PRINCETON ST,East Boston,MA,02128,1900,,R3,THREE-FAM DWELLING,Analyze Boston property-assessment FY2026 (rev),2026-10-04T04:36Z,0102587000,https://data.boston.gov/dataset/property-assessment/resource/ee73430d-96c0-423e-ad21-c4cfb54c8961?q=PID%3A0102587000
BOS01189,22 PRINCETON ST,East Boston,MA,02128,1900,,R2,TWO-FAM DWELLING,Analyze Boston property-assessment FY2026 (rev),2026-10-04T04:36Z,0102588000,https://data.boston.gov/dataset/property-assessment/resource/ee73430d-96c0-423e-ad21-c4cfb54c8961?q=PID%3A0102588000
BOS01190,20 PRINCETON ST,East Boston,MA,02128,1900,,R3,MULTIPLE BLDGS/1 LOT,Analyze Boston property-assessment FY2026 (rev),2026-10-04T04:36Z,0102589000,https://data.boston.gov/dataset/property-assessment/resource/ee73430d-96c0-423e-ad21-c4cfb54c8961?q=PID%3A0102589000
BOS01191,14 PRINCETON ST,East Boston,MA,02128,1900,,R3,THREE-FAM DWELLING,Analyze Boston property-assessment FY2026 (rev),2026-10-04T04:36Z,0102590000,https://data.boston.gov/dataset/property-assessment/resource/ee73430d-96c0-423e-ad21-c4cfb54c8961?q=PID%3A0102590000
BOS01192,12 PRINCETON ST,East Boston,MA,02128,1900,,R3,THREE-FAM DWELLING,Analyze Boston property-assessment FY2026 (rev),2026-10-04T04:36Z,0102591000,https://data.boston.gov/dataset/property-assessment/resource/ee73430d-96c0-423e-ad21-c4cfb54c8961?q=PID%3A0102591000
BOS01193,10 PRINCETON ST,East Boston,MA,02128,1900,,R3,THREE-FAM DWELLING,Analyze Boston property-assessment FY2026 (rev),2026-10-04T04:36Z,0102592000,https://data.boston.gov/dataset/property-assessment/resource/ee73430d-96c0-423e-ad21-c4cfb54c8961?q=PID%3A0102592000
BOS01194,309 Meridian ST,East Boston,MA,02128,1900,,R2,TWO-FAM DWELLING,Analyze Boston property-assessment FY2026 (rev),2026-10-04T04:36Z,0102594000,https://data.boston.gov/dataset/property-assessment/resource/ee73430d-96c0-423e-ad21-c4cfb54c8961?q=PID%3A0102594000
BOS01195,315 Meridian ST,East Boston,MA,02128,1910,,R3,THREE-FAM DWELLING,Analyze Boston property-assessment FY2026 (rev),2026-10-04T04:36Z,0102597000,https://data.boston.gov/dataset/property-assessment/resource/ee73430d-96c0-423e-ad21-c4cfb54c8961?q=PID%3A0102597000
BOS01196,7 Trenton ST,East Boston,MA,02128,1910,,R3,THREE-FAM DWELLING,Analyze Boston property-assessment FY2026 (rev),2026-10-04T04:36Z,0102603000,https://data.boston.gov/dataset/property-assessment/resource/ee73430d-96c0-423e-ad21-c4cfb54c8961?q=PID%3A0102603000
BOS01197,9 Trenton ST,East Boston,MA,02128,1910,,R3,THREE-FAM DWELLING,Analyze Boston property-assessment FY2026 (rev),2026-10-04T04:36Z,0102603010,https://data.boston.gov/dataset/property-assessment/resource/ee73430d-96c0-423e-ad21-c4cfb54c8961?q=PID%3A0102603010
BOS01198,11 Trenton ST,East Boston,MA,02128,1900,,R4,APT 4-6 UNITS,Analyze Boston property-assessment FY2026 (rev),2026-10-04T04:36Z,0102604000,https://data.boston.gov/dataset/property-assessment/resource/ee73430d-96c0-423e-ad21-c4cfb54c8961?q=PID%3A0102604000
BOS01199,19 Trenton ST,East Boston,MA,02128,1900,,R2,TWO-FAM DWELLING,Analyze Boston property-assessment FY2026 (rev),2026-10-04T04:36Z,0102606000,https://data.boston.gov/dataset/property-assessment/resource/ee73430d-96c0-423e-ad21-c4cfb54c8961?q=PID%3A0102606000
BOS01200,21 Trenton ST,East Boston,MA,02128,1900,,R2,TWO-FAM DWELLING,Analyze Boston property-assessment FY2026 (rev),2026-10-04T04:36Z,0102607000,https://data.boston.gov/dataset/property-assessment/resource/ee73430d-96c0-423e-ad21-c4cfb54c8961?q=PID%3A0102607000
BOS01201,79 Marion ST,East Boston,MA,02128,1875,,R4,APT 4-6 UNITS,Analyze Boston property-assessment FY2026 (rev),2026-10-04T04:36Z,0102610000,https://data.boston.gov/dataset/property-assessment/resource/ee73430d-96c0-423e-ad21-c4cfb54c8961?q=PID%3A0102610000
BOS01202,72 Lexington ST,East Boston,MA,02128,1850,,R3,THREE-FAM DWELLING,Analyze Boston property-assessment FY2026 (rev),2026-10-04T04:36Z,0102613000,https://data.boston.gov/dataset/property-assessment/resource/ee73430d-96c0-423e-ad21-c4cfb54c8961?q=PID%3A0102613000
BOS01203,46 Lexington ST,East Boston,MA,02128,1900,,A,LUXURY APARTMENT,Analyze Boston property-assessment FY2026 (rev),2026-10-04T04:36Z,0102616000,https://data.boston.gov/dataset/property-assessment/resource/ee73430d-96c0-423e-ad21-c4cfb54c8961?q=PID%3A0102616000
BOS01204,44 Lexington ST,East Boston,MA,02128,1900,,A,LUXURY APARTMENT,Analyze Boston property-assessment FY2026 (rev),2026-10-04T04:36Z,0102617000,https://data.boston.gov/dataset/property-assessment/resource/ee73430d-96c0-423e-ad21-c4cfb54c8961?q=PID%3A0102617000
BOS01205,42 Lexington ST,East Boston,MA,02128,1900,,R3,THREE-FAM DWELLING,Analyze Boston property-assessment FY2026 (rev),2026-10-04T04:36Z,0102618000,https://data.boston.gov/dataset/property-assessment/resource/ee73430d-96c0-423e-ad21-c4cfb54c8961?q=PID%3A0102618000
BOS01206,40 Lexington ST,East Boston,MA,02128,1880,,R3,THREE-FAM DWELLING,Analyze Boston property-assessment FY2026 (rev),2026-10-04T04:36Z,0102619000,https://data.boston.gov/dataset/property-assessment/resource/ee73430d-96c0-423e-ad21-c4cfb54c8961?q=PID%3A0102619000
BOS01207,36 Lexington ST,East Boston,MA,02128,1875,,R2,TWO-FAM DWELLING,Analyze Boston property-assessment FY2026 (rev),2026-10-04T04:36Z,0102621000,https://data.boston.gov/dataset/property-assessment/resource/ee73430d-96c0-423e-ad21-c4cfb54c8961?q=PID%3A0102621000
BOS01208,34 Lexington ST,East Boston,MA,02128,1875,,R3,THREE-FAM DWELLING,Analyze Boston property-assessment FY2026 (rev),2026-10-04T04:36Z,0102622000,https://data.boston.gov/dataset/property-assessment/resource/ee73430d-96c0-423e-ad21-c4cfb54c8961?q=PID%3A0102622000
BOS01209,30 Lexington ST,East Boston,MA,02128,1875,,R2,TWO-FAM DWELLING,Analyze Boston property-assessment FY2026 (rev),2026-10-04T04:36Z,0102623000,https://data.boston.gov/dataset/property-assessment/resource/ee73430d-96c0-423e-ad21-c4cfb54c8961?q=PID%3A0102623000
BOS01210,28 Lexington ST,East Boston,MA,02128,1875,,R2,TWO-FAM DWELLING,Analyze Boston property-assessment FY2026 (rev),2026-10-04T04:36Z,0102624000,https://data.boston.gov/dataset/property-assessment/resource/ee73430d-96c0-423e-ad21-c4cfb54c8961?q=PID%3A0102624000
BOS01211,4 Trenton ST,East Boston,MA,02128,,,A,SUBSD HOUSING S- 8,Analyze Boston property-assessment FY2026 (rev),2026-10-04T04:36Z,0102627002,https://data.boston.gov/dataset/property-assessment/resource/ee73430d-96c0-423e-ad21-c4cfb54c8961?q=PID%3A0102627002
BOS01212,4 Trenton ST,East Boston,MA,02128,,,A,SUBSD HOUSING S- 8,Analyze Boston property-assessment FY2026 (rev),2026-10-04T04:36Z,0102627004,https://data.boston.gov/dataset/property-assessment/resource/ee73430d-96c0-423e-ad21-c4cfb54c8961?q=PID%3A0102627004
BOS01213,4 Trenton ST,East Boston,MA,02128,,,A,SUBSD HOUSING S- 8,Analyze Boston property-assessment FY2026 (rev),2026-10-04T04:36Z,0102627006,https://data.boston.gov/dataset/property-assessment/resource/ee73430d-96c0-423e-ad21-c4cfb54c8961?q=PID%3A0102627006
BOS01214,329 Meridian ST,East Boston,MA,02128,,,A,SUBSD HOUSING S- 8,Analyze Boston property-assessment FY2026 (rev),2026-10-04T04:36Z,0102627008,https://data.boston.gov/dataset/property-assessment/resource/ee73430d-96c0-423e-ad21-c4cfb54c8961?q=PID%3A0102627008
BOS01215,343 Meridian ST,East Boston,MA,02128,1890,,R3,THREE-FAM DWELLING,Analyze Boston property-assessment FY2026 (rev),2026-10-04T04:36Z,0102632000,https://data.boston.gov/dataset/property-assessment/resource/ee73430d-96c0-423e-ad21-c4cfb54c8961?q=PID%3A0102632000
BOS01216,347 Meridian ST,East Boston,MA,02128,1900,,R3,THREE-FAM DWELLING,Analyze Boston property-assessment FY2026 (rev),2026-10-04T04:36Z,0102633000,https://data.boston.gov/dataset/property-assessment/resource/ee73430d-96c0-423e-ad21-c4cfb54c8961?q=PID%3A0102633000
BOS01217,19 EUTAW ST,East Boston,MA,02128,1900,,R4,APT 4-6 UNITS,Analyze Boston property-assessment FY2026 (rev),2026-10-04T04:36Z,0102636000,https://data.boston.gov/dataset/property-assessment/resource/ee73430d-96c0-423e-ad21-c4cfb54c8961?q=PID%3A0102636000
BOS01218,21 EUTAW ST,East Boston,MA,02128,1880,,R3,THREE-FAM DWELLING,Analyze Boston property-assessment FY2026 (rev),2026-10-04T04:36Z,0102637000,https://data.boston.gov/dataset/property-assessment/resource/ee73430d-96c0-423e-ad21-c4cfb54c8961?q=PID%3A0102637000
BOS01219,23 EUTAW ST,East Boston,MA,02128,1910,,R3,THREE-FAM DWELLING,Analyze Boston property-assessment FY2026 (rev),2026-10-04T04:36Z,0102638000,https://data.boston.gov/dataset/property-assessment/resource/ee73430d-96c0-423e-ad21-c4cfb54c8961?q=PID%3A0102638000
BOS01220,25 EUTAW ST,East Boston,MA,02128,1910,,R3,THREE-FAM DWELLING,Analyze Boston property-assessment FY2026 (rev),2026-10-04T04:36Z,0102639000,https://data.boston.gov/dataset/property-assessment/resource/ee73430d-96c0-423e-ad21-c4cfb54c8961?q=PID%3A0102639000
BOS01221,27 EUTAW ST,East Boston,MA,02128,1885,,R3,THREE-FAM DWELLING,Analyze Boston property-assessment FY2026 (rev),2026-10-04T04:36Z,0102640000,https://data.boston.gov/dataset/property-assessment/resource/ee73430d-96c0-423e-ad21-c4cfb54c8961?q=PID%3A0102640000
BOS01222,29 EUTAW ST,East Boston,MA,02128,1900,,R3,THREE-FAM DWELLING,Analyze Boston property-assessment FY2026 (rev),2026-10-04T04:36Z,0102641000,https://data.boston.gov/dataset/property-assessment/resource/ee73430d-96c0-423e-ad21-c4cfb54c8961?q=PID%3A0102641000
BOS01223,33 EUTAW ST,East Boston,MA,02128,1850,,R3,THREE-FAM DWELLING,Analyze Boston property-assessment FY2026 (rev),2026-10-04T04:36Z,0102643000,https://data.boston.gov/dataset/property-assessment/resource/ee73430d-96c0-423e-ad21-c4cfb54c8961?q=PID%3A0102643000
BOS01224,35 EUTAW ST,East Boston,MA,02128,1900,,R3,THREE-FAM DWELLING,Analyze Boston property-assessment FY2026 (rev),2026-10-04T04:36Z,0102644000,https://data.boston.gov/dataset/property-assessment/resource/ee73430d-96c0-423e-ad21-c4cfb54c8961?q=PID%3A0102644000
BOS01225,37 EUTAW ST,East Boston,MA,02128,1900,,R3,THREE-FAM DWELLING,Analyze Boston property-assessment FY2026 (rev),2026-10-04T04:36Z,0102645000,https://data.boston.gov/dataset/property-assessment/resource/ee73430d-96c0-423e-ad21-c4cfb54c8961?q=PID%3A0102645000
BOS01226,39 EUTAW ST,East Boston,MA,02128,2006,,R2,TWO-FAM DWELLING,Analyze Boston property-assessment FY2026 (rev),2026-10-04T04:36Z,0102646000,https://data.boston.gov/dataset/property-assessment/resource/ee73430d-96c0-423e-ad21-c4cfb54c8961?q=PID%3A0102646000
BOS01227,59 Marion ST,East Boston,MA,02128,1899,,R3,THREE-FAM DWELLING,Analyze Boston property-assessment FY2026 (rev),2026-10-04T04:36Z,0102649000,https://data.boston.gov/dataset/property-assessment/resource/ee73430d-96c0-423e-ad21-c4cfb54c8961?q=PID%3A0102649000
BOS01228,61 Marion ST,East Boston,MA,02128,1910,,R3,THREE-FAM DWELLING,Analyze Boston property-assessment FY2026 (rev),2026-10-04T04:36Z,0102650000,https://data.boston.gov/dataset/property-assessment/resource/ee73430d-96c0-423e-ad21-c4cfb54c8961?q=PID%3A0102650000
BOS01229,65 Marion ST,East Boston,MA,02128,1880,,R3,THREE-FAM DWELLING,Analyze Boston property-assessment FY2026 (rev),2026-10-04T04:36Z,0102652000,https://data.boston.gov/dataset/property-assessment/resource/ee73430d-96c0-423e-ad21-c4cfb54c8961?q=PID%3A0102652000
BOS01230,67 Marion ST,East Boston,MA,02128,1910,,R3,THREE-FAM DWELLING,Analyze Boston property-assessment FY2026 (rev),2026-10-04T04:36Z,0102653000,https://data.boston.gov/dataset/property-assessment/resource/ee73430d-96c0-423e-ad21-c4cfb54c8961?q=PID%3A0102653000
BOS01231,69 Marion ST,East Boston,MA,02128,1880,,R3,THREE-FAM DWELLING,Analyze Boston property-assessment FY2026 (rev),2026-10-04T04:36Z,0102654000,https://data.boston.gov/dataset/property-assessment/resource/ee73430d-96c0-423e-ad21-c4cfb54c8961?q=PID%3A0102654000
BOS01232,71 Marion ST,East Boston,MA,02128,1899,,R3,THREE-FAM DWELLING,Analyze Boston property-assessment FY2026 (rev),2026-10-04T04:36Z,0102655000,https://data.boston.gov/dataset/property-assessment/resource/ee73430d-96c0-423e-ad21-c4cfb54c8961?q=PID%3A0102655000
BOS01233,34 Trenton ST,East Boston,MA,02128,1900,,R3,THREE-FAM DWELLING,Analyze Boston property-assessment FY2026 (rev),2026-10-04T04:36Z,0102657000,https://data.boston.gov/dataset/property-assessment/resource/ee73430d-96c0-423e-ad21-c4cfb54c8961?q=PID%3A0102657000
BOS01234,32 Trenton ST,East Boston,MA,02128,1900,,R2,TWO-FAM DWELLING,Analyze Boston property-assessment FY2026 (rev),2026-10-04T04:36Z,0102658000,https://data.boston.gov/dataset/property-assessment/resource/ee73430d-96c0-423e-ad21-c4cfb54c8961?q=PID%3A0102658000
BOS01235,30 Trenton ST,East Boston,MA,02128,1907,,R3,THREE-FAM DWELLING,Analyze Boston property-assessment FY2026 (rev),2026-10-04T04:36Z,0102659000,https://data.boston.gov/dataset/property-assessment/resource/ee73430d-96c0-423e-ad21-c4cfb54c8961?q=PID%3A0102659000
BOS01236,28 Trenton ST,East Boston,MA,02128,1900,,R3,THREE-FAM DWELLING,Analyze Boston property-assessment FY2026 (rev),2026-10-04T04:36Z,0102660000,https://data.boston.gov/dataset/property-assessment/resource/ee73430d-96c0-423e-ad21-c4cfb54c8961?q=PID%3A0102660000
BOS01237,26 Trenton ST,East Boston,MA,02128,1910,,R3,THREE-FAM DWELLING,Analyze Boston property-assessment FY2026 (rev),2026-10-04T04:36Z,0102662000,https://data.boston.gov/dataset/property-assessment/resource/ee73430d-96c0-423e-ad21-c4cfb54c8961?q=PID%3A0102662000
BOS01238,24 Trenton ST,East Boston,MA,02128,1910,,R3,THREE-FAM DWELLING,Analyze Boston property-assessment FY2026 (rev),2026-10-04T04:36Z,0102663000,https://data.boston.gov/dataset/property-assessment/resource/ee73430d-96c0-423e-ad21-c4cfb54c8961?q=PID%3A0102663000
BOS01239,22 Trenton ST,East Boston,MA,02128,1910,,R3,THREE-FAM DWELLING,Analyze Boston property-assessment FY2026 (rev),2026-10-04T04:36Z,0102664000,https://data.boston.gov/dataset/property-assessment/resource/ee73430d-96c0-423e-ad21-c4cfb54c8961?q=PID%3A0102664000
BOS01240,20 Trenton ST,East Boston,MA,02128,1900,,R3,THREE-FAM DWELLING,Analyze Boston property-assessment FY2026 (rev),2026-10-04T04:36Z,0102665000,https://data.boston.gov/dataset/property-assessment/resource/ee73430d-96c0-423e-ad21-c4cfb54c8961?q=PID%3A0102665000
BOS01241,16 Trenton ST,East Boston,MA,02128,2005,,R3,THREE-FAM DWELLING,Analyze Boston property-assessment FY2026 (rev),2026-10-04T04:36Z,0102667000,https://data.boston.gov/dataset/property-assessment/resource/ee73430d-96c0-423e-ad21-c4cfb54c8961?q=PID%3A0102667000
BOS01242,14 Trenton ST,East Boston,MA,02128,1910,,R2,TWO-FAM DWELLING,Analyze Boston property-assessment FY2026 (rev),2026-10-04T04:36Z,0102668000,https://data.boston.gov/dataset/property-assessment/resource/ee73430d-96c0-423e-ad21-c4cfb54c8961?q=PID%3A0102668000
BOS01243,12 Trenton ST,East Boston,MA,02128,1910,,R2,TWO-FAM DWELLING,Analyze Boston property-assessment FY2026 (rev),2026-10-04T04:36Z,0102669000,https://data.boston.gov/dataset/property-assessment/resource/ee73430d-96c0-423e-ad21-c4cfb54c8961?q=PID%3A0102669000
BOS01244,8 Trenton ST,East Boston,MA,02128,1900,,R3,THREE-FAM DWELLING,Analyze Boston property-assessment FY2026 (rev),2026-10-04T04:36Z,0102670000,https://data.boston.gov/dataset/property-assessment/resource/ee73430d-96c0-423e-ad21-c4cfb54c8961?q=PID%3A0102670000
BOS01245,20 EUTAW ST,East Boston,MA,02128,1905,,R3,THREE-FAM DWELLING,Analyze Boston property-assessment FY2026 (rev),2026-10-04T04:36Z,0102671010,https://data.boston.gov/dataset/property-assessment/resource/ee73430d-96c0-423e-ad21-c4cfb54c8961?q=PID%3A0102671010
BOS01246,365 Meridian ST,East Boston,MA,02128,1880,,A,SUBSD HOUSING S- 8,Analyze Boston property-assessment FY2026 (rev),2026-10-04T04:36Z,0102672000,https://data.boston.gov/dataset/property-assessment/resource/ee73430d-96c0-423e-ad21-c4cfb54c8961?q=PID%3A0102672000
BOS01247,369 Meridian ST,East Boston,MA,02128,1910,,R3,THREE-FAM DWELLING,Analyze Boston property-assessment FY2026 (rev),2026-10-04T04:36Z,0102673000,https://data.boston.gov/dataset/property-assessment/resource/ee73430d-96c0-423e-ad21-c4cfb54c8961?q=PID%3A0102673000
BOS01248,371 Meridian ST,East Boston,MA,02128,1910,,R2,TWO-FAM DWELLING,Analyze Boston property-assessment FY2026 (rev),2026-10-04T04:36Z,0102674000,https://data.boston.gov/dataset/property-assessment/resource/ee73430d-96c0-423e-ad21-c4cfb54c8961?q=PID%3A0102674000
BOS01249,1 MONMOUTH ST,East Boston,MA,02128,1900,,R4,APT 4-6 UNITS,Analyze Boston property-assessment FY2026 (rev),2026-10-04T04:36Z,0102675000,https://data.boston.gov/dataset/property-assessment/resource/ee73430d-96c0-423e-ad21-c4cfb54c8961?q=PID%3A0102675000
BOS01250,5 MONMOUTH ST,East Boston,MA,02128,1900,,R3,THREE-FAM DWELLING,Analyze Boston property-assessment FY2026 (rev),2026-10-04T04:36Z,0102677000,https://data.boston.gov/dataset/property-assessment/resource/ee73430d-96c0-423e-ad21-c4cfb54c8961?q=PID%3A0102677000
BOS01251,9 MONMOUTH ST,East Boston,MA,02128,1900,,R2,TWO-FAM DWELLING,Analyze Boston property-assessment FY2026 (rev),2026-10-04T04:36Z,0102679000,https://data.boston.gov/dataset/property-assessment/resource/ee73430d-96c0-423e-ad21-c4cfb54c8961?q=PID%3A0102679000
BOS01252,11 MONMOUTH ST,East Boston,MA,02128,1880,,R3,THREE-FAM DWELLING,Analyze Boston property-assessment FY2026 (rev),2026-10-04T04:36Z,0102680000,https://data.boston.gov/dataset/property-assessment/resource/ee73430d-96c0-423e-ad21-c4cfb54c8961?q=PID%3A0102680000
BOS01253,13 MONMOUTH ST,East Boston,MA,02128,1900,,R3,THREE-FAM DWELLING,Analyze Boston property-assessment FY2026 (rev),2026-10-04T04:36Z,0102681000,https://data.boston.gov/dataset/property-assessment/resource/ee73430d-96c0-423e-ad21-c4cfb54c8961?q=PID%3A0102681000
BOS01254,15 MONMOUTH ST,East Boston,MA,02128,1900,,R3,THREE-FAM DWELLING,Analyze Boston property-assessment FY2026 (rev),2026-10-04T04:36Z,0102682000,https://data.boston.gov/dataset/property-assessment/resource/ee73430d-96c0-423e-ad21-c4cfb54c8961?q=PID%3A0102682000
BOS01255,19 MONMOUTH ST,East Boston,MA,02128,1880,,R3,THREE-FAM DWELLING,Analyze Boston property-assessment FY2026 (rev),2026-10-04T04:36Z,0102683000,https://data.boston.gov/dataset/property-assessment/resource/ee73430d-96c0-423e-ad21-c4cfb54c8961?q=PID%3A0102683000
BOS01256,3 MARION PL,East Boston,MA,02128,1880,,R3,THREE-FAM DWELLING,Analyze Boston property-assessment FY2026 (rev),2026-10-04T04:36Z,0102687000,https://data.boston.gov/dataset/property-assessment/resource/ee73430d-96c0-423e-ad21-c4cfb54c8961?q=PID%3A0102687000
BOS01257,7 MARION PL,East Boston,MA,02128,1880,,R2,TWO-FAM DWELLING,Analyze Boston property-assessment FY2026 (rev),2026-10-04T04:36Z,0102691000,https://data.boston.gov/dataset/property-assessment/resource/ee73430d-96c0-423e-ad21-c4cfb54c8961?q=PID%3A0102691000
BOS01258,44 EUTAW ST,East Boston,MA,02128,1900,,R2,TWO-FAM DWELLING,Analyze Boston property-assessment FY2026 (rev),2026-10-04T04:36Z,0102694000,https://data.boston.gov/dataset/property-assessment/resource/ee73430d-96c0-423e-ad21-c4cfb54c8961?q=PID%3A0102694000
BOS01259,26 EUTAW ST,East Boston,MA,02128,1880,,R3,THREE-FAM DWELLING,Analyze Boston property-assessment FY2026 (rev),2026-10-04T04:36Z,0102701000,https://data.boston.gov/dataset/property-assessment/resource/ee73430d-96c0-423e-ad21-c4cfb54c8961?q=PID%3A0102701000
BOS01260,24 EUTAW ST,East Boston,MA,02128,1880,,R3,THREE-FAM DWELLING,Analyze Boston property-assessment FY2026 (rev),2026-10-04T04:36Z,0102702000,https://data.boston.gov/dataset/property-assessment/resource/ee73430d-96c0-423e-ad21-c4cfb54c8961?q=PID%3A0102702000
BOS01261,389 Meridian ST,East Boston,MA,02128,1900,,R3,THREE-FAM DWELLING,Analyze Boston property-assessment FY2026 (rev),2026-10-04T04:36Z,0102708000,https://data.boston.gov/dataset/property-assessment/resource/ee73430d-96c0-423e-ad21-c4cfb54c8961?q=PID%3A0102708000
BOS01262,391 Meridian ST,East Boston,MA,02128,1900,,R3,THREE-FAM DWELLING,Analyze Boston property-assessment FY2026 (rev),2026-10-04T04:36Z,0102709000,https://data.boston.gov/dataset/property-assessment/resource/ee73430d-96c0-423e-ad21-c4cfb54c8961?q=PID%3A0102709000
BOS01263,393 Meridian ST,East Boston,MA,02128,1910,,R4,APT 4-6 UNITS,Analyze Boston property-assessment FY2026 (rev),2026-10-04T04:36Z,0102710000,https://data.boston.gov/dataset/property-assessment/resource/ee73430d-96c0-423e-ad21-c4cfb54c8961?q=PID%3A0102710000
BOS01264,395 Meridian ST,East Boston,MA,02128,1900,,R3,THREE-FAM DWELLING,Analyze Boston property-assessment FY2026 (rev),2026-10-04T04:36Z,0102711000,https://data.boston.gov/dataset/property-assessment/resource/ee73430d-96c0-423e-ad21-c4cfb54c8961?q=PID%3A0102711000
BOS01265,401 Meridian ST,East Boston,MA,02128,1880,,R3,THREE-FAM DWELLING,Analyze Boston property-assessment FY2026 (rev),2026-10-04T04:36Z,0102712000,https://data.boston.gov/dataset/property-assessment/resource/ee73430d-96c0-423e-ad21-c4cfb54c8961?q=PID%3A0102712000
BOS01266,403 Meridian ST,East Boston,MA,02128,1900,,R2,TWO-FAM DWELLING,Analyze Boston property-assessment FY2026 (rev),2026-10-04T04:36Z,0102713000,https://data.boston.gov/dataset/property-assessment/resource/ee73430d-96c0-423e-ad21-c4cfb54c8961?q=PID%3A0102713000
BOS01267,5 Marion ST,East Boston,MA,02128,1880,,R3,THREE-FAM DWELLING,Analyze Boston property-assessment FY2026 (rev),2026-10-04T04:36Z,0102716000,https://data.boston.gov/dataset/property-assessment/resource/ee73430d-96c0-423e-ad21-c4cfb54c8961?q=PID%3A0102716000
BOS01268,11 Marion ST,East Boston,MA,02128,1900,,R3,THREE-FAM DWELLING,Analyze Boston property-assessment FY2026 (rev),2026-10-04T04:36Z,0102718000,https://data.boston.gov/dataset/property-assessment/resource/ee73430d-96c0-423e-ad21-c4cfb54c8961?q=PID%3A0102718000
BOS01269,15 Marion ST,East Boston,MA,02128,1880,,R2,TWO-FAM DWELLING,Analyze Boston property-assessment FY2026 (rev),2026-10-04T04:36Z,0102719000,https://data.boston.gov/dataset/property-assessment/resource/ee73430d-96c0-423e-ad21-c4cfb54c8961?q=PID%3A0102719000
BOS01270,17 Marion ST,East Boston,MA,02128,1880,,R3,THREE-FAM DWELLING,Analyze Boston property-assessment FY2026 (rev),2026-10-04T04:36Z,0102720000,https://data.boston.gov/dataset/property-assessment/resource/ee73430d-96c0-423e-ad21-c4cfb54c8961?q=PID%3A0102720000
BOS01271,19 Marion ST,East Boston,MA,02128,1880,,R3,THREE-FAM DWELLING,Analyze Boston property-assessment FY2026 (rev),2026-10-04T04:36Z,0102721000,https://data.boston.gov/dataset/property-assessment/resource/ee73430d-96c0-423e-ad21-c4cfb54c8961?q=PID%3A0102721000
BOS01272,21 Marion ST,East Boston,MA,02128,1880,,A,SUBSD HOUSING S- 8,Analyze Boston property-assessment FY2026 (rev),2026-10-04T04:36Z,0102722000,https://data.boston.gov/dataset/property-assessment/resource/ee73430d-96c0-423e-ad21-c4cfb54c8961?q=PID%3A0102722000
BOS01273,14 MONMOUTH ST,East Boston,MA,02128,1875,,R2,TWO-FAM DWELLING,Analyze Boston property-assessment FY2026 (rev),2026-10-04T04:36Z,0102723000,https://data.boston.gov/dataset/property-assessment/resource/ee73430d-96c0-423e-ad21-c4cfb54c8961?q=PID%3A0102723000
BOS01274,12 MONMOUTH ST,East Boston,MA,02128,1875,,R2,TWO-FAM DWELLING,Analyze Boston property-assessment FY2026 (rev),2026-10-04T04:36Z,0102724000,https://data.boston.gov/dataset/property-assessment/resource/ee73430d-96c0-423e-ad21-c4cfb54c8961?q=PID%3A0102724000
BOS01275,10 MONMOUTH ST,East Boston,MA,02128,1850,,R2,TWO-FAM DWELLING,Analyze Boston property-assessment FY2026 (rev),2026-10-04T04:36Z,0102725000,https://data.boston.gov/dataset/property-assessment/resource/ee73430d-96c0-423e-ad21-c4cfb54c8961?q=PID%3A0102725000
BOS01276,8 MONMOUTH ST,East Boston,MA,02128,1850,,R2,TWO-FAM DWELLING,Analyze Boston property-assessment FY2026 (rev),2026-10-04T04:36Z,0102726000,https://data.boston.gov/dataset/property-assessment/resource/ee73430d-96c0-423e-ad21-c4cfb54c8961?q=PID%3A0102726000
BOS01277,22 MONMOUTH ST,East Boston,MA,02128,1900,,R3,THREE-FAM DWELLING,Analyze Boston property-assessment FY2026 (rev),2026-10-04T04:36Z,0102727000,https://data.boston.gov/dataset/property-assessment/resource/ee73430d-96c0-423e-ad21-c4cfb54c8961?q=PID%3A0102727000
BOS01278,20 Marion ST,East Boston,MA,02128,1880,,R2,TWO-FAM DWELLING,Analyze Boston property-assessment FY2026 (rev),2026-10-04T04:36Z,0102731000,https://data.boston.gov/dataset/property-assessment/resource/ee73430d-96c0-423e-ad21-c4cfb54c8961?q=PID%3A0102731000
BOS01279,10 Marion ST,East Boston,MA,02128,1910,,A,APT 7-30 UNITS,Analyze Boston property-assessment FY2026 (rev),2026-10-04T04:36Z,0102734000,https://data.boston.gov/dataset/property-assessment/resource/ee73430d-96c0-423e-ad21-c4cfb54c8961?q=PID%3A0102734000
BOS01280,17 White ST,East Boston,MA,02128,1873,,R2,TWO-FAM DWELLING,Analyze Boston property-assessment FY2026 (rev),2026-10-04T04:36Z,0102735000,https://data.boston.gov/dataset/property-assessment/resource/ee73430d-96c0-423e-ad21-c4cfb54c8961?q=PID%3A0102735000
BOS01281,19 White ST,East Boston,MA,02128,1880,,R3,THREE-FAM DWELLING,Analyze Boston property-assessment FY2026 (rev),2026-10-04T04:36Z,0102736000,https://data.boston.gov/dataset/property-assessment/resource/ee73430d-96c0-423e-ad21-c4cfb54c8961?q=PID%3A0102736000
BOS01282,21 White ST,East Boston,MA,02128,1880,,R2,TWO-FAM DWELLING,Analyze Boston property-assessment FY2026 (rev),2026-10-04T04:36Z,0102737000,https://data.boston.gov/dataset/property-assessment/resource/ee73430d-96c0-423e-ad21-c4cfb54c8961?q=PID%3A0102737000
BOS01283,23 White ST,East Boston,MA,02128,1880,,R3,THREE-FAM DWELLING,Analyze Boston property-assessment FY2026 (rev),2026-10-04T04:36Z,0102738000,https://data.boston.gov/dataset/property-assessment/resource/ee73430d-96c0-423e-ad21-c4cfb54c8961?q=PID%3A0102738000
BOS01284,25 White ST,East Boston,MA,02128,1899,,R3,THREE-FAM DWELLING,Analyze Boston property-assessment FY2026 (rev),2026-10-04T04:36Z,0102739000,https://data.boston.gov/dataset/property-assessment/resource/ee73430d-96c0-423e-ad21-c4cfb54c8961?q=PID%3A0102739000
BOS01285,27 White ST,East Boston,MA,02128,1880,,R3,THREE-FAM DWELLING,Analyze Boston property-assessment FY2026 (rev),2026-10-04T04:36Z,0102740000,https://data.boston.gov/dataset/property-assessment/resource/ee73430d-96c0-423e-ad21-c4cfb54c8961?q=PID%3A0102740000
BOS01286,29 White ST,East Boston,MA,02128,1899,,R2,TWO-FAM DWELLING,Analyze Boston property-assessment FY2026 (rev),2026-10-04T04:36Z,0102741000,https://data.boston.gov/dataset/property-assessment/resource/ee73430d-96c0-423e-ad21-c4cfb54c8961?q=PID%3A0102741000
BOS01287,35 White ST,East Boston,MA,02128,1880,,R3,THREE-FAM DWELLING,Analyze Boston property-assessment FY2026 (rev),2026-10-04T04:36Z,0102744000,https://data.boston.gov/dataset/property-assessment/resource/ee73430d-96c0-423e-ad21-c4cfb54c8961?q=PID%3A0102744000
BOS01288,41 White ST,East Boston,MA,02128,1890,,R2,TWO-FAM DWELLING,Analyze Boston property-assessment FY2026 (rev),2026-10-04T04:36Z,0102747000,https://data.boston.gov/dataset/property-assessment/resource/ee73430d-96c0-423e-ad21-c4cfb54c8961?q=PID%3A0102747000
BOS01289,50 MONMOUTH ST,East Boston,MA,02128,1880,,R2,TWO-FAM DWELLING,Analyze Boston property-assessment FY2026 (rev),2026-10-04T04:36Z,0102751000,https://data.boston.gov/dataset/property-assessment/resource/ee73430d-96c0-423e-ad21-c4cfb54c8961?q=PID%3A0102751000
BOS01290,48 MONMOUTH ST,East Boston,MA,02128,1880,,R2,TWO-FAM DWELLING,Analyze Boston property-assessment FY2026 (rev),2026-10-04T04:36Z,0102752000,https://data.boston.gov/dataset/property-assessment/resource/ee73430d-96c0-423e-ad21-c4cfb54c8961?q=PID%3A0102752000
BOS01291,40 MONMOUTH ST,East Boston,MA,02128,1880,,R2,TWO-FAM DWELLING,Analyze Boston property-assessment FY2026 (rev),2026-10-04T04:36Z,0102756000,https://data.boston.gov/dataset/property-assessment/resource/ee73430d-96c0-423e-ad21-c4cfb54c8961?q=PID%3A0102756000
BOS01292,36 MONMOUTH ST,East Boston,MA,02128,1880,,R3,THREE-FAM DWELLING,Analyze Boston property-assessment FY2026 (rev),2026-10-04T04:36Z,0102758000,https://data.boston.gov/dataset/property-assessment/resource/ee73430d-96c0-423e-ad21-c4cfb54c8961?q=PID%3A0102758000
BOS01293,34 MONMOUTH ST,East Boston,MA,02128,1900,,R2,TWO-FAM DWELLING,Analyze Boston property-assessment FY2026 (rev),2026-10-04T04:36Z,0102759000,https://data.boston.gov/dataset/property-assessment/resource/ee73430d-96c0-423e-ad21-c4cfb54c8961?q=PID%3A0102759000
BOS01294,32 MONMOUTH ST,East Boston,MA,02128,1900,,R2,TWO-FAM DWELLING,Analyze Boston property-assessment FY2026 (rev),2026-10-04T04:36Z,0102760000,https://data.boston.gov/dataset/property-assessment/resource/ee73430d-96c0-423e-ad21-c4cfb54c8961?q=PID%3A0102760000
BOS01295,30 MONMOUTH ST,East Boston,MA,02128,1910,,R3,THREE-FAM DWELLING,Analyze Boston property-assessment FY2026 (rev),2026-10-04T04:36Z,0102761000,https://data.boston.gov/dataset/property-assessment/resource/ee73430d-96c0-423e-ad21-c4cfb54c8961?q=PID%3A0102761000
BOS01296,28 MONMOUTH ST,East Boston,MA,02128,1900,,R3,THREE-FAM DWELLING,Analyze Boston property-assessment FY2026 (rev),2026-10-04T04:36Z,0102762000,https://data.boston.gov/dataset/property-assessment/resource/ee73430d-96c0-423e-ad21-c4cfb54c8961?q=PID%3A0102762000
BOS01297,26 MONMOUTH ST,East Boston,MA,02128,1900,,A,SUBSD HOUSING S- 8,Analyze Boston property-assessment FY2026 (rev),2026-10-04T04:36Z,0102763000,https://data.boston.gov/dataset/property-assessment/resource/ee73430d-96c0-423e-ad21-c4cfb54c8961?q=PID%3A0102763000
BOS01298,50 Marion ST,East Boston,MA,02128,1880,,R3,THREE-FAM DWELLING,Analyze Boston property-assessment FY2026 (rev),2026-10-04T04:36Z,0102765000,https://data.boston.gov/dataset/property-assessment/resource/ee73430d-96c0-423e-ad21-c4cfb54c8961?q=PID%3A0102765000
BOS01299,48 Marion ST,East Boston,MA,02128,1880,,R3,THREE-FAM DWELLING,Analyze Boston property-assessment FY2026 (rev),2026-10-04T04:36Z,0102766000,https://data.boston.gov/dataset/property-assessment/resource/ee73430d-96c0-423e-ad21-c4cfb54c8961?q=PID%3A0102766000
BOS01300,42 Marion ST,East Boston,MA,02128,1880,,R3,THREE-FAM DWELLING,Analyze Boston property-assessment FY2026 (rev),2026-10-04T04:36Z,0102767000,https://data.boston.gov/dataset/property-assessment/resource/ee73430d-96c0-423e-ad21-c4cfb54c8961?q=PID%3A0102767000
BOS01301,38 Marion ST,East Boston,MA,02128,1880,,R3,THREE-FAM DWELLING,Analyze Boston property-assessment FY2026 (rev),2026-10-04T04:36Z,0102768000,https://data.boston.gov/dataset/property-assessment/resource/ee73430d-96c0-423e-ad21-c4cfb54c8961?q=PID%3A0102768000
BOS01302,21 MONMOUTH ST,East Boston,MA,02128,1900,,A,SUBSD HOUSING S- 8,Analyze Boston property-assessment FY2026 (rev),2026-10-04T04:36Z,0102769000,https://data.boston.gov/dataset/property-assessment/resource/ee73430d-96c0-423e-ad21-c4cfb54c8961?q=PID%3A0102769000
BOS01303,23 MONMOUTH ST,East Boston,MA,02128,1920,,R3,THREE-FAM DWELLING,Analyze Boston property-assessment FY2026 (rev),2026-10-04T04:36Z,0102770000,https://data.boston.gov/dataset/property-assessment/resource/ee73430d-96c0-423e-ad21-c4cfb54c8961?q=PID%3A0102770000
BOS01304,29 MONMOUTH ST,East Boston,MA,02128,1901,,R2,TWO-FAM DWELLING,Analyze Boston property-assessment FY2026 (rev),2026-10-04T04:36Z,0102773000,https://data.boston.gov/dataset/property-assessment/resource/ee73430d-96c0-423e-ad21-c4cfb54c8961?q=PID%3A0102773000
BOS01305,39 MONMOUTH ST,East Boston,MA,02128,1880,,R3,THREE-FAM DWELLING,Analyze Boston property-assessment FY2026 (rev),2026-10-04T04:36Z,0102777000,https://data.boston.gov/dataset/property-assessment/resource/ee73430d-96c0-423e-ad21-c4cfb54c8961?q=PID%3A0102777000
BOS01306,43 MONMOUTH ST,East Boston,MA,02128,1880,,R3,THREE-FAM DWELLING,Analyze Boston property-assessment FY2026 (rev),2026-10-04T04:36Z,0102779000,https://data.boston.gov/dataset/property-assessment/resource/ee73430d-96c0-423e-ad21-c4cfb54c8961?q=PID%3A0102779000
BOS01307,45 MONMOUTH ST,East Boston,MA,02128,1880,,R2,TWO-FAM DWELLING,Analyze Boston property-assessment FY2026 (rev),2026-10-04T04:36Z,0102780000,https://data.boston.gov/dataset/property-assessment/resource/ee73430d-96c0-423e-ad21-c4cfb54c8961?q=PID%3A0102780000
BOS01308,47 MONMOUTH ST,East Boston,MA,02128,1940,,R2,TWO-FAM DWELLING,Analyze Boston property-assessment FY2026 (rev),2026-10-04T04:36Z,0102781000,https://data.boston.gov/dataset/property-assessment/resource/ee73430d-96c0-423e-ad21-c4cfb54c8961?q=PID%3A0102781000
BOS01309,51 MONMOUTH ST,East Boston,MA,02128,1873,,R3,THREE-FAM DWELLING,Analyze Boston property-assessment FY2026 (rev),2026-10-04T04:36Z,0102783000,https://data.boston.gov/dataset/property-assessment/resource/ee73430d-96c0-423e-ad21-c4cfb54c8961?q=PID%3A0102783000
BOS01310,59 MONMOUTH ST,East Boston,MA,02128,1880,,R3,THREE-FAM DWELLING,Analyze Boston property-assessment FY2026 (rev),2026-10-04T04:36Z,0102787000,https://data.boston.gov/dataset/property-assessment/resource/ee73430d-96c0-423e-ad21-c4cfb54c8961?q=PID%3A0102787000
BOS01311,61 MONMOUTH ST,East Boston,MA,02128,1869,,R3,THREE-FAM DWELLING,Analyze Boston property-assessment FY2026 (rev),2026-10-04T04:36Z,0102788000,https://data.boston.gov/dataset/property-assessment/resource/ee73430d-96c0-423e-ad21-c4cfb54c8961?q=PID%3A0102788000
BOS01312,200 Brooks ST,East Boston,MA,02128,1880,,R3,THREE-FAM DWELLING,Analyze Boston property-assessment FY2026 (rev),2026-10-04T04:36Z,0102790000,https://data.boston.gov/dataset/property-assessment/resource/ee73430d-96c0-423e-ad21-c4cfb54c8961?q=PID%3A0102790000
BOS01313,198 Brooks ST,East Boston,MA,02128,1880,,R3,THREE-FAM DWELLING,Analyze Boston property-assessment FY2026 (rev),2026-10-04T04:36Z,0102791000,https://data.boston.gov/dataset/property-assessment/resource/ee73430d-96c0-423e-ad21-c4cfb54c8961?q=PID%3A0102791000
BOS01314,196 Brooks ST,East Boston,MA,02128,1880,,R3,THREE-FAM DWELLING,Analyze Boston property-assessment FY2026 (rev),2026-10-04T04:36Z,0102792000,https://data.boston.gov/dataset/property-assessment/resource/ee73430d-96c0-423e-ad21-c4cfb54c8961?q=PID%3A0102792000
BOS01315,194 Brooks ST,East Boston,MA,02128,1912,,R3,THREE-FAM DWELLING,Analyze Boston property-assessment FY2026 (rev),2026-10-04T04:36Z,0102793000,https://data.boston.gov/dataset/property-assessment/resource/ee73430d-96c0-423e-ad21-c4cfb54c8961?q=PID%3A0102793000
BOS01316,192 Brooks ST,East Boston,MA,02128,1900,,A,SUBSD HOUSING S- 8,Analyze Boston property-assessment FY2026 (rev),2026-10-04T04:36Z,0102794000,https://data.boston.gov/dataset/property-assessment/resource/ee73430d-96c0-423e-ad21-c4cfb54c8961?q=PID%3A0102794000
BOS01317,96 EUTAW ST,East Boston,MA,02128,1880,,R2,TWO-FAM DWELLING,Analyze Boston property-assessment FY2026 (rev),2026-10-04T04:36Z,0102797000,https://data.boston.gov/dataset/property-assessment/resource/ee73430d-96c0-423e-ad21-c4cfb54c8961?q=PID%3A0102797000
BOS01318,90 EUTAW ST,East Boston,MA,02128,1870,,R3,THREE-FAM DWELLING,Analyze Boston property-assessment FY2026 (rev),2026-10-04T04:36Z,0102799000,https://data.boston.gov/dataset/property-assessment/resource/ee73430d-96c0-423e-ad21-c4cfb54c8961?q=PID%3A0102799000
BOS01319,88 EUTAW ST,East Boston,MA,02128,1880,,R2,TWO-FAM DWELLING,Analyze Boston property-assessment FY2026 (rev),2026-10-04T04:36Z,0102800000,https://data.boston.gov/dataset/property-assessment/resource/ee73430d-96c0-423e-ad21-c4cfb54c8961?q=PID%3A0102800000
BOS01320,84 EUTAW ST,East Boston,MA,02128,1870,,R3,THREE-FAM DWELLING,Analyze Boston property-assessment FY2026 (rev),2026-10-04T04:36Z,0102802000,https://data.boston.gov/dataset/property-assessment/resource/ee73430d-96c0-423e-ad21-c4cfb54c8961?q=PID%3A0102802000
BOS01321,80 EUTAW ST,East Boston,MA,02128,1880,,R2,TWO-FAM DWELLING,Analyze Boston property-assessment FY2026 (rev),2026-10-04T04:36Z,0102804000,https://data.boston.gov/dataset/property-assessment/resource/ee73430d-96c0-423e-ad21-c4cfb54c8961?q=PID%3A0102804000
BOS01322,76 EUTAW ST,East Boston,MA,02128,1880,,R2,TWO-FAM DWELLING,Analyze Boston property-assessment FY2026 (rev),2026-10-04T04:36Z,0102805000,https://data.boston.gov/dataset/property-assessment/resource/ee73430d-96c0-423e-ad21-c4cfb54c8961?q=PID%3A0102805000
BOS01323,72 EUTAW ST,East Boston,MA,02128,1900,,A,SUBSD HOUSING S- 8,Analyze Boston property-assessment FY2026 (rev),2026-10-04T04:36Z,0102807000,https://data.boston.gov/dataset/property-assessment/resource/ee73430d-96c0-423e-ad21-c4cfb54c8961?q=PID%3A0102807000
BOS01324,70 EUTAW ST,East Boston,MA,02128,1880,,R2,TWO-FAM DWELLING,Analyze Boston property-assessment FY2026 (rev),2026-10-04T04:36Z,0102808000,https://data.boston.gov/dataset/property-assessment/resource/ee73430d-96c0-423e-ad21-c4cfb54c8961?q=PID%3A0102808000
BOS01325,64 EUTAW ST,East Boston,MA,02128,1900,,R2,TWO-FAM DWELLING,Analyze Boston property-assessment FY2026 (rev),2026-10-04T04:36Z,0102811000,https://data.boston.gov/dataset/property-assessment/resource/ee73430d-96c0-423e-ad21-c4cfb54c8961?q=PID%3A0102811000
BOS01326,62 EUTAW ST,East Boston,MA,02128,1880,,R3,THREE-FAM DWELLING,Analyze Boston property-assessment FY2026 (rev),2026-10-04T04:36Z,0102812000,https://data.boston.gov/dataset/property-assessment/resource/ee73430d-96c0-423e-ad21-c4cfb54c8961?q=PID%3A0102812000
BOS01327,58 EUTAW ST,East Boston,MA,02128,1850,,R4,APT 4-6 UNITS,Analyze Boston property-assessment FY2026 (rev),2026-10-04T04:36Z,0102814000,https://data.boston.gov/dataset/property-assessment/resource/ee73430d-96c0-423e-ad21-c4cfb54c8961?q=PID%3A0102814000
BOS01328,52 EUTAW ST,East Boston,MA,02128,1902,,R2,TWO-FAM DWELLING,Analyze Boston property-assessment FY2026 (rev),2026-10-04T04:36Z,0102817000,https://data.boston.gov/dataset/property-assessment/resource/ee73430d-96c0-423e-ad21-c4cfb54c8961?q=PID%3A0102817000
BOS01329,50 EUTAW ST,East Boston,MA,02128,1880,,R3,THREE-FAM DWELLING,Analyze Boston property-assessment FY2026 (rev),2026-10-04T04:36Z,0102818000,https://data.boston.gov/dataset/property-assessment/resource/ee73430d-96c0-423e-ad21-c4cfb54c8961?q=PID%3A0102818000
BOS01330,56 Trenton ST,East Boston,MA,02128,1920,,R4,APT 4-6 UNITS,Analyze Boston property-assessment FY2026 (rev),2026-10-04T04:36Z,0102821000,https://data.boston.gov/dataset/property-assessment/resource/ee73430d-96c0-423e-ad21-c4cfb54c8961?q=PID%3A0102821000
BOS01331,54 Marion ST,East Boston,MA,02128,1880,,R2,TWO-FAM DWELLING,Analyze Boston property-assessment FY2026 (rev),2026-10-04T04:36Z,0102826000,https://data.boston.gov/dataset/property-assessment/resource/ee73430d-96c0-423e-ad21-c4cfb54c8961?q=PID%3A0102826000
BOS01332,61 EUTAW ST,East Boston,MA,02128,1899,,A,APT 7-30 UNITS,Analyze Boston property-assessment FY2026 (rev),2026-10-04T04:36Z,0102829000,https://data.boston.gov/dataset/property-assessment/resource/ee73430d-96c0-423e-ad21-c4cfb54c8961?q=PID%3A0102829000
BOS01333,71 EUTAW ST,East Boston,MA,02128,1880,,R2,TWO-FAM DWELLING,Analyze Boston property-assessment FY2026 (rev),2026-10-04T04:36Z,0102830000,https://data.boston.gov/dataset/property-assessment/resource/ee73430d-96c0-423e-ad21-c4cfb54c8961?q=PID%3A0102830000
BOS01334,77 EUTAW ST,East Boston,MA,02128,1875,,R2,TWO-FAM DWELLING,Analyze Boston property-assessment FY2026 (rev),2026-10-04T04:36Z,0102833000,https://data.boston.gov/dataset/property-assessment/resource/ee73430d-96c0-423e-ad21-c4cfb54c8961?q=PID%3A0102833000
BOS01335,79 EUTAW ST,East Boston,MA,02128,1900,,R3,THREE-FAM DWELLING,Analyze Boston property-assessment FY2026 (rev),2026-10-04T04:36Z,0102834000,https://data.boston.gov/dataset/property-assessment/resource/ee73430d-96c0-423e-ad21-c4cfb54c8961?q=PID%3A0102834000
BOS01336,81 EUTAW ST,East Boston,MA,02128,1880,,R2,TWO-FAM DWELLING,Analyze Boston property-assessment FY2026 (rev),2026-10-04T04:36Z,0102835000,https://data.boston.gov/dataset/property-assessment/resource/ee73430d-96c0-423e-ad21-c4cfb54c8961?q=PID%3A0102835000
BOS01337,87 EUTAW ST,East Boston,MA,02128,1880,,R2,TWO-FAM DWELLING,Analyze Boston property-assessment FY2026 (rev),2026-10-04T04:36Z,0102838000,https://data.boston.gov/dataset/property-assessment/resource/ee73430d-96c0-423e-ad21-c4cfb54c8961?q=PID%3A0102838000
BOS01338,178 Brooks ST,East Boston,MA,02128,1835,,R3,THREE-FAM DWELLING,Analyze Boston property-assessment FY2026 (rev),2026-10-04T04:36Z,0102839000,https://data.boston.gov/dataset/property-assessment/resource/ee73430d-96c0-423e-ad21-c4cfb54c8961?q=PID%3A0102839000
BOS01339,176 Brooks ST,East Boston,MA,02128,1900,,R3,THREE-FAM DWELLING,Analyze Boston property-assessment FY2026 (rev),2026-10-04T04:36Z,0102840000,https://data.boston.gov/dataset/property-assessment/resource/ee73430d-96c0-423e-ad21-c4cfb54c8961?q=PID%3A0102840000
BOS01340,174 Brooks ST,East Boston,MA,02128,1920,,R3,THREE-FAM DWELLING,Analyze Boston property-assessment FY2026 (rev),2026-10-04T04:36Z,0102841000,https://data.boston.gov/dataset/property-assessment/resource/ee73430d-96c0-423e-ad21-c4cfb54c8961?q=PID%3A0102841000
BOS01341,170 Brooks ST,East Boston,MA,02128,1900,,R3,THREE-FAM DWELLING,Analyze Boston property-assessment FY2026 (rev),2026-10-04T04:36Z,0102842000,https://data.boston.gov/dataset/property-assessment/resource/ee73430d-96c0-423e-ad21-c4cfb54c8961?q=PID%3A0102842000
BOS01342,168 Brooks ST,East Boston,MA,02128,1900,,R2,TWO-FAM DWELLING,Analyze Boston property-assessment FY2026 (rev),2026-10-04T04:36Z,0102843000,https://data.boston.gov/dataset/property-assessment/resource/ee73430d-96c0-423e-ad21-c4cfb54c8961?q=PID%3A0102843000
BOS01343,96 Trenton ST,East Boston,MA,02128,1880,,R3,THREE-FAM DWELLING,Analyze Boston property-assessment FY2026 (rev),2026-10-04T04:36Z,0102849000,https://data.boston.gov/dataset/property-assessment/resource/ee73430d-96c0-423e-ad21-c4cfb54c8961?q=PID%3A0102849000
BOS01344,94 Trenton ST,East Boston,MA,02128,1900,,R4,APT 4-6 UNITS,Analyze Boston property-assessment FY2026 (rev),2026-10-04T04:36Z,0102850000,https://data.boston.gov/dataset/property-assessment/resource/ee73430d-96c0-423e-ad21-c4cfb54c8961?q=PID%3A0102850000
BOS01345,92 Trenton ST,East Boston,MA,02128,1900,,R3,THREE-FAM DWELLING,Analyze Boston property-assessment FY2026 (rev),2026-10-04T04:36Z,0102851000,https://data.boston.gov/dataset/property-assessment/resource/ee73430d-96c0-423e-ad21-c4cfb54c8961?q=PID%3A0102851000
BOS01346,90 Trenton ST,East Boston,MA,02128,1900,,R2,TWO-FAM DWELLING,Analyze Boston property-assessment FY2026 (rev),2026-10-04T04:36Z,0102852000,https://data.boston.gov/dataset/property-assessment/resource/ee73430d-96c0-423e-ad21-c4cfb54c8961?q=PID%3A0102852000
BOS01347,88 Trenton ST,East Boston,MA,02128,1880,,R2,TWO-FAM DWELLING,Analyze Boston property-assessment FY2026 (rev),2026-10-04T04:36Z,0102853000,https://data.boston.gov/dataset/property-assessment/resource/ee73430d-96c0-423e-ad21-c4cfb54c8961?q=PID%3A0102853000
BOS01348,86 Trenton ST,East Boston,MA,02128,1880,,R3,THREE-FAM DWELLING,Analyze Boston property-assessment FY2026 (rev),2026-10-04T04:36Z,0102854000,https://data.boston.gov/dataset/property-assessment/resource/ee73430d-96c0-423e-ad21-c4cfb54c8961?q=PID%3A0102854000
BOS01349,82 Trenton ST,East Boston,MA,02128,1900,,R3,THREE-FAM DWELLING,Analyze Boston property-assessment FY2026 (rev),2026-10-04T04:36Z,0102855000,https://data.boston.gov/dataset/property-assessment/resource/ee73430d-96c0-423e-ad21-c4cfb54c8961?q=PID%3A0102855000
BOS01350,80 Trenton ST,East Boston,MA,02128,1880,,R2,TWO-FAM DWELLING,Analyze Boston property-assessment FY2026 (rev),2026-10-04T04:36Z,0102856000,https://data.boston.gov/dataset/property-assessment/resource/ee73430d-96c0-423e-ad21-c4cfb54c8961?q=PID%3A0102856000
BOS01351,78 Trenton ST,East Boston,MA,02128,1899,,R2,TWO-FAM DWELLING,Analyze Boston property-assessment FY2026 (rev),2026-10-04T04:36Z,0102857000,https://data.boston.gov/dataset/property-assessment/resource/ee73430d-96c0-423e-ad21-c4cfb54c8961?q=PID%3A0102857000
BOS01352,76 Trenton ST,East Boston,MA,02128,1900,,R2,TWO-FAM DWELLING,Analyze Boston property-assessment FY2026 (rev),2026-10-04T04:36Z,0102858000,https://data.boston.gov/dataset/property-assessment/resource/ee73430d-96c0-423e-ad21-c4cfb54c8961?q=PID%3A0102858000
BOS01353,74 Trenton ST,East Boston,MA,02128,1900,,R3,THREE-FAM DWELLING,Analyze Boston property-assessment FY2026 (rev),2026-10-04T04:36Z,0102859000,https://data.boston.gov/dataset/property-assessment/resource/ee73430d-96c0-423e-ad21-c4cfb54c8961?q=PID%3A0102859000
BOS01354,72 Trenton ST,East Boston,MA,02128,1880,,R2,TWO-FAM DWELLING,Analyze Boston property-assessment FY2026 (rev),2026-10-04T04:36Z,0102860000,https://data.boston.gov/dataset/property-assessment/resource/ee73430d-96c0-423e-ad21-c4cfb54c8961?q=PID%3A0102860000
BOS01355,70 Trenton ST,East Boston,MA,02128,1900,,R3,THREE-FAM DWELLING,Analyze Boston property-assessment FY2026 (rev),2026-10-04T04:36Z,0102861000,https://data.boston.gov/dataset/property-assessment/resource/ee73430d-96c0-423e-ad21-c4cfb54c8961?q=PID%3A0102861000
BOS01356,68 Trenton ST,East Boston,MA,02128,1920,,R3,THREE-FAM DWELLING,Analyze Boston property-assessment FY2026 (rev),2026-10-04T04:36Z,0102862000,https://data.boston.gov/dataset/property-assessment/resource/ee73430d-96c0-423e-ad21-c4cfb54c8961?q=PID%3A0102862000
BOS01357,66 Trenton ST,East Boston,MA,02128,1880,,R3,THREE-FAM DWELLING,Analyze Boston property-assessment FY2026 (rev),2026-10-04T04:36Z,0102863000,https://data.boston.gov/dataset/property-assessment/resource/ee73430d-96c0-423e-ad21-c4cfb54c8961?q=PID%3A0102863000
BOS01358,64 Trenton ST,East Boston,MA,02128,1880,,R3,THREE-FAM DWELLING,Analyze Boston property-assessment FY2026 (rev),2026-10-04T04:36Z,0102864000,https://data.boston.gov/dataset/property-assessment/resource/ee73430d-96c0-423e-ad21-c4cfb54c8961?q=PID%3A0102864000
BOS01359,60 Trenton ST,East Boston,MA,02128,1900,,R3,THREE-FAM DWELLING,Analyze Boston property-assessment FY2026 (rev),2026-10-04T04:36Z,0102866000,https://data.boston.gov/dataset/property-assessment/resource/ee73430d-96c0-423e-ad21-c4cfb54c8961?q=PID%3A0102866000
BOS01360,58 Trenton ST,East Boston,MA,02128,1900,,R3,THREE-FAM DWELLING,Analyze Boston property-assessment FY2026 (rev),2026-10-04T04:36Z,0102867000,https://data.boston.gov/dataset/property-assessment/resource/ee73430d-96c0-423e-ad21-c4cfb54c8961?q=PID%3A0102867000
BOS01361,78 Lexington ST,East Boston,MA,02128,1899,,R4,APT 4-6 UNITS,Analyze Boston property-assessment FY2026 (rev),2026-10-04T04:36Z,0102868000,https://data.boston.gov/dataset/property-assessment/resource/ee73430d-96c0-423e-ad21-c4cfb54c8961?q=PID%3A0102868000
BOS01362,82 Marion ST,East Boston,MA,02128,1900,,R3,THREE-FAM DWELLING,Analyze Boston property-assessment FY2026 (rev),2026-10-04T04:36Z,0102869000,https://data.boston.gov/dataset/property-assessment/resource/ee73430d-96c0-423e-ad21-c4cfb54c8961?q=PID%3A0102869000
BOS01363,57 Trenton ST,East Boston,MA,02128,1880,,A,SUBSD HOUSING S- 8,Analyze Boston property-assessment FY2026 (rev),2026-10-04T04:36Z,0102871000,https://data.boston.gov/dataset/property-assessment/resource/ee73430d-96c0-423e-ad21-c4cfb54c8961?q=PID%3A0102871000
BOS01364,61 Trenton ST,East Boston,MA,02128,1910,,R2,TWO-FAM DWELLING,Analyze Boston property-assessment FY2026 (rev),2026-10-04T04:36Z,0102872000,https://data.boston.gov/dataset/property-assessment/resource/ee73430d-96c0-423e-ad21-c4cfb54c8961?q=PID%3A0102872000
BOS01365,77 Trenton ST,East Boston,MA,02128,1900,,R3,MULTIPLE BLDGS/1 LOT,Analyze Boston property-assessment FY2026 (rev),2026-10-04T04:36Z,0102875000,https://data.boston.gov/dataset/property-assessment/resource/ee73430d-96c0-423e-ad21-c4cfb54c8961?q=PID%3A0102875000
BOS01366,81 Trenton ST,East Boston,MA,02128,1900,,R2,TWO-FAM DWELLING,Analyze Boston property-assessment FY2026 (rev),2026-10-04T04:36Z,0102876000,https://data.boston.gov/dataset/property-assessment/resource/ee73430d-96c0-423e-ad21-c4cfb54c8961?q=PID%3A0102876000
BOS01367,85 Trenton ST,East Boston,MA,02128,1900,,R3,THREE-FAM DWELLING,Analyze Boston property-assessment FY2026 (rev),2026-10-04T04:36Z,0102877000,https://data.boston.gov/dataset/property-assessment/resource/ee73430d-96c0-423e-ad21-c4cfb54c8961?q=PID%3A0102877000
BOS01368,87 Trenton ST,East Boston,MA,02128,1900,,R3,THREE-FAM DWELLING,Analyze Boston property-assessment FY2026 (rev),2026-10-04T04:36Z,0102878000,https://data.boston.gov/dataset/property-assessment/resource/ee73430d-96c0-423e-ad21-c4cfb54c8961?q=PID%3A0102878000
BOS01369,89 Trenton ST,East Boston,MA,02128,1900,,R3,THREE-FAM DWELLING,Analyze Boston property-assessment FY2026 (rev),2026-10-04T04:36Z,0102879000,https://data.boston.gov/dataset/property-assessment/resource/ee73430d-96c0-423e-ad21-c4cfb54c8961?q=PID%3A0102879000
BOS01370,93 Trenton ST,East Boston,MA,02128,1900,,R3,THREE-FAM DWELLING,Analyze Boston property-assessment FY2026 (rev),2026-10-04T04:36Z,0102881000,https://data.boston.gov/dataset/property-assessment/resource/ee73430d-96c0-423e-ad21-c4cfb54c8961?q=PID%3A0102881000
BOS01371,95 Trenton ST,East Boston,MA,02128,1900,,R2,TWO-FAM DWELLING,Analyze Boston property-assessment FY2026 (rev),2026-10-04T04:36Z,0102882000,https://data.boston.gov/dataset/property-assessment/resource/ee73430d-96c0-423e-ad21-c4cfb54c8961?q=PID%3A0102882000
BOS01372,97 Trenton ST,East Boston,MA,02128,1870,,R2,TWO-FAM DWELLING,Analyze Boston property-assessment FY2026 (rev),2026-10-04T04:36Z,0102883000,https://data.boston.gov/dataset/property-assessment/resource/ee73430d-96c0-423e-ad21-c4cfb54c8961?q=PID%3A0102883000
BOS01373,99 Trenton ST,East Boston,MA,02128,1875,,R2,TWO-FAM DWELLING,Analyze Boston property-assessment FY2026 (rev),2026-10-04T04:36Z,0102884000,https://data.boston.gov/dataset/property-assessment/resource/ee73430d-96c0-423e-ad21-c4cfb54c8961?q=PID%3A0102884000
BOS01374,101 Trenton ST,East Boston,MA,02128,1880,,R3,THREE-FAM DWELLING,Analyze Boston property-assessment FY2026 (rev),2026-10-04T04:36Z,0102885000,https://data.boston.gov/dataset/property-assessment/resource/ee73430d-96c0-423e-ad21-c4cfb54c8961?q=PID%3A0102885000
BOS01375,103 Trenton ST,East Boston,MA,02128,1880,,R3,THREE-FAM DWELLING,Analyze Boston property-assessment FY2026 (rev),2026-10-04T04:36Z,0102886000,https://data.boston.gov/dataset/property-assessment/resource/ee73430d-96c0-423e-ad21-c4cfb54c8961?q=PID%3A0102886000
BOS01376,148 Brooks ST,East Boston,MA,02128,1900,,R2,TWO-FAM DWELLING,Analyze Boston property-assessment FY2026 (rev),2026-10-04T04:36Z,0102887000,https://data.boston.gov/dataset/property-assessment/resource/ee73430d-96c0-423e-ad21-c4cfb54c8961?q=PID%3A0102887000
BOS01377,146 Brooks ST,East Boston,MA,02128,1900,,R2,TWO-FAM DWELLING,Analyze Boston property-assessment FY2026 (rev),2026-10-04T04:36Z,0102888000,https://data.boston.gov/dataset/property-assessment/resource/ee73430d-96c0-423e-ad21-c4cfb54c8961?q=PID%3A0102888000
BOS01378,128 Lexington ST,East Boston,MA,02128,1850,,R3,THREE-FAM DWELLING,Analyze Boston property-assessment FY2026 (rev),2026-10-04T04:36Z,0102891000,https://data.boston.gov/dataset/property-assessment/resource/ee73430d-96c0-423e-ad21-c4cfb54c8961?q=PID%3A0102891000
BOS01379,98 Lexington ST,East Boston,MA,02128,1910,,R2,TWO-FAM DWELLING,Analyze Boston property-assessment FY2026 (rev),2026-10-04T04:36Z,0102902000,https://data.boston.gov/dataset/property-assessment/resource/ee73430d-96c0-423e-ad21-c4cfb54c8961?q=PID%3A0102902000
BOS01380,94 Lexington ST,East Boston,MA,02128,1880,,R3,THREE-FAM DWELLING,Analyze Boston property-assessment FY2026 (rev),2026-10-04T04:36Z,0102904000,https://data.boston.gov/dataset/property-assessment/resource/ee73430d-96c0-423e-ad21-c4cfb54c8961?q=PID%3A0102904000
BOS01381,92 Lexington ST,East Boston,MA,02128,1880,,R3,THREE-FAM DWELLING,Analyze Boston property-assessment FY2026 (rev),2026-10-04T04:36Z,0102905000,https://data.boston.gov/dataset/property-assessment/resource/ee73430d-96c0-423e-ad21-c4cfb54c8961?q=PID%3A0102905000
BOS01382,90 Lexington ST,East Boston,MA,02128,1880,,R3,THREE-FAM DWELLING,Analyze Boston property-assessment FY2026 (rev),2026-10-04T04:36Z,0102906000,https://data.boston.gov/dataset/property-assessment/resource/ee73430d-96c0-423e-ad21-c4cfb54c8961?q=PID%3A0102906000
BOS01383,86 Lexington ST,East Boston,MA,02128,1925,,R3,THREE-FAM DWELLING,Analyze Boston property-assessment FY2026 (rev),2026-10-04T04:36Z,0102908000,https://data.boston.gov/dataset/property-assessment/resource/ee73430d-96c0-423e-ad21-c4cfb54c8961?q=PID%3A0102908000
BOS01384,80 PRINCETON ST,East Boston,MA,02128,1960,,R4,APT 4-6 UNITS,Analyze Boston property-assessment FY2026 (rev),2026-10-04T04:36Z,0102910000,https://data.boston.gov/dataset/property-assessment/resource/ee73430d-96c0-423e-ad21-c4cfb54c8961?q=PID%3A0102910000
BOS01385,112 Marion ST,East Boston,MA,02128,1880,,R3,THREE-FAM DWELLING,Analyze Boston property-assessment FY2026 (rev),2026-10-04T04:36Z,0102911000,https://data.boston.gov/dataset/property-assessment/resource/ee73430d-96c0-423e-ad21-c4cfb54c8961?q=PID%3A0102911000
BOS01386,110 Marion ST,East Boston,MA,02128,1900,,R2,TWO-FAM DWELLING,Analyze Boston property-assessment FY2026 (rev),2026-10-04T04:36Z,0102912000,https://data.boston.gov/dataset/property-assessment/resource/ee73430d-96c0-423e-ad21-c4cfb54c8961?q=PID%3A0102912000
BOS01387,81 Lexington ST,East Boston,MA,02128,1900,,R3,THREE-FAM DWELLING,Analyze Boston property-assessment FY2026 (rev),2026-10-04T04:36Z,0102918000,https://data.boston.gov/dataset/property-assessment/resource/ee73430d-96c0-423e-ad21-c4cfb54c8961?q=PID%3A0102918000
BOS01388,83 Lexington ST,East Boston,MA,02128,1880,,R2,TWO-FAM DWELLING,Analyze Boston property-assessment FY2026 (rev),2026-10-04T04:36Z,0102919000,https://data.boston.gov/dataset/property-assessment/resource/ee73430d-96c0-423e-ad21-c4cfb54c8961?q=PID%3A0102919000
BOS01389,89 Lexington ST,East Boston,MA,02128,1900,,R3,THREE-FAM DWELLING,Analyze Boston property-assessment FY2026 (rev),2026-10-04T04:36Z,0102921000,https://data.boston.gov/dataset/property-assessment/resource/ee73430d-96c0-423e-ad21-c4cfb54c8961?q=PID%3A0102921000
BOS01390,93 Lexington ST,East Boston,MA,02128,1875,,R2,TWO-FAM DWELLING,Analyze Boston property-assessment FY2026 (rev),2026-10-04T04:36Z,0102922000,https://data.boston.gov/dataset/property-assessment/resource/ee73430d-96c0-423e-ad21-c4cfb54c8961?q=PID%3A0102922000
BOS01391,95 Lexington ST,East Boston,MA,02128,1900,,R3,THREE-FAM DWELLING,Analyze Boston property-assessment FY2026 (rev),2026-10-04T04:36Z,0102923000,https://data.boston.gov/dataset/property-assessment/resource/ee73430d-96c0-423e-ad21-c4cfb54c8961?q=PID%3A0102923000
BOS01392,97 Lexington ST,East Boston,MA,02128,1900,,R2,TWO-FAM DWELLING,Analyze Boston property-assessment FY2026 (rev),2026-10-04T04:36Z,0102924000,https://data.boston.gov/dataset/property-assessment/resource/ee73430d-96c0-423e-ad21-c4cfb54c8961?q=PID%3A0102924000
BOS01393,99 Lexington ST,East Boston,MA,02128,1900,,R2,TWO-FAM DWELLING,Analyze Boston property-assessment FY2026 (rev),2026-10-04T04:36Z,0102925000,https://data.boston.gov/dataset/property-assessment/resource/ee73430d-96c0-423e-ad21-c4cfb54c8961?q=PID%3A0102925000
BOS01394,105 Lexington ST,East Boston,MA,02128,1900,,R2,TWO-FAM DWELLING,Analyze Boston property-assessment FY2026 (rev),2026-10-04T04:36Z,0102927000,https://data.boston.gov/dataset/property-assessment/resource/ee73430d-96c0-423e-ad21-c4cfb54c8961?q=PID%3A0102927000
BOS01395,107 Lexington ST,East Boston,MA,02128,1900,,R2,TWO-FAM DWELLING,Analyze Boston property-assessment FY2026 (rev),2026-10-04T04:36Z,0102928000,https://data.boston.gov/dataset/property-assessment/resource/ee73430d-96c0-423e-ad21-c4cfb54c8961?q=PID%3A0102928000
BOS01396,117 Lexington ST,East Boston,MA,02128,1900,,R3,THREE-FAM DWELLING,Analyze Boston property-assessment FY2026 (rev),2026-10-04T04:36Z,0102931000,https://data.boston.gov/dataset/property-assessment/resource/ee73430d-96c0-423e-ad21-c4cfb54c8961?q=PID%3A0102931000
BOS01397,125 Lexington ST,East Boston,MA,02128,1900,,R2,TWO-FAM DWELLING,Analyze Boston property-assessment FY2026 (rev),2026-10-04T04:36Z,0102934000,https://data.boston.gov/dataset/property-assessment/resource/ee73430d-96c0-423e-ad21-c4cfb54c8961?q=PID%3A0102934000
BOS01398,127 Lexington ST,East Boston,MA,02128,1900,,R2,TWO-FAM DWELLING,Analyze Boston property-assessment FY2026 (rev),2026-10-04T04:36Z,0102935000,https://data.boston.gov/dataset/property-assessment/resource/ee73430d-96c0-423e-ad21-c4cfb54c8961?q=PID%3A0102935000
BOS01399,129 Lexington ST,East Boston,MA,02128,1900,,R2,TWO-FAM DWELLING,Analyze Boston property-assessment FY2026 (rev),2026-10-04T04:36Z,0102936000,https://data.boston.gov/dataset/property-assessment/resource/ee73430d-96c0-423e-ad21-c4cfb54c8961?q=PID%3A0102936000
BOS01400,130 Brooks ST,East Boston,MA,02128,1875,,R3,THREE-FAM DWELLING,Analyze Boston property-assessment FY2026 (rev),2026-10-04T04:36Z,0102938000,https://data.boston.gov/dataset/property-assessment/resource/ee73430d-96c0-423e-ad21-c4cfb54c8961?q=PID%3A0102938000
BOS01401,128 Brooks ST,East Boston,MA,02128,1900,,R2,TWO-FAM DWELLING,Analyze Boston property-assessment FY2026 (rev),2026-10-04T04:36Z,0102939000,https://data.boston.gov/dataset/property-assessment/resource/ee73430d-96c0-423e-ad21-c4cfb54c8961?q=PID%3A0102939000
BOS01402,116 Brooks ST,East Boston,MA,02128,1899,,R4,APT 4-6 UNITS,Analyze Boston property-assessment FY2026 (rev),2026-10-04T04:36Z,0102944000,https://data.boston.gov/dataset/property-assessment/resource/ee73430d-96c0-423e-ad21-c4cfb54c8961?q=PID%3A0102944000
BOS01403,130 PRINCETON ST,East Boston,MA,02128,1900,,R3,THREE-FAM DWELLING,Analyze Boston property-assessment FY2026 (rev),2026-10-04T04:36Z,0102945000,https://data.boston.gov/dataset/property-assessment/resource/ee73430d-96c0-423e-ad21-c4cfb54c8961?q=PID%3A0102945000
BOS01404,128 PRINCETON ST,East Boston,MA,02128,1910,,R2,TWO-FAM DWELLING,Analyze Boston property-assessment FY2026 (rev),2026-10-04T04:36Z,0102946000,https://data.boston.gov/dataset/property-assessment/resource/ee73430d-96c0-423e-ad21-c4cfb54c8961?q=PID%3A0102946000
BOS01405,120 PRINCETON ST,East Boston,MA,02128,1880,,R2,TWO-FAM DWELLING,Analyze Boston property-assessment FY2026 (rev),2026-10-04T04:36Z,0102949000,https://data.boston.gov/dataset/property-assessment/resource/ee73430d-96c0-423e-ad21-c4cfb54c8961?q=PID%3A0102949000
BOS01406,116 PRINCETON ST,East Boston,MA,02128,1880,,R2,TWO-FAM DWELLING,Analyze Boston property-assessment FY2026 (rev),2026-10-04T04:36Z,0102951000,https://data.boston.gov/dataset/property-assessment/resource/ee73430d-96c0-423e-ad21-c4cfb54c8961?q=PID%3A0102951000
BOS01407,112 PRINCETON ST,East Boston,MA,02128,1900,,R2,TWO-FAM DWELLING,Analyze Boston property-assessment FY2026 (rev),2026-10-04T04:36Z,0102953000,https://data.boston.gov/dataset/property-assessment/resource/ee73430d-96c0-423e-ad21-c4cfb54c8961?q=PID%3A0102953000
BOS01408,110 PRINCETON ST,East Boston,MA,02128,1910,,R2,TWO-FAM DWELLING,Analyze Boston property-assessment FY2026 (rev),2026-10-04T04:36Z,0102954000,https://data.boston.gov/dataset/property-assessment/resource/ee73430d-96c0-423e-ad21-c4cfb54c8961?q=PID%3A0102954000
BOS01409,108 PRINCETON ST,East Boston,MA,02128,1880,,R2,TWO-FAM DWELLING,Analyze Boston property-assessment FY2026 (rev),2026-10-04T04:36Z,0102955000,https://data.boston.gov/dataset/property-assessment/resource/ee73430d-96c0-423e-ad21-c4cfb54c8961?q=PID%3A0102955000
BOS01410,106 PRINCETON ST,East Boston,MA,02128,1880,,R2,TWO-FAM DWELLING,Analyze Boston property-assessment FY2026 (rev),2026-10-04T04:36Z,0102956000,https://data.boston.gov/dataset/property-assessment/resource/ee73430d-96c0-423e-ad21-c4cfb54c8961?q=PID%3A0102956000
BOS01411,100 PRINCETON ST,East Boston,MA,02128,1900,,R2,TWO-FAM DWELLING,Analyze Boston property-assessment FY2026 (rev),2026-10-04T04:36Z,0102958000,https://data.boston.gov/dataset/property-assessment/resource/ee73430d-96c0-423e-ad21-c4cfb54c8961?q=PID%3A0102958000
BOS01412,98 PRINCETON ST,East Boston,MA,02128,1900,,R2,TWO-FAM DWELLING,Analyze Boston property-assessment FY2026 (rev),2026-10-04T04:36Z,0102959000,https://data.boston.gov/dataset/property-assessment/resource/ee73430d-96c0-423e-ad21-c4cfb54c8961?q=PID%3A0102959000
BOS01413,129 Brooks ST,East Boston,MA,02128,1880,,R2,TWO-FAM DWELLING,Analyze Boston property-assessment FY2026 (rev),2026-10-04T04:36Z,0102966000,https://data.boston.gov/dataset/property-assessment/resource/ee73430d-96c0-423e-ad21-c4cfb54c8961?q=PID%3A0102966000
BOS01414,131 Brooks ST,East Boston,MA,02128,1920,,R2,TWO-FAM DWELLING,Analyze Boston property-assessment FY2026 (rev),2026-10-04T04:36Z,0102967000,https://data.boston.gov/dataset/property-assessment/resource/ee73430d-96c0-423e-ad21-c4cfb54c8961?q=PID%3A0102967000
BOS01415,135 Brooks ST,East Boston,MA,02128,1900,,R2,TWO-FAM DWELLING,Analyze Boston property-assessment FY2026 (rev),2026-10-04T04:36Z,0102969000,https://data.boston.gov/dataset/property-assessment/resource/ee73430d-96c0-423e-ad21-c4cfb54c8961?q=PID%3A0102969000
BOS01416,137 Brooks ST,East Boston,MA,02128,1900,,R2,TWO-FAM DWELLING,Analyze Boston property-assessment FY2026 (rev),2026-10-04T04:36Z,0102970000,https://data.boston.gov/dataset/property-assessment/resource/ee73430d-96c0-423e-ad21-c4cfb54c8961?q=PID%3A0102970000
BOS01417,139 Brooks ST,East Boston,MA,02128,1900,,R3,THREE-FAM DWELLING,Analyze Boston property-assessment FY2026 (rev),2026-10-04T04:36Z,0102971000,https://data.boston.gov/dataset/property-assessment/resource/ee73430d-96c0-423e-ad21-c4cfb54c8961?q=PID%3A0102971000
BOS01418,141 Lexington ST,East Boston,MA,02128,1900,,R2,TWO-FAM DWELLING,Analyze Boston property-assessment FY2026 (rev),2026-10-04T04:36Z,0102972000,https://data.boston.gov/dataset/property-assessment/resource/ee73430d-96c0-423e-ad21-c4cfb54c8961?q=PID%3A0102972000
BOS01419,145 Lexington ST,East Boston,MA,02128,1900,,R4,APT 4-6 UNITS,Analyze Boston property-assessment FY2026 (rev),2026-10-04T04:36Z,0102974000,https://data.boston.gov/dataset/property-assessment/resource/ee73430d-96c0-423e-ad21-c4cfb54c8961?q=PID%3A0102974000
BOS01420,149 Lexington ST,East Boston,MA,02128,1900,,R4,APT 4-6 UNITS,Analyze Boston property-assessment FY2026 (rev),2026-10-04T04:36Z,0102976000,https://data.boston.gov/dataset/property-assessment/resource/ee73430d-96c0-423e-ad21-c4cfb54c8961?q=PID%3A0102976000
BOS01421,163 Lexington ST,East Boston,MA,02128,1900,,R3,THREE-FAM DWELLING,Analyze Boston property-assessment FY2026 (rev),2026-10-04T04:36Z,0102980000,https://data.boston.gov/dataset/property-assessment/resource/ee73430d-96c0-423e-ad21-c4cfb54c8961?q=PID%3A0102980000
BOS01422,165 Lexington ST,East Boston,MA,02128,1880,,R3,THREE-FAM DWELLING,Analyze Boston property-assessment FY2026 (rev),2026-10-04T04:36Z,0102981000,https://data.boston.gov/dataset/property-assessment/resource/ee73430d-96c0-423e-ad21-c4cfb54c8961?q=PID%3A0102981000
BOS01423,171 Lexington ST,East Boston,MA,02128,1899,,R2,TWO-FAM DWELLING,Analyze Boston property-assessment FY2026 (rev),2026-10-04T04:36Z,0102983000,https://data.boston.gov/dataset/property-assessment/resource/ee73430d-96c0-423e-ad21-c4cfb54c8961?q=PID%3A0102983000
BOS01424,173 Lexington ST,East Boston,MA,02128,1899,,R2,TWO-FAM DWELLING,Analyze Boston property-assessment FY2026 (rev),2026-10-04T04:36Z,0102984000,https://data.boston.gov/dataset/property-assessment/resource/ee73430d-96c0-423e-ad21-c4cfb54c8961?q=PID%3A0102984000
BOS01425,177 Lexington ST,East Boston,MA,02128,1880,,R3,THREE-FAM DWELLING,Analyze Boston property-assessment FY2026 (rev),2026-10-04T04:36Z,0102985000,https://data.boston.gov/dataset/property-assessment/resource/ee73430d-96c0-423e-ad21-c4cfb54c8961?q=PID%3A0102985000
BOS01426,179 Lexington ST,East Boston,MA,02128,1880,,R3,THREE-FAM DWELLING,Analyze Boston property-assessment FY2026 (rev),2026-10-04T04:36Z,0102986000,https://data.boston.gov/dataset/property-assessment/resource/ee73430d-96c0-423e-ad21-c4cfb54c8961?q=PID%3A0102986000
BOS01427,185 Lexington ST,East Boston,MA,02128,1880,,R2,TWO-FAM DWELLING,Analyze Boston property-assessment FY2026 (rev),2026-10-04T04:36Z,0102987000,https://data.boston.gov/dataset/property-assessment/resource/ee73430d-96c0-423e-ad21-c4cfb54c8961?q=PID%3A0102987000
BOS01428,191 Lexington ST,East Boston,MA,02128,1900,,R3,THREE-FAM DWELLING,Analyze Boston property-assessment FY2026 (rev),2026-10-04T04:36Z,0102989000,https://data.boston.gov/dataset/property-assessment/resource/ee73430d-96c0-423e-ad21-c4cfb54c8961?q=PID%3A0102989000
BOS01429,193 Lexington ST,East Boston,MA,02128,1900,,R3,THREE-FAM DWELLING,Analyze Boston property-assessment FY2026 (rev),2026-10-04T04:36Z,0102990000,https://data.boston.gov/dataset/property-assessment/resource/ee73430d-96c0-423e-ad21-c4cfb54c8961?q=PID%3A0102990000
BOS01430,113 PUTNAM ST,East Boston,MA,02128,1920,,R3,THREE-FAM DWELLING,Analyze Boston property-assessment FY2026 (rev),2026-10-04T04:36Z,0102994000,https://data.boston.gov/dataset/property-assessment/resource/ee73430d-96c0-423e-ad21-c4cfb54c8961?q=PID%3A0102994000
BOS01431,184 PRINCETON ST,East Boston,MA,02128,1899,,R2,TWO-FAM DWELLING,Analyze Boston property-assessment FY2026 (rev),2026-10-04T04:36Z,0102996000,https://data.boston.gov/dataset/property-assessment/resource/ee73430d-96c0-423e-ad21-c4cfb54c8961?q=PID%3A0102996000
BOS01432,182 PRINCETON ST,East Boston,MA,02128,1899,,R2,TWO-FAM DWELLING,Analyze Boston property-assessment FY2026 (rev),2026-10-04T04:36Z,0102997000,https://data.boston.gov/dataset/property-assessment/resource/ee73430d-96c0-423e-ad21-c4cfb54c8961?q=PID%3A0102997000
BOS01433,180 PRINCETON ST,East Boston,MA,02128,1880,,R2,TWO-FAM DWELLING,Analyze Boston property-assessment FY2026 (rev),2026-10-04T04:36Z,0102998000,https://data.boston.gov/dataset/property-assessment/resource/ee73430d-96c0-423e-ad21-c4cfb54c8961?q=PID%3A0102998000
BOS01434,178 PRINCETON ST,East Boston,MA,02128,1880,,R2,TWO-FAM DWELLING,Analyze Boston property-assessment FY2026 (rev),2026-10-04T04:36Z,0102999000,https://data.boston.gov/dataset/property-assessment/resource/ee73430d-96c0-423e-ad21-c4cfb54c8961?q=PID%3A0102999000
BOS01435,174 PRINCETON ST,East Boston,MA,02128,1880,,R2,TWO-FAM DWELLING,Analyze Boston property-assessment FY2026 (rev),2026-10-04T04:36Z,0103001000,https://data.boston.gov/dataset/property-assessment/resource/ee73430d-96c0-423e-ad21-c4cfb54c8961?q=PID%3A0103001000
BOS01436,170 PRINCETON ST,East Boston,MA,02128,1900,,R3,THREE-FAM DWELLING,Analyze Boston property-assessment FY2026 (rev),2026-10-04T04:36Z,0103002000,https://data.boston.gov/dataset/property-assessment/resource/ee73430d-96c0-423e-ad21-c4cfb54c8961?q=PID%3A0103002000
BOS01437,168 PRINCETON ST,East Boston,MA,02128,1890,,R3,THREE-FAM DWELLING,Analyze Boston property-assessment FY2026 (rev),2026-10-04T04:36Z,0103003000,https://data.boston.gov/dataset/property-assessment/resource/ee73430d-96c0-423e-ad21-c4cfb54c8961?q=PID%3A0103003000
BOS01438,166 PRINCETON ST,East Boston,MA,02128,1900,,R2,TWO-FAM DWELLING,Analyze Boston property-assessment FY2026 (rev),2026-10-04T04:36Z,0103004000,https://data.boston.gov/dataset/property-assessment/resource/ee73430d-96c0-423e-ad21-c4cfb54c8961?q=PID%3A0103004000
BOS01439,160 PRINCETON ST,East Boston,MA,02128,1880,,R3,THREE-FAM DWELLING,Analyze Boston property-assessment FY2026 (rev),2026-10-04T04:36Z,0103005000,https://data.boston.gov/dataset/property-assessment/resource/ee73430d-96c0-423e-ad21-c4cfb54c8961?q=PID%3A0103005000
BOS01440,158 PRINCETON ST,East Boston,MA,02128,1880,,R2,TWO-FAM DWELLING,Analyze Boston property-assessment FY2026 (rev),2026-10-04T04:36Z,0103006000,https://data.boston.gov/dataset/property-assessment/resource/ee73430d-96c0-423e-ad21-c4cfb54c8961?q=PID%3A0103006000
BOS01441,154 PRINCETON ST,East Boston,MA,02128,1880,,R3,THREE-FAM DWELLING,Analyze Boston property-assessment FY2026 (rev),2026-10-04T04:36Z,0103007000,https://data.boston.gov/dataset/property-assessment/resource/ee73430d-96c0-423e-ad21-c4cfb54c8961?q=PID%3A0103007000
BOS01442,150 PRINCETON ST,East Boston,MA,02128,1880,,R2,TWO-FAM DWELLING,Analyze Boston property-assessment FY2026 (rev),2026-10-04T04:36Z,0103008000,https://data.boston.gov/dataset/property-assessment/resource/ee73430d-96c0-423e-ad21-c4cfb54c8961?q=PID%3A0103008000
BOS01443,146 PRINCETON ST,East Boston,MA,02128,1880,,R2,TWO-FAM DWELLING,Analyze Boston property-assessment FY2026 (rev),2026-10-04T04:36Z,0103010000,https://data.boston.gov/dataset/property-assessment/resource/ee73430d-96c0-423e-ad21-c4cfb54c8961?q=PID%3A0103010000
BOS01444,134 Lexington ST,East Boston,MA,02128,1900,,R2,TWO-FAM DWELLING,Analyze Boston property-assessment FY2026 (rev),2026-10-04T04:36Z,0103012000,https://data.boston.gov/dataset/property-assessment/resource/ee73430d-96c0-423e-ad21-c4cfb54c8961?q=PID%3A0103012000
BOS01445,147 Brooks ST,East Boston,MA,02128,1900,,R2,TWO-FAM DWELLING,Analyze Boston property-assessment FY2026 (rev),2026-10-04T04:36Z,0103013000,https://data.boston.gov/dataset/property-assessment/resource/ee73430d-96c0-423e-ad21-c4cfb54c8961?q=PID%3A0103013000
BOS01446,149 Brooks ST,East Boston,MA,02128,1880,,R3,THREE-FAM DWELLING,Analyze Boston property-assessment FY2026 (rev),2026-10-04T04:36Z,0103014000,https://data.boston.gov/dataset/property-assessment/resource/ee73430d-96c0-423e-ad21-c4cfb54c8961?q=PID%3A0103014000
BOS01447,109 Trenton ST,East Boston,MA,02128,1900,,R2,TWO-FAM DWELLING,Analyze Boston property-assessment FY2026 (rev),2026-10-04T04:36Z,0103017000,https://data.boston.gov/dataset/property-assessment/resource/ee73430d-96c0-423e-ad21-c4cfb54c8961?q=PID%3A0103017000
BOS01448,111 Trenton ST,East Boston,MA,02128,1910,,R2,TWO-FAM DWELLING,Analyze Boston property-assessment FY2026 (rev),2026-10-04T04:36Z,0103018000,https://data.boston.gov/dataset/property-assessment/resource/ee73430d-96c0-423e-ad21-c4cfb54c8961?q=PID%3A0103018000
BOS01449,113 Trenton ST,East Boston,MA,02128,1835,,R3,THREE-FAM DWELLING,Analyze Boston property-assessment FY2026 (rev),2026-10-04T04:36Z,0103019000,https://data.boston.gov/dataset/property-assessment/resource/ee73430d-96c0-423e-ad21-c4cfb54c8961?q=PID%3A0103019000
BOS01450,115 Trenton ST,East Boston,MA,02128,1900,,R3,THREE-FAM DWELLING,Analyze Boston property-assessment FY2026 (rev),2026-10-04T04:36Z,0103020000,https://data.boston.gov/dataset/property-assessment/resource/ee73430d-96c0-423e-ad21-c4cfb54c8961?q=PID%3A0103020000
BOS01451,117 Trenton ST,East Boston,MA,02128,1900,,R3,THREE-FAM DWELLING,Analyze Boston property-assessment FY2026 (rev),2026-10-04T04:36Z,0103021000,https://data.boston.gov/dataset/property-assessment/resource/ee73430d-96c0-423e-ad21-c4cfb54c8961?q=PID%3A0103021000
BOS01452,119 Trenton ST,East Boston,MA,02128,1900,,R3,THREE-FAM DWELLING,Analyze Boston property-assessment FY2026 (rev),2026-10-04T04:36Z,0103022000,https://data.boston.gov/dataset/property-assessment/resource/ee73430d-96c0-423e-ad21-c4cfb54c8961?q=PID%3A0103022000
BOS01453,121 Trenton ST,East Boston,MA,02128,1900,,R3,THREE-FAM DWELLING,Analyze Boston property-assessment FY2026 (rev),2026-10-04T04:36Z,0103023000,https://data.boston.gov/dataset/property-assessment/resource/ee73430d-96c0-423e-ad21-c4cfb54c8961?q=PID%3A0103023000
BOS01454,125 Trenton ST,East Boston,MA,02128,1870,,R3,THREE-FAM DWELLING,Analyze Boston property-assessment FY2026 (rev),2026-10-04T04:36Z,0103025000,https://data.boston.gov/dataset/property-assessment/resource/ee73430d-96c0-423e-ad21-c4cfb54c8961?q=PID%3A0103025000
BOS01455,129 Trenton ST,East Boston,MA,02128,1870,,R3,THREE-FAM DWELLING,Analyze Boston property-assessment FY2026 (rev),2026-10-04T04:36Z,0103026000,https://data.boston.gov/dataset/property-assessment/resource/ee73430d-96c0-423e-ad21-c4cfb54c8961?q=PID%3A0103026000
BOS01456,133 Trenton ST,East Boston,MA,02128,1900,,R4,APT 4-6 UNITS,Analyze Boston property-assessment FY2026 (rev),2026-10-04T04:36Z,0103027000,https://data.boston.gov/dataset/property-assessment/resource/ee73430d-96c0-423e-ad21-c4cfb54c8961?q=PID%3A0103027000
BOS01457,139 Trenton ST,East Boston,MA,02128,1900,,R3,THREE-FAM DWELLING,Analyze Boston property-assessment FY2026 (rev),2026-10-04T04:36Z,0103029000,https://data.boston.gov/dataset/property-assessment/resource/ee73430d-96c0-423e-ad21-c4cfb54c8961?q=PID%3A0103029000
BOS01458,141 Trenton ST,East Boston,MA,02128,1880,,R3,THREE-FAM DWELLING,Analyze Boston property-assessment FY2026 (rev),2026-10-04T04:36Z,0103030000,https://data.boston.gov/dataset/property-assessment/resource/ee73430d-96c0-423e-ad21-c4cfb54c8961?q=PID%3A0103030000
BOS01459,145 Trenton ST,East Boston,MA,02128,1900,,R3,THREE-FAM DWELLING,Analyze Boston property-assessment FY2026 (rev),2026-10-04T04:36Z,0103032000,https://data.boston.gov/dataset/property-assessment/resource/ee73430d-96c0-423e-ad21-c4cfb54c8961?q=PID%3A0103032000
BOS01460,151 Trenton ST,East Boston,MA,02128,1900,,R3,THREE-FAM DWELLING,Analyze Boston property-assessment FY2026 (rev),2026-10-04T04:36Z,0103035000,https://data.boston.gov/dataset/property-assessment/resource/ee73430d-96c0-423e-ad21-c4cfb54c8961?q=PID%3A0103035000
BOS01461,153 Trenton ST,East Boston,MA,02128,1900,,R3,THREE-FAM DWELLING,Analyze Boston property-assessment FY2026 (rev),2026-10-04T04:36Z,0103036000,https://data.boston.gov/dataset/property-assessment/resource/ee73430d-96c0-423e-ad21-c4cfb54c8961?q=PID%3A0103036000
BOS01462,155 Trenton ST,East Boston,MA,02128,1900,,R3,THREE-FAM DWELLING,Analyze Boston property-assessment FY2026 (rev),2026-10-04T04:36Z,0103037000,https://data.boston.gov/dataset/property-assessment/resource/ee73430d-96c0-423e-ad21-c4cfb54c8961?q=PID%3A0103037000
BOS01463,157 Trenton ST,East Boston,MA,02128,1900,,R4,APT 4-6 UNITS,Analyze Boston property-assessment FY2026 (rev),2026-10-04T04:36Z,0103038000,https://data.boston.gov/dataset/property-assessment/resource/ee73430d-96c0-423e-ad21-c4cfb54c8961?q=PID%3A0103038000
BOS01464,89 PUTNAM ST,East Boston,MA,02128,1900,,R2,TWO-FAM DWELLING,Analyze Boston property-assessment FY2026 (rev),2026-10-04T04:36Z,0103040000,https://data.boston.gov/dataset/property-assessment/resource/ee73430d-96c0-423e-ad21-c4cfb54c8961?q=PID%3A0103040000
BOS01465,91 PUTNAM ST,East Boston,MA,02128,1900,,R2,TWO-FAM DWELLING,Analyze Boston property-assessment FY2026 (rev),2026-10-04T04:36Z,0103041000,https://data.boston.gov/dataset/property-assessment/resource/ee73430d-96c0-423e-ad21-c4cfb54c8961?q=PID%3A0103041000
BOS01466,194 Lexington ST,East Boston,MA,02128,1900,,R3,THREE-FAM DWELLING,Analyze Boston property-assessment FY2026 (rev),2026-10-04T04:36Z,0103042000,https://data.boston.gov/dataset/property-assessment/resource/ee73430d-96c0-423e-ad21-c4cfb54c8961?q=PID%3A0103042000
BOS01467,192 Lexington ST,East Boston,MA,02128,1880,,R2,TWO-FAM DWELLING,Analyze Boston property-assessment FY2026 (rev),2026-10-04T04:36Z,0103043000,https://data.boston.gov/dataset/property-assessment/resource/ee73430d-96c0-423e-ad21-c4cfb54c8961?q=PID%3A0103043000
BOS01468,190 Lexington ST,East Boston,MA,02128,1880,,R2,TWO-FAM DWELLING,Analyze Boston property-assessment FY2026 (rev),2026-10-04T04:36Z,0103044000,https://data.boston.gov/dataset/property-assessment/resource/ee73430d-96c0-423e-ad21-c4cfb54c8961?q=PID%3A0103044000
BOS01469,188 Lexington ST,East Boston,MA,02128,1880,,R2,TWO-FAM DWELLING,Analyze Boston property-assessment FY2026 (rev),2026-10-04T04:36Z,0103045000,https://data.boston.gov/dataset/property-assessment/resource/ee73430d-96c0-423e-ad21-c4cfb54c8961?q=PID%3A0103045000
BOS01470,186 Lexington ST,East Boston,MA,02128,1880,,R2,TWO-FAM DWELLING,Analyze Boston property-assessment FY2026 (rev),2026-10-04T04:36Z,0103046000,https://data.boston.gov/dataset/property-assessment/resource/ee73430d-96c0-423e-ad21-c4cfb54c8961?q=PID%3A0103046000
BOS01471,174 Lexington ST,East Boston,MA,02128,1875,,R3,THREE-FAM DWELLING,Analyze Boston property-assessment FY2026 (rev),2026-10-04T04:36Z,0103051000,https://data.boston.gov/dataset/property-assessment/resource/ee73430d-96c0-423e-ad21-c4cfb54c8961?q=PID%3A0103051000
BOS01472,164 Lexington ST,East Boston,MA,02128,1900,,R3,THREE-FAM DWELLING,Analyze Boston property-assessment FY2026 (rev),2026-10-04T04:36Z,0103053000,https://data.boston.gov/dataset/property-assessment/resource/ee73430d-96c0-423e-ad21-c4cfb54c8961?q=PID%3A0103053000
BOS01473,162 Lexington ST,East Boston,MA,02128,1900,,R3,THREE-FAM DWELLING,Analyze Boston property-assessment FY2026 (rev),2026-10-04T04:36Z,0103054000,https://data.boston.gov/dataset/property-assessment/resource/ee73430d-96c0-423e-ad21-c4cfb54c8961?q=PID%3A0103054000
BOS01474,158 Lexington ST,East Boston,MA,02128,1880,,R3,THREE-FAM DWELLING,Analyze Boston property-assessment FY2026 (rev),2026-10-04T04:36Z,0103055000,https://data.boston.gov/dataset/property-assessment/resource/ee73430d-96c0-423e-ad21-c4cfb54c8961?q=PID%3A0103055000
BOS01475,156 Lexington ST,East Boston,MA,02128,1875,,R3,THREE-FAM DWELLING,Analyze Boston property-assessment FY2026 (rev),2026-10-04T04:36Z,0103056000,https://data.boston.gov/dataset/property-assessment/resource/ee73430d-96c0-423e-ad21-c4cfb54c8961?q=PID%3A0103056000
BOS01476,152 Lexington ST,East Boston,MA,02128,1875,,R2,TWO-FAM DWELLING,Analyze Boston property-assessment FY2026 (rev),2026-10-04T04:36Z,0103058000,https://data.boston.gov/dataset/property-assessment/resource/ee73430d-96c0-423e-ad21-c4cfb54c8961?q=PID%3A0103058000
BOS01477,150 Lexington ST,East Boston,MA,02128,1875,,R3,THREE-FAM DWELLING,Analyze Boston property-assessment FY2026 (rev),2026-10-04T04:36Z,0103059000,https://data.boston.gov/dataset/property-assessment/resource/ee73430d-96c0-423e-ad21-c4cfb54c8961?q=PID%3A0103059000
BOS01478,146 Lexington ST,East Boston,MA,02128,1875,,R3,THREE-FAM DWELLING,Analyze Boston property-assessment FY2026 (rev),2026-10-04T04:36Z,0103061000,https://data.boston.gov/dataset/property-assessment/resource/ee73430d-96c0-423e-ad21-c4cfb54c8961?q=PID%3A0103061000
BOS01479,144 Lexington ST,East Boston,MA,02128,1880,,R3,THREE-FAM DWELLING,Analyze Boston property-assessment FY2026 (rev),2026-10-04T04:36Z,0103062000,https://data.boston.gov/dataset/property-assessment/resource/ee73430d-96c0-423e-ad21-c4cfb54c8961?q=PID%3A0103062000
BOS01480,140 Lexington ST,East Boston,MA,02128,1880,,R3,THREE-FAM DWELLING,Analyze Boston property-assessment FY2026 (rev),2026-10-04T04:36Z,0103064000,https://data.boston.gov/dataset/property-assessment/resource/ee73430d-96c0-423e-ad21-c4cfb54c8961?q=PID%3A0103064000
BOS01481,138 Lexington ST,East Boston,MA,02128,1880,,R3,THREE-FAM DWELLING,Analyze Boston property-assessment FY2026 (rev),2026-10-04T04:36Z,0103065000,https://data.boston.gov/dataset/property-assessment/resource/ee73430d-96c0-423e-ad21-c4cfb54c8961?q=PID%3A0103065000
BOS01482,169 Brooks ST,East Boston,MA,02128,1900,,R3,THREE-FAM DWELLING,Analyze Boston property-assessment FY2026 (rev),2026-10-04T04:36Z,0103067000,https://data.boston.gov/dataset/property-assessment/resource/ee73430d-96c0-423e-ad21-c4cfb54c8961?q=PID%3A0103067000
BOS01483,105 EUTAW ST,East Boston,MA,02128,1900,,R3,THREE-FAM DWELLING,Analyze Boston property-assessment FY2026 (rev),2026-10-04T04:36Z,0103070000,https://data.boston.gov/dataset/property-assessment/resource/ee73430d-96c0-423e-ad21-c4cfb54c8961?q=PID%3A0103070000
BOS01484,107 EUTAW ST,East Boston,MA,02128,1900,,R2,TWO-FAM DWELLING,Analyze Boston property-assessment FY2026 (rev),2026-10-04T04:36Z,0103071000,https://data.boston.gov/dataset/property-assessment/resource/ee73430d-96c0-423e-ad21-c4cfb54c8961?q=PID%3A0103071000
BOS01485,109 EUTAW ST,East Boston,MA,02128,1865,,R3,THREE-FAM DWELLING,Analyze Boston property-assessment FY2026 (rev),2026-10-04T04:36Z,0103072000,https://data.boston.gov/dataset/property-assessment/resource/ee73430d-96c0-423e-ad21-c4cfb54c8961?q=PID%3A0103072000
BOS01486,111 EUTAW ST,East Boston,MA,02128,1900,,R4,APT 4-6 UNITS,Analyze Boston property-assessment FY2026 (rev),2026-10-04T04:36Z,0103073000,https://data.boston.gov/dataset/property-assessment/resource/ee73430d-96c0-423e-ad21-c4cfb54c8961?q=PID%3A0103073000
BOS01487,113 EUTAW ST,East Boston,MA,02128,1900,,R4,APT 4-6 UNITS,Analyze Boston property-assessment FY2026 (rev),2026-10-04T04:36Z,0103074000,https://data.boston.gov/dataset/property-assessment/resource/ee73430d-96c0-423e-ad21-c4cfb54c8961?q=PID%3A0103074000
BOS01488,115 EUTAW ST,East Boston,MA,02128,1900,,R3,THREE-FAM DWELLING,Analyze Boston property-assessment FY2026 (rev),2026-10-04T04:36Z,0103075000,https://data.boston.gov/dataset/property-assessment/resource/ee73430d-96c0-423e-ad21-c4cfb54c8961?q=PID%3A0103075000
BOS01489,117 EUTAW ST,East Boston,MA,02128,1900,,R3,THREE-FAM DWELLING,Analyze Boston property-assessment FY2026 (rev),2026-10-04T04:36Z,0103076000,https://data.boston.gov/dataset/property-assessment/resource/ee73430d-96c0-423e-ad21-c4cfb54c8961?q=PID%3A0103076000
BOS01490,119 EUTAW ST,East Boston,MA,02128,1900,,R2,TWO-FAM DWELLING,Analyze Boston property-assessment FY2026 (rev),2026-10-04T04:36Z,0103077000,https://data.boston.gov/dataset/property-assessment/resource/ee73430d-96c0-423e-ad21-c4cfb54c8961?q=PID%3A0103077000
BOS01491,121 EUTAW ST,East Boston,MA,02128,1900,,R3,THREE-FAM DWELLING,Analyze Boston property-assessment FY2026 (rev),2026-10-04T04:36Z,0103078000,https://data.boston.gov/dataset/property-assessment/resource/ee73430d-96c0-423e-ad21-c4cfb54c8961?q=PID%3A0103078000
BOS01492,123 EUTAW ST,East Boston,MA,02128,1900,,R3,THREE-FAM DWELLING,Analyze Boston property-assessment FY2026 (rev),2026-10-04T04:36Z,0103079000,https://data.boston.gov/dataset/property-assessment/resource/ee73430d-96c0-423e-ad21-c4cfb54c8961?q=PID%3A0103079000
BOS01493,125 EUTAW ST,East Boston,MA,02128,1900,,R2,TWO-FAM DWELLING,Analyze Boston property-assessment FY2026 (rev),2026-10-04T04:36Z,0103080000,https://data.boston.gov/dataset/property-assessment/resource/ee73430d-96c0-423e-ad21-c4cfb54c8961?q=PID%3A0103080000
BOS01494,127 EUTAW ST,East Boston,MA,02128,1900,,R3,THREE-FAM DWELLING,Analyze Boston property-assessment FY2026 (rev),2026-10-04T04:36Z,0103081000,https://data.boston.gov/dataset/property-assessment/resource/ee73430d-96c0-423e-ad21-c4cfb54c8961?q=PID%3A0103081000
BOS01495,129 EUTAW ST,East Boston,MA,02128,1900,,R3,THREE-FAM DWELLING,Analyze Boston property-assessment FY2026 (rev),2026-10-04T04:36Z,0103082000,https://data.boston.gov/dataset/property-assessment/resource/ee73430d-96c0-423e-ad21-c4cfb54c8961?q=PID%3A0103082000
BOS01496,131 EUTAW ST,East Boston,MA,02128,1900,,R3,THREE-FAM DWELLING,Analyze Boston property-assessment FY2026 (rev),2026-10-04T04:36Z,0103083000,https://data.boston.gov/dataset/property-assessment/resource/ee73430d-96c0-423e-ad21-c4cfb54c8961?q=PID%3A0103083000
BOS01497,133 EUTAW ST,East Boston,MA,02128,1900,,R3,THREE-FAM DWELLING,Analyze Boston property-assessment FY2026 (rev),2026-10-04T04:36Z,0103084000,https://data.boston.gov/dataset/property-assessment/resource/ee73430d-96c0-423e-ad21-c4cfb54c8961?q=PID%3A0103084000
BOS01498,137 EUTAW ST,East Boston,MA,02128,1900,,R3,THREE-FAM DWELLING,Analyze Boston property-assessment FY2026 (rev),2026-10-04T04:36Z,0103086000,https://data.boston.gov/dataset/property-assessment/resource/ee73430d-96c0-423e-ad21-c4cfb54c8961?q=PID%3A0103086000
BOS01499,89 White ST,East Boston,MA,02128,1900,,R2,TWO-FAM DWELLING,Analyze Boston property-assessment FY2026 (rev),2026-10-04T04:36Z,0103092000,https://data.boston.gov/dataset/property-assessment/resource/ee73430d-96c0-423e-ad21-c4cfb54c8961?q=PID%3A0103092000
BOS01500,65 PUTNAM ST,East Boston,MA,02128,1900,,R3,THREE-FAM DWELLING,Analyze Boston property-assessment FY2026 (rev),2026-10-04T04:36Z,0103094000,https://data.boston.gov/dataset/property-assessment/resource/ee73430d-96c0-423e-ad21-c4cfb54c8961?q=PID%3A0103094000
BOS01501,67 PUTNAM ST,East Boston,MA,02128,1900,,R2,TWO-FAM DWELLING,Analyze Boston property-assessment FY2026 (rev),2026-10-04T04:36Z,0103095000,https://data.boston.gov/dataset/property-assessment/resource/ee73430d-96c0-423e-ad21-c4cfb54c8961?q=PID%3A0103095000
BOS01502,69 PUTNAM ST,East Boston,MA,02128,1900,,R3,THREE-FAM DWELLING,Analyze Boston property-assessment FY2026 (rev),2026-10-04T04:36Z,0103096000,https://data.boston.gov/dataset/property-assessment/resource/ee73430d-96c0-423e-ad21-c4cfb54c8961?q=PID%3A0103096000
BOS01503,71 PUTNAM ST,East Boston,MA,02128,1920,,R3,THREE-FAM DWELLING,Analyze Boston property-assessment FY2026 (rev),2026-10-04T04:36Z,0103097000,https://data.boston.gov/dataset/property-assessment/resource/ee73430d-96c0-423e-ad21-c4cfb54c8961?q=PID%3A0103097000
BOS01504,156 Trenton ST,East Boston,MA,02128,1900,,R2,TWO-FAM DWELLING,Analyze Boston property-assessment FY2026 (rev),2026-10-04T04:36Z,0103100000,https://data.boston.gov/dataset/property-assessment/resource/ee73430d-96c0-423e-ad21-c4cfb54c8961?q=PID%3A0103100000
BOS01505,154 Trenton ST,East Boston,MA,02128,1900,,R2,TWO-FAM DWELLING,Analyze Boston property-assessment FY2026 (rev),2026-10-04T04:36Z,0103101000,https://data.boston.gov/dataset/property-assessment/resource/ee73430d-96c0-423e-ad21-c4cfb54c8961?q=PID%3A0103101000
BOS01506,152 Trenton ST,East Boston,MA,02128,1900,,R3,THREE-FAM DWELLING,Analyze Boston property-assessment FY2026 (rev),2026-10-04T04:36Z,0103102000,https://data.boston.gov/dataset/property-assessment/resource/ee73430d-96c0-423e-ad21-c4cfb54c8961?q=PID%3A0103102000
BOS01507,146 Trenton ST,East Boston,MA,02128,1900,,R3,THREE-FAM DWELLING,Analyze Boston property-assessment FY2026 (rev),2026-10-04T04:36Z,0103105000,https://data.boston.gov/dataset/property-assessment/resource/ee73430d-96c0-423e-ad21-c4cfb54c8961?q=PID%3A0103105000
BOS01508,144 Trenton ST,East Boston,MA,02128,1900,,R3,THREE-FAM DWELLING,Analyze Boston property-assessment FY2026 (rev),2026-10-04T04:36Z,0103106000,https://data.boston.gov/dataset/property-assessment/resource/ee73430d-96c0-423e-ad21-c4cfb54c8961?q=PID%3A0103106000
BOS01509,142 Trenton ST,East Boston,MA,02128,1900,,R2,TWO-FAM DWELLING,Analyze Boston property-assessment FY2026 (rev),2026-10-04T04:36Z,0103107000,https://data.boston.gov/dataset/property-assessment/resource/ee73430d-96c0-423e-ad21-c4cfb54c8961?q=PID%3A0103107000
BOS01510,136 Trenton ST,East Boston,MA,02128,1899,,R3,THREE-FAM DWELLING,Analyze Boston property-assessment FY2026 (rev),2026-10-04T04:36Z,0103110000,https://data.boston.gov/dataset/property-assessment/resource/ee73430d-96c0-423e-ad21-c4cfb54c8961?q=PID%3A0103110000
BOS01511,132 Trenton ST,East Boston,MA,02128,1900,,R4,APT 4-6 UNITS,Analyze Boston property-assessment FY2026 (rev),2026-10-04T04:36Z,0103111000,https://data.boston.gov/dataset/property-assessment/resource/ee73430d-96c0-423e-ad21-c4cfb54c8961?q=PID%3A0103111000
BOS01512,134 Trenton ST,East Boston,MA,02128,1900,,R3,THREE-FAM DWELLING,Analyze Boston property-assessment FY2026 (rev),2026-10-04T04:36Z,0103112000,https://data.boston.gov/dataset/property-assessment/resource/ee73430d-96c0-423e-ad21-c4cfb54c8961?q=PID%3A0103112000
BOS01513,130 Trenton ST,East Boston,MA,02128,1900,,R3,THREE-FAM DWELLING,Analyze Boston property-assessment FY2026 (rev),2026-10-04T04:36Z,0103113000,https://data.boston.gov/dataset/property-assessment/resource/ee73430d-96c0-423e-ad21-c4cfb54c8961?q=PID%3A0103113000
BOS01514,128 Trenton ST,East Boston,MA,02128,1900,,R3,THREE-FAM DWELLING,Analyze Boston property-assessment FY2026 (rev),2026-10-04T04:36Z,0103114000,https://data.boston.gov/dataset/property-assessment/resource/ee73430d-96c0-423e-ad21-c4cfb54c8961?q=PID%3A0103114000
BOS01515,126 Trenton ST,East Boston,MA,02128,1900,,R2,TWO-FAM DWELLING,Analyze Boston property-assessment FY2026 (rev),2026-10-04T04:36Z,0103115000,https://data.boston.gov/dataset/property-assessment/resource/ee73430d-96c0-423e-ad21-c4cfb54c8961?q=PID%3A0103115000
BOS01516,124 Trenton ST,East Boston,MA,02128,1900,,R3,THREE-FAM DWELLING,Analyze Boston property-assessment FY2026 (rev),2026-10-04T04:36Z,0103116000,https://data.boston.gov/dataset/property-assessment/resource/ee73430d-96c0-423e-ad21-c4cfb54c8961?q=PID%3A0103116000
BOS01517,122 Trenton ST,East Boston,MA,02128,1900,,R3,THREE-FAM DWELLING,Analyze Boston property-assessment FY2026 (rev),2026-10-04T04:36Z,0103117000,https://data.boston.gov/dataset/property-assessment/resource/ee73430d-96c0-423e-ad21-c4cfb54c8961?q=PID%3A0103117000
BOS01518,120 Trenton ST,East Boston,MA,02128,1900,,R3,THREE-FAM DWELLING,Analyze Boston property-assessment FY2026 (rev),2026-10-04T04:36Z,0103118000,https://data.boston.gov/dataset/property-assessment/resource/ee73430d-96c0-423e-ad21-c4cfb54c8961?q=PID%3A0103118000
BOS01519,193 Brooks ST,East Boston,MA,02128,1910,,R3,THREE-FAM DWELLING,Analyze Boston property-assessment FY2026 (rev),2026-10-04T04:36Z,0103127000,https://data.boston.gov/dataset/property-assessment/resource/ee73430d-96c0-423e-ad21-c4cfb54c8961?q=PID%3A0103127000
BOS01520,195 Brooks ST,East Boston,MA,02128,1910,,R3,THREE-FAM DWELLING,Analyze Boston property-assessment FY2026 (rev),2026-10-04T04:36Z,0103128000,https://data.boston.gov/dataset/property-assessment/resource/ee73430d-96c0-423e-ad21-c4cfb54c8961?q=PID%3A0103128000
BOS01521,197 Brooks ST,East Boston,MA,02128,1920,,A,APT 7-30 UNITS,Analyze Boston property-assessment FY2026 (rev),2026-10-04T04:36Z,0103129000,https://data.boston.gov/dataset/property-assessment/resource/ee73430d-96c0-423e-ad21-c4cfb54c8961?q=PID%3A0103129000
BOS01522,57 White ST,East Boston,MA,02128,1900,,R2,TWO-FAM DWELLING,Analyze Boston property-assessment FY2026 (rev),2026-10-04T04:36Z,0103130000,https://data.boston.gov/dataset/property-assessment/resource/ee73430d-96c0-423e-ad21-c4cfb54c8961?q=PID%3A0103130000
BOS01523,59 White ST,East Boston,MA,02128,1900,,R2,TWO-FAM DWELLING,Analyze Boston property-assessment FY2026 (rev),2026-10-04T04:36Z,0103131000,https://data.boston.gov/dataset/property-assessment/resource/ee73430d-96c0-423e-ad21-c4cfb54c8961?q=PID%3A0103131000
BOS01524,75 White ST,East Boston,MA,02128,1900,,R3,THREE-FAM DWELLING,Analyze Boston property-assessment FY2026 (rev),2026-10-04T04:36Z,0103134000,https://data.boston.gov/dataset/property-assessment/resource/ee73430d-96c0-423e-ad21-c4cfb54c8961?q=PID%3A0103134000
BOS01525,85 White ST,East Boston,MA,02128,1900,,R3,THREE-FAM DWELLING,Analyze Boston property-assessment FY2026 (rev),2026-10-04T04:36Z,0103138000,https://data.boston.gov/dataset/property-assessment/resource/ee73430d-96c0-423e-ad21-c4cfb54c8961?q=PID%3A0103138000
BOS01526,120 EUTAW ST,East Boston,MA,02128,1900,,R3,THREE-FAM DWELLING,Analyze Boston property-assessment FY2026 (rev),2026-10-04T04:36Z,0103140000,https://data.boston.gov/dataset/property-assessment/resource/ee73430d-96c0-423e-ad21-c4cfb54c8961?q=PID%3A0103140000
BOS01527,112 EUTAW ST,East Boston,MA,02128,1908,,R2,TWO-FAM DWELLING,Analyze Boston property-assessment FY2026 (rev),2026-10-04T04:36Z,0103143000,https://data.boston.gov/dataset/property-assessment/resource/ee73430d-96c0-423e-ad21-c4cfb54c8961?q=PID%3A0103143000
BOS01528,106 EUTAW ST,East Boston,MA,02128,1910,,R2,TWO-FAM DWELLING,Analyze Boston property-assessment FY2026 (rev),2026-10-04T04:36Z,0103146000,https://data.boston.gov/dataset/property-assessment/resource/ee73430d-96c0-423e-ad21-c4cfb54c8961?q=PID%3A0103146000
BOS01529,159 Trenton ST,East Boston,MA,02128,1900,,R2,TWO-FAM DWELLING,Analyze Boston property-assessment FY2026 (rev),2026-10-04T04:36Z,0103149000,https://data.boston.gov/dataset/property-assessment/resource/ee73430d-96c0-423e-ad21-c4cfb54c8961?q=PID%3A0103149000
BOS01530,161 Trenton ST,East Boston,MA,02128,1875,,R2,TWO-FAM DWELLING,Analyze Boston property-assessment FY2026 (rev),2026-10-04T04:36Z,0103150000,https://data.boston.gov/dataset/property-assessment/resource/ee73430d-96c0-423e-ad21-c4cfb54c8961?q=PID%3A0103150000
BOS01531,163 Trenton ST,East Boston,MA,02128,1899,,R4,APT 4-6 UNITS,Analyze Boston property-assessment FY2026 (rev),2026-10-04T04:36Z,0103151000,https://data.boston.gov/dataset/property-assessment/resource/ee73430d-96c0-423e-ad21-c4cfb54c8961?q=PID%3A0103151000
BOS01532,165 Trenton ST,East Boston,MA,02128,1900,,R3,THREE-FAM DWELLING,Analyze Boston property-assessment FY2026 (rev),2026-10-04T04:36Z,0103152000,https://data.boston.gov/dataset/property-assessment/resource/ee73430d-96c0-423e-ad21-c4cfb54c8961?q=PID%3A0103152000
BOS01533,169 Trenton ST,East Boston,MA,02128,1900,,R2,TWO-FAM DWELLING,Analyze Boston property-assessment FY2026 (rev),2026-10-04T04:36Z,0103154000,https://data.boston.gov/dataset/property-assessment/resource/ee73430d-96c0-423e-ad21-c4cfb54c8961?q=PID%3A0103154000
BOS01534,171 Trenton ST,East Boston,MA,02128,1900,,R3,THREE-FAM DWELLING,Analyze Boston property-assessment FY2026 (rev),2026-10-04T04:36Z,0103155000,https://data.boston.gov/dataset/property-assessment/resource/ee73430d-96c0-423e-ad21-c4cfb54c8961?q=PID%3A0103155000
BOS01535,173 Trenton ST,East Boston,MA,02128,1900,,R4,APT 4-6 UNITS,Analyze Boston property-assessment FY2026 (rev),2026-10-04T04:36Z,0103156000,https://data.boston.gov/dataset/property-assessment/resource/ee73430d-96c0-423e-ad21-c4cfb54c8961?q=PID%3A0103156000
BOS01536,179 Trenton ST,East Boston,MA,02128,1900,,R4,APT 4-6 UNITS,Analyze Boston property-assessment FY2026 (rev),2026-10-04T04:36Z,0103158000,https://data.boston.gov/dataset/property-assessment/resource/ee73430d-96c0-423e-ad21-c4cfb54c8961?q=PID%3A0103158000
BOS01537,193 Trenton ST,East Boston,MA,02128,1910,,R2,TWO-FAM DWELLING,Analyze Boston property-assessment FY2026 (rev),2026-10-04T04:36Z,0103162000,https://data.boston.gov/dataset/property-assessment/resource/ee73430d-96c0-423e-ad21-c4cfb54c8961?q=PID%3A0103162000
BOS01538,195 Trenton ST,East Boston,MA,02128,1900,,R3,THREE-FAM DWELLING,Analyze Boston property-assessment FY2026 (rev),2026-10-04T04:36Z,0103163000,https://data.boston.gov/dataset/property-assessment/resource/ee73430d-96c0-423e-ad21-c4cfb54c8961?q=PID%3A0103163000
BOS01539,197 Trenton ST,East Boston,MA,02128,1900,,R3,THREE-FAM DWELLING,Analyze Boston property-assessment FY2026 (rev),2026-10-04T04:36Z,0103164000,https://data.boston.gov/dataset/property-assessment/resource/ee73430d-96c0-423e-ad21-c4cfb54c8961?q=PID%3A0103164000
BOS01540,207 Trenton ST,East Boston,MA,02128,1900,,R3,THREE-FAM DWELLING,Analyze Boston property-assessment FY2026 (rev),2026-10-04T04:36Z,0103166000,https://data.boston.gov/dataset/property-assessment/resource/ee73430d-96c0-423e-ad21-c4cfb54c8961?q=PID%3A0103166000
BOS01541,209 Trenton ST,East Boston,MA,02128,1900,,R2,TWO-FAM DWELLING,Analyze Boston property-assessment FY2026 (rev),2026-10-04T04:36Z,0103167000,https://data.boston.gov/dataset/property-assessment/resource/ee73430d-96c0-423e-ad21-c4cfb54c8961?q=PID%3A0103167000
BOS01542,211 Trenton ST,East Boston,MA,02128,1900,,R3,THREE-FAM DWELLING,Analyze Boston property-assessment FY2026 (rev),2026-10-04T04:36Z,0103168000,https://data.boston.gov/dataset/property-assessment/resource/ee73430d-96c0-423e-ad21-c4cfb54c8961?q=PID%3A0103168000
BOS01543,3 Prescott ST,East Boston,MA,02128,1900,,R3,THREE-FAM DWELLING,Analyze Boston property-assessment FY2026 (rev),2026-10-04T04:36Z,0103170000,https://data.boston.gov/dataset/property-assessment/resource/ee73430d-96c0-423e-ad21-c4cfb54c8961?q=PID%3A0103170000
BOS01544,7 Prescott ST,East Boston,MA,02128,1900,,R2,TWO-FAM DWELLING,Analyze Boston property-assessment FY2026 (rev),2026-10-04T04:36Z,0103172000,https://data.boston.gov/dataset/property-assessment/resource/ee73430d-96c0-423e-ad21-c4cfb54c8961?q=PID%3A0103172000
BOS01545,250 Lexington ST,East Boston,MA,02128,1896,,R3,THREE-FAM DWELLING,Analyze Boston property-assessment FY2026 (rev),2026-10-04T04:36Z,0103173000,https://data.boston.gov/dataset/property-assessment/resource/ee73430d-96c0-423e-ad21-c4cfb54c8961?q=PID%3A0103173000
BOS01546,246 Lexington ST,East Boston,MA,02128,1900,,R3,THREE-FAM DWELLING,Analyze Boston property-assessment FY2026 (rev),2026-10-04T04:36Z,0103174000,https://data.boston.gov/dataset/property-assessment/resource/ee73430d-96c0-423e-ad21-c4cfb54c8961?q=PID%3A0103174000
BOS01547,244 Lexington ST,East Boston,MA,02128,1900,,R3,THREE-FAM DWELLING,Analyze Boston property-assessment FY2026 (rev),2026-10-04T04:36Z,0103175000,https://data.boston.gov/dataset/property-assessment/resource/ee73430d-96c0-423e-ad21-c4cfb54c8961?q=PID%3A0103175000
BOS01548,242 Lexington ST,East Boston,MA,02128,1900,,R3,THREE-FAM DWELLING,Analyze Boston property-assessment FY2026 (rev),2026-10-04T04:36Z,0103176000,https://data.boston.gov/dataset/property-assessment/resource/ee73430d-96c0-423e-ad21-c4cfb54c8961?q=PID%3A0103176000
BOS01549,240 Lexington ST,East Boston,MA,02128,1900,,R3,THREE-FAM DWELLING,Analyze Boston property-assessment FY2026 (rev),2026-10-04T04:36Z,0103177000,https://data.boston.gov/dataset/property-assessment/resource/ee73430d-96c0-423e-ad21-c4cfb54c8961?q=PID%3A0103177000
BOS01550,238 Lexington ST,East Boston,MA,02128,1900,,R3,THREE-FAM DWELLING,Analyze Boston property-assessment FY2026 (rev),2026-10-04T04:36Z,0103178000,https://data.boston.gov/dataset/property-assessment/resource/ee73430d-96c0-423e-ad21-c4cfb54c8961?q=PID%3A0103178000
BOS01551,234 Lexington ST,East Boston,MA,02128,1900,,R3,THREE-FAM DWELLING,Analyze Boston property-assessment FY2026 (rev),2026-10-04T04:36Z,0103180000,https://data.boston.gov/dataset/property-assessment/resource/ee73430d-96c0-423e-ad21-c4cfb54c8961?q=PID%3A0103180000
BOS01552,232 Lexington ST,East Boston,MA,02128,1900,,R3,THREE-FAM DWELLING,Analyze Boston property-assessment FY2026 (rev),2026-10-04T04:36Z,0103181000,https://data.boston.gov/dataset/property-assessment/resource/ee73430d-96c0-423e-ad21-c4cfb54c8961?q=PID%3A0103181000
BOS01553,230 Lexington ST,East Boston,MA,02128,1899,,R3,THREE-FAM DWELLING,Analyze Boston property-assessment FY2026 (rev),2026-10-04T04:36Z,0103182000,https://data.boston.gov/dataset/property-assessment/resource/ee73430d-96c0-423e-ad21-c4cfb54c8961?q=PID%3A0103182000
BOS01554,224 Lexington ST,East Boston,MA,02128,1900,,R3,THREE-FAM DWELLING,Analyze Boston property-assessment FY2026 (rev),2026-10-04T04:36Z,0103185000,https://data.boston.gov/dataset/property-assessment/resource/ee73430d-96c0-423e-ad21-c4cfb54c8961?q=PID%3A0103185000
BOS01555,222 Lexington ST,East Boston,MA,02128,1900,,R3,THREE-FAM DWELLING,Analyze Boston property-assessment FY2026 (rev),2026-10-04T04:36Z,0103186000,https://data.boston.gov/dataset/property-assessment/resource/ee73430d-96c0-423e-ad21-c4cfb54c8961?q=PID%3A0103186000
BOS01556,220 Lexington ST,East Boston,MA,02128,1900,,R3,THREE-FAM DWELLING,Analyze Boston property-assessment FY2026 (rev),2026-10-04T04:36Z,0103187000,https://data.boston.gov/dataset/property-assessment/resource/ee73430d-96c0-423e-ad21-c4cfb54c8961?q=PID%3A0103187000
BOS01557,212 Lexington ST,East Boston,MA,02128,1899,,R3,THREE-FAM DWELLING,Analyze Boston property-assessment FY2026 (rev),2026-10-04T04:36Z,0103189000,https://data.boston.gov/dataset/property-assessment/resource/ee73430d-96c0-423e-ad21-c4cfb54c8961?q=PID%3A0103189000
BOS01558,210 Lexington ST,East Boston,MA,02128,1900,,R3,THREE-FAM DWELLING,Analyze Boston property-assessment FY2026 (rev),2026-10-04T04:36Z,0103190000,https://data.boston.gov/dataset/property-assessment/resource/ee73430d-96c0-423e-ad21-c4cfb54c8961?q=PID%3A0103190000
BOS01559,208 Lexington ST,East Boston,MA,02128,1900,,R3,THREE-FAM DWELLING,Analyze Boston property-assessment FY2026 (rev),2026-10-04T04:36Z,0103191000,https://data.boston.gov/dataset/property-assessment/resource/ee73430d-96c0-423e-ad21-c4cfb54c8961?q=PID%3A0103191000
BOS01560,206 Lexington ST,East Boston,MA,02128,1900,,R2,TWO-FAM DWELLING,Analyze Boston property-assessment FY2026 (rev),2026-10-04T04:36Z,0103192000,https://data.boston.gov/dataset/property-assessment/resource/ee73430d-96c0-423e-ad21-c4cfb54c8961?q=PID%3A0103192000
BOS01561,204 Lexington ST,East Boston,MA,02128,1900,,R3,THREE-FAM DWELLING,Analyze Boston property-assessment FY2026 (rev),2026-10-04T04:36Z,0103193000,https://data.boston.gov/dataset/property-assessment/resource/ee73430d-96c0-423e-ad21-c4cfb54c8961?q=PID%3A0103193000
BOS01562,202 Lexington ST,East Boston,MA,02128,1900,,R3,THREE-FAM DWELLING,Analyze Boston property-assessment FY2026 (rev),2026-10-04T04:36Z,0103194000,https://data.boston.gov/dataset/property-assessment/resource/ee73430d-96c0-423e-ad21-c4cfb54c8961?q=PID%3A0103194000
BOS01563,200 Lexington ST,East Boston,MA,02128,1935,,R3,THREE-FAM DWELLING,Analyze Boston property-assessment FY2026 (rev),2026-10-04T04:36Z,0103195000,https://data.boston.gov/dataset/property-assessment/resource/ee73430d-96c0-423e-ad21-c4cfb54c8961?q=PID%3A0103195000
BOS01564,88 PUTNAM ST,East Boston,MA,02128,1900,,R3,THREE-FAM DWELLING,Analyze Boston property-assessment FY2026 (rev),2026-10-04T04:36Z,0103198000,https://data.boston.gov/dataset/property-assessment/resource/ee73430d-96c0-423e-ad21-c4cfb54c8961?q=PID%3A0103198000
BOS01565,86 PUTNAM ST,East Boston,MA,02128,1900,,R3,THREE-FAM DWELLING,Analyze Boston property-assessment FY2026 (rev),2026-10-04T04:36Z,0103199000,https://data.boston.gov/dataset/property-assessment/resource/ee73430d-96c0-423e-ad21-c4cfb54c8961?q=PID%3A0103199000
BOS01566,198 Trenton ST,East Boston,MA,02128,1900,,R2,TWO-FAM DWELLING,Analyze Boston property-assessment FY2026 (rev),2026-10-04T04:36Z,0103202000,https://data.boston.gov/dataset/property-assessment/resource/ee73430d-96c0-423e-ad21-c4cfb54c8961?q=PID%3A0103202000
BOS01567,196 Trenton ST,East Boston,MA,02128,1900,,R2,TWO-FAM DWELLING,Analyze Boston property-assessment FY2026 (rev),2026-10-04T04:36Z,0103203000,https://data.boston.gov/dataset/property-assessment/resource/ee73430d-96c0-423e-ad21-c4cfb54c8961?q=PID%3A0103203000
BOS01568,192 Trenton ST,East Boston,MA,02128,,,R2,TWO-FAM DWELLING,Analyze Boston property-assessment FY2026 (rev),2026-10-04T04:36Z,0103204000,https://data.boston.gov/dataset/property-assessment/resource/ee73430d-96c0-423e-ad21-c4cfb54c8961?q=PID%3A0103204000
BOS01569,118 White ST,East Boston,MA,02128,1890,,R3,THREE-FAM DWELLING,Analyze Boston property-assessment FY2026 (rev),2026-10-04T04:36Z,0103205000,https://data.boston.gov/dataset/property-assessment/resource/ee73430d-96c0-423e-ad21-c4cfb54c8961?q=PID%3A0103205000
BOS01570,116 White ST,East Boston,MA,02128,1900,,R3,THREE-FAM DWELLING,Analyze Boston property-assessment FY2026 (rev),2026-10-04T04:36Z,0103206000,https://data.boston.gov/dataset/property-assessment/resource/ee73430d-96c0-423e-ad21-c4cfb54c8961?q=PID%3A0103206000
BOS01571,114 White ST,East Boston,MA,02128,1900,,R3,THREE-FAM DWELLING,Analyze Boston property-assessment FY2026 (rev),2026-10-04T04:36Z,0103207000,https://data.boston.gov/dataset/property-assessment/resource/ee73430d-96c0-423e-ad21-c4cfb54c8961?q=PID%3A0103207000
BOS01572,112 White ST,East Boston,MA,02128,1900,,R3,THREE-FAM DWELLING,Analyze Boston property-assessment FY2026 (rev),2026-10-04T04:36Z,0103208000,https://data.boston.gov/dataset/property-assessment/resource/ee73430d-96c0-423e-ad21-c4cfb54c8961?q=PID%3A0103208000
BOS01573,106 White ST,East Boston,MA,02128,1876,,R2,TWO-FAM DWELLING,Analyze Boston property-assessment FY2026 (rev),2026-10-04T04:36Z,0103211000,https://data.boston.gov/dataset/property-assessment/resource/ee73430d-96c0-423e-ad21-c4cfb54c8961?q=PID%3A0103211000
BOS01574,104 White ST,East Boston,MA,02128,1881,,R2,TWO-FAM DWELLING,Analyze Boston property-assessment FY2026 (rev),2026-10-04T04:36Z,0103212000,https://data.boston.gov/dataset/property-assessment/resource/ee73430d-96c0-423e-ad21-c4cfb54c8961?q=PID%3A0103212000
BOS01575,54 PUTNAM ST,East Boston,MA,02128,1910,,R3,THREE-FAM DWELLING,Analyze Boston property-assessment FY2026 (rev),2026-10-04T04:36Z,0103218000,https://data.boston.gov/dataset/property-assessment/resource/ee73430d-96c0-423e-ad21-c4cfb54c8961?q=PID%3A0103218000
BOS01576,52 PUTNAM ST,East Boston,MA,02128,1910,,R3,THREE-FAM DWELLING,Analyze Boston property-assessment FY2026 (rev),2026-10-04T04:36Z,0103219000,https://data.boston.gov/dataset/property-assessment/resource/ee73430d-96c0-423e-ad21-c4cfb54c8961?q=PID%3A0103219000
BOS01577,48 PUTNAM ST,East Boston,MA,02128,1910,,R3,THREE-FAM DWELLING,Analyze Boston property-assessment FY2026 (rev),2026-10-04T04:36Z,0103221000,https://data.boston.gov/dataset/property-assessment/resource/ee73430d-96c0-423e-ad21-c4cfb54c8961?q=PID%3A0103221000
BOS01578,205 E EAGLE ST,East Boston,MA,02128,1899,,R3,THREE-FAM DWELLING,Analyze Boston property-assessment FY2026 (rev),2026-10-04T04:36Z,0103222000,https://data.boston.gov/dataset/property-assessment/resource/ee73430d-96c0-423e-ad21-c4cfb54c8961?q=PID%3A0103222000
BOS01579,207 E EAGLE ST,East Boston,MA,02128,1900,,R3,THREE-FAM DWELLING,Analyze Boston property-assessment FY2026 (rev),2026-10-04T04:36Z,0103223000,https://data.boston.gov/dataset/property-assessment/resource/ee73430d-96c0-423e-ad21-c4cfb54c8961?q=PID%3A0103223000
BOS01580,217 E EAGLE ST,East Boston,MA,02128,1900,,R3,THREE-FAM DWELLING,Analyze Boston property-assessment FY2026 (rev),2026-10-04T04:36Z,0103227000,https://data.boston.gov/dataset/property-assessment/resource/ee73430d-96c0-423e-ad21-c4cfb54c8961?q=PID%3A0103227000
BOS01581,223 E EAGLE ST,East Boston,MA,02128,1900,,R3,THREE-FAM DWELLING,Analyze Boston property-assessment FY2026 (rev),2026-10-04T04:36Z,0103229000,https://data.boston.gov/dataset/property-assessment/resource/ee73430d-96c0-423e-ad21-c4cfb54c8961?q=PID%3A0103229000
BOS01582,225 E EAGLE ST,East Boston,MA,02128,1900,,R3,THREE-FAM DWELLING,Analyze Boston property-assessment FY2026 (rev),2026-10-04T04:36Z,0103230000,https://data.boston.gov/dataset/property-assessment/resource/ee73430d-96c0-423e-ad21-c4cfb54c8961?q=PID%3A0103230000
BOS01583,235 E EAGLE ST,East Boston,MA,02128,1900,,R3,THREE-FAM DWELLING,Analyze Boston property-assessment FY2026 (rev),2026-10-04T04:36Z,0103232000,https://data.boston.gov/dataset/property-assessment/resource/ee73430d-96c0-423e-ad21-c4cfb54c8961?q=PID%3A0103232000
BOS01584,278 E EAGLE ST,East Boston,MA,02128,1900,,R3,THREE-FAM DWELLING,Analyze Boston property-assessment FY2026 (rev),2026-10-04T04:36Z,0103234000,https://data.boston.gov/dataset/property-assessment/resource/ee73430d-96c0-423e-ad21-c4cfb54c8961?q=PID%3A0103234000
BOS01585,274 E EAGLE ST,East Boston,MA,02128,1900,,R3,THREE-FAM DWELLING,Analyze Boston property-assessment FY2026 (rev),2026-10-04T04:36Z,0103235000,https://data.boston.gov/dataset/property-assessment/resource/ee73430d-96c0-423e-ad21-c4cfb54c8961?q=PID%3A0103235000
BOS01586,262 E EAGLE ST,East Boston,MA,02128,1970,,R2,TWO-FAM DWELLING,Analyze Boston property-assessment FY2026 (rev),2026-10-04T04:36Z,0103239000,https://data.boston.gov/dataset/property-assessment/resource/ee73430d-96c0-423e-ad21-c4cfb54c8961?q=PID%3A0103239000
BOS01587,258 E EAGLE ST,East Boston,MA,02128,1880,,R3,THREE-FAM DWELLING,Analyze Boston property-assessment FY2026 (rev),2026-10-04T04:36Z,0103240000,https://data.boston.gov/dataset/property-assessment/resource/ee73430d-96c0-423e-ad21-c4cfb54c8961?q=PID%3A0103240000
BOS01588,254 E EAGLE ST,East Boston,MA,02128,1920,,R4,APT 4-6 UNITS,Analyze Boston property-assessment FY2026 (rev),2026-10-04T04:36Z,0103241000,https://data.boston.gov/dataset/property-assessment/resource/ee73430d-96c0-423e-ad21-c4cfb54c8961?q=PID%3A0103241000
BOS01589,252 E EAGLE ST,East Boston,MA,02128,1899,,R3,THREE-FAM DWELLING,Analyze Boston property-assessment FY2026 (rev),2026-10-04T04:36Z,0103242000,https://data.boston.gov/dataset/property-assessment/resource/ee73430d-96c0-423e-ad21-c4cfb54c8961?q=PID%3A0103242000
BOS01590,250 E EAGLE ST,East Boston,MA,02128,1900,,R2,TWO-FAM DWELLING,Analyze Boston property-assessment FY2026 (rev),2026-10-04T04:36Z,0103243000,https://data.boston.gov/dataset/property-assessment/resource/ee73430d-96c0-423e-ad21-c4cfb54c8961?q=PID%3A0103243000
BOS01591,242 E EAGLE ST,East Boston,MA,02128,1900,,R2,TWO-FAM DWELLING,Analyze Boston property-assessment FY2026 (rev),2026-10-04T04:36Z,0103244000,https://data.boston.gov/dataset/property-assessment/resource/ee73430d-96c0-423e-ad21-c4cfb54c8961?q=PID%3A0103244000
BOS01592,230 E EAGLE ST,East Boston,MA,02128,1900,,R2,TWO-FAM DWELLING,Analyze Boston property-assessment FY2026 (rev),2026-10-04T04:36Z,0103245000,https://data.boston.gov/dataset/property-assessment/resource/ee73430d-96c0-423e-ad21-c4cfb54c8961?q=PID%3A0103245000
BOS01593,224 E EAGLE ST,East Boston,MA,02128,1900,,R3,THREE-FAM DWELLING,Analyze Boston property-assessment FY2026 (rev),2026-10-04T04:36Z,0103246000,https://data.boston.gov/dataset/property-assessment/resource/ee73430d-96c0-423e-ad21-c4cfb54c8961?q=PID%3A0103246000
BOS01594,222 E EAGLE ST,East Boston,MA,02128,1900,,R3,THREE-FAM DWELLING,Analyze Boston property-assessment FY2026 (rev),2026-10-04T04:36Z,0103247000,https://data.boston.gov/dataset/property-assessment/resource/ee73430d-96c0-423e-ad21-c4cfb54c8961?q=PID%3A0103247000
BOS01595,220 E EAGLE ST,East Boston,MA,02128,1900,,R3,THREE-FAM DWELLING,Analyze Boston property-assessment FY2026 (rev),2026-10-04T04:36Z,0103248000,https://data.boston.gov/dataset/property-assessment/resource/ee73430d-96c0-423e-ad21-c4cfb54c8961?q=PID%3A0103248000
BOS01596,218 E EAGLE ST,East Boston,MA,02128,1900,,A,SUBSD HOUSING S- 8,Analyze Boston property-assessment FY2026 (rev),2026-10-04T04:36Z,0103249000,https://data.boston.gov/dataset/property-assessment/resource/ee73430d-96c0-423e-ad21-c4cfb54c8961?q=PID%3A0103249000
BOS01597,210 E EAGLE ST,East Boston,MA,02128,1991,,R2,TWO-FAM DWELLING,Analyze Boston property-assessment FY2026 (rev),2026-10-04T04:36Z,0103252000,https://data.boston.gov/dataset/property-assessment/resource/ee73430d-96c0-423e-ad21-c4cfb54c8961?q=PID%3A0103252000
BOS01598,208 E EAGLE ST,East Boston,MA,02128,1920,,R3,THREE-FAM DWELLING,Analyze Boston property-assessment FY2026 (rev),2026-10-04T04:36Z,0103254000,https://data.boston.gov/dataset/property-assessment/resource/ee73430d-96c0-423e-ad21-c4cfb54c8961?q=PID%3A0103254000
BOS01599,206 E EAGLE ST,East Boston,MA,02128,1920,,R3,THREE-FAM DWELLING,Analyze Boston property-assessment FY2026 (rev),2026-10-04T04:36Z,0103255000,https://data.boston.gov/dataset/property-assessment/resource/ee73430d-96c0-423e-ad21-c4cfb54c8961?q=PID%3A0103255000
BOS01600,202 E EAGLE ST,East Boston,MA,02128,1910,,R3,THREE-FAM DWELLING,Analyze Boston property-assessment FY2026 (rev),2026-10-04T04:36Z,0103257000,https://data.boston.gov/dataset/property-assessment/resource/ee73430d-96c0-423e-ad21-c4cfb54c8961?q=PID%3A0103257000
BOS01601,139 FALCON ST,East Boston,MA,02128,1902,,R2,TWO-FAM DWELLING,Analyze Boston property-assessment FY2026 (rev),2026-10-04T04:36Z,0103259000,https://data.boston.gov/dataset/property-assessment/resource/ee73430d-96c0-423e-ad21-c4cfb54c8961?q=PID%3A0103259000
BOS01602,141 FALCON ST,East Boston,MA,02128,1910,,R3,THREE-FAM DWELLING,Analyze Boston property-assessment FY2026 (rev),2026-10-04T04:36Z,0103260000,https://data.boston.gov/dataset/property-assessment/resource/ee73430d-96c0-423e-ad21-c4cfb54c8961?q=PID%3A0103260000
BOS01603,145 FALCON ST,East Boston,MA,02128,1910,,R3,THREE-FAM DWELLING,Analyze Boston property-assessment FY2026 (rev),2026-10-04T04:36Z,0103262000,https://data.boston.gov/dataset/property-assessment/resource/ee73430d-96c0-423e-ad21-c4cfb54c8961?q=PID%3A0103262000
BOS01604,151 FALCON ST,East Boston,MA,02128,1910,,R2,TWO-FAM DWELLING,Analyze Boston property-assessment FY2026 (rev),2026-10-04T04:36Z,0103263000,https://data.boston.gov/dataset/property-assessment/resource/ee73430d-96c0-423e-ad21-c4cfb54c8961?q=PID%3A0103263000
BOS01605,153 FALCON ST,East Boston,MA,02128,1900,,R2,TWO-FAM DWELLING,Analyze Boston property-assessment FY2026 (rev),2026-10-04T04:36Z,0103264000,https://data.boston.gov/dataset/property-assessment/resource/ee73430d-96c0-423e-ad21-c4cfb54c8961?q=PID%3A0103264000
BOS01606,163 FALCON ST,East Boston,MA,02128,1900,,R3,THREE-FAM DWELLING,Analyze Boston property-assessment FY2026 (rev),2026-10-04T04:36Z,0103266000,https://data.boston.gov/dataset/property-assessment/resource/ee73430d-96c0-423e-ad21-c4cfb54c8961?q=PID%3A0103266000
BOS01607,165 FALCON ST,East Boston,MA,02128,2016,,R2,TWO-FAM DWELLING,Analyze Boston property-assessment FY2026 (rev),2026-10-04T04:36Z,0103267000,https://data.boston.gov/dataset/property-assessment/resource/ee73430d-96c0-423e-ad21-c4cfb54c8961?q=PID%3A0103267000
BOS01608,167 FALCON ST,East Boston,MA,02128,1900,,R3,THREE-FAM DWELLING,Analyze Boston property-assessment FY2026 (rev),2026-10-04T04:36Z,0103268000,https://data.boston.gov/dataset/property-assessment/resource/ee73430d-96c0-423e-ad21-c4cfb54c8961?q=PID%3A0103268000
BOS01609,171 FALCON ST,East Boston,MA,02128,1900,,R3,THREE-FAM DWELLING,Analyze Boston property-assessment FY2026 (rev),2026-10-04T04:36Z,0103270000,https://data.boston.gov/dataset/property-assessment/resource/ee73430d-96c0-423e-ad21-c4cfb54c8961?q=PID%3A0103270000
BOS01610,175 FALCON ST,East Boston,MA,02128,1900,,R3,THREE-FAM DWELLING,Analyze Boston property-assessment FY2026 (rev),2026-10-04T04:36Z,0103272000,https://data.boston.gov/dataset/property-assessment/resource/ee73430d-96c0-423e-ad21-c4cfb54c8961?q=PID%3A0103272000
BOS01611,191 FALCON ST,East Boston,MA,02128,1910,,R2,TWO-FAM DWELLING,Analyze Boston property-assessment FY2026 (rev),2026-10-04T04:36Z,0103275000,https://data.boston.gov/dataset/property-assessment/resource/ee73430d-96c0-423e-ad21-c4cfb54c8961?q=PID%3A0103275000
BOS01612,203 FALCON ST,East Boston,MA,02128,1900,,R2,TWO-FAM DWELLING,Analyze Boston property-assessment FY2026 (rev),2026-10-04T04:36Z,0103280000,https://data.boston.gov/dataset/property-assessment/resource/ee73430d-96c0-423e-ad21-c4cfb54c8961?q=PID%3A0103280000
BOS01613,6 GLENDON ST,East Boston,MA,02128,1900,,A,SUBSD HOUSING S- 8,Analyze Boston property-assessment FY2026 (rev),2026-10-04T04:36Z,0103283000,https://data.boston.gov/dataset/property-assessment/resource/ee73430d-96c0-423e-ad21-c4cfb54c8961?q=PID%3A0103283000
BOS01614,206 FALCON ST,East Boston,MA,02128,1900,,R3,THREE-FAM DWELLING,Analyze Boston property-assessment FY2026 (rev),2026-10-04T04:36Z,0103284000,https://data.boston.gov/dataset/property-assessment/resource/ee73430d-96c0-423e-ad21-c4cfb54c8961?q=PID%3A0103284000
BOS01615,204 FALCON ST,East Boston,MA,02128,1900,,R2,TWO-FAM DWELLING,Analyze Boston property-assessment FY2026 (rev),2026-10-04T04:36Z,0103285000,https://data.boston.gov/dataset/property-assessment/resource/ee73430d-96c0-423e-ad21-c4cfb54c8961?q=PID%3A0103285000
BOS01616,202 FALCON ST,East Boston,MA,02128,1910,,R2,TWO-FAM DWELLING,Analyze Boston property-assessment FY2026 (rev),2026-10-04T04:36Z,0103286000,https://data.boston.gov/dataset/property-assessment/resource/ee73430d-96c0-423e-ad21-c4cfb54c8961?q=PID%3A0103286000
BOS01617,200 FALCON ST,East Boston,MA,02128,1910,,R3,THREE-FAM DWELLING,Analyze Boston property-assessment FY2026 (rev),2026-10-04T04:36Z,0103287000,https://data.boston.gov/dataset/property-assessment/resource/ee73430d-96c0-423e-ad21-c4cfb54c8961?q=PID%3A0103287000
BOS01618,198 FALCON ST,East Boston,MA,02128,1920,,R2,TWO-FAM DWELLING,Analyze Boston property-assessment FY2026 (rev),2026-10-04T04:36Z,0103288000,https://data.boston.gov/dataset/property-assessment/resource/ee73430d-96c0-423e-ad21-c4cfb54c8961?q=PID%3A0103288000
BOS01619,196 FALCON ST,East Boston,MA,02128,1910,,R2,TWO-FAM DWELLING,Analyze Boston property-assessment FY2026 (rev),2026-10-04T04:36Z,0103289000,https://data.boston.gov/dataset/property-assessment/resource/ee73430d-96c0-423e-ad21-c4cfb54c8961?q=PID%3A0103289000
BOS01620,194 FALCON ST,East Boston,MA,02128,1910,,R3,THREE-FAM DWELLING,Analyze Boston property-assessment FY2026 (rev),2026-10-04T04:36Z,0103290000,https://data.boston.gov/dataset/property-assessment/resource/ee73430d-96c0-423e-ad21-c4cfb54c8961?q=PID%3A0103290000
BOS01621,192 FALCON ST,East Boston,MA,02128,1910,,R3,THREE-FAM DWELLING,Analyze Boston property-assessment FY2026 (rev),2026-10-04T04:36Z,0103291000,https://data.boston.gov/dataset/property-assessment/resource/ee73430d-96c0-423e-ad21-c4cfb54c8961?q=PID%3A0103291000
BOS01622,188 FALCON ST,East Boston,MA,02128,1899,,R4,APT 4-6 UNITS,Analyze Boston property-assessment FY2026 (rev),2026-10-04T04:36Z,0103292000,https://data.boston.gov/dataset/property-assessment/resource/ee73430d-96c0-423e-ad21-c4cfb54c8961?q=PID%3A0103292000
BOS01623,182 FALCON ST,East Boston,MA,02128,1910,,R2,TWO-FAM DWELLING,Analyze Boston property-assessment FY2026 (rev),2026-10-04T04:36Z,0103293000,https://data.boston.gov/dataset/property-assessment/resource/ee73430d-96c0-423e-ad21-c4cfb54c8961?q=PID%3A0103293000
BOS01624,180 FALCON ST,East Boston,MA,02128,1910,,R2,TWO-FAM DWELLING,Analyze Boston property-assessment FY2026 (rev),2026-10-04T04:36Z,0103294000,https://data.boston.gov/dataset/property-assessment/resource/ee73430d-96c0-423e-ad21-c4cfb54c8961?q=PID%3A0103294000
BOS01625,176 FALCON ST,East Boston,MA,02128,1920,,R3,THREE-FAM DWELLING,Analyze Boston property-assessment FY2026 (rev),2026-10-04T04:36Z,0103295000,https://data.boston.gov/dataset/property-assessment/resource/ee73430d-96c0-423e-ad21-c4cfb54c8961?q=PID%3A0103295000
BOS01626,174 FALCON ST,East Boston,MA,02128,1920,,R2,TWO-FAM DWELLING,Analyze Boston property-assessment FY2026 (rev),2026-10-04T04:36Z,0103296000,https://data.boston.gov/dataset/property-assessment/resource/ee73430d-96c0-423e-ad21-c4cfb54c8961?q=PID%3A0103296000
BOS01627,172 FALCON ST,East Boston,MA,02128,1910,,R3,THREE-FAM DWELLING,Analyze Boston property-assessment FY2026 (rev),2026-10-04T04:36Z,0103297000,https://data.boston.gov/dataset/property-assessment/resource/ee73430d-96c0-423e-ad21-c4cfb54c8961?q=PID%3A0103297000
BOS01628,164 FALCON ST,East Boston,MA,02128,1910,,R3,THREE-FAM DWELLING,Analyze Boston property-assessment FY2026 (rev),2026-10-04T04:36Z,0103299000,https://data.boston.gov/dataset/property-assessment/resource/ee73430d-96c0-423e-ad21-c4cfb54c8961?q=PID%3A0103299000
BOS01629,160 FALCON ST,East Boston,MA,02128,1910,,R2,TWO-FAM DWELLING,Analyze Boston property-assessment FY2026 (rev),2026-10-04T04:36Z,0103300000,https://data.boston.gov/dataset/property-assessment/resource/ee73430d-96c0-423e-ad21-c4cfb54c8961?q=PID%3A0103300000
BOS01630,158 FALCON ST,East Boston,MA,02128,1910,,R3,THREE-FAM DWELLING,Analyze Boston property-assessment FY2026 (rev),2026-10-04T04:36Z,0103301000,https://data.boston.gov/dataset/property-assessment/resource/ee73430d-96c0-423e-ad21-c4cfb54c8961?q=PID%3A0103301000
BOS01631,152 FALCON ST,East Boston,MA,02128,1910,,R2,TWO-FAM DWELLING,Analyze Boston property-assessment FY2026 (rev),2026-10-04T04:36Z,0103304000,https://data.boston.gov/dataset/property-assessment/resource/ee73430d-96c0-423e-ad21-c4cfb54c8961?q=PID%3A0103304000
BOS01632,146 FALCON ST,East Boston,MA,02128,1900,,R3,THREE-FAM DWELLING,Analyze Boston property-assessment FY2026 (rev),2026-10-04T04:36Z,0103307000,https://data.boston.gov/dataset/property-assessment/resource/ee73430d-96c0-423e-ad21-c4cfb54c8961?q=PID%3A0103307000
BOS01633,144 FALCON ST,East Boston,MA,02128,1900,,R2,TWO-FAM DWELLING,Analyze Boston property-assessment FY2026 (rev),2026-10-04T04:36Z,0103308000,https://data.boston.gov/dataset/property-assessment/resource/ee73430d-96c0-423e-ad21-c4cfb54c8961?q=PID%3A0103308000
BOS01634,142 FALCON ST,East Boston,MA,02128,1900,,R3,THREE-FAM DWELLING,Analyze Boston property-assessment FY2026 (rev),2026-10-04T04:36Z,0103309000,https://data.boston.gov/dataset/property-assessment/resource/ee73430d-96c0-423e-ad21-c4cfb54c8961?q=PID%3A0103309000
BOS01635,140 FALCON ST,East Boston,MA,02128,1900,,R3,THREE-FAM DWELLING,Analyze Boston property-assessment FY2026 (rev),2026-10-04T04:36Z,0103310000,https://data.boston.gov/dataset/property-assessment/resource/ee73430d-96c0-423e-ad21-c4cfb54c8961?q=PID%3A0103310000
BOS01636,138 FALCON ST,East Boston,MA,02128,1910,,R2,TWO-FAM DWELLING,Analyze Boston property-assessment FY2026 (rev),2026-10-04T04:36Z,0103311000,https://data.boston.gov/dataset/property-assessment/resource/ee73430d-96c0-423e-ad21-c4cfb54c8961?q=PID%3A0103311000
BOS01637,10 PUTNAM ST,East Boston,MA,02128,1910,,R2,TWO-FAM DWELLING,Analyze Boston property-assessment FY2026 (rev),2026-10-04T04:36Z,0103312000,https://data.boston.gov/dataset/property-assessment/resource/ee73430d-96c0-423e-ad21-c4cfb54c8961?q=PID%3A0103312000
BOS01638,8 PUTNAM ST,East Boston,MA,02128,1900,,R2,TWO-FAM DWELLING,Analyze Boston property-assessment FY2026 (rev),2026-10-04T04:36Z,0103313000,https://data.boston.gov/dataset/property-assessment/resource/ee73430d-96c0-423e-ad21-c4cfb54c8961?q=PID%3A0103313000
BOS01639,195 Condor ST,East Boston,MA,02128,1925,,R2,TWO-FAM DWELLING,Analyze Boston property-assessment FY2026 (rev),2026-10-04T04:36Z,0103315000,https://data.boston.gov/dataset/property-assessment/resource/ee73430d-96c0-423e-ad21-c4cfb54c8961?q=PID%3A0103315000
BOS01640,197 Condor ST,East Boston,MA,02128,2022,,R4,APT 4-6 UNITS,Analyze Boston property-assessment FY2026 (rev),2026-10-04T04:36Z,0103316000,https://data.boston.gov/dataset/property-assessment/resource/ee73430d-96c0-423e-ad21-c4cfb54c8961?q=PID%3A0103316000
BOS01641,199 Condor ST,East Boston,MA,02128,,,R4,APT 4-6 UNITS,Analyze Boston property-assessment FY2026 (rev),2026-10-04T04:36Z,0103317000,https://data.boston.gov/dataset/property-assessment/resource/ee73430d-96c0-423e-ad21-c4cfb54c8961?q=PID%3A0103317000
BOS01642,203 Condor ST,East Boston,MA,02128,1900,,R2,TWO-FAM DWELLING,Analyze Boston property-assessment FY2026 (rev),2026-10-04T04:36Z,0103318000,https://data.boston.gov/dataset/property-assessment/resource/ee73430d-96c0-423e-ad21-c4cfb54c8961?q=PID%3A0103318000
BOS01643,213 Condor ST,East Boston,MA,02128,1900,,R2,TWO-FAM DWELLING,Analyze Boston property-assessment FY2026 (rev),2026-10-04T04:36Z,0103320000,https://data.boston.gov/dataset/property-assessment/resource/ee73430d-96c0-423e-ad21-c4cfb54c8961?q=PID%3A0103320000
BOS01644,235 Condor ST,East Boston,MA,02128,1920,,R3,THREE-FAM DWELLING,Analyze Boston property-assessment FY2026 (rev),2026-10-04T04:36Z,0103325010,https://data.boston.gov/dataset/property-assessment/resource/ee73430d-96c0-423e-ad21-c4cfb54c8961?q=PID%3A0103325010
BOS01645,237 Condor ST,East Boston,MA,02128,1920,,R2,TWO-FAM DWELLING,Analyze Boston property-assessment FY2026 (rev),2026-10-04T04:36Z,0103325020,https://data.boston.gov/dataset/property-assessment/resource/ee73430d-96c0-423e-ad21-c4cfb54c8961?q=PID%3A0103325020
BOS01646,24 GLENDON ST,East Boston,MA,02128,1910,,R2,TWO-FAM DWELLING,Analyze Boston property-assessment FY2026 (rev),2026-10-04T04:36Z,0103331000,https://data.boston.gov/dataset/property-assessment/resource/ee73430d-96c0-423e-ad21-c4cfb54c8961?q=PID%3A0103331000
BOS01647,7 PUTNAM ST,East Boston,MA,02128,1900,,R2,TWO-FAM DWELLING,Analyze Boston property-assessment FY2026 (rev),2026-10-04T04:36Z,0103333000,https://data.boston.gov/dataset/property-assessment/resource/ee73430d-96c0-423e-ad21-c4cfb54c8961?q=PID%3A0103333000
BOS01648,136 FALCON ST,East Boston,MA,02128,1900,,R3,THREE-FAM DWELLING,Analyze Boston property-assessment FY2026 (rev),2026-10-04T04:36Z,0103334000,https://data.boston.gov/dataset/property-assessment/resource/ee73430d-96c0-423e-ad21-c4cfb54c8961?q=PID%3A0103334000
BOS01649,134 FALCON ST,East Boston,MA,02128,1900,,R2,TWO-FAM DWELLING,Analyze Boston property-assessment FY2026 (rev),2026-10-04T04:36Z,0103335000,https://data.boston.gov/dataset/property-assessment/resource/ee73430d-96c0-423e-ad21-c4cfb54c8961?q=PID%3A0103335000
BOS01650,130 FALCON ST,East Boston,MA,02128,1900,,R2,TWO-FAM DWELLING,Analyze Boston property-assessment FY2026 (rev),2026-10-04T04:36Z,0103337000,https://data.boston.gov/dataset/property-assessment/resource/ee73430d-96c0-423e-ad21-c4cfb54c8961?q=PID%3A0103337000
BOS01651,128 FALCON ST,East Boston,MA,02128,1900,,R3,THREE-FAM DWELLING,Analyze Boston property-assessment FY2026 (rev),2026-10-04T04:36Z,0103338000,https://data.boston.gov/dataset/property-assessment/resource/ee73430d-96c0-423e-ad21-c4cfb54c8961?q=PID%3A0103338000
BOS01652,126 FALCON ST,East Boston,MA,02128,1900,,R2,TWO-FAM DWELLING,Analyze Boston property-assessment FY2026 (rev),2026-10-04T04:36Z,0103339000,https://data.boston.gov/dataset/property-assessment/resource/ee73430d-96c0-423e-ad21-c4cfb54c8961?q=PID%3A0103339000
BOS01653,124 FALCON ST,East Boston,MA,02128,1900,,A,SUBSD HOUSING S- 8,Analyze Boston property-assessment FY2026 (rev),2026-10-04T04:36Z,0103340000,https://data.boston.gov/dataset/property-assessment/resource/ee73430d-96c0-423e-ad21-c4cfb54c8961?q=PID%3A0103340000
BOS01654,122 FALCON ST,East Boston,MA,02128,1900,,R2,TWO-FAM DWELLING,Analyze Boston property-assessment FY2026 (rev),2026-10-04T04:36Z,0103341000,https://data.boston.gov/dataset/property-assessment/resource/ee73430d-96c0-423e-ad21-c4cfb54c8961?q=PID%3A0103341000
BOS01655,120 FALCON ST,East Boston,MA,02128,1900,,R2,TWO-FAM DWELLING,Analyze Boston property-assessment FY2026 (rev),2026-10-04T04:36Z,0103342000,https://data.boston.gov/dataset/property-assessment/resource/ee73430d-96c0-423e-ad21-c4cfb54c8961?q=PID%3A0103342000
BOS01656,118 FALCON ST,East Boston,MA,02128,1900,,A,SUBSD HOUSING S- 8,Analyze Boston property-assessment FY2026 (rev),2026-10-04T04:36Z,0103343000,https://data.boston.gov/dataset/property-assessment/resource/ee73430d-96c0-423e-ad21-c4cfb54c8961?q=PID%3A0103343000
BOS01657,116 FALCON ST,East Boston,MA,02128,1900,,R3,THREE-FAM DWELLING,Analyze Boston property-assessment FY2026 (rev),2026-10-04T04:36Z,0103344000,https://data.boston.gov/dataset/property-assessment/resource/ee73430d-96c0-423e-ad21-c4cfb54c8961?q=PID%3A0103344000
BOS01658,114 FALCON ST,East Boston,MA,02128,1900,,R3,THREE-FAM DWELLING,Analyze Boston property-assessment FY2026 (rev),2026-10-04T04:36Z,0103345000,https://data.boston.gov/dataset/property-assessment/resource/ee73430d-96c0-423e-ad21-c4cfb54c8961?q=PID%3A0103345000
BOS01659,112 FALCON ST,East Boston,MA,02128,1900,,R3,THREE-FAM DWELLING,Analyze Boston property-assessment FY2026 (rev),2026-10-04T04:36Z,0103346000,https://data.boston.gov/dataset/property-assessment/resource/ee73430d-96c0-423e-ad21-c4cfb54c8961?q=PID%3A0103346000
BOS01660,106 FALCON ST,East Boston,MA,02128,1900,,R2,TWO-FAM DWELLING,Analyze Boston property-assessment FY2026 (rev),2026-10-04T04:36Z,0103347000,https://data.boston.gov/dataset/property-assessment/resource/ee73430d-96c0-423e-ad21-c4cfb54c8961?q=PID%3A0103347000
BOS01661,104 FALCON ST,East Boston,MA,02128,1900,,R3,THREE-FAM DWELLING,Analyze Boston property-assessment FY2026 (rev),2026-10-04T04:36Z,0103348000,https://data.boston.gov/dataset/property-assessment/resource/ee73430d-96c0-423e-ad21-c4cfb54c8961?q=PID%3A0103348000
BOS01662,98 FALCON ST,East Boston,MA,02128,1900,,R3,THREE-FAM DWELLING,Analyze Boston property-assessment FY2026 (rev),2026-10-04T04:36Z,0103350000,https://data.boston.gov/dataset/property-assessment/resource/ee73430d-96c0-423e-ad21-c4cfb54c8961?q=PID%3A0103350000
BOS01663,96 FALCON ST,East Boston,MA,02128,1900,,R2,TWO-FAM DWELLING,Analyze Boston property-assessment FY2026 (rev),2026-10-04T04:36Z,0103351000,https://data.boston.gov/dataset/property-assessment/resource/ee73430d-96c0-423e-ad21-c4cfb54c8961?q=PID%3A0103351000
BOS01664,94 FALCON ST,East Boston,MA,02128,1900,,R2,TWO-FAM DWELLING,Analyze Boston property-assessment FY2026 (rev),2026-10-04T04:36Z,0103352000,https://data.boston.gov/dataset/property-assessment/resource/ee73430d-96c0-423e-ad21-c4cfb54c8961?q=PID%3A0103352000
BOS01665,92 FALCON ST,East Boston,MA,02128,1900,,R2,TWO-FAM DWELLING,Analyze Boston property-assessment FY2026 (rev),2026-10-04T04:36Z,0103353000,https://data.boston.gov/dataset/property-assessment/resource/ee73430d-96c0-423e-ad21-c4cfb54c8961?q=PID%3A0103353000
BOS01666,90 FALCON ST,East Boston,MA,02128,1916,,R2,TWO-FAM DWELLING,Analyze Boston property-assessment FY2026 (rev),2026-10-04T04:36Z,0103354000,https://data.boston.gov/dataset/property-assessment/resource/ee73430d-96c0-423e-ad21-c4cfb54c8961?q=PID%3A0103354000
BOS01667,88 FALCON ST,East Boston,MA,02128,1900,,R2,TWO-FAM DWELLING,Analyze Boston property-assessment FY2026 (rev),2026-10-04T04:36Z,0103355000,https://data.boston.gov/dataset/property-assessment/resource/ee73430d-96c0-423e-ad21-c4cfb54c8961?q=PID%3A0103355000
BOS01668,86 FALCON ST,East Boston,MA,02128,1920,,R2,TWO-FAM DWELLING,Analyze Boston property-assessment FY2026 (rev),2026-10-04T04:36Z,0103356000,https://data.boston.gov/dataset/property-assessment/resource/ee73430d-96c0-423e-ad21-c4cfb54c8961?q=PID%3A0103356000
BOS01669,84 FALCON ST,East Boston,MA,02128,1920,,R4,APT 4-6 UNITS,Analyze Boston property-assessment FY2026 (rev),2026-10-04T04:36Z,0103357000,https://data.boston.gov/dataset/property-assessment/resource/ee73430d-96c0-423e-ad21-c4cfb54c8961?q=PID%3A0103357000
BOS01670,225 Brooks ST,East Boston,MA,02128,1900,,R2,TWO-FAM DWELLING,Analyze Boston property-assessment FY2026 (rev),2026-10-04T04:36Z,0103358000,https://data.boston.gov/dataset/property-assessment/resource/ee73430d-96c0-423e-ad21-c4cfb54c8961?q=PID%3A0103358000
BOS01671,123 Condor ST,East Boston,MA,02128,2013,,A,SUBSD HOUSING S- 8,Analyze Boston property-assessment FY2026 (rev),2026-10-04T04:36Z,0103362000,https://data.boston.gov/dataset/property-assessment/resource/ee73430d-96c0-423e-ad21-c4cfb54c8961?q=PID%3A0103362000
BOS01672,125 Condor ST,East Boston,MA,02128,2013,,A,SUBSD HOUSING S- 8,Analyze Boston property-assessment FY2026 (rev),2026-10-04T04:36Z,0103363000,https://data.boston.gov/dataset/property-assessment/resource/ee73430d-96c0-423e-ad21-c4cfb54c8961?q=PID%3A0103363000
BOS01673,163 Condor ST,East Boston,MA,02128,1900,,R2,TWO-FAM DWELLING,Analyze Boston property-assessment FY2026 (rev),2026-10-04T04:36Z,0103369000,https://data.boston.gov/dataset/property-assessment/resource/ee73430d-96c0-423e-ad21-c4cfb54c8961?q=PID%3A0103369000
BOS01674,167 Condor ST,East Boston,MA,02128,1890,,R2,TWO-FAM DWELLING,Analyze Boston property-assessment FY2026 (rev),2026-10-04T04:36Z,0103371000,https://data.boston.gov/dataset/property-assessment/resource/ee73430d-96c0-423e-ad21-c4cfb54c8961?q=PID%3A0103371000
BOS01675,171 Condor ST,East Boston,MA,02128,1900,,R2,TWO-FAM DWELLING,Analyze Boston property-assessment FY2026 (rev),2026-10-04T04:36Z,0103372000,https://data.boston.gov/dataset/property-assessment/resource/ee73430d-96c0-423e-ad21-c4cfb54c8961?q=PID%3A0103372000
BOS01676,175 Condor ST,East Boston,MA,02128,1900,,R2,TWO-FAM DWELLING,Analyze Boston property-assessment FY2026 (rev),2026-10-04T04:36Z,0103373000,https://data.boston.gov/dataset/property-assessment/resource/ee73430d-96c0-423e-ad21-c4cfb54c8961?q=PID%3A0103373000
BOS01677,179 Condor ST,East Boston,MA,02128,1900,,R2,TWO-FAM DWELLING,Analyze Boston property-assessment FY2026 (rev),2026-10-04T04:36Z,0103374000,https://data.boston.gov/dataset/property-assessment/resource/ee73430d-96c0-423e-ad21-c4cfb54c8961?q=PID%3A0103374000
BOS01678,135 FALCON ST,East Boston,MA,02128,1900,,R2,TWO-FAM DWELLING,Analyze Boston property-assessment FY2026 (rev),2026-10-04T04:36Z,0103376000,https://data.boston.gov/dataset/property-assessment/resource/ee73430d-96c0-423e-ad21-c4cfb54c8961?q=PID%3A0103376000
BOS01679,92 White ST,East Boston,MA,02128,1910,,R4,APT 4-6 UNITS,Analyze Boston property-assessment FY2026 (rev),2026-10-04T04:36Z,0103381000,https://data.boston.gov/dataset/property-assessment/resource/ee73430d-96c0-423e-ad21-c4cfb54c8961?q=PID%3A0103381000
BOS01680,90 White ST,East Boston,MA,02128,1910,,R4,APT 4-6 UNITS,Analyze Boston property-assessment FY2026 (rev),2026-10-04T04:36Z,0103382000,https://data.boston.gov/dataset/property-assessment/resource/ee73430d-96c0-423e-ad21-c4cfb54c8961?q=PID%3A0103382000
BOS01681,87 FALCON ST,East Boston,MA,02128,1899,,R3,THREE-FAM DWELLING,Analyze Boston property-assessment FY2026 (rev),2026-10-04T04:36Z,0103385000,https://data.boston.gov/dataset/property-assessment/resource/ee73430d-96c0-423e-ad21-c4cfb54c8961?q=PID%3A0103385000
BOS01682,89 FALCON ST,East Boston,MA,02128,1910,,R3,THREE-FAM DWELLING,Analyze Boston property-assessment FY2026 (rev),2026-10-04T04:36Z,0103386000,https://data.boston.gov/dataset/property-assessment/resource/ee73430d-96c0-423e-ad21-c4cfb54c8961?q=PID%3A0103386000
BOS01683,93 FALCON ST,East Boston,MA,02128,1900,,R3,THREE-FAM DWELLING,Analyze Boston property-assessment FY2026 (rev),2026-10-04T04:36Z,0103388000,https://data.boston.gov/dataset/property-assessment/resource/ee73430d-96c0-423e-ad21-c4cfb54c8961?q=PID%3A0103388000
BOS01684,97 FALCON ST,East Boston,MA,02128,1900,,R2,TWO-FAM DWELLING,Analyze Boston property-assessment FY2026 (rev),2026-10-04T04:36Z,0103390000,https://data.boston.gov/dataset/property-assessment/resource/ee73430d-96c0-423e-ad21-c4cfb54c8961?q=PID%3A0103390000
BOS01685,99 FALCON ST,East Boston,MA,02128,1900,,R2,TWO-FAM DWELLING,Analyze Boston property-assessment FY2026 (rev),2026-10-04T04:36Z,0103391000,https://data.boston.gov/dataset/property-assessment/resource/ee73430d-96c0-423e-ad21-c4cfb54c8961?q=PID%3A0103391000
BOS01686,101 FALCON ST,East Boston,MA,02128,1900,,A,SUBSD HOUSING S- 8,Analyze Boston property-assessment FY2026 (rev),2026-10-04T04:36Z,0103392000,https://data.boston.gov/dataset/property-assessment/resource/ee73430d-96c0-423e-ad21-c4cfb54c8961?q=PID%3A0103392000
BOS01687,103 FALCON ST,East Boston,MA,02128,1910,,R3,THREE-FAM DWELLING,Analyze Boston property-assessment FY2026 (rev),2026-10-04T04:36Z,0103393000,https://data.boston.gov/dataset/property-assessment/resource/ee73430d-96c0-423e-ad21-c4cfb54c8961?q=PID%3A0103393000
BOS01688,105 FALCON ST,East Boston,MA,02128,1910,,R3,THREE-FAM DWELLING,Analyze Boston property-assessment FY2026 (rev),2026-10-04T04:36Z,0103394000,https://data.boston.gov/dataset/property-assessment/resource/ee73430d-96c0-423e-ad21-c4cfb54c8961?q=PID%3A0103394000
BOS01689,107 FALCON ST,East Boston,MA,02128,1910,,R2,TWO-FAM DWELLING,Analyze Boston property-assessment FY2026 (rev),2026-10-04T04:36Z,0103395000,https://data.boston.gov/dataset/property-assessment/resource/ee73430d-96c0-423e-ad21-c4cfb54c8961?q=PID%3A0103395000
BOS01690,109 FALCON ST,East Boston,MA,02128,1910,,R3,THREE-FAM DWELLING,Analyze Boston property-assessment FY2026 (rev),2026-10-04T04:36Z,0103396000,https://data.boston.gov/dataset/property-assessment/resource/ee73430d-96c0-423e-ad21-c4cfb54c8961?q=PID%3A0103396000
BOS01691,111 FALCON ST,East Boston,MA,02128,1880,,R2,TWO-FAM DWELLING,Analyze Boston property-assessment FY2026 (rev),2026-10-04T04:36Z,0103397000,https://data.boston.gov/dataset/property-assessment/resource/ee73430d-96c0-423e-ad21-c4cfb54c8961?q=PID%3A0103397000
BOS01692,119 FALCON ST,East Boston,MA,02128,1910,,R3,THREE-FAM DWELLING,Analyze Boston property-assessment FY2026 (rev),2026-10-04T04:36Z,0103401000,https://data.boston.gov/dataset/property-assessment/resource/ee73430d-96c0-423e-ad21-c4cfb54c8961?q=PID%3A0103401000
BOS01693,121 FALCON ST,East Boston,MA,02128,1900,,R3,THREE-FAM DWELLING,Analyze Boston property-assessment FY2026 (rev),2026-10-04T04:36Z,0103402000,https://data.boston.gov/dataset/property-assessment/resource/ee73430d-96c0-423e-ad21-c4cfb54c8961?q=PID%3A0103402000
BOS01694,129 FALCON ST,East Boston,MA,02128,1900,,R3,THREE-FAM DWELLING,Analyze Boston property-assessment FY2026 (rev),2026-10-04T04:36Z,0103406000,https://data.boston.gov/dataset/property-assessment/resource/ee73430d-96c0-423e-ad21-c4cfb54c8961?q=PID%3A0103406000
BOS01695,131 FALCON ST,East Boston,MA,02128,1900,,R2,TWO-FAM DWELLING,Analyze Boston property-assessment FY2026 (rev),2026-10-04T04:36Z,0103407000,https://data.boston.gov/dataset/property-assessment/resource/ee73430d-96c0-423e-ad21-c4cfb54c8961?q=PID%3A0103407000
BOS01696,133 FALCON ST,East Boston,MA,02128,1910,,R2,TWO-FAM DWELLING,Analyze Boston property-assessment FY2026 (rev),2026-10-04T04:36Z,0103408000,https://data.boston.gov/dataset/property-assessment/resource/ee73430d-96c0-423e-ad21-c4cfb54c8961?q=PID%3A0103408000
BOS01697,82 White ST,East Boston,MA,02128,1880,,R2,TWO-FAM DWELLING,Analyze Boston property-assessment FY2026 (rev),2026-10-04T04:36Z,0103409000,https://data.boston.gov/dataset/property-assessment/resource/ee73430d-96c0-423e-ad21-c4cfb54c8961?q=PID%3A0103409000
BOS01698,80 White ST,East Boston,MA,02128,1899,,R4,APT 4-6 UNITS,Analyze Boston property-assessment FY2026 (rev),2026-10-04T04:36Z,0103410000,https://data.boston.gov/dataset/property-assessment/resource/ee73430d-96c0-423e-ad21-c4cfb54c8961?q=PID%3A0103410000
BOS01699,68 White ST,East Boston,MA,02128,1899,,R3,THREE-FAM DWELLING,Analyze Boston property-assessment FY2026 (rev),2026-10-04T04:36Z,0103413000,https://data.boston.gov/dataset/property-assessment/resource/ee73430d-96c0-423e-ad21-c4cfb54c8961?q=PID%3A0103413000
BOS01700,60 White ST,East Boston,MA,02128,1930,,R4,APT 4-6 UNITS,Analyze Boston property-assessment FY2026 (rev),2026-10-04T04:36Z,0103414000,https://data.boston.gov/dataset/property-assessment/resource/ee73430d-96c0-423e-ad21-c4cfb54c8961?q=PID%3A0103414000
BOS01701,48 White ST,East Boston,MA,02128,1921,,R3,THREE-FAM DWELLING,Analyze Boston property-assessment FY2026 (rev),2026-10-04T04:36Z,0103417050,https://data.boston.gov/dataset/property-assessment/resource/ee73430d-96c0-423e-ad21-c4cfb54c8961?q=PID%3A0103417050
BOS01702,46 White ST,East Boston,MA,02128,1921,,R3,THREE-FAM DWELLING,Analyze Boston property-assessment FY2026 (rev),2026-10-04T04:36Z,0103417100,https://data.boston.gov/dataset/property-assessment/resource/ee73430d-96c0-423e-ad21-c4cfb54c8961?q=PID%3A0103417100
BOS01703,44 White ST,East Boston,MA,02128,1890,,R3,THREE-FAM DWELLING,Analyze Boston property-assessment FY2026 (rev),2026-10-04T04:36Z,0103418000,https://data.boston.gov/dataset/property-assessment/resource/ee73430d-96c0-423e-ad21-c4cfb54c8961?q=PID%3A0103418000
BOS01704,42 White ST,East Boston,MA,02128,1880,,R2,TWO-FAM DWELLING,Analyze Boston property-assessment FY2026 (rev),2026-10-04T04:36Z,0103419000,https://data.boston.gov/dataset/property-assessment/resource/ee73430d-96c0-423e-ad21-c4cfb54c8961?q=PID%3A0103419000
BOS01705,38 White ST,East Boston,MA,02128,1890,,R3,THREE-FAM DWELLING,Analyze Boston property-assessment FY2026 (rev),2026-10-04T04:36Z,0103425000,https://data.boston.gov/dataset/property-assessment/resource/ee73430d-96c0-423e-ad21-c4cfb54c8961?q=PID%3A0103425000
BOS01706,36 White ST,East Boston,MA,02128,1900,,R2,TWO-FAM DWELLING,Analyze Boston property-assessment FY2026 (rev),2026-10-04T04:36Z,0103426000,https://data.boston.gov/dataset/property-assessment/resource/ee73430d-96c0-423e-ad21-c4cfb54c8961?q=PID%3A0103426000
BOS01707,34 White ST,East Boston,MA,02128,1899,,R3,THREE-FAM DWELLING,Analyze Boston property-assessment FY2026 (rev),2026-10-04T04:36Z,0103427000,https://data.boston.gov/dataset/property-assessment/resource/ee73430d-96c0-423e-ad21-c4cfb54c8961?q=PID%3A0103427000
BOS01708,32 White ST,East Boston,MA,02128,1890,,R3,THREE-FAM DWELLING,Analyze Boston property-assessment FY2026 (rev),2026-10-04T04:36Z,0103427001,https://data.boston.gov/dataset/property-assessment/resource/ee73430d-96c0-423e-ad21-c4cfb54c8961?q=PID%3A0103427001
BOS01709,28 White ST,East Boston,MA,02128,1890,,R3,THREE-FAM DWELLING,Analyze Boston property-assessment FY2026 (rev),2026-10-04T04:36Z,0103428000,https://data.boston.gov/dataset/property-assessment/resource/ee73430d-96c0-423e-ad21-c4cfb54c8961?q=PID%3A0103428000
BOS01710,26 White ST,East Boston,MA,02128,1920,,R2,TWO-FAM DWELLING,Analyze Boston property-assessment FY2026 (rev),2026-10-04T04:36Z,0103429000,https://data.boston.gov/dataset/property-assessment/resource/ee73430d-96c0-423e-ad21-c4cfb54c8961?q=PID%3A0103429000
BOS01711,419 Meridian ST,East Boston,MA,02128,1910,,R2,TWO-FAM DWELLING,Analyze Boston property-assessment FY2026 (rev),2026-10-04T04:36Z,0103436000,https://data.boston.gov/dataset/property-assessment/resource/ee73430d-96c0-423e-ad21-c4cfb54c8961?q=PID%3A0103436000
BOS01712,421 Meridian ST,East Boston,MA,02128,1890,,R3,THREE-FAM DWELLING,Analyze Boston property-assessment FY2026 (rev),2026-10-04T04:36Z,0103437000,https://data.boston.gov/dataset/property-assessment/resource/ee73430d-96c0-423e-ad21-c4cfb54c8961?q=PID%3A0103437000
BOS01713,423 Meridian ST,East Boston,MA,02128,1890,,R3,THREE-FAM DWELLING,Analyze Boston property-assessment FY2026 (rev),2026-10-04T04:36Z,0103438000,https://data.boston.gov/dataset/property-assessment/resource/ee73430d-96c0-423e-ad21-c4cfb54c8961?q=PID%3A0103438000
BOS01714,425 Meridian ST,East Boston,MA,02128,1900,,R3,THREE-FAM DWELLING,Analyze Boston property-assessment FY2026 (rev),2026-10-04T04:36Z,0103439000,https://data.boston.gov/dataset/property-assessment/resource/ee73430d-96c0-423e-ad21-c4cfb54c8961?q=PID%3A0103439000
BOS01715,23 W EAGLE ST,East Boston,MA,02128,1880,,R2,TWO-FAM DWELLING,Analyze Boston property-assessment FY2026 (rev),2026-10-04T04:36Z,0103441000,https://data.boston.gov/dataset/property-assessment/resource/ee73430d-96c0-423e-ad21-c4cfb54c8961?q=PID%3A0103441000
BOS01716,27 W EAGLE ST,East Boston,MA,02128,1890,,R2,TWO-FAM DWELLING,Analyze Boston property-assessment FY2026 (rev),2026-10-04T04:36Z,0103443000,https://data.boston.gov/dataset/property-assessment/resource/ee73430d-96c0-423e-ad21-c4cfb54c8961?q=PID%3A0103443000
BOS01717,31 W EAGLE ST,East Boston,MA,02128,1892,,A,SUBSD HOUSING S- 8,Analyze Boston property-assessment FY2026 (rev),2026-10-04T04:36Z,0103444000,https://data.boston.gov/dataset/property-assessment/resource/ee73430d-96c0-423e-ad21-c4cfb54c8961?q=PID%3A0103444000
BOS01718,33 W EAGLE ST,East Boston,MA,02128,1890,,R2,TWO-FAM DWELLING,Analyze Boston property-assessment FY2026 (rev),2026-10-04T04:36Z,0103445000,https://data.boston.gov/dataset/property-assessment/resource/ee73430d-96c0-423e-ad21-c4cfb54c8961?q=PID%3A0103445000
BOS01719,35 W EAGLE ST,East Boston,MA,02128,1900,,R3,THREE-FAM DWELLING,Analyze Boston property-assessment FY2026 (rev),2026-10-04T04:36Z,0103446000,https://data.boston.gov/dataset/property-assessment/resource/ee73430d-96c0-423e-ad21-c4cfb54c8961?q=PID%3A0103446000
BOS01720,37 W EAGLE ST,East Boston,MA,02128,1900,,R3,THREE-FAM DWELLING,Analyze Boston property-assessment FY2026 (rev),2026-10-04T04:36Z,0103447000,https://data.boston.gov/dataset/property-assessment/resource/ee73430d-96c0-423e-ad21-c4cfb54c8961?q=PID%3A0103447000
BOS01721,39 W EAGLE ST,East Boston,MA,02128,1900,,R3,THREE-FAM DWELLING,Analyze Boston property-assessment FY2026 (rev),2026-10-04T04:36Z,0103448000,https://data.boston.gov/dataset/property-assessment/resource/ee73430d-96c0-423e-ad21-c4cfb54c8961?q=PID%3A0103448000
BOS01722,43 W EAGLE ST,East Boston,MA,02128,1880,,R2,TWO-FAM DWELLING,Analyze Boston property-assessment FY2026 (rev),2026-10-04T04:36Z,0103450000,https://data.boston.gov/dataset/property-assessment/resource/ee73430d-96c0-423e-ad21-c4cfb54c8961?q=PID%3A0103450000
BOS01723,49 W EAGLE ST,East Boston,MA,02128,1900,,R3,THREE-FAM DWELLING,Analyze Boston property-assessment FY2026 (rev),2026-10-04T04:36Z,0103452000,https://data.boston.gov/dataset/property-assessment/resource/ee73430d-96c0-423e-ad21-c4cfb54c8961?q=PID%3A0103452000
BOS01724,51 W EAGLE ST,East Boston,MA,02128,1900,,R3,THREE-FAM DWELLING,Analyze Boston property-assessment FY2026 (rev),2026-10-04T04:36Z,0103453000,https://data.boston.gov/dataset/property-assessment/resource/ee73430d-96c0-423e-ad21-c4cfb54c8961?q=PID%3A0103453000
BOS01725,53 W EAGLE ST,East Boston,MA,02128,1910,,R3,THREE-FAM DWELLING,Analyze Boston property-assessment FY2026 (rev),2026-10-04T04:36Z,0103454000,https://data.boston.gov/dataset/property-assessment/resource/ee73430d-96c0-423e-ad21-c4cfb54c8961?q=PID%3A0103454000
BOS01726,55 W EAGLE ST,East Boston,MA,02128,1900,,R3,THREE-FAM DWELLING,Analyze Boston property-assessment FY2026 (rev),2026-10-04T04:36Z,0103455000,https://data.boston.gov/dataset/property-assessment/resource/ee73430d-96c0-423e-ad21-c4cfb54c8961?q=PID%3A0103455000
BOS01727,57 W EAGLE ST,East Boston,MA,02128,1900,,R3,THREE-FAM DWELLING,Analyze Boston property-assessment FY2026 (rev),2026-10-04T04:36Z,0103456000,https://data.boston.gov/dataset/property-assessment/resource/ee73430d-96c0-423e-ad21-c4cfb54c8961?q=PID%3A0103456000
BOS01728,59 W EAGLE ST,East Boston,MA,02128,1899,,R3,THREE-FAM DWELLING,Analyze Boston property-assessment FY2026 (rev),2026-10-04T04:36Z,0103457000,https://data.boston.gov/dataset/property-assessment/resource/ee73430d-96c0-423e-ad21-c4cfb54c8961?q=PID%3A0103457000
BOS01729,61 W EAGLE ST,East Boston,MA,02128,1939,,R3,THREE-FAM DWELLING,Analyze Boston property-assessment FY2026 (rev),2026-10-04T04:36Z,0103458000,https://data.boston.gov/dataset/property-assessment/resource/ee73430d-96c0-423e-ad21-c4cfb54c8961?q=PID%3A0103458000
BOS01730,63 W EAGLE ST,East Boston,MA,02128,1900,,R3,THREE-FAM DWELLING,Analyze Boston property-assessment FY2026 (rev),2026-10-04T04:36Z,0103459000,https://data.boston.gov/dataset/property-assessment/resource/ee73430d-96c0-423e-ad21-c4cfb54c8961?q=PID%3A0103459000
BOS01731,65 W EAGLE ST,East Boston,MA,02128,1900,,R3,THREE-FAM DWELLING,Analyze Boston property-assessment FY2026 (rev),2026-10-04T04:36Z,0103460000,https://data.boston.gov/dataset/property-assessment/resource/ee73430d-96c0-423e-ad21-c4cfb54c8961?q=PID%3A0103460000
BOS01732,67 W EAGLE ST,East Boston,MA,02128,1900,,R3,THREE-FAM DWELLING,Analyze Boston property-assessment FY2026 (rev),2026-10-04T04:36Z,0103461000,https://data.boston.gov/dataset/property-assessment/resource/ee73430d-96c0-423e-ad21-c4cfb54c8961?q=PID%3A0103461000
BOS01733,69 W EAGLE ST,East Boston,MA,02128,1890,,R3,THREE-FAM DWELLING,Analyze Boston property-assessment FY2026 (rev),2026-10-04T04:36Z,0103462000,https://data.boston.gov/dataset/property-assessment/resource/ee73430d-96c0-423e-ad21-c4cfb54c8961?q=PID%3A0103462000
BOS01734,71 W EAGLE ST,East Boston,MA,02128,1890,,R2,TWO-FAM DWELLING,Analyze Boston property-assessment FY2026 (rev),2026-10-04T04:36Z,0103463000,https://data.boston.gov/dataset/property-assessment/resource/ee73430d-96c0-423e-ad21-c4cfb54c8961?q=PID%3A0103463000
BOS01735,77 W EAGLE ST,East Boston,MA,02128,1900,,R3,THREE-FAM DWELLING,Analyze Boston property-assessment FY2026 (rev),2026-10-04T04:36Z,0103465000,https://data.boston.gov/dataset/property-assessment/resource/ee73430d-96c0-423e-ad21-c4cfb54c8961?q=PID%3A0103465000
BOS01736,81 W EAGLE ST,East Boston,MA,02128,1900,,R2,TWO-FAM DWELLING,Analyze Boston property-assessment FY2026 (rev),2026-10-04T04:36Z,0103466000,https://data.boston.gov/dataset/property-assessment/resource/ee73430d-96c0-423e-ad21-c4cfb54c8961?q=PID%3A0103466000
BOS01737,220 Brooks ST,East Boston,MA,02128,1890,,R3,THREE-FAM DWELLING,Analyze Boston property-assessment FY2026 (rev),2026-10-04T04:36Z,0103467000,https://data.boston.gov/dataset/property-assessment/resource/ee73430d-96c0-423e-ad21-c4cfb54c8961?q=PID%3A0103467000
BOS01738,216 Brooks ST,East Boston,MA,02128,1880,,R2,TWO-FAM DWELLING,Analyze Boston property-assessment FY2026 (rev),2026-10-04T04:36Z,0103469000,https://data.boston.gov/dataset/property-assessment/resource/ee73430d-96c0-423e-ad21-c4cfb54c8961?q=PID%3A0103469000
BOS01739,214 Brooks ST,East Boston,MA,02128,1900,,R3,THREE-FAM DWELLING,Analyze Boston property-assessment FY2026 (rev),2026-10-04T04:36Z,0103470000,https://data.boston.gov/dataset/property-assessment/resource/ee73430d-96c0-423e-ad21-c4cfb54c8961?q=PID%3A0103470000
BOS01740,86 W EAGLE ST,East Boston,MA,02128,1910,,R4,APT 4-6 UNITS,Analyze Boston property-assessment FY2026 (rev),2026-10-04T04:36Z,0103471000,https://data.boston.gov/dataset/property-assessment/resource/ee73430d-96c0-423e-ad21-c4cfb54c8961?q=PID%3A0103471000
BOS01741,82 W EAGLE ST,East Boston,MA,02128,1910,,R2,TWO-FAM DWELLING,Analyze Boston property-assessment FY2026 (rev),2026-10-04T04:36Z,0103473000,https://data.boston.gov/dataset/property-assessment/resource/ee73430d-96c0-423e-ad21-c4cfb54c8961?q=PID%3A0103473000
BOS01742,76 W EAGLE ST,East Boston,MA,02128,1940,,R2,TWO-FAM DWELLING,Analyze Boston property-assessment FY2026 (rev),2026-10-04T04:36Z,0103476000,https://data.boston.gov/dataset/property-assessment/resource/ee73430d-96c0-423e-ad21-c4cfb54c8961?q=PID%3A0103476000
BOS01743,72 W EAGLE ST,East Boston,MA,02128,1910,,R3,THREE-FAM DWELLING,Analyze Boston property-assessment FY2026 (rev),2026-10-04T04:36Z,0103477000,https://data.boston.gov/dataset/property-assessment/resource/ee73430d-96c0-423e-ad21-c4cfb54c8961?q=PID%3A0103477000
BOS01744,70 W EAGLE ST,East Boston,MA,02128,1910,,R3,THREE-FAM DWELLING,Analyze Boston property-assessment FY2026 (rev),2026-10-04T04:36Z,0103477001,https://data.boston.gov/dataset/property-assessment/resource/ee73430d-96c0-423e-ad21-c4cfb54c8961?q=PID%3A0103477001
BOS01745,66 W EAGLE ST,East Boston,MA,02128,1910,,R3,THREE-FAM DWELLING,Analyze Boston property-assessment FY2026 (rev),2026-10-04T04:36Z,0103478000,https://data.boston.gov/dataset/property-assessment/resource/ee73430d-96c0-423e-ad21-c4cfb54c8961?q=PID%3A0103478000
BOS01746,64 W EAGLE ST,East Boston,MA,02128,1910,,R3,THREE-FAM DWELLING,Analyze Boston property-assessment FY2026 (rev),2026-10-04T04:36Z,0103479000,https://data.boston.gov/dataset/property-assessment/resource/ee73430d-96c0-423e-ad21-c4cfb54c8961?q=PID%3A0103479000
BOS01747,58 W EAGLE ST,East Boston,MA,02128,1910,,R3,THREE-FAM DWELLING,Analyze Boston property-assessment FY2026 (rev),2026-10-04T04:36Z,0103482000,https://data.boston.gov/dataset/property-assessment/resource/ee73430d-96c0-423e-ad21-c4cfb54c8961?q=PID%3A0103482000
BOS01748,56 W EAGLE ST,East Boston,MA,02128,1910,,R3,THREE-FAM DWELLING,Analyze Boston property-assessment FY2026 (rev),2026-10-04T04:36Z,0103483000,https://data.boston.gov/dataset/property-assessment/resource/ee73430d-96c0-423e-ad21-c4cfb54c8961?q=PID%3A0103483000
BOS01749,54 W EAGLE ST,East Boston,MA,02128,1900,,R3,THREE-FAM DWELLING,Analyze Boston property-assessment FY2026 (rev),2026-10-04T04:36Z,0103484000,https://data.boston.gov/dataset/property-assessment/resource/ee73430d-96c0-423e-ad21-c4cfb54c8961?q=PID%3A0103484000
BOS01750,52 W EAGLE ST,East Boston,MA,02128,1910,,R3,THREE-FAM DWELLING,Analyze Boston property-assessment FY2026 (rev),2026-10-04T04:36Z,0103485000,https://data.boston.gov/dataset/property-assessment/resource/ee73430d-96c0-423e-ad21-c4cfb54c8961?q=PID%3A0103485000
BOS01751,40 W EAGLE ST,East Boston,MA,02128,1910,,R3,THREE-FAM DWELLING,Analyze Boston property-assessment FY2026 (rev),2026-10-04T04:36Z,0103487000,https://data.boston.gov/dataset/property-assessment/resource/ee73430d-96c0-423e-ad21-c4cfb54c8961?q=PID%3A0103487000
BOS01752,36 W EAGLE ST,East Boston,MA,02128,1890,,R3,THREE-FAM DWELLING,Analyze Boston property-assessment FY2026 (rev),2026-10-04T04:36Z,0103489000,https://data.boston.gov/dataset/property-assessment/resource/ee73430d-96c0-423e-ad21-c4cfb54c8961?q=PID%3A0103489000
BOS01753,32 W EAGLE ST,East Boston,MA,02128,1910,,R3,THREE-FAM DWELLING,Analyze Boston property-assessment FY2026 (rev),2026-10-04T04:36Z,0103491000,https://data.boston.gov/dataset/property-assessment/resource/ee73430d-96c0-423e-ad21-c4cfb54c8961?q=PID%3A0103491000
BOS01754,30 W EAGLE ST,East Boston,MA,02128,1880,,R3,THREE-FAM DWELLING,Analyze Boston property-assessment FY2026 (rev),2026-10-04T04:36Z,0103492000,https://data.boston.gov/dataset/property-assessment/resource/ee73430d-96c0-423e-ad21-c4cfb54c8961?q=PID%3A0103492000
BOS01755,28 W EAGLE ST,East Boston,MA,02128,1910,,R2,TWO-FAM DWELLING,Analyze Boston property-assessment FY2026 (rev),2026-10-04T04:36Z,0103493000,https://data.boston.gov/dataset/property-assessment/resource/ee73430d-96c0-423e-ad21-c4cfb54c8961?q=PID%3A0103493000
BOS01756,439 Meridian ST,East Boston,MA,02128,1910,,R3,THREE-FAM DWELLING,Analyze Boston property-assessment FY2026 (rev),2026-10-04T04:36Z,0103496000,https://data.boston.gov/dataset/property-assessment/resource/ee73430d-96c0-423e-ad21-c4cfb54c8961?q=PID%3A0103496000
BOS01757,441 Meridian ST,East Boston,MA,02128,1900,,R3,THREE-FAM DWELLING,Analyze Boston property-assessment FY2026 (rev),2026-10-04T04:36Z,0103497000,https://data.boston.gov/dataset/property-assessment/resource/ee73430d-96c0-423e-ad21-c4cfb54c8961?q=PID%3A0103497000
BOS01758,443 Meridian ST,East Boston,MA,02128,1899,,R4,APT 4-6 UNITS,Analyze Boston property-assessment FY2026 (rev),2026-10-04T04:36Z,0103498000,https://data.boston.gov/dataset/property-assessment/resource/ee73430d-96c0-423e-ad21-c4cfb54c8961?q=PID%3A0103498000
BOS01759,445 Meridian ST,East Boston,MA,02128,1910,,R3,THREE-FAM DWELLING,Analyze Boston property-assessment FY2026 (rev),2026-10-04T04:36Z,0103499000,https://data.boston.gov/dataset/property-assessment/resource/ee73430d-96c0-423e-ad21-c4cfb54c8961?q=PID%3A0103499000
BOS01760,25 FALCON ST,East Boston,MA,02128,1910,,R3,THREE-FAM DWELLING,Analyze Boston property-assessment FY2026 (rev),2026-10-04T04:36Z,0103501000,https://data.boston.gov/dataset/property-assessment/resource/ee73430d-96c0-423e-ad21-c4cfb54c8961?q=PID%3A0103501000
BOS01761,27 FALCON ST,East Boston,MA,02128,1910,,R3,THREE-FAM DWELLING,Analyze Boston property-assessment FY2026 (rev),2026-10-04T04:36Z,0103502000,https://data.boston.gov/dataset/property-assessment/resource/ee73430d-96c0-423e-ad21-c4cfb54c8961?q=PID%3A0103502000
BOS01762,29 FALCON ST,East Boston,MA,02128,1910,,R2,TWO-FAM DWELLING,Analyze Boston property-assessment FY2026 (rev),2026-10-04T04:36Z,0103503000,https://data.boston.gov/dataset/property-assessment/resource/ee73430d-96c0-423e-ad21-c4cfb54c8961?q=PID%3A0103503000
BOS01763,31 FALCON ST,East Boston,MA,02128,1910,,R2,TWO-FAM DWELLING,Analyze Boston property-assessment FY2026 (rev),2026-10-04T04:36Z,0103504000,https://data.boston.gov/dataset/property-assessment/resource/ee73430d-96c0-423e-ad21-c4cfb54c8961?q=PID%3A0103504000
BOS01764,33 FALCON ST,East Boston,MA,02128,1895,,R3,THREE-FAM DWELLING,Analyze Boston property-assessment FY2026 (rev),2026-10-04T04:36Z,0103505000,https://data.boston.gov/dataset/property-assessment/resource/ee73430d-96c0-423e-ad21-c4cfb54c8961?q=PID%3A0103505000
BOS01765,37 FALCON ST,East Boston,MA,02128,1910,,R3,THREE-FAM DWELLING,Analyze Boston property-assessment FY2026 (rev),2026-10-04T04:36Z,0103507000,https://data.boston.gov/dataset/property-assessment/resource/ee73430d-96c0-423e-ad21-c4cfb54c8961?q=PID%3A0103507000
BOS01766,39 FALCON ST,East Boston,MA,02128,1910,,R3,THREE-FAM DWELLING,Analyze Boston property-assessment FY2026 (rev),2026-10-04T04:36Z,0103508000,https://data.boston.gov/dataset/property-assessment/resource/ee73430d-96c0-423e-ad21-c4cfb54c8961?q=PID%3A0103508000
BOS01767,49 FALCON ST,East Boston,MA,02128,1910,,R2,TWO-FAM DWELLING,Analyze Boston property-assessment FY2026 (rev),2026-10-04T04:36Z,0103511000,https://data.boston.gov/dataset/property-assessment/resource/ee73430d-96c0-423e-ad21-c4cfb54c8961?q=PID%3A0103511000
BOS01768,51 FALCON ST,East Boston,MA,02128,1910,,R2,TWO-FAM DWELLING,Analyze Boston property-assessment FY2026 (rev),2026-10-04T04:36Z,0103512000,https://data.boston.gov/dataset/property-assessment/resource/ee73430d-96c0-423e-ad21-c4cfb54c8961?q=PID%3A0103512000
BOS01769,55 FALCON ST,East Boston,MA,02128,1899,,R2,TWO-FAM DWELLING,Analyze Boston property-assessment FY2026 (rev),2026-10-04T04:36Z,0103513000,https://data.boston.gov/dataset/property-assessment/resource/ee73430d-96c0-423e-ad21-c4cfb54c8961?q=PID%3A0103513000
BOS01770,57 FALCON ST,East Boston,MA,02128,1910,,R2,TWO-FAM DWELLING,Analyze Boston property-assessment FY2026 (rev),2026-10-04T04:36Z,0103514000,https://data.boston.gov/dataset/property-assessment/resource/ee73430d-96c0-423e-ad21-c4cfb54c8961?q=PID%3A0103514000
BOS01771,63 FALCON ST,East Boston,MA,02128,1910,,R4,APT 4-6 UNITS,Analyze Boston property-assessment FY2026 (rev),2026-10-04T04:36Z,0103517000,https://data.boston.gov/dataset/property-assessment/resource/ee73430d-96c0-423e-ad21-c4cfb54c8961?q=PID%3A0103517000
BOS01772,71 FALCON ST,East Boston,MA,02128,1910,,R3,THREE-FAM DWELLING,Analyze Boston property-assessment FY2026 (rev),2026-10-04T04:36Z,0103520000,https://data.boston.gov/dataset/property-assessment/resource/ee73430d-96c0-423e-ad21-c4cfb54c8961?q=PID%3A0103520000
BOS01773,73 FALCON ST,East Boston,MA,02128,2024,,R3,THREE-FAM DWELLING,Analyze Boston property-assessment FY2026 (rev),2026-10-04T04:36Z,0103521000,https://data.boston.gov/dataset/property-assessment/resource/ee73430d-96c0-423e-ad21-c4cfb54c8961?q=PID%3A0103521000
BOS01774,77 FALCON ST,East Boston,MA,02128,1920,,R3,THREE-FAM DWELLING,Analyze Boston property-assessment FY2026 (rev),2026-10-04T04:36Z,0103523000,https://data.boston.gov/dataset/property-assessment/resource/ee73430d-96c0-423e-ad21-c4cfb54c8961?q=PID%3A0103523000
BOS01775,79 FALCON ST,East Boston,MA,02128,1910,,R3,THREE-FAM DWELLING,Analyze Boston property-assessment FY2026 (rev),2026-10-04T04:36Z,0103524000,https://data.boston.gov/dataset/property-assessment/resource/ee73430d-96c0-423e-ad21-c4cfb54c8961?q=PID%3A0103524000
BOS01776,78 FALCON ST,East Boston,MA,02128,1900,,R2,TWO-FAM DWELLING,Analyze Boston property-assessment FY2026 (rev),2026-10-04T04:36Z,0103526000,https://data.boston.gov/dataset/property-assessment/resource/ee73430d-96c0-423e-ad21-c4cfb54c8961?q=PID%3A0103526000
BOS01777,68 FALCON ST,East Boston,MA,02128,1900,,R3,THREE-FAM DWELLING,Analyze Boston property-assessment FY2026 (rev),2026-10-04T04:36Z,0103530000,https://data.boston.gov/dataset/property-assessment/resource/ee73430d-96c0-423e-ad21-c4cfb54c8961?q=PID%3A0103530000
BOS01778,64 FALCON ST,East Boston,MA,02128,1900,,R3,THREE-FAM DWELLING,Analyze Boston property-assessment FY2026 (rev),2026-10-04T04:36Z,0103531000,https://data.boston.gov/dataset/property-assessment/resource/ee73430d-96c0-423e-ad21-c4cfb54c8961?q=PID%3A0103531000
BOS01779,62 FALCON ST,East Boston,MA,02128,1920,,R2,TWO-FAM DWELLING,Analyze Boston property-assessment FY2026 (rev),2026-10-04T04:36Z,0103532000,https://data.boston.gov/dataset/property-assessment/resource/ee73430d-96c0-423e-ad21-c4cfb54c8961?q=PID%3A0103532000
BOS01780,60 FALCON ST,East Boston,MA,02128,1900,,R3,THREE-FAM DWELLING,Analyze Boston property-assessment FY2026 (rev),2026-10-04T04:36Z,0103533000,https://data.boston.gov/dataset/property-assessment/resource/ee73430d-96c0-423e-ad21-c4cfb54c8961?q=PID%3A0103533000
BOS01781,56 FALCON ST,East Boston,MA,02128,1900,,R2,TWO-FAM DWELLING,Analyze Boston property-assessment FY2026 (rev),2026-10-04T04:36Z,0103534000,https://data.boston.gov/dataset/property-assessment/resource/ee73430d-96c0-423e-ad21-c4cfb54c8961?q=PID%3A0103534000
BOS01782,54 FALCON ST,East Boston,MA,02128,1920,,R2,TWO-FAM DWELLING,Analyze Boston property-assessment FY2026 (rev),2026-10-04T04:36Z,0103535000,https://data.boston.gov/dataset/property-assessment/resource/ee73430d-96c0-423e-ad21-c4cfb54c8961?q=PID%3A0103535000
BOS01783,50 FALCON ST,East Boston,MA,02128,1900,,R2,TWO-FAM DWELLING,Analyze Boston property-assessment FY2026 (rev),2026-10-04T04:36Z,0103536000,https://data.boston.gov/dataset/property-assessment/resource/ee73430d-96c0-423e-ad21-c4cfb54c8961?q=PID%3A0103536000
BOS01784,48 FALCON ST,East Boston,MA,02128,1900,,R3,THREE-FAM DWELLING,Analyze Boston property-assessment FY2026 (rev),2026-10-04T04:36Z,0103537000,https://data.boston.gov/dataset/property-assessment/resource/ee73430d-96c0-423e-ad21-c4cfb54c8961?q=PID%3A0103537000
BOS01785,44 FALCON ST,East Boston,MA,02128,1900,,R3,THREE-FAM DWELLING,Analyze Boston property-assessment FY2026 (rev),2026-10-04T04:36Z,0103539000,https://data.boston.gov/dataset/property-assessment/resource/ee73430d-96c0-423e-ad21-c4cfb54c8961?q=PID%3A0103539000
BOS01786,42 FALCON ST,East Boston,MA,02128,1899,,R3,THREE-FAM DWELLING,Analyze Boston property-assessment FY2026 (rev),2026-10-04T04:36Z,0103540000,https://data.boston.gov/dataset/property-assessment/resource/ee73430d-96c0-423e-ad21-c4cfb54c8961?q=PID%3A0103540000
BOS01787,40 FALCON ST,East Boston,MA,02128,1900,,R3,THREE-FAM DWELLING,Analyze Boston property-assessment FY2026 (rev),2026-10-04T04:36Z,0103541000,https://data.boston.gov/dataset/property-assessment/resource/ee73430d-96c0-423e-ad21-c4cfb54c8961?q=PID%3A0103541000
BOS01788,38 FALCON ST,East Boston,MA,02128,1917,,R2,TWO-FAM DWELLING,Analyze Boston property-assessment FY2026 (rev),2026-10-04T04:36Z,0103542000,https://data.boston.gov/dataset/property-assessment/resource/ee73430d-96c0-423e-ad21-c4cfb54c8961?q=PID%3A0103542000
BOS01789,36 FALCON ST,East Boston,MA,02128,1901,,R3,THREE-FAM DWELLING,Analyze Boston property-assessment FY2026 (rev),2026-10-04T04:36Z,0103543000,https://data.boston.gov/dataset/property-assessment/resource/ee73430d-96c0-423e-ad21-c4cfb54c8961?q=PID%3A0103543000
BOS01790,34 FALCON ST,East Boston,MA,02128,1900,,R3,THREE-FAM DWELLING,Analyze Boston property-assessment FY2026 (rev),2026-10-04T04:36Z,0103544000,https://data.boston.gov/dataset/property-assessment/resource/ee73430d-96c0-423e-ad21-c4cfb54c8961?q=PID%3A0103544000
BOS01791,32 FALCON ST,East Boston,MA,02128,1900,,R2,TWO-FAM DWELLING,Analyze Boston property-assessment FY2026 (rev),2026-10-04T04:36Z,0103545000,https://data.boston.gov/dataset/property-assessment/resource/ee73430d-96c0-423e-ad21-c4cfb54c8961?q=PID%3A0103545000
BOS01792,30 FALCON ST,East Boston,MA,02128,1900,,R3,THREE-FAM DWELLING,Analyze Boston property-assessment FY2026 (rev),2026-10-04T04:36Z,0103546000,https://data.boston.gov/dataset/property-assessment/resource/ee73430d-96c0-423e-ad21-c4cfb54c8961?q=PID%3A0103546000
BOS01793,28 FALCON ST,East Boston,MA,02128,1900,,R3,THREE-FAM DWELLING,Analyze Boston property-assessment FY2026 (rev),2026-10-04T04:36Z,0103547000,https://data.boston.gov/dataset/property-assessment/resource/ee73430d-96c0-423e-ad21-c4cfb54c8961?q=PID%3A0103547000
BOS01794,22 FALCON ST,East Boston,MA,02128,1900,,R3,THREE-FAM DWELLING,Analyze Boston property-assessment FY2026 (rev),2026-10-04T04:36Z,0103549000,https://data.boston.gov/dataset/property-assessment/resource/ee73430d-96c0-423e-ad21-c4cfb54c8961?q=PID%3A0103549000
BOS01795,451 Meridian ST,East Boston,MA,02128,1900,,A,SUBSD HOUSING S- 8,Analyze Boston property-assessment FY2026 (rev),2026-10-04T04:36Z,0103550000,https://data.boston.gov/dataset/property-assessment/resource/ee73430d-96c0-423e-ad21-c4cfb54c8961?q=PID%3A0103550000
BOS01796,453 Meridian ST,East Boston,MA,02128,1900,,R3,THREE-FAM DWELLING,Analyze Boston property-assessment FY2026 (rev),2026-10-04T04:36Z,0103551000,https://data.boston.gov/dataset/property-assessment/resource/ee73430d-96c0-423e-ad21-c4cfb54c8961?q=PID%3A0103551000
BOS01797,455 Meridian ST,East Boston,MA,02128,1900,,R3,THREE-FAM DWELLING,Analyze Boston property-assessment FY2026 (rev),2026-10-04T04:36Z,0103552000,https://data.boston.gov/dataset/property-assessment/resource/ee73430d-96c0-423e-ad21-c4cfb54c8961?q=PID%3A0103552000
BOS01798,463 Meridian ST,East Boston,MA,02128,1900,,R3,THREE-FAM DWELLING,Analyze Boston property-assessment FY2026 (rev),2026-10-04T04:36Z,0103554000,https://data.boston.gov/dataset/property-assessment/resource/ee73430d-96c0-423e-ad21-c4cfb54c8961?q=PID%3A0103554000
BOS01799,37 Condor ST,East Boston,MA,02128,1900,,R3,THREE-FAM DWELLING,Analyze Boston property-assessment FY2026 (rev),2026-10-04T04:36Z,0103557000,https://data.boston.gov/dataset/property-assessment/resource/ee73430d-96c0-423e-ad21-c4cfb54c8961?q=PID%3A0103557000
BOS01800,41 Condor ST,East Boston,MA,02128,1910,,R3,THREE-FAM DWELLING,Analyze Boston property-assessment FY2026 (rev),2026-10-04T04:36Z,0103558000,https://data.boston.gov/dataset/property-assessment/resource/ee73430d-96c0-423e-ad21-c4cfb54c8961?q=PID%3A0103558000
BOS01801,47 Condor ST,East Boston,MA,02128,2024,,A,APT 7-30 UNITS,Analyze Boston property-assessment FY2026 (rev),2026-10-04T04:36Z,0103559000,https://data.boston.gov/dataset/property-assessment/resource/ee73430d-96c0-423e-ad21-c4cfb54c8961?q=PID%3A0103559000
BOS01802,61 Condor ST,East Boston,MA,02128,1900,,A,SUBSD HOUSING S- 8,Analyze Boston property-assessment FY2026 (rev),2026-10-04T04:36Z,0103563000,https://data.boston.gov/dataset/property-assessment/resource/ee73430d-96c0-423e-ad21-c4cfb54c8961?q=PID%3A0103563000
BOS01803,63 Condor ST,East Boston,MA,02128,1900,,R3,THREE-FAM DWELLING,Analyze Boston property-assessment FY2026 (rev),2026-10-04T04:36Z,0103563005,https://data.boston.gov/dataset/property-assessment/resource/ee73430d-96c0-423e-ad21-c4cfb54c8961?q=PID%3A0103563005
BOS01804,65 Condor ST,East Boston,MA,02128,1899,,R3,THREE-FAM DWELLING,Analyze Boston property-assessment FY2026 (rev),2026-10-04T04:36Z,0103564000,https://data.boston.gov/dataset/property-assessment/resource/ee73430d-96c0-423e-ad21-c4cfb54c8961?q=PID%3A0103564000
BOS01805,67 Condor ST,East Boston,MA,02128,1899,,R3,THREE-FAM DWELLING,Analyze Boston property-assessment FY2026 (rev),2026-10-04T04:36Z,0103564020,https://data.boston.gov/dataset/property-assessment/resource/ee73430d-96c0-423e-ad21-c4cfb54c8961?q=PID%3A0103564020
BOS01806,81 Condor ST,East Boston,MA,02128,1900,,R2,TWO-FAM DWELLING,Analyze Boston property-assessment FY2026 (rev),2026-10-04T04:36Z,0103569000,https://data.boston.gov/dataset/property-assessment/resource/ee73430d-96c0-423e-ad21-c4cfb54c8961?q=PID%3A0103569000
BOS01807,85 Condor ST,East Boston,MA,02128,1900,,R2,TWO-FAM DWELLING,Analyze Boston property-assessment FY2026 (rev),2026-10-04T04:36Z,0103570000,https://data.boston.gov/dataset/property-assessment/resource/ee73430d-96c0-423e-ad21-c4cfb54c8961?q=PID%3A0103570000
BOS01808,91 Condor ST,East Boston,MA,02128,1900,,R2,TWO-FAM DWELLING,Analyze Boston property-assessment FY2026 (rev),2026-10-04T04:36Z,0103573000,https://data.boston.gov/dataset/property-assessment/resource/ee73430d-96c0-423e-ad21-c4cfb54c8961?q=PID%3A0103573000
BOS01809,93 Condor ST,East Boston,MA,02128,1900,,R2,TWO-FAM DWELLING,Analyze Boston property-assessment FY2026 (rev),2026-10-04T04:36Z,0103574000,https://data.boston.gov/dataset/property-assessment/resource/ee73430d-96c0-423e-ad21-c4cfb54c8961?q=PID%3A0103574000
BOS01810,97 Condor ST,East Boston,MA,02128,1890,,A,APT 7-30 UNITS,Analyze Boston property-assessment FY2026 (rev),2026-10-04T04:36Z,0103575000,https://data.boston.gov/dataset/property-assessment/resource/ee73430d-96c0-423e-ad21-c4cfb54c8961?q=PID%3A0103575000
BOS01811,224 Brooks ST,East Boston,MA,02128,1910,,R2,TWO-FAM DWELLING,Analyze Boston property-assessment FY2026 (rev),2026-10-04T04:36Z,0103576001,https://data.boston.gov/dataset/property-assessment/resource/ee73430d-96c0-423e-ad21-c4cfb54c8961?q=PID%3A0103576001
BOS01812,12 FALCON ST,East Boston,MA,02128,1895,,R2,TWO-FAM DWELLING,Analyze Boston property-assessment FY2026 (rev),2026-10-04T04:36Z,0103579000,https://data.boston.gov/dataset/property-assessment/resource/ee73430d-96c0-423e-ad21-c4cfb54c8961?q=PID%3A0103579000
BOS01813,7 Condor ST,East Boston,MA,02128,1900,,R3,THREE-FAM DWELLING,Analyze Boston property-assessment FY2026 (rev),2026-10-04T04:36Z,0103582020,https://data.boston.gov/dataset/property-assessment/resource/ee73430d-96c0-423e-ad21-c4cfb54c8961?q=PID%3A0103582020
BOS01814,13 Condor ST,East Boston,MA,02128,1910,,R3,THREE-FAM DWELLING,Analyze Boston property-assessment FY2026 (rev),2026-10-04T04:36Z,0103584000,https://data.boston.gov/dataset/property-assessment/resource/ee73430d-96c0-423e-ad21-c4cfb54c8961?q=PID%3A0103584000
BOS01815,15 Condor ST,East Boston,MA,02128,1910,,R3,THREE-FAM DWELLING,Analyze Boston property-assessment FY2026 (rev),2026-10-04T04:36Z,0103585010,https://data.boston.gov/dataset/property-assessment/resource/ee73430d-96c0-423e-ad21-c4cfb54c8961?q=PID%3A0103585010
BOS01816,458 Meridian ST,East Boston,MA,02128,1900,,R3,THREE-FAM DWELLING,Analyze Boston property-assessment FY2026 (rev),2026-10-04T04:36Z,0103589000,https://data.boston.gov/dataset/property-assessment/resource/ee73430d-96c0-423e-ad21-c4cfb54c8961?q=PID%3A0103589000
BOS01817,454 Meridian ST,East Boston,MA,02128,1880,,R2,TWO-FAM DWELLING,Analyze Boston property-assessment FY2026 (rev),2026-10-04T04:36Z,0103591000,https://data.boston.gov/dataset/property-assessment/resource/ee73430d-96c0-423e-ad21-c4cfb54c8961?q=PID%3A0103591000
BOS01818,430 Meridian ST,East Boston,MA,02128,1900,,R2,TWO-FAM DWELLING,Analyze Boston property-assessment FY2026 (rev),2026-10-04T04:36Z,0103592000,https://data.boston.gov/dataset/property-assessment/resource/ee73430d-96c0-423e-ad21-c4cfb54c8961?q=PID%3A0103592000
BOS01819,8 W EAGLE ST,East Boston,MA,02128,1910,,R3,THREE-FAM DWELLING,Analyze Boston property-assessment FY2026 (rev),2026-10-04T04:36Z,0103593000,https://data.boston.gov/dataset/property-assessment/resource/ee73430d-96c0-423e-ad21-c4cfb54c8961?q=PID%3A0103593000
BOS01820,6 W EAGLE ST,East Boston,MA,02128,1910,,R2,TWO-FAM DWELLING,Analyze Boston property-assessment FY2026 (rev),2026-10-04T04:36Z,0103594000,https://data.boston.gov/dataset/property-assessment/resource/ee73430d-96c0-423e-ad21-c4cfb54c8961?q=PID%3A0103594000
BOS01821,4 W EAGLE ST,East Boston,MA,02128,1910,,R2,TWO-FAM DWELLING,Analyze Boston property-assessment FY2026 (rev),2026-10-04T04:36Z,0103595000,https://data.boston.gov/dataset/property-assessment/resource/ee73430d-96c0-423e-ad21-c4cfb54c8961?q=PID%3A0103595000
BOS01822,2 W EAGLE ST,East Boston,MA,02128,1910,,R2,TWO-FAM DWELLING,Analyze Boston property-assessment FY2026 (rev),2026-10-04T04:36Z,0103596000,https://data.boston.gov/dataset/property-assessment/resource/ee73430d-96c0-423e-ad21-c4cfb54c8961?q=PID%3A0103596000
BOS01823,425 Border ST,East Boston,MA,02128,2020,,A,APT 7-30 UNITS,Analyze Boston property-assessment FY2026 (rev),2026-10-04T04:36Z,0103597000,https://data.boston.gov/dataset/property-assessment/resource/ee73430d-96c0-423e-ad21-c4cfb54c8961?q=PID%3A0103597000
BOS01824,5 FALCON ST,East Boston,MA,02128,1900,,R2,TWO-FAM DWELLING,Analyze Boston property-assessment FY2026 (rev),2026-10-04T04:36Z,0103598000,https://data.boston.gov/dataset/property-assessment/resource/ee73430d-96c0-423e-ad21-c4cfb54c8961?q=PID%3A0103598000
BOS01825,7 FALCON ST,East Boston,MA,02128,1910,,R2,TWO-FAM DWELLING,Analyze Boston property-assessment FY2026 (rev),2026-10-04T04:36Z,0103599000,https://data.boston.gov/dataset/property-assessment/resource/ee73430d-96c0-423e-ad21-c4cfb54c8961?q=PID%3A0103599000
BOS01826,440 Meridian ST,East Boston,MA,02128,1899,,A,SUBSD HOUSING S- 8,Analyze Boston property-assessment FY2026 (rev),2026-10-04T04:36Z,0103600000,https://data.boston.gov/dataset/property-assessment/resource/ee73430d-96c0-423e-ad21-c4cfb54c8961?q=PID%3A0103600000
BOS01827,438 Meridian ST,East Boston,MA,02128,1910,,A,SUBSD HOUSING S- 8,Analyze Boston property-assessment FY2026 (rev),2026-10-04T04:36Z,0103601000,https://data.boston.gov/dataset/property-assessment/resource/ee73430d-96c0-423e-ad21-c4cfb54c8961?q=PID%3A0103601000
BOS01828,436 Meridian ST,East Boston,MA,02128,1910,,R3,THREE-FAM DWELLING,Analyze Boston property-assessment FY2026 (rev),2026-10-04T04:36Z,0103602000,https://data.boston.gov/dataset/property-assessment/resource/ee73430d-96c0-423e-ad21-c4cfb54c8961?q=PID%3A0103602000
BOS01829,434 Meridian ST,East Boston,MA,02128,1910,,R2,TWO-FAM DWELLING,Analyze Boston property-assessment FY2026 (rev),2026-10-04T04:36Z,0103603000,https://data.boston.gov/dataset/property-assessment/resource/ee73430d-96c0-423e-ad21-c4cfb54c8961?q=PID%3A0103603000
BOS01830,432 Meridian ST,East Boston,MA,02128,1910,,R3,THREE-FAM DWELLING,Analyze Boston property-assessment FY2026 (rev),2026-10-04T04:36Z,0103604000,https://data.boston.gov/dataset/property-assessment/resource/ee73430d-96c0-423e-ad21-c4cfb54c8961?q=PID%3A0103604000
BOS01831,428 Meridian ST,East Boston,MA,02128,1910,,R3,THREE-FAM DWELLING,Analyze Boston property-assessment FY2026 (rev),2026-10-04T04:36Z,0103605000,https://data.boston.gov/dataset/property-assessment/resource/ee73430d-96c0-423e-ad21-c4cfb54c8961?q=PID%3A0103605000
BOS01832,426 Meridian ST,East Boston,MA,02128,1900,,R3,THREE-FAM DWELLING,Analyze Boston property-assessment FY2026 (rev),2026-10-04T04:36Z,0103606000,https://data.boston.gov/dataset/property-assessment/resource/ee73430d-96c0-423e-ad21-c4cfb54c8961?q=PID%3A0103606000
BOS01833,424 Meridian ST,East Boston,MA,02128,1885,,R2,TWO-FAM DWELLING,Analyze Boston property-assessment FY2026 (rev),2026-10-04T04:36Z,0103607000,https://data.boston.gov/dataset/property-assessment/resource/ee73430d-96c0-423e-ad21-c4cfb54c8961?q=PID%3A0103607000
BOS01834,422 Meridian ST,East Boston,MA,02128,1885,,R2,TWO-FAM DWELLING,Analyze Boston property-assessment FY2026 (rev),2026-10-04T04:36Z,0103608000,https://data.boston.gov/dataset/property-assessment/resource/ee73430d-96c0-423e-ad21-c4cfb54c8961?q=PID%3A0103608000
BOS01835,418 Meridian ST,East Boston,MA,02128,1885,,R2,TWO-FAM DWELLING,Analyze Boston property-assessment FY2026 (rev),2026-10-04T04:36Z,0103609000,https://data.boston.gov/dataset/property-assessment/resource/ee73430d-96c0-423e-ad21-c4cfb54c8961?q=PID%3A0103609000
BOS01836,416 Meridian ST,East Boston,MA,02128,2020,,R4,APT 4-6 UNITS,Analyze Boston property-assessment FY2026 (rev),2026-10-04T04:36Z,0103610000,https://data.boston.gov/dataset/property-assessment/resource/ee73430d-96c0-423e-ad21-c4cfb54c8961?q=PID%3A0103610000
BOS01837,414 Meridian ST,East Boston,MA,02128,1910,,R4,APT 4-6 UNITS,Analyze Boston property-assessment FY2026 (rev),2026-10-04T04:36Z,0103611000,https://data.boston.gov/dataset/property-assessment/resource/ee73430d-96c0-423e-ad21-c4cfb54c8961?q=PID%3A0103611000
BOS01838,401 Border ST,East Boston,MA,02128,1975,,A,SUBSD HOUSING S- 8,Analyze Boston property-assessment FY2026 (rev),2026-10-04T04:36Z,0103613000,https://data.boston.gov/dataset/property-assessment/resource/ee73430d-96c0-423e-ad21-c4cfb54c8961?q=PID%3A0103613000
BOS01839,406 Meridian ST,East Boston,MA,02128,1899,,A,ROOMING HOUSE,Analyze Boston property-assessment FY2026 (rev),2026-10-04T04:36Z,0103615000,https://data.boston.gov/dataset/property-assessment/resource/ee73430d-96c0-423e-ad21-c4cfb54c8961?q=PID%3A0103615000
BOS01840,398 Meridian ST,East Boston,MA,02128,1900,,R3,THREE-FAM DWELLING,Analyze Boston property-assessment FY2026 (rev),2026-10-04T04:36Z,0103618000,https://data.boston.gov/dataset/property-assessment/resource/ee73430d-96c0-423e-ad21-c4cfb54c8961?q=PID%3A0103618000
BOS01841,390 Meridian ST,East Boston,MA,02128,1880,,R3,THREE-FAM DWELLING,Analyze Boston property-assessment FY2026 (rev),2026-10-04T04:36Z,0103621000,https://data.boston.gov/dataset/property-assessment/resource/ee73430d-96c0-423e-ad21-c4cfb54c8961?q=PID%3A0103621000
BOS01842,388 Meridian ST,East Boston,MA,02128,1900,,R3,THREE-FAM DWELLING,Analyze Boston property-assessment FY2026 (rev),2026-10-04T04:36Z,0103622000,https://data.boston.gov/dataset/property-assessment/resource/ee73430d-96c0-423e-ad21-c4cfb54c8961?q=PID%3A0103622000
BOS01843,372 Meridian ST,East Boston,MA,02128,1895,,R3,THREE-FAM DWELLING,Analyze Boston property-assessment FY2026 (rev),2026-10-04T04:36Z,0103623000,https://data.boston.gov/dataset/property-assessment/resource/ee73430d-96c0-423e-ad21-c4cfb54c8961?q=PID%3A0103623000
BOS01844,370 Meridian ST,East Boston,MA,02128,1890,,R3,THREE-FAM DWELLING,Analyze Boston property-assessment FY2026 (rev),2026-10-04T04:36Z,0103624000,https://data.boston.gov/dataset/property-assessment/resource/ee73430d-96c0-423e-ad21-c4cfb54c8961?q=PID%3A0103624000
BOS01845,368 Meridian ST,East Boston,MA,02128,1910,,R3,THREE-FAM DWELLING,Analyze Boston property-assessment FY2026 (rev),2026-10-04T04:36Z,0103625000,https://data.boston.gov/dataset/property-assessment/resource/ee73430d-96c0-423e-ad21-c4cfb54c8961?q=PID%3A0103625000
BOS01846,366 Meridian ST,East Boston,MA,02128,1910,,R3,THREE-FAM DWELLING,Analyze Boston property-assessment FY2026 (rev),2026-10-04T04:36Z,0103626000,https://data.boston.gov/dataset/property-assessment/resource/ee73430d-96c0-423e-ad21-c4cfb54c8961?q=PID%3A0103626000
BOS01847,358 Meridian ST,East Boston,MA,02128,1890,,R3,THREE-FAM DWELLING,Analyze Boston property-assessment FY2026 (rev),2026-10-04T04:36Z,0103630000,https://data.boston.gov/dataset/property-assessment/resource/ee73430d-96c0-423e-ad21-c4cfb54c8961?q=PID%3A0103630000
BOS01848,6 EUTAW ST,East Boston,MA,02128,1880,,R2,TWO-FAM DWELLING,Analyze Boston property-assessment FY2026 (rev),2026-10-04T04:36Z,0103632000,https://data.boston.gov/dataset/property-assessment/resource/ee73430d-96c0-423e-ad21-c4cfb54c8961?q=PID%3A0103632000
BOS01849,345 Border ST,East Boston,MA,02128,1880,,R3,THREE-FAM DWELLING,Analyze Boston property-assessment FY2026 (rev),2026-10-04T04:36Z,0103640000,https://data.boston.gov/dataset/property-assessment/resource/ee73430d-96c0-423e-ad21-c4cfb54c8961?q=PID%3A0103640000
BOS01850,347 Border ST,East Boston,MA,02128,1880,,R3,THREE-FAM DWELLING,Analyze Boston property-assessment FY2026 (rev),2026-10-04T04:36Z,0103641000,https://data.boston.gov/dataset/property-assessment/resource/ee73430d-96c0-423e-ad21-c4cfb54c8961?q=PID%3A0103641000
BOS01851,367 Border ST,East Boston,MA,02128,1880,,R3,THREE-FAM DWELLING,Analyze Boston property-assessment FY2026 (rev),2026-10-04T04:36Z,0103642000,https://data.boston.gov/dataset/property-assessment/resource/ee73430d-96c0-423e-ad21-c4cfb54c8961?q=PID%3A0103642000
BOS01852,369 Border ST,East Boston,MA,02128,1880,,R3,THREE-FAM DWELLING,Analyze Boston property-assessment FY2026 (rev),2026-10-04T04:36Z,0103643000,https://data.boston.gov/dataset/property-assessment/resource/ee73430d-96c0-423e-ad21-c4cfb54c8961?q=PID%3A0103643000
BOS01853,342 Meridian ST,East Boston,MA,02128,1900,,R4,APT 4-6 UNITS,Analyze Boston property-assessment FY2026 (rev),2026-10-04T04:36Z,0103648000,https://data.boston.gov/dataset/property-assessment/resource/ee73430d-96c0-423e-ad21-c4cfb54c8961?q=PID%3A0103648000
BOS01854,336 Meridian ST,East Boston,MA,02128,1900,,R3,THREE-FAM DWELLING,Analyze Boston property-assessment FY2026 (rev),2026-10-04T04:36Z,0103648003,https://data.boston.gov/dataset/property-assessment/resource/ee73430d-96c0-423e-ad21-c4cfb54c8961?q=PID%3A0103648003
BOS01855,334 Meridian ST,East Boston,MA,02128,1900,,R3,THREE-FAM DWELLING,Analyze Boston property-assessment FY2026 (rev),2026-10-04T04:36Z,0103648004,https://data.boston.gov/dataset/property-assessment/resource/ee73430d-96c0-423e-ad21-c4cfb54c8961?q=PID%3A0103648004
BOS01856,314 Meridian ST,East Boston,MA,02128,1900,,R4,APT 4-6 UNITS,Analyze Boston property-assessment FY2026 (rev),2026-10-04T04:36Z,0103654000,https://data.boston.gov/dataset/property-assessment/resource/ee73430d-96c0-423e-ad21-c4cfb54c8961?q=PID%3A0103654000
BOS01857,312 Meridian ST,East Boston,MA,02128,1900,,R2,TWO-FAM DWELLING,Analyze Boston property-assessment FY2026 (rev),2026-10-04T04:36Z,0103655000,https://data.boston.gov/dataset/property-assessment/resource/ee73430d-96c0-423e-ad21-c4cfb54c8961?q=PID%3A0103655000
BOS01858,408 Border ST,East Boston,MA,02128,1975,,A,SUBSD HOUSING S- 8,Analyze Boston property-assessment FY2026 (rev),2026-10-04T04:36Z,0103678000,https://data.boston.gov/dataset/property-assessment/resource/ee73430d-96c0-423e-ad21-c4cfb54c8961?q=PID%3A0103678000
BOS01859,477 Meridian ST,East Boston,MA,02128,1900,,R4,APT 4-6 UNITS,Analyze Boston property-assessment FY2026 (rev),2026-10-04T04:36Z,0103688000,https://data.boston.gov/dataset/property-assessment/resource/ee73430d-96c0-423e-ad21-c4cfb54c8961?q=PID%3A0103688000
BOS01860,475 Meridian ST,East Boston,MA,02128,1900,,R2,TWO-FAM DWELLING,Analyze Boston property-assessment FY2026 (rev),2026-10-04T04:36Z,0103689000,https://data.boston.gov/dataset/property-assessment/resource/ee73430d-96c0-423e-ad21-c4cfb54c8961?q=PID%3A0103689000
BOS01861,471 Meridian ST,East Boston,MA,02128,1930,,R2,TWO-FAM DWELLING,Analyze Boston property-assessment FY2026 (rev),2026-10-04T04:36Z,0103691000,https://data.boston.gov/dataset/property-assessment/resource/ee73430d-96c0-423e-ad21-c4cfb54c8961?q=PID%3A0103691000
BOS01862,469 Meridian ST,East Boston,MA,02128,1910,,R3,THREE-FAM DWELLING,Analyze Boston property-assessment FY2026 (rev),2026-10-04T04:36Z,0103692000,https://data.boston.gov/dataset/property-assessment/resource/ee73430d-96c0-423e-ad21-c4cfb54c8961?q=PID%3A0103692000
BOS01863,30 Condor ST,East Boston,MA,02128,2020,,R4,APT 4-6 UNITS,Analyze Boston property-assessment FY2026 (rev),2026-10-04T04:36Z,0103693000,https://data.boston.gov/dataset/property-assessment/resource/ee73430d-96c0-423e-ad21-c4cfb54c8961?q=PID%3A0103693000
BOS01864,34 Condor ST,East Boston,MA,02128,1900,,R2,TWO-FAM DWELLING,Analyze Boston property-assessment FY2026 (rev),2026-10-04T04:36Z,0103694000,https://data.boston.gov/dataset/property-assessment/resource/ee73430d-96c0-423e-ad21-c4cfb54c8961?q=PID%3A0103694000
BOS01865,38 Condor ST,East Boston,MA,02128,1900,,R2,TWO-FAM DWELLING,Analyze Boston property-assessment FY2026 (rev),2026-10-04T04:36Z,0103695000,https://data.boston.gov/dataset/property-assessment/resource/ee73430d-96c0-423e-ad21-c4cfb54c8961?q=PID%3A0103695000
BOS01866,42 Condor ST,East Boston,MA,02128,1900,,R2,TWO-FAM DWELLING,Analyze Boston property-assessment FY2026 (rev),2026-10-04T04:36Z,0103696000,https://data.boston.gov/dataset/property-assessment/resource/ee73430d-96c0-423e-ad21-c4cfb54c8961?q=PID%3A0103696000
BOS01867,46 Condor ST,East Boston,MA,02128,1920,,R2,TWO-FAM DWELLING,Analyze Boston property-assessment FY2026 (rev),2026-10-04T04:36Z,0103697000,https://data.boston.gov/dataset/property-assessment/resource/ee73430d-96c0-423e-ad21-c4cfb54c8961?q=PID%3A0103697000
BOS01868,137 Chelsea ST,East Boston,MA,02128,1900,,R3,THREE-FAM DWELLING,Analyze Boston property-assessment FY2026 (rev),2026-10-04T04:36Z,0103721000,https://data.boston.gov/dataset/property-assessment/resource/ee73430d-96c0-423e-ad21-c4cfb54c8961?q=PID%3A0103721000
BOS01869,139 Chelsea ST,East Boston,MA,02128,1910,,R3,THREE-FAM DWELLING,Analyze Boston property-assessment FY2026 (rev),2026-10-04T04:36Z,0103722000,https://data.boston.gov/dataset/property-assessment/resource/ee73430d-96c0-423e-ad21-c4cfb54c8961?q=PID%3A0103722000
BOS01870,143 Chelsea ST,East Boston,MA,02128,1910,,R3,THREE-FAM DWELLING,Analyze Boston property-assessment FY2026 (rev),2026-10-04T04:36Z,0103724000,https://data.boston.gov/dataset/property-assessment/resource/ee73430d-96c0-423e-ad21-c4cfb54c8961?q=PID%3A0103724000
BOS01871,145 Chelsea ST,East Boston,MA,02128,1910,,R3,THREE-FAM DWELLING,Analyze Boston property-assessment FY2026 (rev),2026-10-04T04:36Z,0103725000,https://data.boston.gov/dataset/property-assessment/resource/ee73430d-96c0-423e-ad21-c4cfb54c8961?q=PID%3A0103725000
BOS01872,147 Chelsea ST,East Boston,MA,02128,1902,,R3,THREE-FAM DWELLING,Analyze Boston property-assessment FY2026 (rev),2026-10-04T04:36Z,0103726000,https://data.boston.gov/dataset/property-assessment/resource/ee73430d-96c0-423e-ad21-c4cfb54c8961?q=PID%3A0103726000
BOS01873,149 Chelsea ST,East Boston,MA,02128,1902,,R3,THREE-FAM DWELLING,Analyze Boston property-assessment FY2026 (rev),2026-10-04T04:36Z,0103727000,https://data.boston.gov/dataset/property-assessment/resource/ee73430d-96c0-423e-ad21-c4cfb54c8961?q=PID%3A0103727000
BOS01874,151 Chelsea ST,East Boston,MA,02128,1910,,R3,THREE-FAM DWELLING,Analyze Boston property-assessment FY2026 (rev),2026-10-04T04:36Z,0103728000,https://data.boston.gov/dataset/property-assessment/resource/ee73430d-96c0-423e-ad21-c4cfb54c8961?q=PID%3A0103728000
BOS01875,155 Chelsea ST,East Boston,MA,02128,1910,,R3,THREE-FAM DWELLING,Analyze Boston property-assessment FY2026 (rev),2026-10-04T04:36Z,0103730000,https://data.boston.gov/dataset/property-assessment/resource/ee73430d-96c0-423e-ad21-c4cfb54c8961?q=PID%3A0103730000
BOS01876,157 Chelsea ST,East Boston,MA,02128,1910,,R3,THREE-FAM DWELLING,Analyze Boston property-assessment FY2026 (rev),2026-10-04T04:36Z,0103731000,https://data.boston.gov/dataset/property-assessment/resource/ee73430d-96c0-423e-ad21-c4cfb54c8961?q=PID%3A0103731000
BOS01877,159 Chelsea ST,East Boston,MA,02128,1910,,R3,THREE-FAM DWELLING,Analyze Boston property-assessment FY2026 (rev),2026-10-04T04:36Z,0103732000,https://data.boston.gov/dataset/property-assessment/resource/ee73430d-96c0-423e-ad21-c4cfb54c8961?q=PID%3A0103732000
BOS01878,167 Chelsea ST,East Boston,MA,02128,1910,,R3,THREE-FAM DWELLING,Analyze Boston property-assessment FY2026 (rev),2026-10-04T04:36Z,0103736000,https://data.boston.gov/dataset/property-assessment/resource/ee73430d-96c0-423e-ad21-c4cfb54c8961?q=PID%3A0103736000
BOS01879,173 Chelsea ST,East Boston,MA,02128,1910,,R3,THREE-FAM DWELLING,Analyze Boston property-assessment FY2026 (rev),2026-10-04T04:36Z,0103739000,https://data.boston.gov/dataset/property-assessment/resource/ee73430d-96c0-423e-ad21-c4cfb54c8961?q=PID%3A0103739000
BOS01880,175 Chelsea ST,East Boston,MA,02128,1910,,R3,THREE-FAM DWELLING,Analyze Boston property-assessment FY2026 (rev),2026-10-04T04:36Z,0103740000,https://data.boston.gov/dataset/property-assessment/resource/ee73430d-96c0-423e-ad21-c4cfb54c8961?q=PID%3A0103740000
BOS01881,177 Chelsea ST,East Boston,MA,02128,1920,,R3,THREE-FAM DWELLING,Analyze Boston property-assessment FY2026 (rev),2026-10-04T04:36Z,0103741000,https://data.boston.gov/dataset/property-assessment/resource/ee73430d-96c0-423e-ad21-c4cfb54c8961?q=PID%3A0103741000
BOS01882,189 Chelsea ST,East Boston,MA,02128,1910,,R2,TWO-FAM DWELLING,Analyze Boston property-assessment FY2026 (rev),2026-10-04T04:36Z,0103747000,https://data.boston.gov/dataset/property-assessment/resource/ee73430d-96c0-423e-ad21-c4cfb54c8961?q=PID%3A0103747000
BOS01883,191 Chelsea ST,East Boston,MA,02128,1910,,R3,THREE-FAM DWELLING,Analyze Boston property-assessment FY2026 (rev),2026-10-04T04:36Z,0103748000,https://data.boston.gov/dataset/property-assessment/resource/ee73430d-96c0-423e-ad21-c4cfb54c8961?q=PID%3A0103748000
BOS01884,247 Marion ST,East Boston,MA,02128,1910,,R3,THREE-FAM DWELLING,Analyze Boston property-assessment FY2026 (rev),2026-10-04T04:36Z,0103750000,https://data.boston.gov/dataset/property-assessment/resource/ee73430d-96c0-423e-ad21-c4cfb54c8961?q=PID%3A0103750000
BOS01885,249 Marion ST,East Boston,MA,02128,1910,,R3,THREE-FAM DWELLING,Analyze Boston property-assessment FY2026 (rev),2026-10-04T04:36Z,0103751000,https://data.boston.gov/dataset/property-assessment/resource/ee73430d-96c0-423e-ad21-c4cfb54c8961?q=PID%3A0103751000
BOS01886,251 Marion ST,East Boston,MA,02128,1910,,R3,THREE-FAM DWELLING,Analyze Boston property-assessment FY2026 (rev),2026-10-04T04:36Z,0103752000,https://data.boston.gov/dataset/property-assessment/resource/ee73430d-96c0-423e-ad21-c4cfb54c8961?q=PID%3A0103752000
BOS01887,253 Marion ST,East Boston,MA,02128,1910,,R3,THREE-FAM DWELLING,Analyze Boston property-assessment FY2026 (rev),2026-10-04T04:36Z,0103753000,https://data.boston.gov/dataset/property-assessment/resource/ee73430d-96c0-423e-ad21-c4cfb54c8961?q=PID%3A0103753000
BOS01888,255 Marion ST,East Boston,MA,02128,1910,,R3,THREE-FAM DWELLING,Analyze Boston property-assessment FY2026 (rev),2026-10-04T04:36Z,0103754000,https://data.boston.gov/dataset/property-assessment/resource/ee73430d-96c0-423e-ad21-c4cfb54c8961?q=PID%3A0103754000
BOS01889,220 Bremen ST,East Boston,MA,02128,1910,,R3,THREE-FAM DWELLING,Analyze Boston property-assessment FY2026 (rev),2026-10-04T04:36Z,0103756000,https://data.boston.gov/dataset/property-assessment/resource/ee73430d-96c0-423e-ad21-c4cfb54c8961?q=PID%3A0103756000
BOS01890,218 Bremen ST,East Boston,MA,02128,1910,,R3,THREE-FAM DWELLING,Analyze Boston property-assessment FY2026 (rev),2026-10-04T04:36Z,0103757000,https://data.boston.gov/dataset/property-assessment/resource/ee73430d-96c0-423e-ad21-c4cfb54c8961?q=PID%3A0103757000
BOS01891,216 Bremen ST,East Boston,MA,02128,1910,,R3,THREE-FAM DWELLING,Analyze Boston property-assessment FY2026 (rev),2026-10-04T04:36Z,0103758000,https://data.boston.gov/dataset/property-assessment/resource/ee73430d-96c0-423e-ad21-c4cfb54c8961?q=PID%3A0103758000
BOS01892,214 Bremen ST,East Boston,MA,02128,1910,,R3,THREE-FAM DWELLING,Analyze Boston property-assessment FY2026 (rev),2026-10-04T04:36Z,0103759000,https://data.boston.gov/dataset/property-assessment/resource/ee73430d-96c0-423e-ad21-c4cfb54c8961?q=PID%3A0103759000
BOS01893,212 Bremen ST,East Boston,MA,02128,1910,,R3,THREE-FAM DWELLING,Analyze Boston property-assessment FY2026 (rev),2026-10-04T04:36Z,0103760000,https://data.boston.gov/dataset/property-assessment/resource/ee73430d-96c0-423e-ad21-c4cfb54c8961?q=PID%3A0103760000
BOS01894,208 Bremen ST,East Boston,MA,02128,1900,,R3,THREE-FAM DWELLING,Analyze Boston property-assessment FY2026 (rev),2026-10-04T04:36Z,0103762000,https://data.boston.gov/dataset/property-assessment/resource/ee73430d-96c0-423e-ad21-c4cfb54c8961?q=PID%3A0103762000
BOS01895,200 Bremen ST,East Boston,MA,02128,1900,,R3,THREE-FAM DWELLING,Analyze Boston property-assessment FY2026 (rev),2026-10-04T04:36Z,0103765000,https://data.boston.gov/dataset/property-assessment/resource/ee73430d-96c0-423e-ad21-c4cfb54c8961?q=PID%3A0103765000
BOS01896,198 Bremen ST,East Boston,MA,02128,1910,,R3,THREE-FAM DWELLING,Analyze Boston property-assessment FY2026 (rev),2026-10-04T04:36Z,0103766000,https://data.boston.gov/dataset/property-assessment/resource/ee73430d-96c0-423e-ad21-c4cfb54c8961?q=PID%3A0103766000
BOS01897,196 Bremen ST,East Boston,MA,02128,1910,,R3,THREE-FAM DWELLING,Analyze Boston property-assessment FY2026 (rev),2026-10-04T04:36Z,0103767000,https://data.boston.gov/dataset/property-assessment/resource/ee73430d-96c0-423e-ad21-c4cfb54c8961?q=PID%3A0103767000
BOS01898,194 Bremen ST,East Boston,MA,02128,1900,,R3,THREE-FAM DWELLING,Analyze Boston property-assessment FY2026 (rev),2026-10-04T04:36Z,0103768000,https://data.boston.gov/dataset/property-assessment/resource/ee73430d-96c0-423e-ad21-c4cfb54c8961?q=PID%3A0103768000
BOS01899,192 Bremen ST,East Boston,MA,02128,1910,,R3,THREE-FAM DWELLING,Analyze Boston property-assessment FY2026 (rev),2026-10-04T04:36Z,0103769000,https://data.boston.gov/dataset/property-assessment/resource/ee73430d-96c0-423e-ad21-c4cfb54c8961?q=PID%3A0103769000
BOS01900,190 Bremen ST,East Boston,MA,02128,1910,,R3,THREE-FAM DWELLING,Analyze Boston property-assessment FY2026 (rev),2026-10-04T04:36Z,0103770000,https://data.boston.gov/dataset/property-assessment/resource/ee73430d-96c0-423e-ad21-c4cfb54c8961?q=PID%3A0103770000
BOS01901,162 Bremen ST,East Boston,MA,02128,1910,,R2,TWO-FAM DWELLING,Analyze Boston property-assessment FY2026 (rev),2026-10-04T04:36Z,0103784000,https://data.boston.gov/dataset/property-assessment/resource/ee73430d-96c0-423e-ad21-c4cfb54c8961?q=PID%3A0103784000
BOS01902,160 Bremen ST,East Boston,MA,02128,1910,,R2,TWO-FAM DWELLING,Analyze Boston property-assessment FY2026 (rev),2026-10-04T04:36Z,0103785000,https://data.boston.gov/dataset/property-assessment/resource/ee73430d-96c0-423e-ad21-c4cfb54c8961?q=PID%3A0103785000
BOS01903,158 Bremen ST,East Boston,MA,02128,1900,,R3,THREE-FAM DWELLING,Analyze Boston property-assessment FY2026 (rev),2026-10-04T04:36Z,0103786000,https://data.boston.gov/dataset/property-assessment/resource/ee73430d-96c0-423e-ad21-c4cfb54c8961?q=PID%3A0103786000
BOS01904,156 Bremen ST,East Boston,MA,02128,1910,,R2,TWO-FAM DWELLING,Analyze Boston property-assessment FY2026 (rev),2026-10-04T04:36Z,0103787000,https://data.boston.gov/dataset/property-assessment/resource/ee73430d-96c0-423e-ad21-c4cfb54c8961?q=PID%3A0103787000
BOS01905,152 Bremen ST,East Boston,MA,02128,1910,,R3,THREE-FAM DWELLING,Analyze Boston property-assessment FY2026 (rev),2026-10-04T04:36Z,0103789000,https://data.boston.gov/dataset/property-assessment/resource/ee73430d-96c0-423e-ad21-c4cfb54c8961?q=PID%3A0103789000
BOS01906,150 Bremen ST,East Boston,MA,02128,1910,,R3,THREE-FAM DWELLING,Analyze Boston property-assessment FY2026 (rev),2026-10-04T04:36Z,0103790000,https://data.boston.gov/dataset/property-assessment/resource/ee73430d-96c0-423e-ad21-c4cfb54c8961?q=PID%3A0103790000
BOS01907,148 Bremen ST,East Boston,MA,02128,1910,,R3,THREE-FAM DWELLING,Analyze Boston property-assessment FY2026 (rev),2026-10-04T04:36Z,0103791000,https://data.boston.gov/dataset/property-assessment/resource/ee73430d-96c0-423e-ad21-c4cfb54c8961?q=PID%3A0103791000
BOS01908,146 Bremen ST,East Boston,MA,02128,1910,,R3,THREE-FAM DWELLING,Analyze Boston property-assessment FY2026 (rev),2026-10-04T04:36Z,0103792000,https://data.boston.gov/dataset/property-assessment/resource/ee73430d-96c0-423e-ad21-c4cfb54c8961?q=PID%3A0103792000
BOS01909,132 Bremen ST,East Boston,MA,02128,1900,,R3,THREE-FAM DWELLING,Analyze Boston property-assessment FY2026 (rev),2026-10-04T04:36Z,0103798000,https://data.boston.gov/dataset/property-assessment/resource/ee73430d-96c0-423e-ad21-c4cfb54c8961?q=PID%3A0103798000
BOS01910,130 Bremen ST,East Boston,MA,02128,1900,,R4,APT 4-6 UNITS,Analyze Boston property-assessment FY2026 (rev),2026-10-04T04:36Z,0103799000,https://data.boston.gov/dataset/property-assessment/resource/ee73430d-96c0-423e-ad21-c4cfb54c8961?q=PID%3A0103799000
BOS01911,128 Bremen ST,East Boston,MA,02128,1910,,R3,THREE-FAM DWELLING,Analyze Boston property-assessment FY2026 (rev),2026-10-04T04:36Z,0103800000,https://data.boston.gov/dataset/property-assessment/resource/ee73430d-96c0-423e-ad21-c4cfb54c8961?q=PID%3A0103800000
BOS01912,126 Bremen ST,East Boston,MA,02128,1910,,R3,THREE-FAM DWELLING,Analyze Boston property-assessment FY2026 (rev),2026-10-04T04:36Z,0103801000,https://data.boston.gov/dataset/property-assessment/resource/ee73430d-96c0-423e-ad21-c4cfb54c8961?q=PID%3A0103801000
BOS01913,124 Bremen ST,East Boston,MA,02128,1875,,R3,THREE-FAM DWELLING,Analyze Boston property-assessment FY2026 (rev),2026-10-04T04:36Z,0103802000,https://data.boston.gov/dataset/property-assessment/resource/ee73430d-96c0-423e-ad21-c4cfb54c8961?q=PID%3A0103802000
BOS01914,122 Bremen ST,East Boston,MA,02128,1910,,R3,THREE-FAM DWELLING,Analyze Boston property-assessment FY2026 (rev),2026-10-04T04:36Z,0103803000,https://data.boston.gov/dataset/property-assessment/resource/ee73430d-96c0-423e-ad21-c4cfb54c8961?q=PID%3A0103803000
BOS01915,118 Bremen ST,East Boston,MA,02128,1910,,R3,THREE-FAM DWELLING,Analyze Boston property-assessment FY2026 (rev),2026-10-04T04:36Z,0103805000,https://data.boston.gov/dataset/property-assessment/resource/ee73430d-96c0-423e-ad21-c4cfb54c8961?q=PID%3A0103805000
BOS01916,116 Bremen ST,East Boston,MA,02128,1910,,R3,THREE-FAM DWELLING,Analyze Boston property-assessment FY2026 (rev),2026-10-04T04:36Z,0103806000,https://data.boston.gov/dataset/property-assessment/resource/ee73430d-96c0-423e-ad21-c4cfb54c8961?q=PID%3A0103806000
BOS01917,114 Bremen ST,East Boston,MA,02128,1910,,R3,THREE-FAM DWELLING,Analyze Boston property-assessment FY2026 (rev),2026-10-04T04:36Z,0103807000,https://data.boston.gov/dataset/property-assessment/resource/ee73430d-96c0-423e-ad21-c4cfb54c8961?q=PID%3A0103807000
BOS01918,112 Bremen ST,East Boston,MA,02128,1910,,R3,THREE-FAM DWELLING,Analyze Boston property-assessment FY2026 (rev),2026-10-04T04:36Z,0103808000,https://data.boston.gov/dataset/property-assessment/resource/ee73430d-96c0-423e-ad21-c4cfb54c8961?q=PID%3A0103808000
BOS01919,110 Bremen ST,East Boston,MA,02128,1900,,R2,TWO-FAM DWELLING,Analyze Boston property-assessment FY2026 (rev),2026-10-04T04:36Z,0103809000,https://data.boston.gov/dataset/property-assessment/resource/ee73430d-96c0-423e-ad21-c4cfb54c8961?q=PID%3A0103809000
BOS01920,108 Bremen ST,East Boston,MA,02128,1910,,R3,THREE-FAM DWELLING,Analyze Boston property-assessment FY2026 (rev),2026-10-04T04:36Z,0103810000,https://data.boston.gov/dataset/property-assessment/resource/ee73430d-96c0-423e-ad21-c4cfb54c8961?q=PID%3A0103810000
BOS01921,106 Bremen ST,East Boston,MA,02128,1910,,R3,THREE-FAM DWELLING,Analyze Boston property-assessment FY2026 (rev),2026-10-04T04:36Z,0103811000,https://data.boston.gov/dataset/property-assessment/resource/ee73430d-96c0-423e-ad21-c4cfb54c8961?q=PID%3A0103811000
BOS01922,104 Bremen ST,East Boston,MA,02128,1920,,R3,THREE-FAM DWELLING,Analyze Boston property-assessment FY2026 (rev),2026-10-04T04:36Z,0103812000,https://data.boston.gov/dataset/property-assessment/resource/ee73430d-96c0-423e-ad21-c4cfb54c8961?q=PID%3A0103812000
BOS01923,102 Bremen ST,East Boston,MA,02128,1910,,R3,THREE-FAM DWELLING,Analyze Boston property-assessment FY2026 (rev),2026-10-04T04:36Z,0103813000,https://data.boston.gov/dataset/property-assessment/resource/ee73430d-96c0-423e-ad21-c4cfb54c8961?q=PID%3A0103813000
BOS01924,57 Chelsea ST,East Boston,MA,02128,1910,,R3,THREE-FAM DWELLING,Analyze Boston property-assessment FY2026 (rev),2026-10-04T04:36Z,0103819000,https://data.boston.gov/dataset/property-assessment/resource/ee73430d-96c0-423e-ad21-c4cfb54c8961?q=PID%3A0103819000
BOS01925,59 Chelsea ST,East Boston,MA,02128,1910,,R3,THREE-FAM DWELLING,Analyze Boston property-assessment FY2026 (rev),2026-10-04T04:36Z,0103820000,https://data.boston.gov/dataset/property-assessment/resource/ee73430d-96c0-423e-ad21-c4cfb54c8961?q=PID%3A0103820000
BOS01926,61 Chelsea ST,East Boston,MA,02128,1900,,R3,THREE-FAM DWELLING,Analyze Boston property-assessment FY2026 (rev),2026-10-04T04:36Z,0103821000,https://data.boston.gov/dataset/property-assessment/resource/ee73430d-96c0-423e-ad21-c4cfb54c8961?q=PID%3A0103821000
BOS01927,63 Chelsea ST,East Boston,MA,02128,1910,,R3,THREE-FAM DWELLING,Analyze Boston property-assessment FY2026 (rev),2026-10-04T04:36Z,0103822000,https://data.boston.gov/dataset/property-assessment/resource/ee73430d-96c0-423e-ad21-c4cfb54c8961?q=PID%3A0103822000
BOS01928,65 Chelsea ST,East Boston,MA,02128,1875,,A,LUXURY APARTMENT,Analyze Boston property-assessment FY2026 (rev),2026-10-04T04:36Z,0103823000,https://data.boston.gov/dataset/property-assessment/resource/ee73430d-96c0-423e-ad21-c4cfb54c8961?q=PID%3A0103823000
BOS01929,69 Chelsea ST,East Boston,MA,02128,1900,,R3,THREE-FAM DWELLING,Analyze Boston property-assessment FY2026 (rev),2026-10-04T04:36Z,0103825000,https://data.boston.gov/dataset/property-assessment/resource/ee73430d-96c0-423e-ad21-c4cfb54c8961?q=PID%3A0103825000
BOS01930,71 Chelsea ST,East Boston,MA,02128,1910,,R3,THREE-FAM DWELLING,Analyze Boston property-assessment FY2026 (rev),2026-10-04T04:36Z,0103826000,https://data.boston.gov/dataset/property-assessment/resource/ee73430d-96c0-423e-ad21-c4cfb54c8961?q=PID%3A0103826000
BOS01931,75 Chelsea ST,East Boston,MA,02128,1910,,R3,THREE-FAM DWELLING,Analyze Boston property-assessment FY2026 (rev),2026-10-04T04:36Z,0103828000,https://data.boston.gov/dataset/property-assessment/resource/ee73430d-96c0-423e-ad21-c4cfb54c8961?q=PID%3A0103828000
BOS01932,83 Chelsea ST,East Boston,MA,02128,1875,,R3,THREE-FAM DWELLING,Analyze Boston property-assessment FY2026 (rev),2026-10-04T04:36Z,0103832000,https://data.boston.gov/dataset/property-assessment/resource/ee73430d-96c0-423e-ad21-c4cfb54c8961?q=PID%3A0103832000
BOS01933,87 Chelsea ST,East Boston,MA,02128,1910,,R3,THREE-FAM DWELLING,Analyze Boston property-assessment FY2026 (rev),2026-10-04T04:36Z,0103834000,https://data.boston.gov/dataset/property-assessment/resource/ee73430d-96c0-423e-ad21-c4cfb54c8961?q=PID%3A0103834000
BOS01934,89 Chelsea ST,East Boston,MA,02128,1910,,R3,THREE-FAM DWELLING,Analyze Boston property-assessment FY2026 (rev),2026-10-04T04:36Z,0103835000,https://data.boston.gov/dataset/property-assessment/resource/ee73430d-96c0-423e-ad21-c4cfb54c8961?q=PID%3A0103835000
BOS01935,95 Chelsea ST,East Boston,MA,02128,1910,,R3,THREE-FAM DWELLING,Analyze Boston property-assessment FY2026 (rev),2026-10-04T04:36Z,0103838000,https://data.boston.gov/dataset/property-assessment/resource/ee73430d-96c0-423e-ad21-c4cfb54c8961?q=PID%3A0103838000
BOS01936,97 Chelsea ST,East Boston,MA,02128,1910,,R3,THREE-FAM DWELLING,Analyze Boston property-assessment FY2026 (rev),2026-10-04T04:36Z,0103839000,https://data.boston.gov/dataset/property-assessment/resource/ee73430d-96c0-423e-ad21-c4cfb54c8961?q=PID%3A0103839000
BOS01937,101 Chelsea ST,East Boston,MA,02128,1910,,R3,THREE-FAM DWELLING,Analyze Boston property-assessment FY2026 (rev),2026-10-04T04:36Z,0103841000,https://data.boston.gov/dataset/property-assessment/resource/ee73430d-96c0-423e-ad21-c4cfb54c8961?q=PID%3A0103841000
BOS01938,107 Chelsea ST,East Boston,MA,02128,1910,,R3,THREE-FAM DWELLING,Analyze Boston property-assessment FY2026 (rev),2026-10-04T04:36Z,0103844000,https://data.boston.gov/dataset/property-assessment/resource/ee73430d-96c0-423e-ad21-c4cfb54c8961?q=PID%3A0103844000
BOS01939,109 Chelsea ST,East Boston,MA,02128,1910,,R3,THREE-FAM DWELLING,Analyze Boston property-assessment FY2026 (rev),2026-10-04T04:36Z,0103845000,https://data.boston.gov/dataset/property-assessment/resource/ee73430d-96c0-423e-ad21-c4cfb54c8961?q=PID%3A0103845000
BOS01940,59 GOVE ST,East Boston,MA,02128,2023,,R4,APT 4-6 UNITS,Analyze Boston property-assessment FY2026 (rev),2026-10-04T04:36Z,0103848000,https://data.boston.gov/dataset/property-assessment/resource/ee73430d-96c0-423e-ad21-c4cfb54c8961?q=PID%3A0103848000
BOS01941,61 GOVE ST,East Boston,MA,02128,1910,,R3,THREE-FAM DWELLING,Analyze Boston property-assessment FY2026 (rev),2026-10-04T04:36Z,0103849000,https://data.boston.gov/dataset/property-assessment/resource/ee73430d-96c0-423e-ad21-c4cfb54c8961?q=PID%3A0103849000
BOS01942,63 GOVE ST,East Boston,MA,02128,1910,,R3,THREE-FAM DWELLING,Analyze Boston property-assessment FY2026 (rev),2026-10-04T04:36Z,0103850000,https://data.boston.gov/dataset/property-assessment/resource/ee73430d-96c0-423e-ad21-c4cfb54c8961?q=PID%3A0103850000
BOS01943,65 GOVE ST,East Boston,MA,02128,2022,,R2,TWO-FAM DWELLING,Analyze Boston property-assessment FY2026 (rev),2026-10-04T04:36Z,0103851000,https://data.boston.gov/dataset/property-assessment/resource/ee73430d-96c0-423e-ad21-c4cfb54c8961?q=PID%3A0103851000
BOS01944,90 Bremen ST,East Boston,MA,02128,2010,,R3,THREE-FAM DWELLING,Analyze Boston property-assessment FY2026 (rev),2026-10-04T04:36Z,0103852010,https://data.boston.gov/dataset/property-assessment/resource/ee73430d-96c0-423e-ad21-c4cfb54c8961?q=PID%3A0103852010
BOS01945,88 Bremen ST,East Boston,MA,02128,2010,,R3,THREE-FAM DWELLING,Analyze Boston property-assessment FY2026 (rev),2026-10-04T04:36Z,0103852020,https://data.boston.gov/dataset/property-assessment/resource/ee73430d-96c0-423e-ad21-c4cfb54c8961?q=PID%3A0103852020
BOS01946,86 Bremen ST,East Boston,MA,02128,1910,,R3,THREE-FAM DWELLING,Analyze Boston property-assessment FY2026 (rev),2026-10-04T04:36Z,0103852030,https://data.boston.gov/dataset/property-assessment/resource/ee73430d-96c0-423e-ad21-c4cfb54c8961?q=PID%3A0103852030
BOS01947,84 Bremen ST,East Boston,MA,02128,1910,,R3,THREE-FAM DWELLING,Analyze Boston property-assessment FY2026 (rev),2026-10-04T04:36Z,0103856000,https://data.boston.gov/dataset/property-assessment/resource/ee73430d-96c0-423e-ad21-c4cfb54c8961?q=PID%3A0103856000
BOS01948,82 Bremen ST,East Boston,MA,02128,1910,,R2,TWO-FAM DWELLING,Analyze Boston property-assessment FY2026 (rev),2026-10-04T04:36Z,0103857000,https://data.boston.gov/dataset/property-assessment/resource/ee73430d-96c0-423e-ad21-c4cfb54c8961?q=PID%3A0103857000
BOS01949,66 Bremen ST,East Boston,MA,02128,1910,,R3,THREE-FAM DWELLING,Analyze Boston property-assessment FY2026 (rev),2026-10-04T04:36Z,0103861000,https://data.boston.gov/dataset/property-assessment/resource/ee73430d-96c0-423e-ad21-c4cfb54c8961?q=PID%3A0103861000
BOS01950,64 Bremen ST,East Boston,MA,02128,1910,,R3,THREE-FAM DWELLING,Analyze Boston property-assessment FY2026 (rev),2026-10-04T04:36Z,0103862000,https://data.boston.gov/dataset/property-assessment/resource/ee73430d-96c0-423e-ad21-c4cfb54c8961?q=PID%3A0103862000
BOS01951,62 Bremen ST,East Boston,MA,02128,1910,,R3,THREE-FAM DWELLING,Analyze Boston property-assessment FY2026 (rev),2026-10-04T04:36Z,0103863000,https://data.boston.gov/dataset/property-assessment/resource/ee73430d-96c0-423e-ad21-c4cfb54c8961?q=PID%3A0103863000
BOS01952,15 Chelsea ST,East Boston,MA,02128,1900,,R3,THREE-FAM DWELLING,Analyze Boston property-assessment FY2026 (rev),2026-10-04T04:36Z,0103876000,https://data.boston.gov/dataset/property-assessment/resource/ee73430d-96c0-423e-ad21-c4cfb54c8961?q=PID%3A0103876000
BOS01953,23 Chelsea ST,East Boston,MA,02128,1910,,R3,THREE-FAM DWELLING,Analyze Boston property-assessment FY2026 (rev),2026-10-04T04:36Z,0103879000,https://data.boston.gov/dataset/property-assessment/resource/ee73430d-96c0-423e-ad21-c4cfb54c8961?q=PID%3A0103879000
BOS01954,25 Chelsea ST,East Boston,MA,02128,1899,,R4,APT 4-6 UNITS,Analyze Boston property-assessment FY2026 (rev),2026-10-04T04:36Z,0103880000,https://data.boston.gov/dataset/property-assessment/resource/ee73430d-96c0-423e-ad21-c4cfb54c8961?q=PID%3A0103880000
BOS01955,27 Chelsea ST,East Boston,MA,02128,1910,,R3,THREE-FAM DWELLING,Analyze Boston property-assessment FY2026 (rev),2026-10-04T04:36Z,0103881000,https://data.boston.gov/dataset/property-assessment/resource/ee73430d-96c0-423e-ad21-c4cfb54c8961?q=PID%3A0103881000
BOS01956,29 Chelsea ST,East Boston,MA,02128,1920,,R4,APT 4-6 UNITS,Analyze Boston property-assessment FY2026 (rev),2026-10-04T04:36Z,0103882000,https://data.boston.gov/dataset/property-assessment/resource/ee73430d-96c0-423e-ad21-c4cfb54c8961?q=PID%3A0103882000
BOS01957,31 Chelsea ST,East Boston,MA,02128,1899,,R4,APT 4-6 UNITS,Analyze Boston property-assessment FY2026 (rev),2026-10-04T04:36Z,0103883000,https://data.boston.gov/dataset/property-assessment/resource/ee73430d-96c0-423e-ad21-c4cfb54c8961?q=PID%3A0103883000
BOS01958,33 Chelsea ST,East Boston,MA,02128,1899,,R4,APT 4-6 UNITS,Analyze Boston property-assessment FY2026 (rev),2026-10-04T04:36Z,0103884000,https://data.boston.gov/dataset/property-assessment/resource/ee73430d-96c0-423e-ad21-c4cfb54c8961?q=PID%3A0103884000
BOS01959,37 Chelsea ST,East Boston,MA,02128,2013,,R4,APT 4-6 UNITS,Analyze Boston property-assessment FY2026 (rev),2026-10-04T04:36Z,0103886000,https://data.boston.gov/dataset/property-assessment/resource/ee73430d-96c0-423e-ad21-c4cfb54c8961?q=PID%3A0103886000
BOS01960,39 Chelsea ST,East Boston,MA,02128,2013,,R4,APT 4-6 UNITS,Analyze Boston property-assessment FY2026 (rev),2026-10-04T04:36Z,0103887000,https://data.boston.gov/dataset/property-assessment/resource/ee73430d-96c0-423e-ad21-c4cfb54c8961?q=PID%3A0103887000
BOS01961,41 Chelsea ST,East Boston,MA,02128,2013,,R4,APT 4-6 UNITS,Analyze Boston property-assessment FY2026 (rev),2026-10-04T04:36Z,0103888000,https://data.boston.gov/dataset/property-assessment/resource/ee73430d-96c0-423e-ad21-c4cfb54c8961?q=PID%3A0103888000
BOS01962,43 Chelsea ST,East Boston,MA,02128,2013,,R4,APT 4-6 UNITS,Analyze Boston property-assessment FY2026 (rev),2026-10-04T04:36Z,0103889000,https://data.boston.gov/dataset/property-assessment/resource/ee73430d-96c0-423e-ad21-c4cfb54c8961?q=PID%3A0103889000
BOS01963,45 Chelsea ST,East Boston,MA,02128,2013,,R4,APT 4-6 UNITS,Analyze Boston property-assessment FY2026 (rev),2026-10-04T04:36Z,0103890000,https://data.boston.gov/dataset/property-assessment/resource/ee73430d-96c0-423e-ad21-c4cfb54c8961?q=PID%3A0103890000
BOS01964,47 Chelsea ST,East Boston,MA,02128,2013,,R4,APT 4-6 UNITS,Analyze Boston property-assessment FY2026 (rev),2026-10-04T04:36Z,0103891000,https://data.boston.gov/dataset/property-assessment/resource/ee73430d-96c0-423e-ad21-c4cfb54c8961?q=PID%3A0103891000
BOS01965,108 Orleans ST,East Boston,MA,02128,1899,,A,APT 7-30 UNITS,Analyze Boston property-assessment FY2026 (rev),2026-10-04T04:36Z,0103909000,https://data.boston.gov/dataset/property-assessment/resource/ee73430d-96c0-423e-ad21-c4cfb54c8961?q=PID%3A0103909000
BOS01966,106 Orleans ST,East Boston,MA,02128,1900,,R3,THREE-FAM DWELLING,Analyze Boston property-assessment FY2026 (rev),2026-10-04T04:36Z,0103910000,https://data.boston.gov/dataset/property-assessment/resource/ee73430d-96c0-423e-ad21-c4cfb54c8961?q=PID%3A0103910000
BOS01967,104 Orleans ST,East Boston,MA,02128,1900,,R2,TWO-FAM DWELLING,Analyze Boston property-assessment FY2026 (rev),2026-10-04T04:36Z,0103911000,https://data.boston.gov/dataset/property-assessment/resource/ee73430d-96c0-423e-ad21-c4cfb54c8961?q=PID%3A0103911000
BOS01968,102 Orleans ST,East Boston,MA,02128,1900,,R3,THREE-FAM DWELLING,Analyze Boston property-assessment FY2026 (rev),2026-10-04T04:36Z,0103912000,https://data.boston.gov/dataset/property-assessment/resource/ee73430d-96c0-423e-ad21-c4cfb54c8961?q=PID%3A0103912000
BOS01969,178 Maverick ST,East Boston,MA,02128,1910,,R3,THREE-FAM DWELLING,Analyze Boston property-assessment FY2026 (rev),2026-10-04T04:36Z,0103914000,https://data.boston.gov/dataset/property-assessment/resource/ee73430d-96c0-423e-ad21-c4cfb54c8961?q=PID%3A0103914000
BOS01970,174 Maverick ST,East Boston,MA,02128,1910,,R3,THREE-FAM DWELLING,Analyze Boston property-assessment FY2026 (rev),2026-10-04T04:36Z,0103915000,https://data.boston.gov/dataset/property-assessment/resource/ee73430d-96c0-423e-ad21-c4cfb54c8961?q=PID%3A0103915000
BOS01971,170 Maverick ST,East Boston,MA,02128,2011,,A,SUBSD HOUSING S- 8,Analyze Boston property-assessment FY2026 (rev),2026-10-04T04:36Z,0103916000,https://data.boston.gov/dataset/property-assessment/resource/ee73430d-96c0-423e-ad21-c4cfb54c8961?q=PID%3A0103916000
BOS01972,80 Frankfort ST,East Boston,MA,02128,1911,,R4,APT 4-6 UNITS,Analyze Boston property-assessment FY2026 (rev),2026-10-04T04:36Z,0103934000,https://data.boston.gov/dataset/property-assessment/resource/ee73430d-96c0-423e-ad21-c4cfb54c8961?q=PID%3A0103934000
BOS01973,78 Frankfort ST,East Boston,MA,02128,1905,,R3,THREE-FAM DWELLING,Analyze Boston property-assessment FY2026 (rev),2026-10-04T04:36Z,0103935000,https://data.boston.gov/dataset/property-assessment/resource/ee73430d-96c0-423e-ad21-c4cfb54c8961?q=PID%3A0103935000
BOS01974,76 Frankfort ST,East Boston,MA,02128,1905,,R3,THREE-FAM DWELLING,Analyze Boston property-assessment FY2026 (rev),2026-10-04T04:36Z,0103936000,https://data.boston.gov/dataset/property-assessment/resource/ee73430d-96c0-423e-ad21-c4cfb54c8961?q=PID%3A0103936000
BOS01975,74 Frankfort ST,East Boston,MA,02128,1909,,R4,APT 4-6 UNITS,Analyze Boston property-assessment FY2026 (rev),2026-10-04T04:36Z,0103937000,https://data.boston.gov/dataset/property-assessment/resource/ee73430d-96c0-423e-ad21-c4cfb54c8961?q=PID%3A0103937000
BOS01976,72 Frankfort ST,East Boston,MA,02128,1909,,R4,APT 4-6 UNITS,Analyze Boston property-assessment FY2026 (rev),2026-10-04T04:36Z,0103938000,https://data.boston.gov/dataset/property-assessment/resource/ee73430d-96c0-423e-ad21-c4cfb54c8961?q=PID%3A0103938000
BOS01977,70 Frankfort ST,East Boston,MA,02128,1905,,R4,APT 4-6 UNITS,Analyze Boston property-assessment FY2026 (rev),2026-10-04T04:36Z,0103939000,https://data.boston.gov/dataset/property-assessment/resource/ee73430d-96c0-423e-ad21-c4cfb54c8961?q=PID%3A0103939000
BOS01978,68 Frankfort ST,East Boston,MA,02128,1905,,R4,APT 4-6 UNITS,Analyze Boston property-assessment FY2026 (rev),2026-10-04T04:36Z,0103940000,https://data.boston.gov/dataset/property-assessment/resource/ee73430d-96c0-423e-ad21-c4cfb54c8961?q=PID%3A0103940000
BOS01979,66 Frankfort ST,East Boston,MA,02128,1905,,R4,APT 4-6 UNITS,Analyze Boston property-assessment FY2026 (rev),2026-10-04T04:36Z,0103941000,https://data.boston.gov/dataset/property-assessment/resource/ee73430d-96c0-423e-ad21-c4cfb54c8961?q=PID%3A0103941000
BOS01980,62 Frankfort ST,East Boston,MA,02128,1905,,R4,APT 4-6 UNITS,Analyze Boston property-assessment FY2026 (rev),2026-10-04T04:36Z,0103943000,https://data.boston.gov/dataset/property-assessment/resource/ee73430d-96c0-423e-ad21-c4cfb54c8961?q=PID%3A0103943000
BOS01981,60 Frankfort ST,East Boston,MA,02128,1905,,R3,THREE-FAM DWELLING,Analyze Boston property-assessment FY2026 (rev),2026-10-04T04:36Z,0103944000,https://data.boston.gov/dataset/property-assessment/resource/ee73430d-96c0-423e-ad21-c4cfb54c8961?q=PID%3A0103944000
BOS01982,58 Frankfort ST,East Boston,MA,02128,1905,,R4,APT 4-6 UNITS,Analyze Boston property-assessment FY2026 (rev),2026-10-04T04:36Z,0103945000,https://data.boston.gov/dataset/property-assessment/resource/ee73430d-96c0-423e-ad21-c4cfb54c8961?q=PID%3A0103945000
BOS01983,56 Frankfort ST,East Boston,MA,02128,1910,,R3,THREE-FAM DWELLING,Analyze Boston property-assessment FY2026 (rev),2026-10-04T04:36Z,0103946000,https://data.boston.gov/dataset/property-assessment/resource/ee73430d-96c0-423e-ad21-c4cfb54c8961?q=PID%3A0103946000
BOS01984,200 Maverick ST,East Boston,MA,02128,1900,,R4,APT 4-6 UNITS,Analyze Boston property-assessment FY2026 (rev),2026-10-04T04:36Z,0103948000,https://data.boston.gov/dataset/property-assessment/resource/ee73430d-96c0-423e-ad21-c4cfb54c8961?q=PID%3A0103948000
BOS01985,198 Maverick ST,East Boston,MA,02128,1900,,R4,APT 4-6 UNITS,Analyze Boston property-assessment FY2026 (rev),2026-10-04T04:36Z,0103948005,https://data.boston.gov/dataset/property-assessment/resource/ee73430d-96c0-423e-ad21-c4cfb54c8961?q=PID%3A0103948005
BOS01986,196 Maverick ST,East Boston,MA,02128,1900,,R3,THREE-FAM DWELLING,Analyze Boston property-assessment FY2026 (rev),2026-10-04T04:36Z,0103949000,https://data.boston.gov/dataset/property-assessment/resource/ee73430d-96c0-423e-ad21-c4cfb54c8961?q=PID%3A0103949000
BOS01987,194 Maverick ST,East Boston,MA,02128,1900,,R3,MULTIPLE BLDGS/1 LOT,Analyze Boston property-assessment FY2026 (rev),2026-10-04T04:36Z,0103950000,https://data.boston.gov/dataset/property-assessment/resource/ee73430d-96c0-423e-ad21-c4cfb54c8961?q=PID%3A0103950000
BOS01988,190 Maverick ST,East Boston,MA,02128,1900,,R3,THREE-FAM DWELLING,Analyze Boston property-assessment FY2026 (rev),2026-10-04T04:36Z,0103952000,https://data.boston.gov/dataset/property-assessment/resource/ee73430d-96c0-423e-ad21-c4cfb54c8961?q=PID%3A0103952000
BOS01989,188 Maverick ST,East Boston,MA,02128,1920,,R3,THREE-FAM DWELLING,Analyze Boston property-assessment FY2026 (rev),2026-10-04T04:36Z,0103953000,https://data.boston.gov/dataset/property-assessment/resource/ee73430d-96c0-423e-ad21-c4cfb54c8961?q=PID%3A0103953000
BOS01990,186 Maverick ST,East Boston,MA,02128,1930,,R3,THREE-FAM DWELLING,Analyze Boston property-assessment FY2026 (rev),2026-10-04T04:36Z,0103953001,https://data.boston.gov/dataset/property-assessment/resource/ee73430d-96c0-423e-ad21-c4cfb54c8961?q=PID%3A0103953001
BOS01991,101 Orleans ST,East Boston,MA,02128,1900,,R3,THREE-FAM DWELLING,Analyze Boston property-assessment FY2026 (rev),2026-10-04T04:36Z,0103954000,https://data.boston.gov/dataset/property-assessment/resource/ee73430d-96c0-423e-ad21-c4cfb54c8961?q=PID%3A0103954000
BOS01992,103 Orleans ST,East Boston,MA,02128,1900,,A,SUBSD HOUSING S- 8,Analyze Boston property-assessment FY2026 (rev),2026-10-04T04:36Z,0103955000,https://data.boston.gov/dataset/property-assessment/resource/ee73430d-96c0-423e-ad21-c4cfb54c8961?q=PID%3A0103955000
BOS01993,105 Orleans ST,East Boston,MA,02128,1920,,R4,APT 4-6 UNITS,Analyze Boston property-assessment FY2026 (rev),2026-10-04T04:36Z,0103957000,https://data.boston.gov/dataset/property-assessment/resource/ee73430d-96c0-423e-ad21-c4cfb54c8961?q=PID%3A0103957000
