address_id,street_address,postal_city,state,zip,year_built,units,use_code,use_description,source_dataset,retrieved_at,record_id,record_url
CAM00001,22 Water St,Cambridge,MA,,2014,392,112,>8-UNIT-APT,Cambridge Property Database FY2026 (waa7-ibdu),2026-10-04T04:37Z,15,https://data.cambridgema.gov/d/waa7-ibdu?pid=15
CAM00002,106-108 Second St,Cambridge,MA,,2006,32,112,>8-UNIT-APT,Cambridge Property Database FY2026 (waa7-ibdu),2026-10-04T04:37Z,210,https://data.cambridgema.gov/d/waa7-ibdu?pid=210
CAM00003,22 Hurley St,Cambridge,MA,,2021,18,112,>8-UNIT-APT,Cambridge Property Database FY2026 (waa7-ibdu),2026-10-04T04:37Z,211,https://data.cambridgema.gov/d/waa7-ibdu?pid=211
CAM00004,350 Third St,Cambridge,MA,,,0,199,CONDO-BLDG,Cambridge Property Database FY2026 (waa7-ibdu),2026-10-04T04:37Z,635,https://data.cambridgema.gov/d/waa7-ibdu?pid=635
CAM00005,153-159 First St,Cambridge,MA,,2014,115,13,MULTIUSE-RES,Cambridge Property Database FY2026 (waa7-ibdu),2026-10-04T04:37Z,646,https://data.cambridgema.gov/d/waa7-ibdu?pid=646
CAM00006,50 Rogers St,Cambridge,MA,,2019,136,112,>8-UNIT-APT,Cambridge Property Database FY2026 (waa7-ibdu),2026-10-04T04:37Z,649,https://data.cambridgema.gov/d/waa7-ibdu?pid=649
CAM00007,232-238 Hurley St,Cambridge,MA,,,0,199,CONDO-BLDG,Cambridge Property Database FY2026 (waa7-ibdu),2026-10-04T04:37Z,656,https://data.cambridgema.gov/d/waa7-ibdu?pid=656
CAM00008,226 Hurley St,Cambridge,MA,,,0,199,CONDO-BLDG,Cambridge Property Database FY2026 (waa7-ibdu),2026-10-04T04:37Z,667,https://data.cambridgema.gov/d/waa7-ibdu?pid=667
CAM00009,208-218 Hurley St,Cambridge,MA,,,0,199,CONDO-BLDG,Cambridge Property Database FY2026 (waa7-ibdu),2026-10-04T04:37Z,669,https://data.cambridgema.gov/d/waa7-ibdu?pid=669
CAM00010,206 Hurley St,Cambridge,MA,,,0,199,CONDO-BLDG,Cambridge Property Database FY2026 (waa7-ibdu),2026-10-04T04:37Z,676,https://data.cambridgema.gov/d/waa7-ibdu?pid=676
CAM00011,200 Hurley St,Cambridge,MA,,1873,2,104,TWO-FAM-RES,Cambridge Property Database FY2026 (waa7-ibdu),2026-10-04T04:37Z,680,https://data.cambridgema.gov/d/waa7-ibdu?pid=680
CAM00012,177 Third St,Cambridge,MA,,1886,3,105,THREE-FM-RES,Cambridge Property Database FY2026 (waa7-ibdu),2026-10-04T04:37Z,682,https://data.cambridgema.gov/d/waa7-ibdu?pid=682
CAM00013,181 Third St,Cambridge,MA,,1894,3,104,TWO-FAM-RES,Cambridge Property Database FY2026 (waa7-ibdu),2026-10-04T04:37Z,683,https://data.cambridgema.gov/d/waa7-ibdu?pid=683
CAM00014,189 Third St,Cambridge,MA,,1900,6,111,4-8-UNIT-APT,Cambridge Property Database FY2026 (waa7-ibdu),2026-10-04T04:37Z,684,https://data.cambridgema.gov/d/waa7-ibdu?pid=684
CAM00015,193 Third St,Cambridge,MA,,1854,2,104,TWO-FAM-RES,Cambridge Property Database FY2026 (waa7-ibdu),2026-10-04T04:37Z,685,https://data.cambridgema.gov/d/waa7-ibdu?pid=685
CAM00016,195 Third St,Cambridge,MA,,1873,2,104,TWO-FAM-RES,Cambridge Property Database FY2026 (waa7-ibdu),2026-10-04T04:37Z,686,https://data.cambridgema.gov/d/waa7-ibdu?pid=686
CAM00017,117 Charles St,Cambridge,MA,,,0,199,CONDO-BLDG,Cambridge Property Database FY2026 (waa7-ibdu),2026-10-04T04:37Z,687,https://data.cambridgema.gov/d/waa7-ibdu?pid=687
CAM00018,121 Charles St,Cambridge,MA,,1873,3,13,MULTIUSE-RES,Cambridge Property Database FY2026 (waa7-ibdu),2026-10-04T04:37Z,688,https://data.cambridgema.gov/d/waa7-ibdu?pid=688
CAM00019,135 Charles St,Cambridge,MA,,1854,2,104,TWO-FAM-RES,Cambridge Property Database FY2026 (waa7-ibdu),2026-10-04T04:37Z,689,https://data.cambridgema.gov/d/waa7-ibdu?pid=689
CAM00020,139 Charles St,Cambridge,MA,,,0,199,CONDO-BLDG,Cambridge Property Database FY2026 (waa7-ibdu),2026-10-04T04:37Z,690,https://data.cambridgema.gov/d/waa7-ibdu?pid=690
CAM00021,190 Third St,Cambridge,MA,,1873,3,105,THREE-FM-RES,Cambridge Property Database FY2026 (waa7-ibdu),2026-10-04T04:37Z,694,https://data.cambridgema.gov/d/waa7-ibdu?pid=694
CAM00022,176 Third St,Cambridge,MA,,1873,2,104,TWO-FAM-RES,Cambridge Property Database FY2026 (waa7-ibdu),2026-10-04T04:37Z,695,https://data.cambridgema.gov/d/waa7-ibdu?pid=695
CAM00023,105 Second St,Cambridge,MA,,1894,3,105,THREE-FM-RES,Cambridge Property Database FY2026 (waa7-ibdu),2026-10-04T04:37Z,697,https://data.cambridgema.gov/d/waa7-ibdu?pid=697
CAM00024,66 Hurley St,Cambridge,MA,,,0,199,CONDO-BLDG,Cambridge Property Database FY2026 (waa7-ibdu),2026-10-04T04:37Z,703,https://data.cambridgema.gov/d/waa7-ibdu?pid=703
CAM00025,62-64 Hurley St,Cambridge,MA,,,0,199,CONDO-BLDG,Cambridge Property Database FY2026 (waa7-ibdu),2026-10-04T04:37Z,704,https://data.cambridgema.gov/d/waa7-ibdu?pid=704
CAM00026,107-113 Second St,Cambridge,MA,,1910,5,111,4-8-UNIT-APT,Cambridge Property Database FY2026 (waa7-ibdu),2026-10-04T04:37Z,706,https://data.cambridgema.gov/d/waa7-ibdu?pid=706
CAM00027,121 Second St,Cambridge,MA,,,0,199,CONDO-BLDG,Cambridge Property Database FY2026 (waa7-ibdu),2026-10-04T04:37Z,707,https://data.cambridgema.gov/d/waa7-ibdu?pid=707
CAM00028,123-129 Second St,Cambridge,MA,,1910,4,111,4-8-UNIT-APT,Cambridge Property Database FY2026 (waa7-ibdu),2026-10-04T04:37Z,712,https://data.cambridgema.gov/d/waa7-ibdu?pid=712
CAM00029,131-137 Second St,Cambridge,MA,,,0,199,CONDO-BLDG,Cambridge Property Database FY2026 (waa7-ibdu),2026-10-04T04:37Z,713,https://data.cambridgema.gov/d/waa7-ibdu?pid=713
CAM00030,202 Third St,Cambridge,MA,,1898,2,13,MULTIUSE-RES,Cambridge Property Database FY2026 (waa7-ibdu),2026-10-04T04:37Z,715,https://data.cambridgema.gov/d/waa7-ibdu?pid=715
CAM00031,184 Third St,Cambridge,MA,,,0,199,CONDO-BLDG,Cambridge Property Database FY2026 (waa7-ibdu),2026-10-04T04:37Z,723,https://data.cambridgema.gov/d/waa7-ibdu?pid=723
CAM00032,180 Third St,Cambridge,MA,,,0,199,CONDO-BLDG,Cambridge Property Database FY2026 (waa7-ibdu),2026-10-04T04:37Z,726,https://data.cambridgema.gov/d/waa7-ibdu?pid=726
CAM00033,192 Third St,Cambridge,MA,,1883,2,104,TWO-FAM-RES,Cambridge Property Database FY2026 (waa7-ibdu),2026-10-04T04:37Z,729,https://data.cambridgema.gov/d/waa7-ibdu?pid=729
CAM00034,44 Second St,Cambridge,MA,,1850,2,104,TWO-FAM-RES,Cambridge Property Database FY2026 (waa7-ibdu),2026-10-04T04:37Z,731,https://data.cambridgema.gov/d/waa7-ibdu?pid=731
CAM00035,36 Second St,Cambridge,MA,,1902,2,104,TWO-FAM-RES,Cambridge Property Database FY2026 (waa7-ibdu),2026-10-04T04:37Z,735,https://data.cambridgema.gov/d/waa7-ibdu?pid=735
CAM00036,32 Second St,Cambridge,MA,,,0,199,CONDO-BLDG,Cambridge Property Database FY2026 (waa7-ibdu),2026-10-04T04:37Z,736,https://data.cambridgema.gov/d/waa7-ibdu?pid=736
CAM00037,30 Second St,Cambridge,MA,,,0,199,CONDO-BLDG,Cambridge Property Database FY2026 (waa7-ibdu),2026-10-04T04:37Z,737,https://data.cambridgema.gov/d/waa7-ibdu?pid=737
CAM00038,1 First St,Cambridge,MA,,,0,199,CONDO-BLDG,Cambridge Property Database FY2026 (waa7-ibdu),2026-10-04T04:37Z,739,https://data.cambridgema.gov/d/waa7-ibdu?pid=739
CAM00039,31 Otis St,Cambridge,MA,,1902,3,105,THREE-FM-RES,Cambridge Property Database FY2026 (waa7-ibdu),2026-10-04T04:37Z,740,https://data.cambridgema.gov/d/waa7-ibdu?pid=740
CAM00040,34 Second St,Cambridge,MA,,1839,2,104,TWO-FAM-RES,Cambridge Property Database FY2026 (waa7-ibdu),2026-10-04T04:37Z,741,https://data.cambridgema.gov/d/waa7-ibdu?pid=741
CAM00041,16 Lopez Ave,Cambridge,MA,,1902,3,105,THREE-FM-RES,Cambridge Property Database FY2026 (waa7-ibdu),2026-10-04T04:37Z,758,https://data.cambridgema.gov/d/waa7-ibdu?pid=758
CAM00042,14 Lopez Ave,Cambridge,MA,,1902,6,111,4-8-UNIT-APT,Cambridge Property Database FY2026 (waa7-ibdu),2026-10-04T04:37Z,759,https://data.cambridgema.gov/d/waa7-ibdu?pid=759
CAM00043,87 Second St,Cambridge,MA,,1900,5,13,MULTIUSE-RES,Cambridge Property Database FY2026 (waa7-ibdu),2026-10-04T04:37Z,760,https://data.cambridgema.gov/d/waa7-ibdu?pid=760
CAM00044,152 Third St,Cambridge,MA,,1886,2,104,TWO-FAM-RES,Cambridge Property Database FY2026 (waa7-ibdu),2026-10-04T04:37Z,764,https://data.cambridgema.gov/d/waa7-ibdu?pid=764
CAM00045,158 Third St,Cambridge,MA,,,0,199,CONDO-BLDG,Cambridge Property Database FY2026 (waa7-ibdu),2026-10-04T04:37Z,765,https://data.cambridgema.gov/d/waa7-ibdu?pid=765
CAM00046,50 Spring St,Cambridge,MA,,1837,2,104,TWO-FAM-RES,Cambridge Property Database FY2026 (waa7-ibdu),2026-10-04T04:37Z,766,https://data.cambridgema.gov/d/waa7-ibdu?pid=766
CAM00047,9 Lopez Ave,Cambridge,MA,,1902,2,104,TWO-FAM-RES,Cambridge Property Database FY2026 (waa7-ibdu),2026-10-04T04:37Z,767,https://data.cambridgema.gov/d/waa7-ibdu?pid=767
CAM00048,63 Hurley St,Cambridge,MA,,1886,6,111,4-8-UNIT-APT,Cambridge Property Database FY2026 (waa7-ibdu),2026-10-04T04:37Z,769,https://data.cambridgema.gov/d/waa7-ibdu?pid=769
CAM00049,22 Lopez Ave,Cambridge,MA,,,0,199,CONDO-BLDG,Cambridge Property Database FY2026 (waa7-ibdu),2026-10-04T04:37Z,770,https://data.cambridgema.gov/d/waa7-ibdu?pid=770
CAM00050,134 Third St,Cambridge,MA,,,0,199,CONDO-BLDG,Cambridge Property Database FY2026 (waa7-ibdu),2026-10-04T04:37Z,771,https://data.cambridgema.gov/d/waa7-ibdu?pid=771
CAM00051,93 Second St,Cambridge,MA,,1903,3,105,THREE-FM-RES,Cambridge Property Database FY2026 (waa7-ibdu),2026-10-04T04:37Z,775,https://data.cambridgema.gov/d/waa7-ibdu?pid=775
CAM00052,97 Second St,Cambridge,MA,,,0,199,CONDO-BLDG,Cambridge Property Database FY2026 (waa7-ibdu),2026-10-04T04:37Z,776,https://data.cambridgema.gov/d/waa7-ibdu?pid=776
CAM00053,57 Hurley St,Cambridge,MA,,,0,199,CONDO-BLDG,Cambridge Property Database FY2026 (waa7-ibdu),2026-10-04T04:37Z,777,https://data.cambridgema.gov/d/waa7-ibdu?pid=777
CAM00054,40 Spring St,Cambridge,MA,,,0,199,CONDO-BLDG,Cambridge Property Database FY2026 (waa7-ibdu),2026-10-04T04:37Z,778,https://data.cambridgema.gov/d/waa7-ibdu?pid=778
CAM00055,46 Spring St,Cambridge,MA,,,0,199,CONDO-BLDG,Cambridge Property Database FY2026 (waa7-ibdu),2026-10-04T04:37Z,781,https://data.cambridgema.gov/d/waa7-ibdu?pid=781
CAM00056,169 Monsignor Obrien Hwy,Cambridge,MA,,,0,199,CONDO-BLDG,Cambridge Property Database FY2026 (waa7-ibdu),2026-10-04T04:37Z,783,https://data.cambridgema.gov/d/waa7-ibdu?pid=783
CAM00057,320 Morgan Ave,Cambridge,MA,,2006,320,13,MULTIUSE-RES,Cambridge Property Database FY2026 (waa7-ibdu),2026-10-04T04:37Z,787,https://data.cambridgema.gov/d/waa7-ibdu?pid=787
CAM00058,10 Glassworks Ave,Cambridge,MA,,1929,104,112,>8-UNIT-APT,Cambridge Property Database FY2026 (waa7-ibdu),2026-10-04T04:37Z,804,https://data.cambridgema.gov/d/waa7-ibdu?pid=804
CAM00059,1 Leighton St,Cambridge,MA,,2006,426,112,>8-UNIT-APT,Cambridge Property Database FY2026 (waa7-ibdu),2026-10-04T04:37Z,807,https://data.cambridgema.gov/d/waa7-ibdu?pid=807
CAM00060,10 Museum Way,Cambridge,MA,,,0,199,CONDO-BLDG,Cambridge Property Database FY2026 (waa7-ibdu),2026-10-04T04:37Z,822,https://data.cambridgema.gov/d/waa7-ibdu?pid=822
CAM00061,25 Gore St,Cambridge,MA,,1886,6,111,4-8-UNIT-APT,Cambridge Property Database FY2026 (waa7-ibdu),2026-10-04T04:37Z,834,https://data.cambridgema.gov/d/waa7-ibdu?pid=834
CAM00062,37 Gore St,Cambridge,MA,,1903,6,111,4-8-UNIT-APT,Cambridge Property Database FY2026 (waa7-ibdu),2026-10-04T04:37Z,835,https://data.cambridgema.gov/d/waa7-ibdu?pid=835
CAM00063,41 Gore St,Cambridge,MA,,1880,2,13,MULTIUSE-RES,Cambridge Property Database FY2026 (waa7-ibdu),2026-10-04T04:37Z,836,https://data.cambridgema.gov/d/waa7-ibdu?pid=836
CAM00064,18 Gore St,Cambridge,MA,,1873,4,111,4-8-UNIT-APT,Cambridge Property Database FY2026 (waa7-ibdu),2026-10-04T04:37Z,841,https://data.cambridgema.gov/d/waa7-ibdu?pid=841
CAM00065,16 Gore St,Cambridge,MA,,1873,3,105,THREE-FM-RES,Cambridge Property Database FY2026 (waa7-ibdu),2026-10-04T04:37Z,842,https://data.cambridgema.gov/d/waa7-ibdu?pid=842
CAM00066,151 Cambridge St,Cambridge,MA,,1894,7,13,MULTIUSE-RES,Cambridge Property Database FY2026 (waa7-ibdu),2026-10-04T04:37Z,843,https://data.cambridgema.gov/d/waa7-ibdu?pid=843
CAM00067,159 Cambridge St,Cambridge,MA,,1894,6,111,4-8-UNIT-APT,Cambridge Property Database FY2026 (waa7-ibdu),2026-10-04T04:37Z,844,https://data.cambridgema.gov/d/waa7-ibdu?pid=844
CAM00068,14 Second St,Cambridge,MA,,1894,6,111,4-8-UNIT-APT,Cambridge Property Database FY2026 (waa7-ibdu),2026-10-04T04:37Z,845,https://data.cambridgema.gov/d/waa7-ibdu?pid=845
CAM00069,192 Monsignor Obrien Hwy,Cambridge,MA,,1902,2,104,TWO-FAM-RES,Cambridge Property Database FY2026 (waa7-ibdu),2026-10-04T04:37Z,848,https://data.cambridgema.gov/d/waa7-ibdu?pid=848
CAM00070,2 Second St,Cambridge,MA,,,0,199,CONDO-BLDG,Cambridge Property Database FY2026 (waa7-ibdu),2026-10-04T04:37Z,852,https://data.cambridgema.gov/d/waa7-ibdu?pid=852
CAM00071,31 Gore St,Cambridge,MA,,1900,8,111,4-8-UNIT-APT,Cambridge Property Database FY2026 (waa7-ibdu),2026-10-04T04:37Z,854,https://data.cambridgema.gov/d/waa7-ibdu?pid=854
CAM00072,33 Gore St,Cambridge,MA,,1902,2,104,TWO-FAM-RES,Cambridge Property Database FY2026 (waa7-ibdu),2026-10-04T04:37Z,862,https://data.cambridgema.gov/d/waa7-ibdu?pid=862
CAM00073,36 Sciarappa St,Cambridge,MA,,1900,2,104,TWO-FAM-RES,Cambridge Property Database FY2026 (waa7-ibdu),2026-10-04T04:37Z,866,https://data.cambridgema.gov/d/waa7-ibdu?pid=866
CAM00074,74 Gore St,Cambridge,MA,,1900,6,111,4-8-UNIT-APT,Cambridge Property Database FY2026 (waa7-ibdu),2026-10-04T04:37Z,867,https://data.cambridgema.gov/d/waa7-ibdu?pid=867
CAM00075,305 Cambridge St,Cambridge,MA,,,0,199,CONDO-BLDG,Cambridge Property Database FY2026 (waa7-ibdu),2026-10-04T04:37Z,871,https://data.cambridgema.gov/d/waa7-ibdu?pid=871
CAM00076,311 Cambridge St,Cambridge,MA,,1900,2,13,MULTIUSE-RES,Cambridge Property Database FY2026 (waa7-ibdu),2026-10-04T04:37Z,872,https://data.cambridgema.gov/d/waa7-ibdu?pid=872
CAM00077,30-32 Sciarappa St,Cambridge,MA,,,0,199,CONDO-BLDG,Cambridge Property Database FY2026 (waa7-ibdu),2026-10-04T04:37Z,874,https://data.cambridgema.gov/d/waa7-ibdu?pid=874
CAM00078,34-44 Winter St,Cambridge,MA,,,0,199,CONDO-BLDG,Cambridge Property Database FY2026 (waa7-ibdu),2026-10-04T04:37Z,875,https://data.cambridgema.gov/d/waa7-ibdu?pid=875
CAM00079,24-26R Sciarappa St,Cambridge,MA,,1854,2,104,TWO-FAM-RES,Cambridge Property Database FY2026 (waa7-ibdu),2026-10-04T04:37Z,886,https://data.cambridgema.gov/d/waa7-ibdu?pid=886
CAM00080,22 Winter St,Cambridge,MA,,1833,2,104,TWO-FAM-RES,Cambridge Property Database FY2026 (waa7-ibdu),2026-10-04T04:37Z,888,https://data.cambridgema.gov/d/waa7-ibdu?pid=888
CAM00081,25 Third St,Cambridge,MA,,,0,199,CONDO-BLDG,Cambridge Property Database FY2026 (waa7-ibdu),2026-10-04T04:37Z,890,https://data.cambridgema.gov/d/waa7-ibdu?pid=890
CAM00082,49 Gore St,Cambridge,MA,,1821,3,105,THREE-FM-RES,Cambridge Property Database FY2026 (waa7-ibdu),2026-10-04T04:37Z,892,https://data.cambridgema.gov/d/waa7-ibdu?pid=892
CAM00083,51 Gore St,Cambridge,MA,,1821,3,105,THREE-FM-RES,Cambridge Property Database FY2026 (waa7-ibdu),2026-10-04T04:37Z,893,https://data.cambridgema.gov/d/waa7-ibdu?pid=893
CAM00084,55 Gore St,Cambridge,MA,,1910,6,111,4-8-UNIT-APT,Cambridge Property Database FY2026 (waa7-ibdu),2026-10-04T04:37Z,894,https://data.cambridgema.gov/d/waa7-ibdu?pid=894
CAM00085,57 Gore St,Cambridge,MA,,1825,3,105,THREE-FM-RES,Cambridge Property Database FY2026 (waa7-ibdu),2026-10-04T04:37Z,895,https://data.cambridgema.gov/d/waa7-ibdu?pid=895
CAM00086,67 Gore St,Cambridge,MA,,,0,199,CONDO-BLDG,Cambridge Property Database FY2026 (waa7-ibdu),2026-10-04T04:37Z,896,https://data.cambridgema.gov/d/waa7-ibdu?pid=896
CAM00087,75 Gore St,Cambridge,MA,,1845,2,104,TWO-FAM-RES,Cambridge Property Database FY2026 (waa7-ibdu),2026-10-04T04:37Z,902,https://data.cambridgema.gov/d/waa7-ibdu?pid=902
CAM00088,33 Winter St,Cambridge,MA,,,0,199,CONDO-BLDG,Cambridge Property Database FY2026 (waa7-ibdu),2026-10-04T04:37Z,904,https://data.cambridgema.gov/d/waa7-ibdu?pid=904
CAM00089,61 Gore St,Cambridge,MA,,1873,2,104,TWO-FAM-RES,Cambridge Property Database FY2026 (waa7-ibdu),2026-10-04T04:37Z,908,https://data.cambridgema.gov/d/waa7-ibdu?pid=908
CAM00090,70 Gore St,Cambridge,MA,,,0,199,CONDO-BLDG,Cambridge Property Database FY2026 (waa7-ibdu),2026-10-04T04:37Z,911,https://data.cambridgema.gov/d/waa7-ibdu?pid=911
CAM00091,68 Gore St,Cambridge,MA,,1885,3,105,THREE-FM-RES,Cambridge Property Database FY2026 (waa7-ibdu),2026-10-04T04:37Z,913,https://data.cambridgema.gov/d/waa7-ibdu?pid=913
CAM00092,255-261 Cambridge St,Cambridge,MA,,1880,5,13,MULTIUSE-RES,Cambridge Property Database FY2026 (waa7-ibdu),2026-10-04T04:37Z,914,https://data.cambridgema.gov/d/waa7-ibdu?pid=914
CAM00093,10 Winter St,Cambridge,MA,,1850,3,105,THREE-FM-RES,Cambridge Property Database FY2026 (waa7-ibdu),2026-10-04T04:37Z,915,https://data.cambridgema.gov/d/waa7-ibdu?pid=915
CAM00094,25 Winter St,Cambridge,MA,,,0,199,CONDO-BLDG,Cambridge Property Database FY2026 (waa7-ibdu),2026-10-04T04:37Z,916,https://data.cambridgema.gov/d/waa7-ibdu?pid=916
CAM00095,243 Cambridge St,Cambridge,MA,,1890,2,13,MULTIUSE-RES,Cambridge Property Database FY2026 (waa7-ibdu),2026-10-04T04:37Z,923,https://data.cambridgema.gov/d/waa7-ibdu?pid=923
CAM00096,65 Gore St,Cambridge,MA,,1820,2,104,TWO-FAM-RES,Cambridge Property Database FY2026 (waa7-ibdu),2026-10-04T04:37Z,925,https://data.cambridgema.gov/d/waa7-ibdu?pid=925
CAM00097,26 Sciarappa St,Cambridge,MA,,,0,199,CONDO-BLDG,Cambridge Property Database FY2026 (waa7-ibdu),2026-10-04T04:37Z,927,https://data.cambridgema.gov/d/waa7-ibdu?pid=927
CAM00098,1 Third St,Cambridge,MA,,2024,19,112,>8-UNIT-APT,Cambridge Property Database FY2026 (waa7-ibdu),2026-10-04T04:37Z,933,https://data.cambridgema.gov/d/waa7-ibdu?pid=933
CAM00099,61 Winter St,Cambridge,MA,,,0,199,CONDO-BLDG,Cambridge Property Database FY2026 (waa7-ibdu),2026-10-04T04:37Z,937,https://data.cambridgema.gov/d/waa7-ibdu?pid=937
CAM00100,85 Winter St,Cambridge,MA,,1905,3,1095,MULT-RES-3FAM,Cambridge Property Database FY2026 (waa7-ibdu),2026-10-04T04:37Z,943,https://data.cambridgema.gov/d/waa7-ibdu?pid=943
CAM00101,91 Winter St,Cambridge,MA,,1900,4,111,4-8-UNIT-APT,Cambridge Property Database FY2026 (waa7-ibdu),2026-10-04T04:37Z,944,https://data.cambridgema.gov/d/waa7-ibdu?pid=944
CAM00102,11 Fifth St,Cambridge,MA,,1873,3,1095,MULT-RES-3FAM,Cambridge Property Database FY2026 (waa7-ibdu),2026-10-04T04:37Z,946,https://data.cambridgema.gov/d/waa7-ibdu?pid=946
CAM00103,117 Gore St,Cambridge,MA,,1850,2,104,TWO-FAM-RES,Cambridge Property Database FY2026 (waa7-ibdu),2026-10-04T04:37Z,950,https://data.cambridgema.gov/d/waa7-ibdu?pid=950
CAM00104,100 Winter St,Cambridge,MA,,,0,199,CONDO-BLDG,Cambridge Property Database FY2026 (waa7-ibdu),2026-10-04T04:37Z,951,https://data.cambridgema.gov/d/waa7-ibdu?pid=951
CAM00105,98 Winter St,Cambridge,MA,,1900,2,104,TWO-FAM-RES,Cambridge Property Database FY2026 (waa7-ibdu),2026-10-04T04:37Z,952,https://data.cambridgema.gov/d/waa7-ibdu?pid=952
CAM00106,96 Winter St,Cambridge,MA,,1902,2,104,TWO-FAM-RES,Cambridge Property Database FY2026 (waa7-ibdu),2026-10-04T04:37Z,953,https://data.cambridgema.gov/d/waa7-ibdu?pid=953
CAM00107,86-94 Winter St,Cambridge,MA,,,0,199,CONDO-BLDG,Cambridge Property Database FY2026 (waa7-ibdu),2026-10-04T04:37Z,954,https://data.cambridgema.gov/d/waa7-ibdu?pid=954
CAM00108,76 Winter St,Cambridge,MA,,1902,2,104,TWO-FAM-RES,Cambridge Property Database FY2026 (waa7-ibdu),2026-10-04T04:37Z,955,https://data.cambridgema.gov/d/waa7-ibdu?pid=955
CAM00109,66 Winter St,Cambridge,MA,,1860,2,104,TWO-FAM-RES,Cambridge Property Database FY2026 (waa7-ibdu),2026-10-04T04:37Z,956,https://data.cambridgema.gov/d/waa7-ibdu?pid=956
CAM00110,60-64 Winter St,Cambridge,MA,,,0,199,CONDO-BLDG,Cambridge Property Database FY2026 (waa7-ibdu),2026-10-04T04:37Z,957,https://data.cambridgema.gov/d/waa7-ibdu?pid=957
CAM00111,21-23 Sciarappa St,Cambridge,MA,,,0,199,CONDO-BLDG,Cambridge Property Database FY2026 (waa7-ibdu),2026-10-04T04:37Z,958,https://data.cambridgema.gov/d/waa7-ibdu?pid=958
CAM00112,87 Gore St,Cambridge,MA,,1850,2,104,TWO-FAM-RES,Cambridge Property Database FY2026 (waa7-ibdu),2026-10-04T04:37Z,960,https://data.cambridgema.gov/d/waa7-ibdu?pid=960
CAM00113,91 Gore St,Cambridge,MA,,,0,199,CONDO-BLDG,Cambridge Property Database FY2026 (waa7-ibdu),2026-10-04T04:37Z,961,https://data.cambridgema.gov/d/waa7-ibdu?pid=961
CAM00114,99 Gore St,Cambridge,MA,,1850,2,104,TWO-FAM-RES,Cambridge Property Database FY2026 (waa7-ibdu),2026-10-04T04:37Z,962,https://data.cambridgema.gov/d/waa7-ibdu?pid=962
CAM00115,109 Gore St,Cambridge,MA,,1873,2,104,TWO-FAM-RES,Cambridge Property Database FY2026 (waa7-ibdu),2026-10-04T04:37Z,963,https://data.cambridgema.gov/d/waa7-ibdu?pid=963
CAM00116,12 Fifth St,Cambridge,MA,,1902,2,104,TWO-FAM-RES,Cambridge Property Database FY2026 (waa7-ibdu),2026-10-04T04:37Z,966,https://data.cambridgema.gov/d/waa7-ibdu?pid=966
CAM00117,8 Fifth St,Cambridge,MA,,,0,199,CONDO-BLDG,Cambridge Property Database FY2026 (waa7-ibdu),2026-10-04T04:37Z,968,https://data.cambridgema.gov/d/waa7-ibdu?pid=968
CAM00118,107 Winter St,Cambridge,MA,,1900,4,111,4-8-UNIT-APT,Cambridge Property Database FY2026 (waa7-ibdu),2026-10-04T04:37Z,969,https://data.cambridgema.gov/d/waa7-ibdu?pid=969
CAM00119,11-13 Sciarappa St,Cambridge,MA,,1900,6,111,4-8-UNIT-APT,Cambridge Property Database FY2026 (waa7-ibdu),2026-10-04T04:37Z,970,https://data.cambridgema.gov/d/waa7-ibdu?pid=970
CAM00120,8 Mullins Ct,Cambridge,MA,,,0,199,CONDO-BLDG,Cambridge Property Database FY2026 (waa7-ibdu),2026-10-04T04:37Z,971,https://data.cambridgema.gov/d/waa7-ibdu?pid=971
CAM00121,95 Gore St,Cambridge,MA,,1850,3,1095,MULT-RES-3FAM,Cambridge Property Database FY2026 (waa7-ibdu),2026-10-04T04:37Z,976,https://data.cambridgema.gov/d/waa7-ibdu?pid=976
CAM00122,80 Winter St,Cambridge,MA,,,0,199,CONDO-BLDG,Cambridge Property Database FY2026 (waa7-ibdu),2026-10-04T04:37Z,977,https://data.cambridgema.gov/d/waa7-ibdu?pid=977
CAM00123,25 Sciarappa St,Cambridge,MA,,1854,2,104,TWO-FAM-RES,Cambridge Property Database FY2026 (waa7-ibdu),2026-10-04T04:37Z,980,https://data.cambridgema.gov/d/waa7-ibdu?pid=980
CAM00124,262 Monsignor Obrien Hwy,Cambridge,MA,,,0,199,CONDO-BLDG,Cambridge Property Database FY2026 (waa7-ibdu),2026-10-04T04:37Z,982,https://data.cambridgema.gov/d/waa7-ibdu?pid=982
CAM00125,103 Gore St,Cambridge,MA,,,0,199,CONDO-BLDG,Cambridge Property Database FY2026 (waa7-ibdu),2026-10-04T04:37Z,987,https://data.cambridgema.gov/d/waa7-ibdu?pid=987
CAM00126,3 Fifth St,Cambridge,MA,,1902,2,104,TWO-FAM-RES,Cambridge Property Database FY2026 (waa7-ibdu),2026-10-04T04:37Z,1004,https://data.cambridgema.gov/d/waa7-ibdu?pid=1004
CAM00127,84 Winter St,Cambridge,MA,,1902,2,104,TWO-FAM-RES,Cambridge Property Database FY2026 (waa7-ibdu),2026-10-04T04:37Z,1006,https://data.cambridgema.gov/d/waa7-ibdu?pid=1006
CAM00128,2 Gore Street Pl,Cambridge,MA,,1880,2,104,TWO-FAM-RES,Cambridge Property Database FY2026 (waa7-ibdu),2026-10-04T04:37Z,1009,https://data.cambridgema.gov/d/waa7-ibdu?pid=1009
CAM00129,126-130 Gore St,Cambridge,MA,,1973,4,111,4-8-UNIT-APT,Cambridge Property Database FY2026 (waa7-ibdu),2026-10-04T04:37Z,1011,https://data.cambridgema.gov/d/waa7-ibdu?pid=1011
CAM00130,122 Gore St,Cambridge,MA,,1900,4,111,4-8-UNIT-APT,Cambridge Property Database FY2026 (waa7-ibdu),2026-10-04T04:37Z,1012,https://data.cambridgema.gov/d/waa7-ibdu?pid=1012
CAM00131,120 Gore St,Cambridge,MA,,1840,2,104,TWO-FAM-RES,Cambridge Property Database FY2026 (waa7-ibdu),2026-10-04T04:37Z,1013,https://data.cambridgema.gov/d/waa7-ibdu?pid=1013
CAM00132,27 Fifth St,Cambridge,MA,,1900,6,111,4-8-UNIT-APT,Cambridge Property Database FY2026 (waa7-ibdu),2026-10-04T04:37Z,1014,https://data.cambridgema.gov/d/waa7-ibdu?pid=1014
CAM00133,33 Fifth St,Cambridge,MA,,1902,2,104,TWO-FAM-RES,Cambridge Property Database FY2026 (waa7-ibdu),2026-10-04T04:37Z,1015,https://data.cambridgema.gov/d/waa7-ibdu?pid=1015
CAM00134,37 Fifth St,Cambridge,MA,,1873,3,105,THREE-FM-RES,Cambridge Property Database FY2026 (waa7-ibdu),2026-10-04T04:37Z,1016,https://data.cambridgema.gov/d/waa7-ibdu?pid=1016
CAM00135,43 Fifth St,Cambridge,MA,,1912,4,111,4-8-UNIT-APT,Cambridge Property Database FY2026 (waa7-ibdu),2026-10-04T04:37Z,1017,https://data.cambridgema.gov/d/waa7-ibdu?pid=1017
CAM00136,463 Cambridge St,Cambridge,MA,,1900,10,114,AFFORDABLE APT,Cambridge Property Database FY2026 (waa7-ibdu),2026-10-04T04:37Z,1020,https://data.cambridgema.gov/d/waa7-ibdu?pid=1020
CAM00137,465-473 Cambridge St,Cambridge,MA,,1880,2,13,MULTIUSE-RES,Cambridge Property Database FY2026 (waa7-ibdu),2026-10-04T04:37Z,1021,https://data.cambridgema.gov/d/waa7-ibdu?pid=1021
CAM00138,10 Sixth St,Cambridge,MA,,,0,199,CONDO-BLDG,Cambridge Property Database FY2026 (waa7-ibdu),2026-10-04T04:37Z,1022,https://data.cambridgema.gov/d/waa7-ibdu?pid=1022
CAM00139,8 Sixth St,Cambridge,MA,,1920,4,111,4-8-UNIT-APT,Cambridge Property Database FY2026 (waa7-ibdu),2026-10-04T04:37Z,1023,https://data.cambridgema.gov/d/waa7-ibdu?pid=1023
CAM00140,3 Gore Street Pl,Cambridge,MA,,1902,2,104,TWO-FAM-RES,Cambridge Property Database FY2026 (waa7-ibdu),2026-10-04T04:37Z,1024,https://data.cambridgema.gov/d/waa7-ibdu?pid=1024
CAM00141,112 Gore St,Cambridge,MA,,1905,6,111,4-8-UNIT-APT,Cambridge Property Database FY2026 (waa7-ibdu),2026-10-04T04:37Z,1025,https://data.cambridgema.gov/d/waa7-ibdu?pid=1025
CAM00142,108 Gore St,Cambridge,MA,,,0,199,CONDO-BLDG,Cambridge Property Database FY2026 (waa7-ibdu),2026-10-04T04:37Z,1026,https://data.cambridgema.gov/d/waa7-ibdu?pid=1026
CAM00143,100 Gore St,Cambridge,MA,,,0,199,CONDO-BLDG,Cambridge Property Database FY2026 (waa7-ibdu),2026-10-04T04:37Z,1028,https://data.cambridgema.gov/d/waa7-ibdu?pid=1028
CAM00144,94.5-96 Gore St,Cambridge,MA,,,0,199,CONDO-BLDG,Cambridge Property Database FY2026 (waa7-ibdu),2026-10-04T04:37Z,1032,https://data.cambridgema.gov/d/waa7-ibdu?pid=1032
CAM00145,92-94 Gore St,Cambridge,MA,,,0,199,CONDO-BLDG,Cambridge Property Database FY2026 (waa7-ibdu),2026-10-04T04:37Z,1038,https://data.cambridgema.gov/d/waa7-ibdu?pid=1038
CAM00146,88 Gore St,Cambridge,MA,,,0,199,CONDO-BLDG,Cambridge Property Database FY2026 (waa7-ibdu),2026-10-04T04:37Z,1040,https://data.cambridgema.gov/d/waa7-ibdu?pid=1040
CAM00147,86 Gore St,Cambridge,MA,,1821,2,104,TWO-FAM-RES,Cambridge Property Database FY2026 (waa7-ibdu),2026-10-04T04:37Z,1041,https://data.cambridgema.gov/d/waa7-ibdu?pid=1041
CAM00148,33 Sciarappa St,Cambridge,MA,,1873,3,105,THREE-FM-RES,Cambridge Property Database FY2026 (waa7-ibdu),2026-10-04T04:37Z,1042,https://data.cambridgema.gov/d/waa7-ibdu?pid=1042
CAM00149,35 Sciarappa St,Cambridge,MA,,1886,2,104,TWO-FAM-RES,Cambridge Property Database FY2026 (waa7-ibdu),2026-10-04T04:37Z,1043,https://data.cambridgema.gov/d/waa7-ibdu?pid=1043
CAM00150,39 Sciarappa St,Cambridge,MA,,1854,2,104,TWO-FAM-RES,Cambridge Property Database FY2026 (waa7-ibdu),2026-10-04T04:37Z,1044,https://data.cambridgema.gov/d/waa7-ibdu?pid=1044
CAM00151,345 Cambridge St,Cambridge,MA,,1875,2,13,MULTIUSE-RES,Cambridge Property Database FY2026 (waa7-ibdu),2026-10-04T04:37Z,1045,https://data.cambridgema.gov/d/waa7-ibdu?pid=1045
CAM00152,359 Cambridge St,Cambridge,MA,,1910,7,13,MULTIUSE-RES,Cambridge Property Database FY2026 (waa7-ibdu),2026-10-04T04:37Z,1047,https://data.cambridgema.gov/d/waa7-ibdu?pid=1047
CAM00153,379 Cambridge St,Cambridge,MA,,1836,0,104,TWO-FAM-RES,Cambridge Property Database FY2026 (waa7-ibdu),2026-10-04T04:37Z,1048,https://data.cambridgema.gov/d/waa7-ibdu?pid=1048
CAM00154,381 Cambridge St,Cambridge,MA,,1836,2,104,TWO-FAM-RES,Cambridge Property Database FY2026 (waa7-ibdu),2026-10-04T04:37Z,1049,https://data.cambridgema.gov/d/waa7-ibdu?pid=1049
CAM00155,387-393 Cambridge St,Cambridge,MA,,1920,1,13,MULTIUSE-RES,Cambridge Property Database FY2026 (waa7-ibdu),2026-10-04T04:37Z,1050,https://data.cambridgema.gov/d/waa7-ibdu?pid=1050
CAM00156,397 Cambridge St,Cambridge,MA,,1925,2,13,MULTIUSE-RES,Cambridge Property Database FY2026 (waa7-ibdu),2026-10-04T04:37Z,1051,https://data.cambridgema.gov/d/waa7-ibdu?pid=1051
CAM00157,38 Fifth St,Cambridge,MA,,1900,2,104,TWO-FAM-RES,Cambridge Property Database FY2026 (waa7-ibdu),2026-10-04T04:37Z,1053,https://data.cambridgema.gov/d/waa7-ibdu?pid=1053
CAM00158,34 Fifth St,Cambridge,MA,,,0,199,CONDO-BLDG,Cambridge Property Database FY2026 (waa7-ibdu),2026-10-04T04:37Z,1054,https://data.cambridgema.gov/d/waa7-ibdu?pid=1054
CAM00159,32 Fifth St,Cambridge,MA,,,0,199,CONDO-BLDG,Cambridge Property Database FY2026 (waa7-ibdu),2026-10-04T04:37Z,1055,https://data.cambridgema.gov/d/waa7-ibdu?pid=1055
CAM00160,478 Cambridge St,Cambridge,MA,,1880,1,13,MULTIUSE-RES,Cambridge Property Database FY2026 (waa7-ibdu),2026-10-04T04:37Z,1056,https://data.cambridgema.gov/d/waa7-ibdu?pid=1056
CAM00161,474 Cambridge St,Cambridge,MA,,1860,3,105,THREE-FM-RES,Cambridge Property Database FY2026 (waa7-ibdu),2026-10-04T04:37Z,1057,https://data.cambridgema.gov/d/waa7-ibdu?pid=1057
CAM00162,472 Cambridge St,Cambridge,MA,,1860,4,111,4-8-UNIT-APT,Cambridge Property Database FY2026 (waa7-ibdu),2026-10-04T04:37Z,1058,https://data.cambridgema.gov/d/waa7-ibdu?pid=1058
CAM00163,462 Cambridge St,Cambridge,MA,,,0,199,CONDO-BLDG,Cambridge Property Database FY2026 (waa7-ibdu),2026-10-04T04:37Z,1059,https://data.cambridgema.gov/d/waa7-ibdu?pid=1059
CAM00164,446 Cambridge St,Cambridge,MA,,1880,1,13,MULTIUSE-RES,Cambridge Property Database FY2026 (waa7-ibdu),2026-10-04T04:37Z,1061,https://data.cambridgema.gov/d/waa7-ibdu?pid=1061
CAM00165,117-119 Otis St,Cambridge,MA,,,0,199,CONDO-BLDG,Cambridge Property Database FY2026 (waa7-ibdu),2026-10-04T04:37Z,1063,https://data.cambridgema.gov/d/waa7-ibdu?pid=1063
CAM00166,125 Otis St,Cambridge,MA,,1973,2,104,TWO-FAM-RES,Cambridge Property Database FY2026 (waa7-ibdu),2026-10-04T04:37Z,1068,https://data.cambridgema.gov/d/waa7-ibdu?pid=1068
CAM00167,131 Otis St,Cambridge,MA,,1873,0,105,THREE-FM-RES,Cambridge Property Database FY2026 (waa7-ibdu),2026-10-04T04:37Z,1069,https://data.cambridgema.gov/d/waa7-ibdu?pid=1069
CAM00168,145 Otis St,Cambridge,MA,,1852,2,104,TWO-FAM-RES,Cambridge Property Database FY2026 (waa7-ibdu),2026-10-04T04:37Z,1077,https://data.cambridgema.gov/d/waa7-ibdu?pid=1077
CAM00169,28 Sixth St,Cambridge,MA,,1854,2,104,TWO-FAM-RES,Cambridge Property Database FY2026 (waa7-ibdu),2026-10-04T04:37Z,1078,https://data.cambridgema.gov/d/waa7-ibdu?pid=1078
CAM00170,26 Sixth St,Cambridge,MA,,1854,2,104,TWO-FAM-RES,Cambridge Property Database FY2026 (waa7-ibdu),2026-10-04T04:37Z,1079,https://data.cambridgema.gov/d/waa7-ibdu?pid=1079
CAM00171,24 Sixth St,Cambridge,MA,,1902,3,105,THREE-FM-RES,Cambridge Property Database FY2026 (waa7-ibdu),2026-10-04T04:37Z,1080,https://data.cambridgema.gov/d/waa7-ibdu?pid=1080
CAM00172,364 Cambridge St,Cambridge,MA,,1854,2,104,TWO-FAM-RES,Cambridge Property Database FY2026 (waa7-ibdu),2026-10-04T04:37Z,1082,https://data.cambridgema.gov/d/waa7-ibdu?pid=1082
CAM00173,93 Otis St,Cambridge,MA,,1920,2,104,TWO-FAM-RES,Cambridge Property Database FY2026 (waa7-ibdu),2026-10-04T04:37Z,1085,https://data.cambridgema.gov/d/waa7-ibdu?pid=1085
CAM00174,95 Otis St,Cambridge,MA,,1920,5,111,4-8-UNIT-APT,Cambridge Property Database FY2026 (waa7-ibdu),2026-10-04T04:37Z,1086,https://data.cambridgema.gov/d/waa7-ibdu?pid=1086
CAM00175,99 Otis St,Cambridge,MA,,,0,199,CONDO-BLDG,Cambridge Property Database FY2026 (waa7-ibdu),2026-10-04T04:37Z,1087,https://data.cambridgema.gov/d/waa7-ibdu?pid=1087
CAM00176,107 Otis St,Cambridge,MA,,1854,3,105,THREE-FM-RES,Cambridge Property Database FY2026 (waa7-ibdu),2026-10-04T04:37Z,1094,https://data.cambridgema.gov/d/waa7-ibdu?pid=1094
CAM00177,109 Otis St,Cambridge,MA,,1920,4,111,4-8-UNIT-APT,Cambridge Property Database FY2026 (waa7-ibdu),2026-10-04T04:37Z,1095,https://data.cambridgema.gov/d/waa7-ibdu?pid=1095
CAM00178,138 Gore St,Cambridge,MA,,1900,4,111,4-8-UNIT-APT,Cambridge Property Database FY2026 (waa7-ibdu),2026-10-04T04:37Z,1097,https://data.cambridgema.gov/d/waa7-ibdu?pid=1097
CAM00179,136 Gore St,Cambridge,MA,,1873,2,104,TWO-FAM-RES,Cambridge Property Database FY2026 (waa7-ibdu),2026-10-04T04:37Z,1098,https://data.cambridgema.gov/d/waa7-ibdu?pid=1098
CAM00180,134 Gore St,Cambridge,MA,,1880,2,104,TWO-FAM-RES,Cambridge Property Database FY2026 (waa7-ibdu),2026-10-04T04:37Z,1099,https://data.cambridgema.gov/d/waa7-ibdu?pid=1099
CAM00181,70 Fifth St,Cambridge,MA,,1854,0,104,TWO-FAM-RES,Cambridge Property Database FY2026 (waa7-ibdu),2026-10-04T04:37Z,1105,https://data.cambridgema.gov/d/waa7-ibdu?pid=1105
CAM00182,67 Fifth St,Cambridge,MA,,,0,199,CONDO-BLDG,Cambridge Property Database FY2026 (waa7-ibdu),2026-10-04T04:37Z,1107,https://data.cambridgema.gov/d/waa7-ibdu?pid=1107
CAM00183,447 Cambridge St,Cambridge,MA,,,0,199,CONDO-BLDG,Cambridge Property Database FY2026 (waa7-ibdu),2026-10-04T04:37Z,1114,https://data.cambridgema.gov/d/waa7-ibdu?pid=1114
CAM00184,371 Cambridge St,Cambridge,MA,,1824,2,104,TWO-FAM-RES,Cambridge Property Database FY2026 (waa7-ibdu),2026-10-04T04:37Z,1117,https://data.cambridgema.gov/d/waa7-ibdu?pid=1117
CAM00185,440 Cambridge St,Cambridge,MA,,,0,199,CONDO-BLDG,Cambridge Property Database FY2026 (waa7-ibdu),2026-10-04T04:37Z,1118,https://data.cambridgema.gov/d/waa7-ibdu?pid=1118
CAM00186,400 Cambridge St,Cambridge,MA,,1860,3,105,THREE-FM-RES,Cambridge Property Database FY2026 (waa7-ibdu),2026-10-04T04:37Z,1120,https://data.cambridgema.gov/d/waa7-ibdu?pid=1120
CAM00187,407-413 Cambridge St,Cambridge,MA,,1900,6,114,AFFORDABLE APT,Cambridge Property Database FY2026 (waa7-ibdu),2026-10-04T04:37Z,1121,https://data.cambridgema.gov/d/waa7-ibdu?pid=1121
CAM00188,43 Sciarappa St,Cambridge,MA,,1900,6,111,4-8-UNIT-APT,Cambridge Property Database FY2026 (waa7-ibdu),2026-10-04T04:37Z,1124,https://data.cambridgema.gov/d/waa7-ibdu?pid=1124
CAM00189,337 Cambridge St,Cambridge,MA,,1890,2,13,MULTIUSE-RES,Cambridge Property Database FY2026 (waa7-ibdu),2026-10-04T04:37Z,1125,https://data.cambridgema.gov/d/waa7-ibdu?pid=1125
CAM00190,408 Cambridge St,Cambridge,MA,,1900,5,13,MULTIUSE-RES,Cambridge Property Database FY2026 (waa7-ibdu),2026-10-04T04:37Z,1126,https://data.cambridgema.gov/d/waa7-ibdu?pid=1126
CAM00191,64 Fifth St,Cambridge,MA,,1854,3,105,THREE-FM-RES,Cambridge Property Database FY2026 (waa7-ibdu),2026-10-04T04:37Z,1128,https://data.cambridgema.gov/d/waa7-ibdu?pid=1128
CAM00192,71 Fifth St,Cambridge,MA,,1916,3,105,THREE-FM-RES,Cambridge Property Database FY2026 (waa7-ibdu),2026-10-04T04:37Z,1129,https://data.cambridgema.gov/d/waa7-ibdu?pid=1129
CAM00193,73 Fifth St,Cambridge,MA,,1916,3,105,THREE-FM-RES,Cambridge Property Database FY2026 (waa7-ibdu),2026-10-04T04:37Z,1130,https://data.cambridgema.gov/d/waa7-ibdu?pid=1130
CAM00194,426 Cambridge St,Cambridge,MA,,1900,3,105,THREE-FM-RES,Cambridge Property Database FY2026 (waa7-ibdu),2026-10-04T04:37Z,1132,https://data.cambridgema.gov/d/waa7-ibdu?pid=1132
CAM00195,133 Otis St,Cambridge,MA,,1886,3,105,THREE-FM-RES,Cambridge Property Database FY2026 (waa7-ibdu),2026-10-04T04:37Z,1135,https://data.cambridgema.gov/d/waa7-ibdu?pid=1135
CAM00196,135 Otis St,Cambridge,MA,,1886,3,105,THREE-FM-RES,Cambridge Property Database FY2026 (waa7-ibdu),2026-10-04T04:37Z,1136,https://data.cambridgema.gov/d/waa7-ibdu?pid=1136
CAM00197,106 Sciarappa St,Cambridge,MA,,1854,3,105,THREE-FM-RES,Cambridge Property Database FY2026 (waa7-ibdu),2026-10-04T04:37Z,1138,https://data.cambridgema.gov/d/waa7-ibdu?pid=1138
CAM00198,102 Sciarappa St,Cambridge,MA,,1854,2,104,TWO-FAM-RES,Cambridge Property Database FY2026 (waa7-ibdu),2026-10-04T04:37Z,1139,https://data.cambridgema.gov/d/waa7-ibdu?pid=1139
CAM00199,78 Spring St,Cambridge,MA,,1846,2,104,TWO-FAM-RES,Cambridge Property Database FY2026 (waa7-ibdu),2026-10-04T04:37Z,1140,https://data.cambridgema.gov/d/waa7-ibdu?pid=1140
CAM00200,76 Spring St,Cambridge,MA,,1846,2,104,TWO-FAM-RES,Cambridge Property Database FY2026 (waa7-ibdu),2026-10-04T04:37Z,1141,https://data.cambridgema.gov/d/waa7-ibdu?pid=1141
CAM00201,74 Spring St,Cambridge,MA,,1846,2,104,TWO-FAM-RES,Cambridge Property Database FY2026 (waa7-ibdu),2026-10-04T04:37Z,1142,https://data.cambridgema.gov/d/waa7-ibdu?pid=1142
CAM00202,72 Spring St,Cambridge,MA,,1846,2,104,TWO-FAM-RES,Cambridge Property Database FY2026 (waa7-ibdu),2026-10-04T04:37Z,1143,https://data.cambridgema.gov/d/waa7-ibdu?pid=1143
CAM00203,70 Spring St,Cambridge,MA,,1920,6,111,4-8-UNIT-APT,Cambridge Property Database FY2026 (waa7-ibdu),2026-10-04T04:37Z,1144,https://data.cambridgema.gov/d/waa7-ibdu?pid=1144
CAM00204,68 Spring St,Cambridge,MA,,1854,2,104,TWO-FAM-RES,Cambridge Property Database FY2026 (waa7-ibdu),2026-10-04T04:37Z,1145,https://data.cambridgema.gov/d/waa7-ibdu?pid=1145
CAM00205,66 Spring St,Cambridge,MA,,1854,2,104,TWO-FAM-RES,Cambridge Property Database FY2026 (waa7-ibdu),2026-10-04T04:37Z,1146,https://data.cambridgema.gov/d/waa7-ibdu?pid=1146
CAM00206,62 Spring St,Cambridge,MA,,1955,6,111,4-8-UNIT-APT,Cambridge Property Database FY2026 (waa7-ibdu),2026-10-04T04:37Z,1147,https://data.cambridgema.gov/d/waa7-ibdu?pid=1147
CAM00207,145 Third St,Cambridge,MA,,1988,3,105,THREE-FM-RES,Cambridge Property Database FY2026 (waa7-ibdu),2026-10-04T04:37Z,1154,https://data.cambridgema.gov/d/waa7-ibdu?pid=1154
CAM00208,153 Third St,Cambridge,MA,,1916,3,105,THREE-FM-RES,Cambridge Property Database FY2026 (waa7-ibdu),2026-10-04T04:37Z,1155,https://data.cambridgema.gov/d/waa7-ibdu?pid=1155
CAM00209,201 Hurley St,Cambridge,MA,,1873,3,105,THREE-FM-RES,Cambridge Property Database FY2026 (waa7-ibdu),2026-10-04T04:37Z,1158,https://data.cambridgema.gov/d/waa7-ibdu?pid=1158
CAM00210,207 Hurley St,Cambridge,MA,,1873,2,104,TWO-FAM-RES,Cambridge Property Database FY2026 (waa7-ibdu),2026-10-04T04:37Z,1159,https://data.cambridgema.gov/d/waa7-ibdu?pid=1159
CAM00211,205 Hurley St,Cambridge,MA,,1915,5,111,4-8-UNIT-APT,Cambridge Property Database FY2026 (waa7-ibdu),2026-10-04T04:37Z,1160,https://data.cambridgema.gov/d/waa7-ibdu?pid=1160
CAM00212,223 Hurley St,Cambridge,MA,,,0,199,CONDO-BLDG,Cambridge Property Database FY2026 (waa7-ibdu),2026-10-04T04:37Z,1162,https://data.cambridgema.gov/d/waa7-ibdu?pid=1162
CAM00213,227-229 Hurley St,Cambridge,MA,,,0,199,CONDO-BLDG,Cambridge Property Database FY2026 (waa7-ibdu),2026-10-04T04:37Z,1163,https://data.cambridgema.gov/d/waa7-ibdu?pid=1163
CAM00214,94 Sciarappa St,Cambridge,MA,,1900,4,111,4-8-UNIT-APT,Cambridge Property Database FY2026 (waa7-ibdu),2026-10-04T04:37Z,1171,https://data.cambridgema.gov/d/waa7-ibdu?pid=1171
CAM00215,90 Sciarappa St,Cambridge,MA,,1854,2,104,TWO-FAM-RES,Cambridge Property Database FY2026 (waa7-ibdu),2026-10-04T04:37Z,1172,https://data.cambridgema.gov/d/waa7-ibdu?pid=1172
CAM00216,88 Sciarappa St,Cambridge,MA,,1854,2,104,TWO-FAM-RES,Cambridge Property Database FY2026 (waa7-ibdu),2026-10-04T04:37Z,1173,https://data.cambridgema.gov/d/waa7-ibdu?pid=1173
CAM00217,80 Sciarappa St,Cambridge,MA,,1847,3,105,THREE-FM-RES,Cambridge Property Database FY2026 (waa7-ibdu),2026-10-04T04:37Z,1175,https://data.cambridgema.gov/d/waa7-ibdu?pid=1175
CAM00218,74 Thorndike St,Cambridge,MA,,1900,4,111,4-8-UNIT-APT,Cambridge Property Database FY2026 (waa7-ibdu),2026-10-04T04:37Z,1178,https://data.cambridgema.gov/d/waa7-ibdu?pid=1178
CAM00219,67 Spring St,Cambridge,MA,,1846,2,104,TWO-FAM-RES,Cambridge Property Database FY2026 (waa7-ibdu),2026-10-04T04:37Z,1181,https://data.cambridgema.gov/d/waa7-ibdu?pid=1181
CAM00220,69 Spring St,Cambridge,MA,,1846,2,104,TWO-FAM-RES,Cambridge Property Database FY2026 (waa7-ibdu),2026-10-04T04:37Z,1182,https://data.cambridgema.gov/d/waa7-ibdu?pid=1182
CAM00221,71 Spring St,Cambridge,MA,,1846,2,104,TWO-FAM-RES,Cambridge Property Database FY2026 (waa7-ibdu),2026-10-04T04:37Z,1183,https://data.cambridgema.gov/d/waa7-ibdu?pid=1183
CAM00222,73 Spring St,Cambridge,MA,,,0,199,CONDO-BLDG,Cambridge Property Database FY2026 (waa7-ibdu),2026-10-04T04:37Z,1184,https://data.cambridgema.gov/d/waa7-ibdu?pid=1184
CAM00223,74 Sciarappa St,Cambridge,MA,,1873,2,104,TWO-FAM-RES,Cambridge Property Database FY2026 (waa7-ibdu),2026-10-04T04:37Z,1187,https://data.cambridgema.gov/d/waa7-ibdu?pid=1187
CAM00224,82 Otis St,Cambridge,MA,,,0,199,CONDO-BLDG,Cambridge Property Database FY2026 (waa7-ibdu),2026-10-04T04:37Z,1189,https://data.cambridgema.gov/d/waa7-ibdu?pid=1189
CAM00225,80 Otis St,Cambridge,MA,,1900,4,111,4-8-UNIT-APT,Cambridge Property Database FY2026 (waa7-ibdu),2026-10-04T04:37Z,1193,https://data.cambridgema.gov/d/waa7-ibdu?pid=1193
CAM00226,78 Otis St,Cambridge,MA,,1873,3,105,THREE-FM-RES,Cambridge Property Database FY2026 (waa7-ibdu),2026-10-04T04:37Z,1194,https://data.cambridgema.gov/d/waa7-ibdu?pid=1194
CAM00227,74 Otis St,Cambridge,MA,,1854,2,104,TWO-FAM-RES,Cambridge Property Database FY2026 (waa7-ibdu),2026-10-04T04:37Z,1195,https://data.cambridgema.gov/d/waa7-ibdu?pid=1195
CAM00228,70 Otis St,Cambridge,MA,,,0,199,CONDO-BLDG,Cambridge Property Database FY2026 (waa7-ibdu),2026-10-04T04:37Z,1196,https://data.cambridgema.gov/d/waa7-ibdu?pid=1196
CAM00229,62-64 Otis St,Cambridge,MA,,,0,199,CONDO-BLDG,Cambridge Property Database FY2026 (waa7-ibdu),2026-10-04T04:37Z,1197,https://data.cambridgema.gov/d/waa7-ibdu?pid=1197
CAM00230,60 Otis St,Cambridge,MA,,1871,4,111,4-8-UNIT-APT,Cambridge Property Database FY2026 (waa7-ibdu),2026-10-04T04:37Z,1200,https://data.cambridgema.gov/d/waa7-ibdu?pid=1200
CAM00231,83 Third St,Cambridge,MA,,,0,199,CONDO-BLDG,Cambridge Property Database FY2026 (waa7-ibdu),2026-10-04T04:37Z,1201,https://data.cambridgema.gov/d/waa7-ibdu?pid=1201
CAM00232,85 Third St,Cambridge,MA,,1900,4,111,4-8-UNIT-APT,Cambridge Property Database FY2026 (waa7-ibdu),2026-10-04T04:37Z,1205,https://data.cambridgema.gov/d/waa7-ibdu?pid=1205
CAM00233,87 Third St,Cambridge,MA,,1900,4,111,4-8-UNIT-APT,Cambridge Property Database FY2026 (waa7-ibdu),2026-10-04T04:37Z,1206,https://data.cambridgema.gov/d/waa7-ibdu?pid=1206
CAM00234,95 Third St,Cambridge,MA,,,0,199,CONDO-BLDG,Cambridge Property Database FY2026 (waa7-ibdu),2026-10-04T04:37Z,1210,https://data.cambridgema.gov/d/waa7-ibdu?pid=1210
CAM00235,103 Third St,Cambridge,MA,,,0,199,CONDO-BLDG,Cambridge Property Database FY2026 (waa7-ibdu),2026-10-04T04:37Z,1214,https://data.cambridgema.gov/d/waa7-ibdu?pid=1214
CAM00236,69 Thorndike St,Cambridge,MA,,1844,2,104,TWO-FAM-RES,Cambridge Property Database FY2026 (waa7-ibdu),2026-10-04T04:37Z,1220,https://data.cambridgema.gov/d/waa7-ibdu?pid=1220
CAM00237,73 Thorndike St,Cambridge,MA,,1900,4,111,4-8-UNIT-APT,Cambridge Property Database FY2026 (waa7-ibdu),2026-10-04T04:37Z,1221,https://data.cambridgema.gov/d/waa7-ibdu?pid=1221
CAM00238,77 Thorndike St,Cambridge,MA,,1854,2,1094,MULT-RES-2FAM,Cambridge Property Database FY2026 (waa7-ibdu),2026-10-04T04:37Z,1222,https://data.cambridgema.gov/d/waa7-ibdu?pid=1222
CAM00239,79 Thorndike St,Cambridge,MA,,1854,2,104,TWO-FAM-RES,Cambridge Property Database FY2026 (waa7-ibdu),2026-10-04T04:37Z,1223,https://data.cambridgema.gov/d/waa7-ibdu?pid=1223
CAM00240,81 Thorndike St,Cambridge,MA,,1854,2,104,TWO-FAM-RES,Cambridge Property Database FY2026 (waa7-ibdu),2026-10-04T04:37Z,1224,https://data.cambridgema.gov/d/waa7-ibdu?pid=1224
CAM00241,56 Sciarappa St,Cambridge,MA,,1900,6,114,AFFORDABLE APT,Cambridge Property Database FY2026 (waa7-ibdu),2026-10-04T04:37Z,1226,https://data.cambridgema.gov/d/waa7-ibdu?pid=1226
CAM00242,57 Otis St,Cambridge,MA,,,0,199,CONDO-BLDG,Cambridge Property Database FY2026 (waa7-ibdu),2026-10-04T04:37Z,1232,https://data.cambridgema.gov/d/waa7-ibdu?pid=1232
CAM00243,59 Otis St,Cambridge,MA,,,0,199,CONDO-BLDG,Cambridge Property Database FY2026 (waa7-ibdu),2026-10-04T04:37Z,1233,https://data.cambridgema.gov/d/waa7-ibdu?pid=1233
CAM00244,61 Otis St,Cambridge,MA,,,0,199,CONDO-BLDG,Cambridge Property Database FY2026 (waa7-ibdu),2026-10-04T04:37Z,1237,https://data.cambridgema.gov/d/waa7-ibdu?pid=1237
CAM00245,63-65 Otis St,Cambridge,MA,,,0,199,CONDO-BLDG,Cambridge Property Database FY2026 (waa7-ibdu),2026-10-04T04:37Z,1241,https://data.cambridgema.gov/d/waa7-ibdu?pid=1241
CAM00246,69 Otis St,Cambridge,MA,,1839,2,104,TWO-FAM-RES,Cambridge Property Database FY2026 (waa7-ibdu),2026-10-04T04:37Z,1242,https://data.cambridgema.gov/d/waa7-ibdu?pid=1242
CAM00247,73 Otis St,Cambridge,MA,,1902,2,104,TWO-FAM-RES,Cambridge Property Database FY2026 (waa7-ibdu),2026-10-04T04:37Z,1243,https://data.cambridgema.gov/d/waa7-ibdu?pid=1243
CAM00248,75 Otis St,Cambridge,MA,,1902,2,104,TWO-FAM-RES,Cambridge Property Database FY2026 (waa7-ibdu),2026-10-04T04:37Z,1244,https://data.cambridgema.gov/d/waa7-ibdu?pid=1244
CAM00249,211 Hurley St,Cambridge,MA,,1873,3,105,THREE-FM-RES,Cambridge Property Database FY2026 (waa7-ibdu),2026-10-04T04:37Z,1245,https://data.cambridgema.gov/d/waa7-ibdu?pid=1245
CAM00250,55 Otis St,Cambridge,MA,,1902,3,105,THREE-FM-RES,Cambridge Property Database FY2026 (waa7-ibdu),2026-10-04T04:37Z,1248,https://data.cambridgema.gov/d/waa7-ibdu?pid=1248
CAM00251,66-68 Otis St,Cambridge,MA,,,0,199,CONDO-BLDG,Cambridge Property Database FY2026 (waa7-ibdu),2026-10-04T04:37Z,1253,https://data.cambridgema.gov/d/waa7-ibdu?pid=1253
CAM00252,77 Spring St,Cambridge,MA,,1854,2,104,TWO-FAM-RES,Cambridge Property Database FY2026 (waa7-ibdu),2026-10-04T04:37Z,1255,https://data.cambridgema.gov/d/waa7-ibdu?pid=1255
CAM00253,110 Sciarappa St,Cambridge,MA,,1902,2,104,TWO-FAM-RES,Cambridge Property Database FY2026 (waa7-ibdu),2026-10-04T04:37Z,1257,https://data.cambridgema.gov/d/waa7-ibdu?pid=1257
CAM00254,235 Hurley St,Cambridge,MA,,1902,0,104,TWO-FAM-RES,Cambridge Property Database FY2026 (waa7-ibdu),2026-10-04T04:37Z,1258,https://data.cambridgema.gov/d/waa7-ibdu?pid=1258
CAM00255,80 Spring St,Cambridge,MA,,1873,0,104,TWO-FAM-RES,Cambridge Property Database FY2026 (waa7-ibdu),2026-10-04T04:37Z,1259,https://data.cambridgema.gov/d/waa7-ibdu?pid=1259
CAM00256,98-100 Sciarappa St,Cambridge,MA,,1905,4,111,4-8-UNIT-APT,Cambridge Property Database FY2026 (waa7-ibdu),2026-10-04T04:37Z,1260,https://data.cambridgema.gov/d/waa7-ibdu?pid=1260
CAM00257,140 Otis St,Cambridge,MA,,1896,2,104,TWO-FAM-RES,Cambridge Property Database FY2026 (waa7-ibdu),2026-10-04T04:37Z,1261,https://data.cambridgema.gov/d/waa7-ibdu?pid=1261
CAM00258,132 Otis St,Cambridge,MA,,1873,3,105,THREE-FM-RES,Cambridge Property Database FY2026 (waa7-ibdu),2026-10-04T04:37Z,1265,https://data.cambridgema.gov/d/waa7-ibdu?pid=1265
CAM00259,130 Otis St,Cambridge,MA,,1873,2,104,TWO-FAM-RES,Cambridge Property Database FY2026 (waa7-ibdu),2026-10-04T04:37Z,1266,https://data.cambridgema.gov/d/waa7-ibdu?pid=1266
CAM00260,128 Otis St,Cambridge,MA,,1854,3,105,THREE-FM-RES,Cambridge Property Database FY2026 (waa7-ibdu),2026-10-04T04:37Z,1267,https://data.cambridgema.gov/d/waa7-ibdu?pid=1267
CAM00261,122-124 Otis St,Cambridge,MA,,1902,2,1094,MULT-RES-2FAM,Cambridge Property Database FY2026 (waa7-ibdu),2026-10-04T04:37Z,1268,https://data.cambridgema.gov/d/waa7-ibdu?pid=1268
CAM00262,81 Fifth St,Cambridge,MA,,1842,2,104,TWO-FAM-RES,Cambridge Property Database FY2026 (waa7-ibdu),2026-10-04T04:37Z,1270,https://data.cambridgema.gov/d/waa7-ibdu?pid=1270
CAM00263,83 Fifth St,Cambridge,MA,,1873,2,104,TWO-FAM-RES,Cambridge Property Database FY2026 (waa7-ibdu),2026-10-04T04:37Z,1271,https://data.cambridgema.gov/d/waa7-ibdu?pid=1271
CAM00264,89-91 Fifth St,Cambridge,MA,,1854,3,105,THREE-FM-RES,Cambridge Property Database FY2026 (waa7-ibdu),2026-10-04T04:37Z,1272,https://data.cambridgema.gov/d/waa7-ibdu?pid=1272
CAM00265,121 Thorndike St,Cambridge,MA,,1920,5,111,4-8-UNIT-APT,Cambridge Property Database FY2026 (waa7-ibdu),2026-10-04T04:37Z,1273,https://data.cambridgema.gov/d/waa7-ibdu?pid=1273
CAM00266,125 Thorndike St,Cambridge,MA,,1850,3,105,THREE-FM-RES,Cambridge Property Database FY2026 (waa7-ibdu),2026-10-04T04:37Z,1274,https://data.cambridgema.gov/d/waa7-ibdu?pid=1274
CAM00267,131 Thorndike St,Cambridge,MA,,1840,13,1095,MULT-RES-3FAM,Cambridge Property Database FY2026 (waa7-ibdu),2026-10-04T04:37Z,1275,https://data.cambridgema.gov/d/waa7-ibdu?pid=1275
CAM00268,133 Thorndike St,Cambridge,MA,,1850,2,104,TWO-FAM-RES,Cambridge Property Database FY2026 (waa7-ibdu),2026-10-04T04:37Z,1276,https://data.cambridgema.gov/d/waa7-ibdu?pid=1276
CAM00269,135 Thorndike St,Cambridge,MA,,1850,3,105,THREE-FM-RES,Cambridge Property Database FY2026 (waa7-ibdu),2026-10-04T04:37Z,1277,https://data.cambridgema.gov/d/waa7-ibdu?pid=1277
CAM00270,137-139 Thorndike St,Cambridge,MA,,1850,3,105,THREE-FM-RES,Cambridge Property Database FY2026 (waa7-ibdu),2026-10-04T04:37Z,1278,https://data.cambridgema.gov/d/waa7-ibdu?pid=1278
CAM00271,141 Thorndike St,Cambridge,MA,,1854,2,104,TWO-FAM-RES,Cambridge Property Database FY2026 (waa7-ibdu),2026-10-04T04:37Z,1279,https://data.cambridgema.gov/d/waa7-ibdu?pid=1279
CAM00272,143 Thorndike St,Cambridge,MA,,,0,199,CONDO-BLDG,Cambridge Property Database FY2026 (waa7-ibdu),2026-10-04T04:37Z,1280,https://data.cambridgema.gov/d/waa7-ibdu?pid=1280
CAM00273,40 Sixth St,Cambridge,MA,,1873,2,104,TWO-FAM-RES,Cambridge Property Database FY2026 (waa7-ibdu),2026-10-04T04:37Z,1282,https://data.cambridgema.gov/d/waa7-ibdu?pid=1282
CAM00274,102-104 Otis St,Cambridge,MA,,,0,199,CONDO-BLDG,Cambridge Property Database FY2026 (waa7-ibdu),2026-10-04T04:37Z,1284,https://data.cambridgema.gov/d/waa7-ibdu?pid=1284
CAM00275,100 Otis St,Cambridge,MA,,,0,199,CONDO-BLDG,Cambridge Property Database FY2026 (waa7-ibdu),2026-10-04T04:37Z,1285,https://data.cambridgema.gov/d/waa7-ibdu?pid=1285
CAM00276,94 Otis St,Cambridge,MA,,1873,2,104,TWO-FAM-RES,Cambridge Property Database FY2026 (waa7-ibdu),2026-10-04T04:37Z,1288,https://data.cambridgema.gov/d/waa7-ibdu?pid=1288
CAM00277,89-91 Thorndike St,Cambridge,MA,,,0,199,CONDO-BLDG,Cambridge Property Database FY2026 (waa7-ibdu),2026-10-04T04:37Z,1291,https://data.cambridgema.gov/d/waa7-ibdu?pid=1291
CAM00278,93-97 Thorndike St,Cambridge,MA,,,0,199,CONDO-BLDG,Cambridge Property Database FY2026 (waa7-ibdu),2026-10-04T04:37Z,1292,https://data.cambridgema.gov/d/waa7-ibdu?pid=1292
CAM00279,99 Thorndike St,Cambridge,MA,,1905,2,104,TWO-FAM-RES,Cambridge Property Database FY2026 (waa7-ibdu),2026-10-04T04:37Z,1293,https://data.cambridgema.gov/d/waa7-ibdu?pid=1293
CAM00280,101 Thorndike St,Cambridge,MA,,1910,4,111,4-8-UNIT-APT,Cambridge Property Database FY2026 (waa7-ibdu),2026-10-04T04:37Z,1294,https://data.cambridgema.gov/d/waa7-ibdu?pid=1294
CAM00281,109 Thorndike St,Cambridge,MA,,1857,2,104,TWO-FAM-RES,Cambridge Property Database FY2026 (waa7-ibdu),2026-10-04T04:37Z,1295,https://data.cambridgema.gov/d/waa7-ibdu?pid=1295
CAM00282,117 Thorndike St,Cambridge,MA,,1830,2,104,TWO-FAM-RES,Cambridge Property Database FY2026 (waa7-ibdu),2026-10-04T04:37Z,1296,https://data.cambridgema.gov/d/waa7-ibdu?pid=1296
CAM00283,96 Fifth St,Cambridge,MA,,1902,3,105,THREE-FM-RES,Cambridge Property Database FY2026 (waa7-ibdu),2026-10-04T04:37Z,1297,https://data.cambridgema.gov/d/waa7-ibdu?pid=1297
CAM00284,114 Thorndike St,Cambridge,MA,,1863,3,105,THREE-FM-RES,Cambridge Property Database FY2026 (waa7-ibdu),2026-10-04T04:37Z,1301,https://data.cambridgema.gov/d/waa7-ibdu?pid=1301
CAM00285,112 Thorndike St,Cambridge,MA,,1863,3,105,THREE-FM-RES,Cambridge Property Database FY2026 (waa7-ibdu),2026-10-04T04:37Z,1302,https://data.cambridgema.gov/d/waa7-ibdu?pid=1302
CAM00286,110 Thorndike St,Cambridge,MA,,1857,3,105,THREE-FM-RES,Cambridge Property Database FY2026 (waa7-ibdu),2026-10-04T04:37Z,1303,https://data.cambridgema.gov/d/waa7-ibdu?pid=1303
CAM00287,100 Thorndike St,Cambridge,MA,,1886,2,104,TWO-FAM-RES,Cambridge Property Database FY2026 (waa7-ibdu),2026-10-04T04:37Z,1305,https://data.cambridgema.gov/d/waa7-ibdu?pid=1305
CAM00288,84 Thorndike St,Cambridge,MA,,1900,4,111,4-8-UNIT-APT,Cambridge Property Database FY2026 (waa7-ibdu),2026-10-04T04:37Z,1310,https://data.cambridgema.gov/d/waa7-ibdu?pid=1310
CAM00289,89 Spring St,Cambridge,MA,,1832,3,105,THREE-FM-RES,Cambridge Property Database FY2026 (waa7-ibdu),2026-10-04T04:37Z,1311,https://data.cambridgema.gov/d/waa7-ibdu?pid=1311
CAM00290,97 Spring St,Cambridge,MA,,1895,4,111,4-8-UNIT-APT,Cambridge Property Database FY2026 (waa7-ibdu),2026-10-04T04:37Z,1313,https://data.cambridgema.gov/d/waa7-ibdu?pid=1313
CAM00291,99 Spring St,Cambridge,MA,,1881,3,105,THREE-FM-RES,Cambridge Property Database FY2026 (waa7-ibdu),2026-10-04T04:37Z,1314,https://data.cambridgema.gov/d/waa7-ibdu?pid=1314
CAM00292,101 Spring St,Cambridge,MA,,1902,2,104,TWO-FAM-RES,Cambridge Property Database FY2026 (waa7-ibdu),2026-10-04T04:37Z,1315,https://data.cambridgema.gov/d/waa7-ibdu?pid=1315
CAM00293,150 Thorndike St,Cambridge,MA,,1854,3,105,THREE-FM-RES,Cambridge Property Database FY2026 (waa7-ibdu),2026-10-04T04:37Z,1321,https://data.cambridgema.gov/d/waa7-ibdu?pid=1321
CAM00294,146 Thorndike St,Cambridge,MA,,,0,199,CONDO-BLDG,Cambridge Property Database FY2026 (waa7-ibdu),2026-10-04T04:37Z,1322,https://data.cambridgema.gov/d/waa7-ibdu?pid=1322
CAM00295,144 Thorndike St,Cambridge,MA,,1828,3,1095,MULT-RES-3FAM,Cambridge Property Database FY2026 (waa7-ibdu),2026-10-04T04:37Z,1325,https://data.cambridgema.gov/d/waa7-ibdu?pid=1325
CAM00296,142 Thorndike St,Cambridge,MA,,1850,3,105,THREE-FM-RES,Cambridge Property Database FY2026 (waa7-ibdu),2026-10-04T04:37Z,1326,https://data.cambridgema.gov/d/waa7-ibdu?pid=1326
CAM00297,134 Thorndike St,Cambridge,MA,,1915,4,111,4-8-UNIT-APT,Cambridge Property Database FY2026 (waa7-ibdu),2026-10-04T04:37Z,1329,https://data.cambridgema.gov/d/waa7-ibdu?pid=1329
CAM00298,128-130 Thorndike St,Cambridge,MA,,1844,2,1094,MULT-RES-2FAM,Cambridge Property Database FY2026 (waa7-ibdu),2026-10-04T04:37Z,1330,https://data.cambridgema.gov/d/waa7-ibdu?pid=1330
CAM00299,126 Thorndike St,Cambridge,MA,,1826,3,1095,MULT-RES-3FAM,Cambridge Property Database FY2026 (waa7-ibdu),2026-10-04T04:37Z,1331,https://data.cambridgema.gov/d/waa7-ibdu?pid=1331
CAM00300,99 Fifth St,Cambridge,MA,,,0,199,CONDO-BLDG,Cambridge Property Database FY2026 (waa7-ibdu),2026-10-04T04:37Z,1333,https://data.cambridgema.gov/d/waa7-ibdu?pid=1333
CAM00301,115 Fifth St,Cambridge,MA,,1910,6,111,4-8-UNIT-APT,Cambridge Property Database FY2026 (waa7-ibdu),2026-10-04T04:37Z,1334,https://data.cambridgema.gov/d/waa7-ibdu?pid=1334
CAM00302,117-119 Spring St,Cambridge,MA,,1920,3,1095,MULT-RES-3FAM,Cambridge Property Database FY2026 (waa7-ibdu),2026-10-04T04:37Z,1335,https://data.cambridgema.gov/d/waa7-ibdu?pid=1335
CAM00303,121 Spring St,Cambridge,MA,,,0,199,CONDO-BLDG,Cambridge Property Database FY2026 (waa7-ibdu),2026-10-04T04:37Z,1336,https://data.cambridgema.gov/d/waa7-ibdu?pid=1336
CAM00304,125 Spring St,Cambridge,MA,,1854,2,104,TWO-FAM-RES,Cambridge Property Database FY2026 (waa7-ibdu),2026-10-04T04:37Z,1341,https://data.cambridgema.gov/d/waa7-ibdu?pid=1341
CAM00305,129 Spring St,Cambridge,MA,,,0,199,CONDO-BLDG,Cambridge Property Database FY2026 (waa7-ibdu),2026-10-04T04:37Z,1342,https://data.cambridgema.gov/d/waa7-ibdu?pid=1342
CAM00306,133 Spring St,Cambridge,MA,,,0,199,CONDO-BLDG,Cambridge Property Database FY2026 (waa7-ibdu),2026-10-04T04:37Z,1343,https://data.cambridgema.gov/d/waa7-ibdu?pid=1343
CAM00307,66 Sixth St,Cambridge,MA,,1903,3,105,THREE-FM-RES,Cambridge Property Database FY2026 (waa7-ibdu),2026-10-04T04:37Z,1344,https://data.cambridgema.gov/d/waa7-ibdu?pid=1344
CAM00308,112 Otis St,Cambridge,MA,,1835,3,105,THREE-FM-RES,Cambridge Property Database FY2026 (waa7-ibdu),2026-10-04T04:37Z,1345,https://data.cambridgema.gov/d/waa7-ibdu?pid=1345
CAM00309,106 Otis St,Cambridge,MA,,,0,199,CONDO-BLDG,Cambridge Property Database FY2026 (waa7-ibdu),2026-10-04T04:37Z,1346,https://data.cambridgema.gov/d/waa7-ibdu?pid=1346
CAM00310,80 Fifth St,Cambridge,MA,,1842,2,104,TWO-FAM-RES,Cambridge Property Database FY2026 (waa7-ibdu),2026-10-04T04:37Z,1350,https://data.cambridgema.gov/d/waa7-ibdu?pid=1350
CAM00311,118 Thorndike St,Cambridge,MA,,1860,2,104,TWO-FAM-RES,Cambridge Property Database FY2026 (waa7-ibdu),2026-10-04T04:37Z,1351,https://data.cambridgema.gov/d/waa7-ibdu?pid=1351
CAM00312,106-108 Fifth St,Cambridge,MA,,,0,199,CONDO-BLDG,Cambridge Property Database FY2026 (waa7-ibdu),2026-10-04T04:37Z,1352,https://data.cambridgema.gov/d/waa7-ibdu?pid=1352
CAM00313,88 Fifth St,Cambridge,MA,,,0,199,CONDO-BLDG,Cambridge Property Database FY2026 (waa7-ibdu),2026-10-04T04:37Z,1355,https://data.cambridgema.gov/d/waa7-ibdu?pid=1355
CAM00314,111 Thorndike St,Cambridge,MA,,1855,2,104,TWO-FAM-RES,Cambridge Property Database FY2026 (waa7-ibdu),2026-10-04T04:37Z,1356,https://data.cambridgema.gov/d/waa7-ibdu?pid=1356
CAM00315,75 Fifth St,Cambridge,MA,,1837,2,104,TWO-FAM-RES,Cambridge Property Database FY2026 (waa7-ibdu),2026-10-04T04:37Z,1357,https://data.cambridgema.gov/d/waa7-ibdu?pid=1357
CAM00316,118 Otis St,Cambridge,MA,,,0,199,CONDO-BLDG,Cambridge Property Database FY2026 (waa7-ibdu),2026-10-04T04:37Z,1358,https://data.cambridgema.gov/d/waa7-ibdu?pid=1358
CAM00317,58 Sixth St,Cambridge,MA,,,0,199,CONDO-BLDG,Cambridge Property Database FY2026 (waa7-ibdu),2026-10-04T04:37Z,1359,https://data.cambridgema.gov/d/waa7-ibdu?pid=1359
CAM00318,96 Otis St,Cambridge,MA,,,0,199,CONDO-BLDG,Cambridge Property Database FY2026 (waa7-ibdu),2026-10-04T04:37Z,1363,https://data.cambridgema.gov/d/waa7-ibdu?pid=1363
CAM00319,96 Thorndike St,Cambridge,MA,,1826,2,104,TWO-FAM-RES,Cambridge Property Database FY2026 (waa7-ibdu),2026-10-04T04:37Z,1369,https://data.cambridgema.gov/d/waa7-ibdu?pid=1369
CAM00320,137 Spring St,Cambridge,MA,,1905,9,114,AFFORDABLE APT,Cambridge Property Database FY2026 (waa7-ibdu),2026-10-04T04:37Z,1373,https://data.cambridgema.gov/d/waa7-ibdu?pid=1373
CAM00321,89 Sciarappa St,Cambridge,MA,,,0,199,CONDO-BLDG,Cambridge Property Database FY2026 (waa7-ibdu),2026-10-04T04:37Z,1374,https://data.cambridgema.gov/d/waa7-ibdu?pid=1374
CAM00322,93 Sciarappa St,Cambridge,MA,,,0,199,CONDO-BLDG,Cambridge Property Database FY2026 (waa7-ibdu),2026-10-04T04:37Z,1375,https://data.cambridgema.gov/d/waa7-ibdu?pid=1375
CAM00323,104 Thorndike St,Cambridge,MA,,1902,0,105,THREE-FM-RES,Cambridge Property Database FY2026 (waa7-ibdu),2026-10-04T04:37Z,1376,https://data.cambridgema.gov/d/waa7-ibdu?pid=1376
CAM00324,106 Thorndike St,Cambridge,MA,,1902,3,105,THREE-FM-RES,Cambridge Property Database FY2026 (waa7-ibdu),2026-10-04T04:37Z,1377,https://data.cambridgema.gov/d/waa7-ibdu?pid=1377
CAM00325,141 Spring St,Cambridge,MA,,1905,6,114,AFFORDABLE APT,Cambridge Property Database FY2026 (waa7-ibdu),2026-10-04T04:37Z,1378,https://data.cambridgema.gov/d/waa7-ibdu?pid=1378
CAM00326,139 Spring St,Cambridge,MA,,1929,3,105,THREE-FM-RES,Cambridge Property Database FY2026 (waa7-ibdu),2026-10-04T04:37Z,1379,https://data.cambridgema.gov/d/waa7-ibdu?pid=1379
CAM00327,127 Thorndike St,Cambridge,MA,,1870,2,104,TWO-FAM-RES,Cambridge Property Database FY2026 (waa7-ibdu),2026-10-04T04:37Z,1382,https://data.cambridgema.gov/d/waa7-ibdu?pid=1382
CAM00328,129 Thorndike St,Cambridge,MA,,,0,199,CONDO-BLDG,Cambridge Property Database FY2026 (waa7-ibdu),2026-10-04T04:37Z,1383,https://data.cambridgema.gov/d/waa7-ibdu?pid=1383
CAM00329,150 Spring St,Cambridge,MA,,1854,2,104,TWO-FAM-RES,Cambridge Property Database FY2026 (waa7-ibdu),2026-10-04T04:37Z,1384,https://data.cambridgema.gov/d/waa7-ibdu?pid=1384
CAM00330,144 Spring St,Cambridge,MA,,1894,3,1095,MULT-RES-3FAM,Cambridge Property Database FY2026 (waa7-ibdu),2026-10-04T04:37Z,1387,https://data.cambridgema.gov/d/waa7-ibdu?pid=1387
CAM00331,133 Fifth St,Cambridge,MA,,1920,6,111,4-8-UNIT-APT,Cambridge Property Database FY2026 (waa7-ibdu),2026-10-04T04:37Z,1398,https://data.cambridgema.gov/d/waa7-ibdu?pid=1398
CAM00332,135 Fifth St,Cambridge,MA,,,0,199,CONDO-BLDG,Cambridge Property Database FY2026 (waa7-ibdu),2026-10-04T04:37Z,1399,https://data.cambridgema.gov/d/waa7-ibdu?pid=1399
CAM00333,307-321 Hurley St,Cambridge,MA,,1920,2,1094,MULT-RES-2FAM,Cambridge Property Database FY2026 (waa7-ibdu),2026-10-04T04:37Z,1401,https://data.cambridgema.gov/d/waa7-ibdu?pid=1401
CAM00334,329 Hurley St,Cambridge,MA,,,0,199,CONDO-BLDG,Cambridge Property Database FY2026 (waa7-ibdu),2026-10-04T04:37Z,1403,https://data.cambridgema.gov/d/waa7-ibdu?pid=1403
CAM00335,74 Sixth St,Cambridge,MA,,1902,3,105,THREE-FM-RES,Cambridge Property Database FY2026 (waa7-ibdu),2026-10-04T04:37Z,1408,https://data.cambridgema.gov/d/waa7-ibdu?pid=1408
CAM00336,112 Spring St,Cambridge,MA,,,0,199,CONDO-BLDG,Cambridge Property Database FY2026 (waa7-ibdu),2026-10-04T04:37Z,1409,https://data.cambridgema.gov/d/waa7-ibdu?pid=1409
CAM00337,110 Spring St,Cambridge,MA,,1873,3,105,THREE-FM-RES,Cambridge Property Database FY2026 (waa7-ibdu),2026-10-04T04:37Z,1410,https://data.cambridgema.gov/d/waa7-ibdu?pid=1410
CAM00338,106-108 Spring St,Cambridge,MA,,,0,199,CONDO-BLDG,Cambridge Property Database FY2026 (waa7-ibdu),2026-10-04T04:37Z,1411,https://data.cambridgema.gov/d/waa7-ibdu?pid=1411
CAM00339,102 Spring St,Cambridge,MA,,1900,0,104,TWO-FAM-RES,Cambridge Property Database FY2026 (waa7-ibdu),2026-10-04T04:37Z,1414,https://data.cambridgema.gov/d/waa7-ibdu?pid=1414
CAM00340,98 Spring St,Cambridge,MA,,,0,199,CONDO-BLDG,Cambridge Property Database FY2026 (waa7-ibdu),2026-10-04T04:37Z,1415,https://data.cambridgema.gov/d/waa7-ibdu?pid=1415
CAM00341,96 Spring St,Cambridge,MA,,1873,2,104,TWO-FAM-RES,Cambridge Property Database FY2026 (waa7-ibdu),2026-10-04T04:37Z,1418,https://data.cambridgema.gov/d/waa7-ibdu?pid=1418
CAM00342,94 Spring St,Cambridge,MA,,1873,2,1094,MULT-RES-2FAM,Cambridge Property Database FY2026 (waa7-ibdu),2026-10-04T04:37Z,1419,https://data.cambridgema.gov/d/waa7-ibdu?pid=1419
CAM00343,105 Sciarappa St,Cambridge,MA,,1900,5,111,4-8-UNIT-APT,Cambridge Property Database FY2026 (waa7-ibdu),2026-10-04T04:37Z,1425,https://data.cambridgema.gov/d/waa7-ibdu?pid=1425
CAM00344,249 Hurley St,Cambridge,MA,,1873,3,105,THREE-FM-RES,Cambridge Property Database FY2026 (waa7-ibdu),2026-10-04T04:37Z,1426,https://data.cambridgema.gov/d/waa7-ibdu?pid=1426
CAM00345,259 Hurley St,Cambridge,MA,,,0,199,CONDO-BLDG,Cambridge Property Database FY2026 (waa7-ibdu),2026-10-04T04:37Z,1427,https://data.cambridgema.gov/d/waa7-ibdu?pid=1427
CAM00346,263-265 Hurley St,Cambridge,MA,,,0,199,CONDO-BLDG,Cambridge Property Database FY2026 (waa7-ibdu),2026-10-04T04:37Z,1429,https://data.cambridgema.gov/d/waa7-ibdu?pid=1429
CAM00347,291 Hurley St,Cambridge,MA,,1854,2,104,TWO-FAM-RES,Cambridge Property Database FY2026 (waa7-ibdu),2026-10-04T04:37Z,1434,https://data.cambridgema.gov/d/waa7-ibdu?pid=1434
CAM00348,148 Fifth St,Cambridge,MA,,,0,199,CONDO-BLDG,Cambridge Property Database FY2026 (waa7-ibdu),2026-10-04T04:37Z,1437,https://data.cambridgema.gov/d/waa7-ibdu?pid=1437
CAM00349,274-278 Hurley St,Cambridge,MA,,1890,6,112,>8-UNIT-APT,Cambridge Property Database FY2026 (waa7-ibdu),2026-10-04T04:37Z,1448,https://data.cambridgema.gov/d/waa7-ibdu?pid=1448
CAM00350,111 Sciarappa St,Cambridge,MA,,1991,8,111,4-8-UNIT-APT,Cambridge Property Database FY2026 (waa7-ibdu),2026-10-04T04:37Z,1451,https://data.cambridgema.gov/d/waa7-ibdu?pid=1451
CAM00351,113 Sciarappa St,Cambridge,MA,,,0,199,CONDO-BLDG,Cambridge Property Database FY2026 (waa7-ibdu),2026-10-04T04:37Z,1452,https://data.cambridgema.gov/d/waa7-ibdu?pid=1452
CAM00352,115 Sciarappa St,Cambridge,MA,,1870,3,105,THREE-FM-RES,Cambridge Property Database FY2026 (waa7-ibdu),2026-10-04T04:37Z,1455,https://data.cambridgema.gov/d/waa7-ibdu?pid=1455
CAM00353,169 Charles St,Cambridge,MA,,1886,0,105,THREE-FM-RES,Cambridge Property Database FY2026 (waa7-ibdu),2026-10-04T04:37Z,1457,https://data.cambridgema.gov/d/waa7-ibdu?pid=1457
CAM00354,173 Charles St,Cambridge,MA,,1886,0,104,TWO-FAM-RES,Cambridge Property Database FY2026 (waa7-ibdu),2026-10-04T04:37Z,1458,https://data.cambridgema.gov/d/waa7-ibdu?pid=1458
CAM00355,177 Charles St,Cambridge,MA,,,0,199,CONDO-BLDG,Cambridge Property Database FY2026 (waa7-ibdu),2026-10-04T04:37Z,1459,https://data.cambridgema.gov/d/waa7-ibdu?pid=1459
CAM00356,181 Charles St,Cambridge,MA,,1886,3,105,THREE-FM-RES,Cambridge Property Database FY2026 (waa7-ibdu),2026-10-04T04:37Z,1460,https://data.cambridgema.gov/d/waa7-ibdu?pid=1460
CAM00357,160 Fifth St,Cambridge,MA,,1894,2,104,TWO-FAM-RES,Cambridge Property Database FY2026 (waa7-ibdu),2026-10-04T04:37Z,1463,https://data.cambridgema.gov/d/waa7-ibdu?pid=1463
CAM00358,338 Hurley St,Cambridge,MA,,,0,199,CONDO-BLDG,Cambridge Property Database FY2026 (waa7-ibdu),2026-10-04T04:37Z,1470,https://data.cambridgema.gov/d/waa7-ibdu?pid=1470
CAM00359,334 Hurley St,Cambridge,MA,,1894,3,105,THREE-FM-RES,Cambridge Property Database FY2026 (waa7-ibdu),2026-10-04T04:37Z,1471,https://data.cambridgema.gov/d/waa7-ibdu?pid=1471
CAM00360,308-318 Hurley St,Cambridge,MA,,,0,199,CONDO-BLDG,Cambridge Property Database FY2026 (waa7-ibdu),2026-10-04T04:37Z,1472,https://data.cambridgema.gov/d/waa7-ibdu?pid=1472
CAM00361,306 Hurley St,Cambridge,MA,,1854,2,104,TWO-FAM-RES,Cambridge Property Database FY2026 (waa7-ibdu),2026-10-04T04:37Z,1474,https://data.cambridgema.gov/d/waa7-ibdu?pid=1474
CAM00362,302 Hurley St,Cambridge,MA,,1854,2,104,TWO-FAM-RES,Cambridge Property Database FY2026 (waa7-ibdu),2026-10-04T04:37Z,1475,https://data.cambridgema.gov/d/waa7-ibdu?pid=1475
CAM00363,296 Hurley St,Cambridge,MA,,1854,2,104,TWO-FAM-RES,Cambridge Property Database FY2026 (waa7-ibdu),2026-10-04T04:37Z,1476,https://data.cambridgema.gov/d/waa7-ibdu?pid=1476
CAM00364,153 Fifth St,Cambridge,MA,,1873,2,104,TWO-FAM-RES,Cambridge Property Database FY2026 (waa7-ibdu),2026-10-04T04:37Z,1477,https://data.cambridgema.gov/d/waa7-ibdu?pid=1477
CAM00365,209 Charles St,Cambridge,MA,,1903,2,104,TWO-FAM-RES,Cambridge Property Database FY2026 (waa7-ibdu),2026-10-04T04:37Z,1479,https://data.cambridgema.gov/d/waa7-ibdu?pid=1479
CAM00366,96 Sixth St,Cambridge,MA,,1886,2,104,TWO-FAM-RES,Cambridge Property Database FY2026 (waa7-ibdu),2026-10-04T04:37Z,1481,https://data.cambridgema.gov/d/waa7-ibdu?pid=1481
CAM00367,90-92 Sixth St,Cambridge,MA,,1873,3,105,THREE-FM-RES,Cambridge Property Database FY2026 (waa7-ibdu),2026-10-04T04:37Z,1482,https://data.cambridgema.gov/d/waa7-ibdu?pid=1482
CAM00368,223 Charles St,Cambridge,MA,,1925,6,111,4-8-UNIT-APT,Cambridge Property Database FY2026 (waa7-ibdu),2026-10-04T04:37Z,1484,https://data.cambridgema.gov/d/waa7-ibdu?pid=1484
CAM00369,221 Charles St,Cambridge,MA,,,0,199,CONDO-BLDG,Cambridge Property Database FY2026 (waa7-ibdu),2026-10-04T04:37Z,1485,https://data.cambridgema.gov/d/waa7-ibdu?pid=1485
CAM00370,275 Hurley St,Cambridge,MA,,1894,3,105,THREE-FM-RES,Cambridge Property Database FY2026 (waa7-ibdu),2026-10-04T04:37Z,1489,https://data.cambridgema.gov/d/waa7-ibdu?pid=1489
CAM00371,269 Hurley St,Cambridge,MA,,,0,199,CONDO-BLDG,Cambridge Property Database FY2026 (waa7-ibdu),2026-10-04T04:37Z,1491,https://data.cambridgema.gov/d/waa7-ibdu?pid=1491
CAM00372,153 Charles St,Cambridge,MA,,1854,2,104,TWO-FAM-RES,Cambridge Property Database FY2026 (waa7-ibdu),2026-10-04T04:37Z,1492,https://data.cambridgema.gov/d/waa7-ibdu?pid=1492
CAM00373,121 Sciarappa St,Cambridge,MA,,,0,199,CONDO-BLDG,Cambridge Property Database FY2026 (waa7-ibdu),2026-10-04T04:37Z,1493,https://data.cambridgema.gov/d/waa7-ibdu?pid=1493
CAM00374,205 Charles St,Cambridge,MA,,1903,3,105,THREE-FM-RES,Cambridge Property Database FY2026 (waa7-ibdu),2026-10-04T04:37Z,1496,https://data.cambridgema.gov/d/waa7-ibdu?pid=1496
CAM00375,207 Charles St,Cambridge,MA,,1903,3,105,THREE-FM-RES,Cambridge Property Database FY2026 (waa7-ibdu),2026-10-04T04:37Z,1497,https://data.cambridgema.gov/d/waa7-ibdu?pid=1497
CAM00376,157.5 Fifth St,Cambridge,MA,,,0,199,CONDO-BLDG,Cambridge Property Database FY2026 (waa7-ibdu),2026-10-04T04:37Z,1498,https://data.cambridgema.gov/d/waa7-ibdu?pid=1498
CAM00377,155 Fifth St,Cambridge,MA,,1873,3,105,THREE-FM-RES,Cambridge Property Database FY2026 (waa7-ibdu),2026-10-04T04:37Z,1499,https://data.cambridgema.gov/d/waa7-ibdu?pid=1499
CAM00378,333 Hurley St,Cambridge,MA,,1873,2,104,TWO-FAM-RES,Cambridge Property Database FY2026 (waa7-ibdu),2026-10-04T04:37Z,1500,https://data.cambridgema.gov/d/waa7-ibdu?pid=1500
CAM00379,331 Hurley St,Cambridge,MA,,1873,2,104,TWO-FAM-RES,Cambridge Property Database FY2026 (waa7-ibdu),2026-10-04T04:37Z,1501,https://data.cambridgema.gov/d/waa7-ibdu?pid=1501
CAM00380,72 Sixth St,Cambridge,MA,,1902,2,104,TWO-FAM-RES,Cambridge Property Database FY2026 (waa7-ibdu),2026-10-04T04:37Z,1502,https://data.cambridgema.gov/d/waa7-ibdu?pid=1502
CAM00381,118 Spring St,Cambridge,MA,,,0,199,CONDO-BLDG,Cambridge Property Database FY2026 (waa7-ibdu),2026-10-04T04:37Z,1503,https://data.cambridgema.gov/d/waa7-ibdu?pid=1503
CAM00382,253 Hurley St,Cambridge,MA,,1873,3,105,THREE-FM-RES,Cambridge Property Database FY2026 (waa7-ibdu),2026-10-04T04:37Z,1504,https://data.cambridgema.gov/d/waa7-ibdu?pid=1504
CAM00383,117-119 Sciarappa St,Cambridge,MA,,1880,3,1095,MULT-RES-3FAM,Cambridge Property Database FY2026 (waa7-ibdu),2026-10-04T04:37Z,1506,https://data.cambridgema.gov/d/waa7-ibdu?pid=1506
CAM00384,341 Hurley St,Cambridge,MA,,,0,199,CONDO-BLDG,Cambridge Property Database FY2026 (waa7-ibdu),2026-10-04T04:37Z,1508,https://data.cambridgema.gov/d/waa7-ibdu?pid=1508
CAM00385,241 Hurley St,Cambridge,MA,,,0,199,CONDO-BLDG,Cambridge Property Database FY2026 (waa7-ibdu),2026-10-04T04:37Z,1510,https://data.cambridgema.gov/d/waa7-ibdu?pid=1510
CAM00386,303 Hurley St,Cambridge,MA,,1920,6,111,4-8-UNIT-APT,Cambridge Property Database FY2026 (waa7-ibdu),2026-10-04T04:37Z,1512,https://data.cambridgema.gov/d/waa7-ibdu?pid=1512
CAM00387,163 Charles St,Cambridge,MA,,1873,2,104,TWO-FAM-RES,Cambridge Property Database FY2026 (waa7-ibdu),2026-10-04T04:37Z,1513,https://data.cambridgema.gov/d/waa7-ibdu?pid=1513
CAM00388,165 Charles St,Cambridge,MA,,1873,3,105,THREE-FM-RES,Cambridge Property Database FY2026 (waa7-ibdu),2026-10-04T04:37Z,1514,https://data.cambridgema.gov/d/waa7-ibdu?pid=1514
CAM00389,159 Fifth St,Cambridge,MA,,,0,199,CONDO-BLDG,Cambridge Property Database FY2026 (waa7-ibdu),2026-10-04T04:37Z,1515,https://data.cambridgema.gov/d/waa7-ibdu?pid=1515
CAM00390,163 Fifth St,Cambridge,MA,,1873,2,104,TWO-FAM-RES,Cambridge Property Database FY2026 (waa7-ibdu),2026-10-04T04:37Z,1516,https://data.cambridgema.gov/d/waa7-ibdu?pid=1516
CAM00391,332 Hurley St,Cambridge,MA,,1880,3,105,THREE-FM-RES,Cambridge Property Database FY2026 (waa7-ibdu),2026-10-04T04:37Z,1517,https://data.cambridgema.gov/d/waa7-ibdu?pid=1517
CAM00392,322 Hurley St,Cambridge,MA,,1915,6,111,4-8-UNIT-APT,Cambridge Property Database FY2026 (waa7-ibdu),2026-10-04T04:37Z,1518,https://data.cambridgema.gov/d/waa7-ibdu?pid=1518
CAM00393,122A Spring St,Cambridge,MA,,1910,6,111,4-8-UNIT-APT,Cambridge Property Database FY2026 (waa7-ibdu),2026-10-04T04:37Z,1519,https://data.cambridgema.gov/d/waa7-ibdu?pid=1519
CAM00394,335 Hurley St,Cambridge,MA,,1902,2,104,TWO-FAM-RES,Cambridge Property Database FY2026 (waa7-ibdu),2026-10-04T04:37Z,1520,https://data.cambridgema.gov/d/waa7-ibdu?pid=1520
CAM00395,152 Spring St,Cambridge,MA,,1902,2,104,TWO-FAM-RES,Cambridge Property Database FY2026 (waa7-ibdu),2026-10-04T04:37Z,1521,https://data.cambridgema.gov/d/waa7-ibdu?pid=1521
CAM00396,162 Fifth St,Cambridge,MA,,1910,5,111,4-8-UNIT-APT,Cambridge Property Database FY2026 (waa7-ibdu),2026-10-04T04:37Z,1522,https://data.cambridgema.gov/d/waa7-ibdu?pid=1522
CAM00397,166 Fifth St,Cambridge,MA,,1886,3,105,THREE-FM-RES,Cambridge Property Database FY2026 (waa7-ibdu),2026-10-04T04:37Z,1523,https://data.cambridgema.gov/d/waa7-ibdu?pid=1523
CAM00398,189 Charles St,Cambridge,MA,,,0,199,CONDO-BLDG,Cambridge Property Database FY2026 (waa7-ibdu),2026-10-04T04:37Z,1524,https://data.cambridgema.gov/d/waa7-ibdu?pid=1524
CAM00399,227 Charles St,Cambridge,MA,,1920,6,111,4-8-UNIT-APT,Cambridge Property Database FY2026 (waa7-ibdu),2026-10-04T04:37Z,1525,https://data.cambridgema.gov/d/waa7-ibdu?pid=1525
CAM00400,235 Charles St,Cambridge,MA,,1920,6,111,4-8-UNIT-APT,Cambridge Property Database FY2026 (waa7-ibdu),2026-10-04T04:37Z,1526,https://data.cambridgema.gov/d/waa7-ibdu?pid=1526
CAM00401,245 Charles St,Cambridge,MA,,1900,3,104,TWO-FAM-RES,Cambridge Property Database FY2026 (waa7-ibdu),2026-10-04T04:37Z,1527,https://data.cambridgema.gov/d/waa7-ibdu?pid=1527
CAM00402,239 Charles St,Cambridge,MA,,1873,3,105,THREE-FM-RES,Cambridge Property Database FY2026 (waa7-ibdu),2026-10-04T04:37Z,1528,https://data.cambridgema.gov/d/waa7-ibdu?pid=1528
CAM00403,103 Sciarappa St,Cambridge,MA,,1894,3,105,THREE-FM-RES,Cambridge Property Database FY2026 (waa7-ibdu),2026-10-04T04:37Z,1529,https://data.cambridgema.gov/d/waa7-ibdu?pid=1529
CAM00404,101 Sciarappa St,Cambridge,MA,,,0,199,CONDO-BLDG,Cambridge Property Database FY2026 (waa7-ibdu),2026-10-04T04:37Z,1530,https://data.cambridgema.gov/d/waa7-ibdu?pid=1530
CAM00405,6 Fourth Street Pl,Cambridge,MA,,,0,199,CONDO-BLDG,Cambridge Property Database FY2026 (waa7-ibdu),2026-10-04T04:37Z,1534,https://data.cambridgema.gov/d/waa7-ibdu?pid=1534
CAM00406,138 Spring St,Cambridge,MA,,,0,199,CONDO-BLDG,Cambridge Property Database FY2026 (waa7-ibdu),2026-10-04T04:37Z,1538,https://data.cambridgema.gov/d/waa7-ibdu?pid=1538
CAM00407,102 Sixth St,Cambridge,MA,,1886,2,104,TWO-FAM-RES,Cambridge Property Database FY2026 (waa7-ibdu),2026-10-04T04:37Z,1545,https://data.cambridgema.gov/d/waa7-ibdu?pid=1545
CAM00408,240 Charles St,Cambridge,MA,,1886,2,104,TWO-FAM-RES,Cambridge Property Database FY2026 (waa7-ibdu),2026-10-04T04:37Z,1546,https://data.cambridgema.gov/d/waa7-ibdu?pid=1546
CAM00409,225-243 Bent St,Cambridge,MA,,,0,199,CONDO-BLDG,Cambridge Property Database FY2026 (waa7-ibdu),2026-10-04T04:37Z,1548,https://data.cambridgema.gov/d/waa7-ibdu?pid=1548
CAM00410,182 Charles St,Cambridge,MA,,1873,2,104,TWO-FAM-RES,Cambridge Property Database FY2026 (waa7-ibdu),2026-10-04T04:37Z,1559,https://data.cambridgema.gov/d/waa7-ibdu?pid=1559
CAM00411,172 Charles St,Cambridge,MA,,1988,2,104,TWO-FAM-RES,Cambridge Property Database FY2026 (waa7-ibdu),2026-10-04T04:37Z,1560,https://data.cambridgema.gov/d/waa7-ibdu?pid=1560
CAM00412,160 Charles St,Cambridge,MA,,1873,2,104,TWO-FAM-RES,Cambridge Property Database FY2026 (waa7-ibdu),2026-10-04T04:37Z,1561,https://data.cambridgema.gov/d/waa7-ibdu?pid=1561
CAM00413,152 Charles St,Cambridge,MA,,,0,199,CONDO-BLDG,Cambridge Property Database FY2026 (waa7-ibdu),2026-10-04T04:37Z,1562,https://data.cambridgema.gov/d/waa7-ibdu?pid=1562
CAM00414,146 Charles St,Cambridge,MA,,,0,199,CONDO-BLDG,Cambridge Property Database FY2026 (waa7-ibdu),2026-10-04T04:37Z,1563,https://data.cambridgema.gov/d/waa7-ibdu?pid=1563
CAM00415,126 Charles St,Cambridge,MA,,1989,8,111,4-8-UNIT-APT,Cambridge Property Database FY2026 (waa7-ibdu),2026-10-04T04:37Z,1564,https://data.cambridgema.gov/d/waa7-ibdu?pid=1564
CAM00416,118-120 Charles St,Cambridge,MA,,1854,3,105,THREE-FM-RES,Cambridge Property Database FY2026 (waa7-ibdu),2026-10-04T04:37Z,1565,https://data.cambridgema.gov/d/waa7-ibdu?pid=1565
CAM00417,124 Charles St,Cambridge,MA,,,0,199,CONDO-BLDG,Cambridge Property Database FY2026 (waa7-ibdu),2026-10-04T04:37Z,1569,https://data.cambridgema.gov/d/waa7-ibdu?pid=1569
CAM00418,162-164 Charles St,Cambridge,MA,,1854,2,104,TWO-FAM-RES,Cambridge Property Database FY2026 (waa7-ibdu),2026-10-04T04:37Z,1574,https://data.cambridgema.gov/d/waa7-ibdu?pid=1574
CAM00419,166 Charles St,Cambridge,MA,,1854,2,104,TWO-FAM-RES,Cambridge Property Database FY2026 (waa7-ibdu),2026-10-04T04:37Z,1575,https://data.cambridgema.gov/d/waa7-ibdu?pid=1575
CAM00420,249-255 Third St,Cambridge,MA,,2018,85,13,MULTIUSE-RES,Cambridge Property Database FY2026 (waa7-ibdu),2026-10-04T04:37Z,1576,https://data.cambridgema.gov/d/waa7-ibdu?pid=1576
CAM00421,222 Charles St,Cambridge,MA,,1920,6,111,4-8-UNIT-APT,Cambridge Property Database FY2026 (waa7-ibdu),2026-10-04T04:37Z,1582,https://data.cambridgema.gov/d/waa7-ibdu?pid=1582
CAM00422,200-212 Charles St,Cambridge,MA,,,0,199,CONDO-BLDG,Cambridge Property Database FY2026 (waa7-ibdu),2026-10-04T04:37Z,1583,https://data.cambridgema.gov/d/waa7-ibdu?pid=1583
CAM00423,114 Charles St,Cambridge,MA,,1880,3,105,THREE-FM-RES,Cambridge Property Database FY2026 (waa7-ibdu),2026-10-04T04:37Z,1593,https://data.cambridgema.gov/d/waa7-ibdu?pid=1593
CAM00424,265 Third St,Cambridge,MA,,1915,186,112,>8-UNIT-APT,Cambridge Property Database FY2026 (waa7-ibdu),2026-10-04T04:37Z,1596,https://data.cambridgema.gov/d/waa7-ibdu?pid=1596
CAM00425,303 Third St,Cambridge,MA,,,0,199,CONDO-BLDG,Cambridge Property Database FY2026 (waa7-ibdu),2026-10-04T04:37Z,1602,https://data.cambridgema.gov/d/waa7-ibdu?pid=1602
CAM00426,97 Sixth St,Cambridge,MA,,1873,2,104,TWO-FAM-RES,Cambridge Property Database FY2026 (waa7-ibdu),2026-10-04T04:37Z,1622,https://data.cambridgema.gov/d/waa7-ibdu?pid=1622
CAM00427,89-91 Sixth St,Cambridge,MA,,,0,199,CONDO-BLDG,Cambridge Property Database FY2026 (waa7-ibdu),2026-10-04T04:37Z,1633,https://data.cambridgema.gov/d/waa7-ibdu?pid=1633
CAM00428,93 Sixth St,Cambridge,MA,,1873,2,104,TWO-FAM-RES,Cambridge Property Database FY2026 (waa7-ibdu),2026-10-04T04:37Z,1636,https://data.cambridgema.gov/d/waa7-ibdu?pid=1636
CAM00429,53 Fulkerson St,Cambridge,MA,,1894,2,104,TWO-FAM-RES,Cambridge Property Database FY2026 (waa7-ibdu),2026-10-04T04:37Z,1639,https://data.cambridgema.gov/d/waa7-ibdu?pid=1639
CAM00430,57 Fulkerson St,Cambridge,MA,,1894,2,104,TWO-FAM-RES,Cambridge Property Database FY2026 (waa7-ibdu),2026-10-04T04:37Z,1640,https://data.cambridgema.gov/d/waa7-ibdu?pid=1640
CAM00431,170 Thorndike St,Cambridge,MA,,1886,2,104,TWO-FAM-RES,Cambridge Property Database FY2026 (waa7-ibdu),2026-10-04T04:37Z,1641,https://data.cambridgema.gov/d/waa7-ibdu?pid=1641
CAM00432,113 Seventh St,Cambridge,MA,,,0,199,CONDO-BLDG,Cambridge Property Database FY2026 (waa7-ibdu),2026-10-04T04:37Z,1643,https://data.cambridgema.gov/d/waa7-ibdu?pid=1643
CAM00433,56-58 Eighth St,Cambridge,MA,,1873,2,104,TWO-FAM-RES,Cambridge Property Database FY2026 (waa7-ibdu),2026-10-04T04:37Z,1647,https://data.cambridgema.gov/d/waa7-ibdu?pid=1647
CAM00434,160 Thorndike St,Cambridge,MA,,1854,2,104,TWO-FAM-RES,Cambridge Property Database FY2026 (waa7-ibdu),2026-10-04T04:37Z,1648,https://data.cambridgema.gov/d/waa7-ibdu?pid=1648
CAM00435,154-156 Thorndike St,Cambridge,MA,,,0,199,CONDO-BLDG,Cambridge Property Database FY2026 (waa7-ibdu),2026-10-04T04:37Z,1650,https://data.cambridgema.gov/d/waa7-ibdu?pid=1650
CAM00436,55 Sixth St,Cambridge,MA,,,0,199,CONDO-BLDG,Cambridge Property Database FY2026 (waa7-ibdu),2026-10-04T04:37Z,1651,https://data.cambridgema.gov/d/waa7-ibdu?pid=1651
CAM00437,157 Spring St,Cambridge,MA,,1991,2,104,TWO-FAM-RES,Cambridge Property Database FY2026 (waa7-ibdu),2026-10-04T04:37Z,1652,https://data.cambridgema.gov/d/waa7-ibdu?pid=1652
CAM00438,108 Seventh St,Cambridge,MA,,1873,2,104,TWO-FAM-RES,Cambridge Property Database FY2026 (waa7-ibdu),2026-10-04T04:37Z,1653,https://data.cambridgema.gov/d/waa7-ibdu?pid=1653
CAM00439,154-156 Spring St,Cambridge,MA,,1985,2,104,TWO-FAM-RES,Cambridge Property Database FY2026 (waa7-ibdu),2026-10-04T04:37Z,1654,https://data.cambridgema.gov/d/waa7-ibdu?pid=1654
CAM00440,69 Sixth St,Cambridge,MA,,1873,3,105,THREE-FM-RES,Cambridge Property Database FY2026 (waa7-ibdu),2026-10-04T04:37Z,1655,https://data.cambridgema.gov/d/waa7-ibdu?pid=1655
CAM00441,153 Spring St,Cambridge,MA,,1894,2,104,TWO-FAM-RES,Cambridge Property Database FY2026 (waa7-ibdu),2026-10-04T04:37Z,1658,https://data.cambridgema.gov/d/waa7-ibdu?pid=1658
CAM00442,56 Fulkerson St,Cambridge,MA,,1873,2,104,TWO-FAM-RES,Cambridge Property Database FY2026 (waa7-ibdu),2026-10-04T04:37Z,1659,https://data.cambridgema.gov/d/waa7-ibdu?pid=1659
CAM00443,64 Fulkerson St,Cambridge,MA,,1873,2,104,TWO-FAM-RES,Cambridge Property Database FY2026 (waa7-ibdu),2026-10-04T04:37Z,1662,https://data.cambridgema.gov/d/waa7-ibdu?pid=1662
CAM00444,54 Fulkerson St,Cambridge,MA,,1873,2,104,TWO-FAM-RES,Cambridge Property Database FY2026 (waa7-ibdu),2026-10-04T04:37Z,1664,https://data.cambridgema.gov/d/waa7-ibdu?pid=1664
CAM00445,172 Thorndike St,Cambridge,MA,,1915,15,112,>8-UNIT-APT,Cambridge Property Database FY2026 (waa7-ibdu),2026-10-04T04:37Z,1665,https://data.cambridgema.gov/d/waa7-ibdu?pid=1665
CAM00446,194 Thorndike St,Cambridge,MA,,1905,4,111,4-8-UNIT-APT,Cambridge Property Database FY2026 (waa7-ibdu),2026-10-04T04:37Z,1666,https://data.cambridgema.gov/d/waa7-ibdu?pid=1666
CAM00447,177 Spring St,Cambridge,MA,,1873,2,104,TWO-FAM-RES,Cambridge Property Database FY2026 (waa7-ibdu),2026-10-04T04:37Z,1667,https://data.cambridgema.gov/d/waa7-ibdu?pid=1667
CAM00448,162 Thorndike St,Cambridge,MA,,1886,2,104,TWO-FAM-RES,Cambridge Property Database FY2026 (waa7-ibdu),2026-10-04T04:37Z,1669,https://data.cambridgema.gov/d/waa7-ibdu?pid=1669
CAM00449,57 Eighth St,Cambridge,MA,,1902,2,104,TWO-FAM-RES,Cambridge Property Database FY2026 (waa7-ibdu),2026-10-04T04:37Z,1671,https://data.cambridgema.gov/d/waa7-ibdu?pid=1671
CAM00450,63 Sixth St,Cambridge,MA,,1854,2,104,TWO-FAM-RES,Cambridge Property Database FY2026 (waa7-ibdu),2026-10-04T04:37Z,1674,https://data.cambridgema.gov/d/waa7-ibdu?pid=1674
CAM00451,185 Spring St,Cambridge,MA,,1894,2,104,TWO-FAM-RES,Cambridge Property Database FY2026 (waa7-ibdu),2026-10-04T04:37Z,1676,https://data.cambridgema.gov/d/waa7-ibdu?pid=1676
CAM00452,183 Spring St,Cambridge,MA,,1894,2,104,TWO-FAM-RES,Cambridge Property Database FY2026 (waa7-ibdu),2026-10-04T04:37Z,1677,https://data.cambridgema.gov/d/waa7-ibdu?pid=1677
CAM00453,181 Spring St,Cambridge,MA,,1894,2,104,TWO-FAM-RES,Cambridge Property Database FY2026 (waa7-ibdu),2026-10-04T04:37Z,1678,https://data.cambridgema.gov/d/waa7-ibdu?pid=1678
CAM00454,49-51 Eighth St,Cambridge,MA,,,0,199,CONDO-BLDG,Cambridge Property Database FY2026 (waa7-ibdu),2026-10-04T04:37Z,1681,https://data.cambridgema.gov/d/waa7-ibdu?pid=1681
CAM00455,182 Thorndike St,Cambridge,MA,,1894,2,104,TWO-FAM-RES,Cambridge Property Database FY2026 (waa7-ibdu),2026-10-04T04:37Z,1684,https://data.cambridgema.gov/d/waa7-ibdu?pid=1684
CAM00456,186 Thorndike St,Cambridge,MA,,1902,2,104,TWO-FAM-RES,Cambridge Property Database FY2026 (waa7-ibdu),2026-10-04T04:37Z,1685,https://data.cambridgema.gov/d/waa7-ibdu?pid=1685
CAM00457,110 Seventh St,Cambridge,MA,,1903,3,105,THREE-FM-RES,Cambridge Property Database FY2026 (waa7-ibdu),2026-10-04T04:37Z,1686,https://data.cambridgema.gov/d/waa7-ibdu?pid=1686
CAM00458,112R Seventh St,Cambridge,MA,,1854,2,104,TWO-FAM-RES,Cambridge Property Database FY2026 (waa7-ibdu),2026-10-04T04:37Z,1687,https://data.cambridgema.gov/d/waa7-ibdu?pid=1687
CAM00459,63-71 Fulkerson St,Cambridge,MA,,,0,199,CONDO-BLDG,Cambridge Property Database FY2026 (waa7-ibdu),2026-10-04T04:37Z,1688,https://data.cambridgema.gov/d/waa7-ibdu?pid=1688
CAM00460,636 Cambridge St,Cambridge,MA,,1880,2,13,MULTIUSE-RES,Cambridge Property Database FY2026 (waa7-ibdu),2026-10-04T04:37Z,1730,https://data.cambridgema.gov/d/waa7-ibdu?pid=1730
CAM00461,7 Fulkerson St,Cambridge,MA,,1894,3,105,THREE-FM-RES,Cambridge Property Database FY2026 (waa7-ibdu),2026-10-04T04:37Z,1731,https://data.cambridgema.gov/d/waa7-ibdu?pid=1731
CAM00462,11 Fulkerson St,Cambridge,MA,,1894,3,105,THREE-FM-RES,Cambridge Property Database FY2026 (waa7-ibdu),2026-10-04T04:37Z,1732,https://data.cambridgema.gov/d/waa7-ibdu?pid=1732
CAM00463,7 Eighth St,Cambridge,MA,,1873,0,104,TWO-FAM-RES,Cambridge Property Database FY2026 (waa7-ibdu),2026-10-04T04:37Z,1735,https://data.cambridgema.gov/d/waa7-ibdu?pid=1735
CAM00464,5 Eighth St,Cambridge,MA,,1873,3,105,THREE-FM-RES,Cambridge Property Database FY2026 (waa7-ibdu),2026-10-04T04:37Z,1736,https://data.cambridgema.gov/d/waa7-ibdu?pid=1736
CAM00465,9 Eighth St,Cambridge,MA,,1873,3,105,THREE-FM-RES,Cambridge Property Database FY2026 (waa7-ibdu),2026-10-04T04:37Z,1737,https://data.cambridgema.gov/d/waa7-ibdu?pid=1737
CAM00466,11 Eighth St,Cambridge,MA,,1869,2,104,TWO-FAM-RES,Cambridge Property Database FY2026 (waa7-ibdu),2026-10-04T04:37Z,1738,https://data.cambridgema.gov/d/waa7-ibdu?pid=1738
CAM00467,15 Eighth St,Cambridge,MA,,1886,2,104,TWO-FAM-RES,Cambridge Property Database FY2026 (waa7-ibdu),2026-10-04T04:37Z,1739,https://data.cambridgema.gov/d/waa7-ibdu?pid=1739
CAM00468,173 Otis St,Cambridge,MA,,1873,2,104,TWO-FAM-RES,Cambridge Property Database FY2026 (waa7-ibdu),2026-10-04T04:37Z,1742,https://data.cambridgema.gov/d/waa7-ibdu?pid=1742
CAM00469,12-14 Fulkerson St,Cambridge,MA,,1902,3,1095,MULT-RES-3FAM,Cambridge Property Database FY2026 (waa7-ibdu),2026-10-04T04:37Z,1743,https://data.cambridgema.gov/d/waa7-ibdu?pid=1743
CAM00470,8-10 Fulkerson St,Cambridge,MA,,1894,4,111,4-8-UNIT-APT,Cambridge Property Database FY2026 (waa7-ibdu),2026-10-04T04:37Z,1744,https://data.cambridgema.gov/d/waa7-ibdu?pid=1744
CAM00471,588 Cambridge St,Cambridge,MA,,,0,199,CONDO-BLDG,Cambridge Property Database FY2026 (waa7-ibdu),2026-10-04T04:37Z,1746,https://data.cambridgema.gov/d/waa7-ibdu?pid=1746
CAM00472,564 Cambridge St,Cambridge,MA,,1900,2,13,MULTIUSE-RES,Cambridge Property Database FY2026 (waa7-ibdu),2026-10-04T04:37Z,1749,https://data.cambridgema.gov/d/waa7-ibdu?pid=1749
CAM00473,55 Seventh St,Cambridge,MA,,1900,7,111,4-8-UNIT-APT,Cambridge Property Database FY2026 (waa7-ibdu),2026-10-04T04:37Z,1751,https://data.cambridgema.gov/d/waa7-ibdu?pid=1751
CAM00474,57 Seventh St,Cambridge,MA,,1873,3,105,THREE-FM-RES,Cambridge Property Database FY2026 (waa7-ibdu),2026-10-04T04:37Z,1752,https://data.cambridgema.gov/d/waa7-ibdu?pid=1752
CAM00475,59 Seventh St,Cambridge,MA,,1873,3,105,THREE-FM-RES,Cambridge Property Database FY2026 (waa7-ibdu),2026-10-04T04:37Z,1753,https://data.cambridgema.gov/d/waa7-ibdu?pid=1753
CAM00476,161 Otis St,Cambridge,MA,,1886,2,104,TWO-FAM-RES,Cambridge Property Database FY2026 (waa7-ibdu),2026-10-04T04:37Z,1754,https://data.cambridgema.gov/d/waa7-ibdu?pid=1754
CAM00477,6 Eighth St,Cambridge,MA,,1873,2,104,TWO-FAM-RES,Cambridge Property Database FY2026 (waa7-ibdu),2026-10-04T04:37Z,1759,https://data.cambridgema.gov/d/waa7-ibdu?pid=1759
CAM00478,4 Eighth St,Cambridge,MA,,1902,3,105,THREE-FM-RES,Cambridge Property Database FY2026 (waa7-ibdu),2026-10-04T04:37Z,1760,https://data.cambridgema.gov/d/waa7-ibdu?pid=1760
CAM00479,544 Cambridge St,Cambridge,MA,,1900,2,13,MULTIUSE-RES,Cambridge Property Database FY2026 (waa7-ibdu),2026-10-04T04:37Z,1762,https://data.cambridgema.gov/d/waa7-ibdu?pid=1762
CAM00480,536 Cambridge St,Cambridge,MA,,1900,6,13,MULTIUSE-RES,Cambridge Property Database FY2026 (waa7-ibdu),2026-10-04T04:37Z,1764,https://data.cambridgema.gov/d/waa7-ibdu?pid=1764
CAM00481,520 Cambridge St,Cambridge,MA,,1900,2,13,MULTIUSE-RES,Cambridge Property Database FY2026 (waa7-ibdu),2026-10-04T04:37Z,1766,https://data.cambridgema.gov/d/waa7-ibdu?pid=1766
CAM00482,23 Sixth St,Cambridge,MA,,,0,199,CONDO-BLDG,Cambridge Property Database FY2026 (waa7-ibdu),2026-10-04T04:37Z,1767,https://data.cambridgema.gov/d/waa7-ibdu?pid=1767
CAM00483,25 Sixth St,Cambridge,MA,,1900,6,111,4-8-UNIT-APT,Cambridge Property Database FY2026 (waa7-ibdu),2026-10-04T04:37Z,1768,https://data.cambridgema.gov/d/waa7-ibdu?pid=1768
CAM00484,29 Sixth St,Cambridge,MA,,,0,199,CONDO-BLDG,Cambridge Property Database FY2026 (waa7-ibdu),2026-10-04T04:37Z,1769,https://data.cambridgema.gov/d/waa7-ibdu?pid=1769
CAM00485,58 Seventh St,Cambridge,MA,,1929,6,114,AFFORDABLE APT,Cambridge Property Database FY2026 (waa7-ibdu),2026-10-04T04:37Z,1774,https://data.cambridgema.gov/d/waa7-ibdu?pid=1774
CAM00486,54 Seventh St,Cambridge,MA,,1854,2,104,TWO-FAM-RES,Cambridge Property Database FY2026 (waa7-ibdu),2026-10-04T04:37Z,1775,https://data.cambridgema.gov/d/waa7-ibdu?pid=1775
CAM00487,48 Seventh St,Cambridge,MA,,1900,4,111,4-8-UNIT-APT,Cambridge Property Database FY2026 (waa7-ibdu),2026-10-04T04:37Z,1776,https://data.cambridgema.gov/d/waa7-ibdu?pid=1776
CAM00488,160 Otis St,Cambridge,MA,,1900,6,111,4-8-UNIT-APT,Cambridge Property Database FY2026 (waa7-ibdu),2026-10-04T04:37Z,1778,https://data.cambridgema.gov/d/waa7-ibdu?pid=1778
CAM00489,77 Seventh St,Cambridge,MA,,1900,6,111,4-8-UNIT-APT,Cambridge Property Database FY2026 (waa7-ibdu),2026-10-04T04:37Z,1779,https://data.cambridgema.gov/d/waa7-ibdu?pid=1779
CAM00490,79 Seventh St,Cambridge,MA,,1854,2,104,TWO-FAM-RES,Cambridge Property Database FY2026 (waa7-ibdu),2026-10-04T04:37Z,1780,https://data.cambridgema.gov/d/waa7-ibdu?pid=1780
CAM00491,83 Seventh St,Cambridge,MA,,1854,1,104,TWO-FAM-RES,Cambridge Property Database FY2026 (waa7-ibdu),2026-10-04T04:37Z,1781,https://data.cambridgema.gov/d/waa7-ibdu?pid=1781
CAM00492,87 Seventh St,Cambridge,MA,,1894,2,104,TWO-FAM-RES,Cambridge Property Database FY2026 (waa7-ibdu),2026-10-04T04:37Z,1782,https://data.cambridgema.gov/d/waa7-ibdu?pid=1782
CAM00493,171 Thorndike St,Cambridge,MA,,1910,4,111,4-8-UNIT-APT,Cambridge Property Database FY2026 (waa7-ibdu),2026-10-04T04:37Z,1783,https://data.cambridgema.gov/d/waa7-ibdu?pid=1783
CAM00494,24 Eighth St,Cambridge,MA,,1910,5,111,4-8-UNIT-APT,Cambridge Property Database FY2026 (waa7-ibdu),2026-10-04T04:37Z,1785,https://data.cambridgema.gov/d/waa7-ibdu?pid=1785
CAM00495,20 Eighth St,Cambridge,MA,,1873,2,104,TWO-FAM-RES,Cambridge Property Database FY2026 (waa7-ibdu),2026-10-04T04:37Z,1786,https://data.cambridgema.gov/d/waa7-ibdu?pid=1786
CAM00496,162 Otis St,Cambridge,MA,,1855,2,104,TWO-FAM-RES,Cambridge Property Database FY2026 (waa7-ibdu),2026-10-04T04:37Z,1787,https://data.cambridgema.gov/d/waa7-ibdu?pid=1787
CAM00497,44 Fulkerson St,Cambridge,MA,,1873,0,104,TWO-FAM-RES,Cambridge Property Database FY2026 (waa7-ibdu),2026-10-04T04:37Z,1789,https://data.cambridgema.gov/d/waa7-ibdu?pid=1789
CAM00498,42 Fulkerson St,Cambridge,MA,,1873,2,104,TWO-FAM-RES,Cambridge Property Database FY2026 (waa7-ibdu),2026-10-04T04:37Z,1790,https://data.cambridgema.gov/d/waa7-ibdu?pid=1790
CAM00499,34 Fulkerson St,Cambridge,MA,,1905,10,112,>8-UNIT-APT,Cambridge Property Database FY2026 (waa7-ibdu),2026-10-04T04:37Z,1791,https://data.cambridgema.gov/d/waa7-ibdu?pid=1791
CAM00500,184-186 Otis St,Cambridge,MA,,,0,199,CONDO-BLDG,Cambridge Property Database FY2026 (waa7-ibdu),2026-10-04T04:37Z,1792,https://data.cambridgema.gov/d/waa7-ibdu?pid=1792
CAM00501,25 Fulkerson St,Cambridge,MA,,1910,4,111,4-8-UNIT-APT,Cambridge Property Database FY2026 (waa7-ibdu),2026-10-04T04:37Z,1793,https://data.cambridgema.gov/d/waa7-ibdu?pid=1793
CAM00502,33 Fulkerson St,Cambridge,MA,,,0,199,CONDO-BLDG,Cambridge Property Database FY2026 (waa7-ibdu),2026-10-04T04:37Z,1795,https://data.cambridgema.gov/d/waa7-ibdu?pid=1795
CAM00503,204 Otis St,Cambridge,MA,,1903,3,105,THREE-FM-RES,Cambridge Property Database FY2026 (waa7-ibdu),2026-10-04T04:37Z,1796,https://data.cambridgema.gov/d/waa7-ibdu?pid=1796
CAM00504,200 Otis St,Cambridge,MA,,1903,3,105,THREE-FM-RES,Cambridge Property Database FY2026 (waa7-ibdu),2026-10-04T04:37Z,1797,https://data.cambridgema.gov/d/waa7-ibdu?pid=1797
CAM00505,28 Eighth St,Cambridge,MA,,1910,4,111,4-8-UNIT-APT,Cambridge Property Database FY2026 (waa7-ibdu),2026-10-04T04:37Z,1800,https://data.cambridgema.gov/d/waa7-ibdu?pid=1800
CAM00506,56 Seventh St,Cambridge,MA,,1873,3,105,THREE-FM-RES,Cambridge Property Database FY2026 (waa7-ibdu),2026-10-04T04:37Z,1801,https://data.cambridgema.gov/d/waa7-ibdu?pid=1801
CAM00507,13 Fulkerson St,Cambridge,MA,,1873,3,105,THREE-FM-RES,Cambridge Property Database FY2026 (waa7-ibdu),2026-10-04T04:37Z,1803,https://data.cambridgema.gov/d/waa7-ibdu?pid=1803
CAM00508,15 Fulkerson St,Cambridge,MA,,1873,3,105,THREE-FM-RES,Cambridge Property Database FY2026 (waa7-ibdu),2026-10-04T04:37Z,1804,https://data.cambridgema.gov/d/waa7-ibdu?pid=1804
CAM00509,46 Seventh St,Cambridge,MA,,,0,199,CONDO-BLDG,Cambridge Property Database FY2026 (waa7-ibdu),2026-10-04T04:37Z,1805,https://data.cambridgema.gov/d/waa7-ibdu?pid=1805
CAM00510,674 Cambridge St,Cambridge,MA,,1992,12,13,MULTIUSE-RES,Cambridge Property Database FY2026 (waa7-ibdu),2026-10-04T04:37Z,1806,https://data.cambridgema.gov/d/waa7-ibdu?pid=1806
CAM00511,206 Otis St,Cambridge,MA,,1880,8,114,AFFORDABLE APT,Cambridge Property Database FY2026 (waa7-ibdu),2026-10-04T04:37Z,1809,https://data.cambridgema.gov/d/waa7-ibdu?pid=1809
CAM00512,197 Otis St,Cambridge,MA,,,0,199,CONDO-BLDG,Cambridge Property Database FY2026 (waa7-ibdu),2026-10-04T04:37Z,1812,https://data.cambridgema.gov/d/waa7-ibdu?pid=1812
CAM00513,217-227 Thorndike St,Cambridge,MA,,,0,199,CONDO-BLDG,Cambridge Property Database FY2026 (waa7-ibdu),2026-10-04T04:37Z,1814,https://data.cambridgema.gov/d/waa7-ibdu?pid=1814
CAM00514,177 Otis St,Cambridge,MA,,1902,0,104,TWO-FAM-RES,Cambridge Property Database FY2026 (waa7-ibdu),2026-10-04T04:37Z,1874,https://data.cambridgema.gov/d/waa7-ibdu?pid=1874
CAM00515,179 Otis St,Cambridge,MA,,1902,2,104,TWO-FAM-RES,Cambridge Property Database FY2026 (waa7-ibdu),2026-10-04T04:37Z,1875,https://data.cambridgema.gov/d/waa7-ibdu?pid=1875
CAM00516,602 Cambridge St,Cambridge,MA,,1900,2,13,MULTIUSE-RES,Cambridge Property Database FY2026 (waa7-ibdu),2026-10-04T04:37Z,1877,https://data.cambridgema.gov/d/waa7-ibdu?pid=1877
CAM00517,594 Cambridge St,Cambridge,MA,,1900,2,13,MULTIUSE-RES,Cambridge Property Database FY2026 (waa7-ibdu),2026-10-04T04:37Z,1878,https://data.cambridgema.gov/d/waa7-ibdu?pid=1878
CAM00518,1-3 Seventh St,Cambridge,MA,,1902,2,104,TWO-FAM-RES,Cambridge Property Database FY2026 (waa7-ibdu),2026-10-04T04:37Z,1884,https://data.cambridgema.gov/d/waa7-ibdu?pid=1884
CAM00519,21 Seventh St,Cambridge,MA,,,0,199,CONDO-BLDG,Cambridge Property Database FY2026 (waa7-ibdu),2026-10-04T04:37Z,1893,https://data.cambridgema.gov/d/waa7-ibdu?pid=1893
CAM00520,561 Cambridge St,Cambridge,MA,,1910,5,13,MULTIUSE-RES,Cambridge Property Database FY2026 (waa7-ibdu),2026-10-04T04:37Z,1897,https://data.cambridgema.gov/d/waa7-ibdu?pid=1897
CAM00521,633 Cambridge St,Cambridge,MA,,,0,199,CONDO-BLDG,Cambridge Property Database FY2026 (waa7-ibdu),2026-10-04T04:37Z,1901,https://data.cambridgema.gov/d/waa7-ibdu?pid=1901
CAM00522,20 Lambert St,Cambridge,MA,,1903,3,105,THREE-FM-RES,Cambridge Property Database FY2026 (waa7-ibdu),2026-10-04T04:37Z,1903,https://data.cambridgema.gov/d/waa7-ibdu?pid=1903
CAM00523,1 Sixth St,Cambridge,MA,,1854,2,104,TWO-FAM-RES,Cambridge Property Database FY2026 (waa7-ibdu),2026-10-04T04:37Z,1904,https://data.cambridgema.gov/d/waa7-ibdu?pid=1904
CAM00524,9 Sixth St,Cambridge,MA,,1873,3,105,THREE-FM-RES,Cambridge Property Database FY2026 (waa7-ibdu),2026-10-04T04:37Z,1906,https://data.cambridgema.gov/d/waa7-ibdu?pid=1906
CAM00525,11 Sixth St,Cambridge,MA,,1886,3,105,THREE-FM-RES,Cambridge Property Database FY2026 (waa7-ibdu),2026-10-04T04:37Z,1907,https://data.cambridgema.gov/d/waa7-ibdu?pid=1907
CAM00526,13 Sixth St,Cambridge,MA,,1886,3,105,THREE-FM-RES,Cambridge Property Database FY2026 (waa7-ibdu),2026-10-04T04:37Z,1908,https://data.cambridgema.gov/d/waa7-ibdu?pid=1908
CAM00527,527 Cambridge St,Cambridge,MA,,1890,2,13,MULTIUSE-RES,Cambridge Property Database FY2026 (waa7-ibdu),2026-10-04T04:37Z,1911,https://data.cambridgema.gov/d/waa7-ibdu?pid=1911
CAM00528,535-555 Cambridge St,Cambridge,MA,,,0,199,CONDO-BLDG,Cambridge Property Database FY2026 (waa7-ibdu),2026-10-04T04:37Z,1912,https://data.cambridgema.gov/d/waa7-ibdu?pid=1912
CAM00529,645 Cambridge St,Cambridge,MA,,1890,5,13,MULTIUSE-RES,Cambridge Property Database FY2026 (waa7-ibdu),2026-10-04T04:37Z,1914,https://data.cambridgema.gov/d/waa7-ibdu?pid=1914
CAM00530,21 Lambert St,Cambridge,MA,,1873,2,104,TWO-FAM-RES,Cambridge Property Database FY2026 (waa7-ibdu),2026-10-04T04:37Z,1915,https://data.cambridgema.gov/d/waa7-ibdu?pid=1915
CAM00531,25 Lambert St,Cambridge,MA,,1873,3,105,THREE-FM-RES,Cambridge Property Database FY2026 (waa7-ibdu),2026-10-04T04:37Z,1916,https://data.cambridgema.gov/d/waa7-ibdu?pid=1916
CAM00532,29 Lambert St,Cambridge,MA,,1900,6,111,4-8-UNIT-APT,Cambridge Property Database FY2026 (waa7-ibdu),2026-10-04T04:37Z,1917,https://data.cambridgema.gov/d/waa7-ibdu?pid=1917
CAM00533,148-154 Gore St,Cambridge,MA,,,0,199,CONDO-BLDG,Cambridge Property Database FY2026 (waa7-ibdu),2026-10-04T04:37Z,1918,https://data.cambridgema.gov/d/waa7-ibdu?pid=1918
CAM00534,6 Seventh St,Cambridge,MA,,1890,4,111,4-8-UNIT-APT,Cambridge Property Database FY2026 (waa7-ibdu),2026-10-04T04:37Z,1919,https://data.cambridgema.gov/d/waa7-ibdu?pid=1919
CAM00535,20 Seventh St,Cambridge,MA,,,0,199,CONDO-BLDG,Cambridge Property Database FY2026 (waa7-ibdu),2026-10-04T04:37Z,1920,https://data.cambridgema.gov/d/waa7-ibdu?pid=1920
CAM00536,7 Sixth St,Cambridge,MA,,1854,3,105,THREE-FM-RES,Cambridge Property Database FY2026 (waa7-ibdu),2026-10-04T04:37Z,1921,https://data.cambridgema.gov/d/waa7-ibdu?pid=1921
CAM00537,170 Gore St,Cambridge,MA,,,0,199,CONDO-BLDG,Cambridge Property Database FY2026 (waa7-ibdu),2026-10-04T04:37Z,1922,https://data.cambridgema.gov/d/waa7-ibdu?pid=1922
CAM00538,3 Lambert St,Cambridge,MA,,,0,199,CONDO-BLDG,Cambridge Property Database FY2026 (waa7-ibdu),2026-10-04T04:37Z,2048,https://data.cambridgema.gov/d/waa7-ibdu?pid=2048
CAM00539,39 Hunting St,Cambridge,MA,,1886,2,104,TWO-FAM-RES,Cambridge Property Database FY2026 (waa7-ibdu),2026-10-04T04:37Z,2050,https://data.cambridgema.gov/d/waa7-ibdu?pid=2050
CAM00540,31 Hunting St,Cambridge,MA,,1894,2,104,TWO-FAM-RES,Cambridge Property Database FY2026 (waa7-ibdu),2026-10-04T04:37Z,2052,https://data.cambridgema.gov/d/waa7-ibdu?pid=2052
CAM00541,25 Hunting St,Cambridge,MA,,,0,199,CONDO-BLDG,Cambridge Property Database FY2026 (waa7-ibdu),2026-10-04T04:37Z,2054,https://data.cambridgema.gov/d/waa7-ibdu?pid=2054
CAM00542,149 Willow St,Cambridge,MA,,1854,1,104,TWO-FAM-RES,Cambridge Property Database FY2026 (waa7-ibdu),2026-10-04T04:37Z,2055,https://data.cambridgema.gov/d/waa7-ibdu?pid=2055
CAM00543,145 Willow St,Cambridge,MA,,,0,199,CONDO-BLDG,Cambridge Property Database FY2026 (waa7-ibdu),2026-10-04T04:37Z,2057,https://data.cambridgema.gov/d/waa7-ibdu?pid=2057
CAM00544,135 Willow St,Cambridge,MA,,,0,199,CONDO-BLDG,Cambridge Property Database FY2026 (waa7-ibdu),2026-10-04T04:37Z,2058,https://data.cambridgema.gov/d/waa7-ibdu?pid=2058
CAM00545,15 Hunting St,Cambridge,MA,,1902,6,111,4-8-UNIT-APT,Cambridge Property Database FY2026 (waa7-ibdu),2026-10-04T04:37Z,2059,https://data.cambridgema.gov/d/waa7-ibdu?pid=2059
CAM00546,127-129 Willow St,Cambridge,MA,,,0,199,CONDO-BLDG,Cambridge Property Database FY2026 (waa7-ibdu),2026-10-04T04:37Z,2060,https://data.cambridgema.gov/d/waa7-ibdu?pid=2060
CAM00547,125 Willow St,Cambridge,MA,,1854,2,104,TWO-FAM-RES,Cambridge Property Database FY2026 (waa7-ibdu),2026-10-04T04:37Z,2062,https://data.cambridgema.gov/d/waa7-ibdu?pid=2062
CAM00548,9 Hunting St,Cambridge,MA,,1873,2,104,TWO-FAM-RES,Cambridge Property Database FY2026 (waa7-ibdu),2026-10-04T04:37Z,2063,https://data.cambridgema.gov/d/waa7-ibdu?pid=2063
CAM00549,119 Willow St,Cambridge,MA,,,0,199,CONDO-BLDG,Cambridge Property Database FY2026 (waa7-ibdu),2026-10-04T04:37Z,2064,https://data.cambridgema.gov/d/waa7-ibdu?pid=2064
CAM00550,877 Cambridge St,Cambridge,MA,,,0,199,CONDO-BLDG,Cambridge Property Database FY2026 (waa7-ibdu),2026-10-04T04:37Z,2065,https://data.cambridgema.gov/d/waa7-ibdu?pid=2065
CAM00551,871 Cambridge St,Cambridge,MA,,1903,3,105,THREE-FM-RES,Cambridge Property Database FY2026 (waa7-ibdu),2026-10-04T04:37Z,2066,https://data.cambridgema.gov/d/waa7-ibdu?pid=2066
CAM00552,45 Harding St,Cambridge,MA,,1873,2,104,TWO-FAM-RES,Cambridge Property Database FY2026 (waa7-ibdu),2026-10-04T04:37Z,2068,https://data.cambridgema.gov/d/waa7-ibdu?pid=2068
CAM00553,43 Harding St,Cambridge,MA,,1854,2,104,TWO-FAM-RES,Cambridge Property Database FY2026 (waa7-ibdu),2026-10-04T04:37Z,2069,https://data.cambridgema.gov/d/waa7-ibdu?pid=2069
CAM00554,30 Hunting St,Cambridge,MA,,1873,3,105,THREE-FM-RES,Cambridge Property Database FY2026 (waa7-ibdu),2026-10-04T04:37Z,2071,https://data.cambridgema.gov/d/waa7-ibdu?pid=2071
CAM00555,22 Hunting St,Cambridge,MA,,1873,3,105,THREE-FM-RES,Cambridge Property Database FY2026 (waa7-ibdu),2026-10-04T04:37Z,2074,https://data.cambridgema.gov/d/waa7-ibdu?pid=2074
CAM00556,19 Harding St,Cambridge,MA,,1873,0,104,TWO-FAM-RES,Cambridge Property Database FY2026 (waa7-ibdu),2026-10-04T04:37Z,2075,https://data.cambridgema.gov/d/waa7-ibdu?pid=2075
CAM00557,18 Hunting St,Cambridge,MA,,1854,2,104,TWO-FAM-RES,Cambridge Property Database FY2026 (waa7-ibdu),2026-10-04T04:37Z,2076,https://data.cambridgema.gov/d/waa7-ibdu?pid=2076
CAM00558,7 Harding St,Cambridge,MA,,1886,2,104,TWO-FAM-RES,Cambridge Property Database FY2026 (waa7-ibdu),2026-10-04T04:37Z,2077,https://data.cambridgema.gov/d/waa7-ibdu?pid=2077
CAM00559,48 Harding St,Cambridge,MA,,1873,3,105,THREE-FM-RES,Cambridge Property Database FY2026 (waa7-ibdu),2026-10-04T04:37Z,2079,https://data.cambridgema.gov/d/waa7-ibdu?pid=2079
CAM00560,81 Porter St,Cambridge,MA,,1961,2,104,TWO-FAM-RES,Cambridge Property Database FY2026 (waa7-ibdu),2026-10-04T04:37Z,2080,https://data.cambridgema.gov/d/waa7-ibdu?pid=2080
CAM00561,37 Porter St,Cambridge,MA,,1902,2,104,TWO-FAM-RES,Cambridge Property Database FY2026 (waa7-ibdu),2026-10-04T04:37Z,2082,https://data.cambridgema.gov/d/waa7-ibdu?pid=2082
CAM00562,15 Porter St,Cambridge,MA,,1894,2,104,TWO-FAM-RES,Cambridge Property Database FY2026 (waa7-ibdu),2026-10-04T04:37Z,2086,https://data.cambridgema.gov/d/waa7-ibdu?pid=2086
CAM00563,7 Porter St,Cambridge,MA,,,0,199,CONDO-BLDG,Cambridge Property Database FY2026 (waa7-ibdu),2026-10-04T04:37Z,2087,https://data.cambridgema.gov/d/waa7-ibdu?pid=2087
CAM00564,34 Harding St,Cambridge,MA,,1903,1,1098,MULT-RES-4-8-APT,Cambridge Property Database FY2026 (waa7-ibdu),2026-10-04T04:37Z,2089,https://data.cambridgema.gov/d/waa7-ibdu?pid=2089
CAM00565,68 Porter St,Cambridge,MA,,1873,2,1094,MULT-RES-2FAM,Cambridge Property Database FY2026 (waa7-ibdu),2026-10-04T04:37Z,2090,https://data.cambridgema.gov/d/waa7-ibdu?pid=2090
CAM00566,52 Porter St,Cambridge,MA,,1903,3,105,THREE-FM-RES,Cambridge Property Database FY2026 (waa7-ibdu),2026-10-04T04:37Z,2091,https://data.cambridgema.gov/d/waa7-ibdu?pid=2091
CAM00567,48 Porter St,Cambridge,MA,,1903,3,105,THREE-FM-RES,Cambridge Property Database FY2026 (waa7-ibdu),2026-10-04T04:37Z,2092,https://data.cambridgema.gov/d/waa7-ibdu?pid=2092
CAM00568,42 Porter St,Cambridge,MA,,1886,3,105,THREE-FM-RES,Cambridge Property Database FY2026 (waa7-ibdu),2026-10-04T04:37Z,2093,https://data.cambridgema.gov/d/waa7-ibdu?pid=2093
CAM00569,10 Porter St,Cambridge,MA,,1886,2,1094,MULT-RES-2FAM,Cambridge Property Database FY2026 (waa7-ibdu),2026-10-04T04:37Z,2098,https://data.cambridgema.gov/d/waa7-ibdu?pid=2098
CAM00570,35 Warren St,Cambridge,MA,,1873,2,104,TWO-FAM-RES,Cambridge Property Database FY2026 (waa7-ibdu),2026-10-04T04:37Z,2099,https://data.cambridgema.gov/d/waa7-ibdu?pid=2099
CAM00571,33 Warren St,Cambridge,MA,,,0,199,CONDO-BLDG,Cambridge Property Database FY2026 (waa7-ibdu),2026-10-04T04:37Z,2100,https://data.cambridgema.gov/d/waa7-ibdu?pid=2100
CAM00572,5-7 Jefferson St,Cambridge,MA,,,0,199,CONDO-BLDG,Cambridge Property Database FY2026 (waa7-ibdu),2026-10-04T04:37Z,2101,https://data.cambridgema.gov/d/waa7-ibdu?pid=2101
CAM00573,9 Jefferson St,Cambridge,MA,,1873,2,104,TWO-FAM-RES,Cambridge Property Database FY2026 (waa7-ibdu),2026-10-04T04:37Z,2106,https://data.cambridgema.gov/d/waa7-ibdu?pid=2106
CAM00574,11-13 Jefferson St,Cambridge,MA,,1900,4,111,4-8-UNIT-APT,Cambridge Property Database FY2026 (waa7-ibdu),2026-10-04T04:37Z,2107,https://data.cambridgema.gov/d/waa7-ibdu?pid=2107
CAM00575,19 Jefferson St,Cambridge,MA,,1873,2,1094,MULT-RES-2FAM,Cambridge Property Database FY2026 (waa7-ibdu),2026-10-04T04:37Z,2109,https://data.cambridgema.gov/d/waa7-ibdu?pid=2109
CAM00576,21 Jefferson St,Cambridge,MA,,1894,3,105,THREE-FM-RES,Cambridge Property Database FY2026 (waa7-ibdu),2026-10-04T04:37Z,2110,https://data.cambridgema.gov/d/waa7-ibdu?pid=2110
CAM00577,27 Jefferson St,Cambridge,MA,,1999,6,111,4-8-UNIT-APT,Cambridge Property Database FY2026 (waa7-ibdu),2026-10-04T04:37Z,2111,https://data.cambridgema.gov/d/waa7-ibdu?pid=2111
CAM00578,29 Jefferson St,Cambridge,MA,,,0,199,CONDO-BLDG,Cambridge Property Database FY2026 (waa7-ibdu),2026-10-04T04:37Z,2112,https://data.cambridgema.gov/d/waa7-ibdu?pid=2112
CAM00579,33 Jefferson St,Cambridge,MA,,1903,3,105,THREE-FM-RES,Cambridge Property Database FY2026 (waa7-ibdu),2026-10-04T04:37Z,2113,https://data.cambridgema.gov/d/waa7-ibdu?pid=2113
CAM00580,37 Jefferson St,Cambridge,MA,,1873,3,1095,MULT-RES-3FAM,Cambridge Property Database FY2026 (waa7-ibdu),2026-10-04T04:37Z,2114,https://data.cambridgema.gov/d/waa7-ibdu?pid=2114
CAM00581,39 Jefferson St,Cambridge,MA,,1894,2,104,TWO-FAM-RES,Cambridge Property Database FY2026 (waa7-ibdu),2026-10-04T04:37Z,2115,https://data.cambridgema.gov/d/waa7-ibdu?pid=2115
CAM00582,32 Harding St,Cambridge,MA,,1873,2,104,TWO-FAM-RES,Cambridge Property Database FY2026 (waa7-ibdu),2026-10-04T04:37Z,2118,https://data.cambridgema.gov/d/waa7-ibdu?pid=2118
CAM00583,42 Jefferson St,Cambridge,MA,,,0,199,CONDO-BLDG,Cambridge Property Database FY2026 (waa7-ibdu),2026-10-04T04:37Z,2119,https://data.cambridgema.gov/d/waa7-ibdu?pid=2119
CAM00584,36 Jefferson St,Cambridge,MA,,1874,2,104,TWO-FAM-RES,Cambridge Property Database FY2026 (waa7-ibdu),2026-10-04T04:37Z,2120,https://data.cambridgema.gov/d/waa7-ibdu?pid=2120
CAM00585,34 Jefferson St,Cambridge,MA,,,0,199,CONDO-BLDG,Cambridge Property Database FY2026 (waa7-ibdu),2026-10-04T04:37Z,2121,https://data.cambridgema.gov/d/waa7-ibdu?pid=2121
CAM00586,32 Jefferson St,Cambridge,MA,,1902,1,1094,MULT-RES-2FAM,Cambridge Property Database FY2026 (waa7-ibdu),2026-10-04T04:37Z,2126,https://data.cambridgema.gov/d/waa7-ibdu?pid=2126
CAM00587,20 Jefferson St,Cambridge,MA,,1894,3,105,THREE-FM-RES,Cambridge Property Database FY2026 (waa7-ibdu),2026-10-04T04:37Z,2127,https://data.cambridgema.gov/d/waa7-ibdu?pid=2127
CAM00588,21-23 Marion St,Cambridge,MA,,1900,6,111,4-8-UNIT-APT,Cambridge Property Database FY2026 (waa7-ibdu),2026-10-04T04:37Z,2128,https://data.cambridgema.gov/d/waa7-ibdu?pid=2128
CAM00589,747 Cambridge St,Cambridge,MA,,2021,6,13,MULTIUSE-RES,Cambridge Property Database FY2026 (waa7-ibdu),2026-10-04T04:37Z,2129,https://data.cambridgema.gov/d/waa7-ibdu?pid=2129
CAM00590,757 Cambridge St,Cambridge,MA,,1890,3,13,MULTIUSE-RES,Cambridge Property Database FY2026 (waa7-ibdu),2026-10-04T04:37Z,2130,https://data.cambridgema.gov/d/waa7-ibdu?pid=2130
CAM00591,777 Cambridge St,Cambridge,MA,,1860,2,13,MULTIUSE-RES,Cambridge Property Database FY2026 (waa7-ibdu),2026-10-04T04:37Z,2132,https://data.cambridgema.gov/d/waa7-ibdu?pid=2132
CAM00592,781 Cambridge St,Cambridge,MA,,,0,199,CONDO-BLDG,Cambridge Property Database FY2026 (waa7-ibdu),2026-10-04T04:37Z,2133,https://data.cambridgema.gov/d/waa7-ibdu?pid=2133
CAM00593,803 Cambridge St,Cambridge,MA,,1920,14,114,AFFORDABLE APT,Cambridge Property Database FY2026 (waa7-ibdu),2026-10-04T04:37Z,2134,https://data.cambridgema.gov/d/waa7-ibdu?pid=2134
CAM00594,12 Harding St,Cambridge,MA,,1886,2,1094,MULT-RES-2FAM,Cambridge Property Database FY2026 (waa7-ibdu),2026-10-04T04:37Z,2136,https://data.cambridgema.gov/d/waa7-ibdu?pid=2136
CAM00595,14 Harding St,Cambridge,MA,,1854,2,104,TWO-FAM-RES,Cambridge Property Database FY2026 (waa7-ibdu),2026-10-04T04:37Z,2137,https://data.cambridgema.gov/d/waa7-ibdu?pid=2137
CAM00596,8 Jefferson St,Cambridge,MA,,,0,199,CONDO-BLDG,Cambridge Property Database FY2026 (waa7-ibdu),2026-10-04T04:37Z,2138,https://data.cambridgema.gov/d/waa7-ibdu?pid=2138
CAM00597,6 Jefferson St,Cambridge,MA,,1900,4,111,4-8-UNIT-APT,Cambridge Property Database FY2026 (waa7-ibdu),2026-10-04T04:37Z,2139,https://data.cambridgema.gov/d/waa7-ibdu?pid=2139
CAM00598,25 Warren St,Cambridge,MA,,1900,4,111,4-8-UNIT-APT,Cambridge Property Database FY2026 (waa7-ibdu),2026-10-04T04:37Z,2140,https://data.cambridgema.gov/d/waa7-ibdu?pid=2140
CAM00599,48 Warren St,Cambridge,MA,,1873,3,105,THREE-FM-RES,Cambridge Property Database FY2026 (waa7-ibdu),2026-10-04T04:37Z,2142,https://data.cambridgema.gov/d/waa7-ibdu?pid=2142
CAM00600,44.5-46 Warren St,Cambridge,MA,,1873,2,1094,MULT-RES-2FAM,Cambridge Property Database FY2026 (waa7-ibdu),2026-10-04T04:37Z,2143,https://data.cambridgema.gov/d/waa7-ibdu?pid=2143
CAM00601,44 Warren St,Cambridge,MA,,1873,3,105,THREE-FM-RES,Cambridge Property Database FY2026 (waa7-ibdu),2026-10-04T04:37Z,2144,https://data.cambridgema.gov/d/waa7-ibdu?pid=2144
CAM00602,40 Warren St,Cambridge,MA,,1873,2,104,TWO-FAM-RES,Cambridge Property Database FY2026 (waa7-ibdu),2026-10-04T04:37Z,2145,https://data.cambridgema.gov/d/waa7-ibdu?pid=2145
CAM00603,32-38 Warren St,Cambridge,MA,,1929,1,13,MULTIUSE-RES,Cambridge Property Database FY2026 (waa7-ibdu),2026-10-04T04:37Z,2146,https://data.cambridgema.gov/d/waa7-ibdu?pid=2146
CAM00604,14-16 Warren St,Cambridge,MA,,1890,2,13,MULTIUSE-RES,Cambridge Property Database FY2026 (waa7-ibdu),2026-10-04T04:37Z,2149,https://data.cambridgema.gov/d/waa7-ibdu?pid=2149
CAM00605,70-76 Porter St,Cambridge,MA,,1902,0,104,TWO-FAM-RES,Cambridge Property Database FY2026 (waa7-ibdu),2026-10-04T04:37Z,2156,https://data.cambridgema.gov/d/waa7-ibdu?pid=2156
CAM00606,43 Jefferson St,Cambridge,MA,,,0,199,CONDO-BLDG,Cambridge Property Database FY2026 (waa7-ibdu),2026-10-04T04:37Z,2157,https://data.cambridgema.gov/d/waa7-ibdu?pid=2157
CAM00607,18 Harding St,Cambridge,MA,,1894,3,105,THREE-FM-RES,Cambridge Property Database FY2026 (waa7-ibdu),2026-10-04T04:37Z,2158,https://data.cambridgema.gov/d/waa7-ibdu?pid=2158
CAM00608,839 Cambridge St,Cambridge,MA,,1900,4,111,4-8-UNIT-APT,Cambridge Property Database FY2026 (waa7-ibdu),2026-10-04T04:37Z,2159,https://data.cambridgema.gov/d/waa7-ibdu?pid=2159
CAM00609,36 Hunting St,Cambridge,MA,,1903,2,104,TWO-FAM-RES,Cambridge Property Database FY2026 (waa7-ibdu),2026-10-04T04:37Z,2161,https://data.cambridgema.gov/d/waa7-ibdu?pid=2161
CAM00610,38 Hunting St,Cambridge,MA,,1873,0,104,TWO-FAM-RES,Cambridge Property Database FY2026 (waa7-ibdu),2026-10-04T04:37Z,2162,https://data.cambridgema.gov/d/waa7-ibdu?pid=2162
CAM00611,137 Willow St,Cambridge,MA,,1930,3,105,THREE-FM-RES,Cambridge Property Database FY2026 (waa7-ibdu),2026-10-04T04:37Z,2163,https://data.cambridgema.gov/d/waa7-ibdu?pid=2163
CAM00612,19-17 Hunting St,Cambridge,MA,,1873,4,111,4-8-UNIT-APT,Cambridge Property Database FY2026 (waa7-ibdu),2026-10-04T04:37Z,2164,https://data.cambridgema.gov/d/waa7-ibdu?pid=2164
CAM00613,9 Harding St,Cambridge,MA,,,0,199,CONDO-BLDG,Cambridge Property Database FY2026 (waa7-ibdu),2026-10-04T04:37Z,2167,https://data.cambridgema.gov/d/waa7-ibdu?pid=2167
CAM00614,8 Porter St,Cambridge,MA,,1894,3,105,THREE-FM-RES,Cambridge Property Database FY2026 (waa7-ibdu),2026-10-04T04:37Z,2168,https://data.cambridgema.gov/d/waa7-ibdu?pid=2168
CAM00615,20 Hunting St,Cambridge,MA,,1903,3,105,THREE-FM-RES,Cambridge Property Database FY2026 (waa7-ibdu),2026-10-04T04:37Z,2170,https://data.cambridgema.gov/d/waa7-ibdu?pid=2170
CAM00616,22 Harding St,Cambridge,MA,,1873,2,104,TWO-FAM-RES,Cambridge Property Database FY2026 (waa7-ibdu),2026-10-04T04:37Z,2172,https://data.cambridgema.gov/d/waa7-ibdu?pid=2172
CAM00617,20 Harding St,Cambridge,MA,,1894,3,105,THREE-FM-RES,Cambridge Property Database FY2026 (waa7-ibdu),2026-10-04T04:37Z,2173,https://data.cambridgema.gov/d/waa7-ibdu?pid=2173
CAM00618,795 Cambridge St,Cambridge,MA,,1915,6,13,MULTIUSE-RES,Cambridge Property Database FY2026 (waa7-ibdu),2026-10-04T04:37Z,2175,https://data.cambridgema.gov/d/waa7-ibdu?pid=2175
CAM00619,17 Marion St,Cambridge,MA,,1873,2,104,TWO-FAM-RES,Cambridge Property Database FY2026 (waa7-ibdu),2026-10-04T04:37Z,2176,https://data.cambridgema.gov/d/waa7-ibdu?pid=2176
CAM00620,15 Marion St,Cambridge,MA,,1873,2,104,TWO-FAM-RES,Cambridge Property Database FY2026 (waa7-ibdu),2026-10-04T04:37Z,2177,https://data.cambridgema.gov/d/waa7-ibdu?pid=2177
CAM00621,35 Harding St,Cambridge,MA,,1910,5,111,4-8-UNIT-APT,Cambridge Property Database FY2026 (waa7-ibdu),2026-10-04T04:37Z,2178,https://data.cambridgema.gov/d/waa7-ibdu?pid=2178
CAM00622,3 Jefferson St,Cambridge,MA,,1873,3,105,THREE-FM-RES,Cambridge Property Database FY2026 (waa7-ibdu),2026-10-04T04:37Z,2180,https://data.cambridgema.gov/d/waa7-ibdu?pid=2180
CAM00623,29 Warren St,Cambridge,MA,,1900,2,13,MULTIUSE-RES,Cambridge Property Database FY2026 (waa7-ibdu),2026-10-04T04:37Z,2181,https://data.cambridgema.gov/d/waa7-ibdu?pid=2181
CAM00624,5 Hunting St,Cambridge,MA,,1873,3,105,THREE-FM-RES,Cambridge Property Database FY2026 (waa7-ibdu),2026-10-04T04:37Z,2182,https://data.cambridgema.gov/d/waa7-ibdu?pid=2182
CAM00625,15 Warren St,Cambridge,MA,,2005,3,105,THREE-FM-RES,Cambridge Property Database FY2026 (waa7-ibdu),2026-10-04T04:37Z,2184,https://data.cambridgema.gov/d/waa7-ibdu?pid=2184
CAM00626,12 Hunting St,Cambridge,MA,,1902,6,111,4-8-UNIT-APT,Cambridge Property Database FY2026 (waa7-ibdu),2026-10-04T04:37Z,2185,https://data.cambridgema.gov/d/waa7-ibdu?pid=2185
CAM00627,6 Hunting St,Cambridge,MA,,2022,10,13,MULTIUSE-RES,Cambridge Property Database FY2026 (waa7-ibdu),2026-10-04T04:37Z,2186,https://data.cambridgema.gov/d/waa7-ibdu?pid=2186
CAM00628,725 Cambridge St,Cambridge,MA,,1900,2,13,MULTIUSE-RES,Cambridge Property Database FY2026 (waa7-ibdu),2026-10-04T04:37Z,2199,https://data.cambridgema.gov/d/waa7-ibdu?pid=2199
CAM00629,731 Cambridge St,Cambridge,MA,,1988,2,13,MULTIUSE-RES,Cambridge Property Database FY2026 (waa7-ibdu),2026-10-04T04:37Z,2202,https://data.cambridgema.gov/d/waa7-ibdu?pid=2202
CAM00630,16 Warren St,Cambridge,MA,,1989,3,13,MULTIUSE-RES,Cambridge Property Database FY2026 (waa7-ibdu),2026-10-04T04:37Z,2203,https://data.cambridgema.gov/d/waa7-ibdu?pid=2203
CAM00631,38 Jefferson St,Cambridge,MA,,1902,3,105,THREE-FM-RES,Cambridge Property Database FY2026 (waa7-ibdu),2026-10-04T04:37Z,2205,https://data.cambridgema.gov/d/waa7-ibdu?pid=2205
CAM00632,40 Jefferson St,Cambridge,MA,,1916,2,104,TWO-FAM-RES,Cambridge Property Database FY2026 (waa7-ibdu),2026-10-04T04:37Z,2206,https://data.cambridgema.gov/d/waa7-ibdu?pid=2206
CAM00633,71 Porter St,Cambridge,MA,,1903,3,105,THREE-FM-RES,Cambridge Property Database FY2026 (waa7-ibdu),2026-10-04T04:37Z,2207,https://data.cambridgema.gov/d/waa7-ibdu?pid=2207
CAM00634,73 Porter St,Cambridge,MA,,,0,199,CONDO-BLDG,Cambridge Property Database FY2026 (waa7-ibdu),2026-10-04T04:37Z,2208,https://data.cambridgema.gov/d/waa7-ibdu?pid=2208
CAM00635,94 Berkshire St,Cambridge,MA,,1903,3,105,THREE-FM-RES,Cambridge Property Database FY2026 (waa7-ibdu),2026-10-04T04:37Z,2210,https://data.cambridgema.gov/d/waa7-ibdu?pid=2210
CAM00636,98 Berkshire St,Cambridge,MA,,1903,3,105,THREE-FM-RES,Cambridge Property Database FY2026 (waa7-ibdu),2026-10-04T04:37Z,2211,https://data.cambridgema.gov/d/waa7-ibdu?pid=2211
CAM00637,102 Berkshire St,Cambridge,MA,,,0,199,CONDO-BLDG,Cambridge Property Database FY2026 (waa7-ibdu),2026-10-04T04:37Z,2212,https://data.cambridgema.gov/d/waa7-ibdu?pid=2212
CAM00638,146 Berkshire St,Cambridge,MA,,,0,199,CONDO-BLDG,Cambridge Property Database FY2026 (waa7-ibdu),2026-10-04T04:37Z,2213,https://data.cambridgema.gov/d/waa7-ibdu?pid=2213
CAM00639,716 Cambridge St,Cambridge,MA,,,0,199,CONDO-BLDG,Cambridge Property Database FY2026 (waa7-ibdu),2026-10-04T04:37Z,2219,https://data.cambridgema.gov/d/waa7-ibdu?pid=2219
CAM00640,439 Cardinal Medeiros Ave,Cambridge,MA,,1903,3,105,THREE-FM-RES,Cambridge Property Database FY2026 (waa7-ibdu),2026-10-04T04:37Z,2226,https://data.cambridgema.gov/d/waa7-ibdu?pid=2226
CAM00641,383 Cardinal Medeiros Ave,Cambridge,MA,,,0,199,CONDO-BLDG,Cambridge Property Database FY2026 (waa7-ibdu),2026-10-04T04:37Z,2227,https://data.cambridgema.gov/d/waa7-ibdu?pid=2227
CAM00642,375 Cardinal Medeiros Ave,Cambridge,MA,,,0,199,CONDO-BLDG,Cambridge Property Database FY2026 (waa7-ibdu),2026-10-04T04:37Z,2228,https://data.cambridgema.gov/d/waa7-ibdu?pid=2228
CAM00643,363-369 Cardinal Medeiros Ave,Cambridge,MA,,,0,199,CONDO-BLDG,Cambridge Property Database FY2026 (waa7-ibdu),2026-10-04T04:37Z,2229,https://data.cambridgema.gov/d/waa7-ibdu?pid=2229
CAM00644,11 Marney St,Cambridge,MA,,1900,9,112,>8-UNIT-APT,Cambridge Property Database FY2026 (waa7-ibdu),2026-10-04T04:37Z,2236,https://data.cambridgema.gov/d/waa7-ibdu?pid=2236
CAM00645,31 Marney St,Cambridge,MA,,1903,0,105,THREE-FM-RES,Cambridge Property Database FY2026 (waa7-ibdu),2026-10-04T04:37Z,2237,https://data.cambridgema.gov/d/waa7-ibdu?pid=2237
CAM00646,106 Berkshire St,Cambridge,MA,,1903,3,105,THREE-FM-RES,Cambridge Property Database FY2026 (waa7-ibdu),2026-10-04T04:37Z,2238,https://data.cambridgema.gov/d/waa7-ibdu?pid=2238
CAM00647,112 Berkshire St,Cambridge,MA,,,0,199,CONDO-BLDG,Cambridge Property Database FY2026 (waa7-ibdu),2026-10-04T04:37Z,2239,https://data.cambridgema.gov/d/waa7-ibdu?pid=2239
CAM00648,122 Berkshire St,Cambridge,MA,,1920,11,112,>8-UNIT-APT,Cambridge Property Database FY2026 (waa7-ibdu),2026-10-04T04:37Z,2240,https://data.cambridgema.gov/d/waa7-ibdu?pid=2240
CAM00649,395 Cardinal Medeiros Ave,Cambridge,MA,,1900,9,114,AFFORDABLE APT,Cambridge Property Database FY2026 (waa7-ibdu),2026-10-04T04:37Z,2241,https://data.cambridgema.gov/d/waa7-ibdu?pid=2241
CAM00650,124 Berkshire St,Cambridge,MA,,1920,8,111,4-8-UNIT-APT,Cambridge Property Database FY2026 (waa7-ibdu),2026-10-04T04:37Z,2242,https://data.cambridgema.gov/d/waa7-ibdu?pid=2242
CAM00651,25 Marcella St,Cambridge,MA,,1903,3,105,THREE-FM-RES,Cambridge Property Database FY2026 (waa7-ibdu),2026-10-04T04:37Z,2243,https://data.cambridgema.gov/d/waa7-ibdu?pid=2243
CAM00652,21 Marcella St,Cambridge,MA,,1903,3,105,THREE-FM-RES,Cambridge Property Database FY2026 (waa7-ibdu),2026-10-04T04:37Z,2244,https://data.cambridgema.gov/d/waa7-ibdu?pid=2244
CAM00653,17 Marcella St,Cambridge,MA,,1903,3,105,THREE-FM-RES,Cambridge Property Database FY2026 (waa7-ibdu),2026-10-04T04:37Z,2245,https://data.cambridgema.gov/d/waa7-ibdu?pid=2245
CAM00654,13 Marcella St,Cambridge,MA,,1903,3,105,THREE-FM-RES,Cambridge Property Database FY2026 (waa7-ibdu),2026-10-04T04:37Z,2246,https://data.cambridgema.gov/d/waa7-ibdu?pid=2246
CAM00655,417 Cardinal Medeiros Ave,Cambridge,MA,,1900,6,111,4-8-UNIT-APT,Cambridge Property Database FY2026 (waa7-ibdu),2026-10-04T04:37Z,2247,https://data.cambridgema.gov/d/waa7-ibdu?pid=2247
CAM00656,1-3 Marcella St,Cambridge,MA,,1900,16,114,AFFORDABLE APT,Cambridge Property Database FY2026 (waa7-ibdu),2026-10-04T04:37Z,2248,https://data.cambridgema.gov/d/waa7-ibdu?pid=2248
CAM00657,5-9 Marcella St,Cambridge,MA,,,0,199,CONDO-BLDG,Cambridge Property Database FY2026 (waa7-ibdu),2026-10-04T04:37Z,2249,https://data.cambridgema.gov/d/waa7-ibdu?pid=2249
CAM00658,27 Marney St,Cambridge,MA,,1900,6,111,4-8-UNIT-APT,Cambridge Property Database FY2026 (waa7-ibdu),2026-10-04T04:37Z,2250,https://data.cambridgema.gov/d/waa7-ibdu?pid=2250
CAM00659,15-19 Marney St,Cambridge,MA,,1900,6,112,>8-UNIT-APT,Cambridge Property Database FY2026 (waa7-ibdu),2026-10-04T04:37Z,2251,https://data.cambridgema.gov/d/waa7-ibdu?pid=2251
CAM00660,22 Marcella St,Cambridge,MA,,1903,3,105,THREE-FM-RES,Cambridge Property Database FY2026 (waa7-ibdu),2026-10-04T04:37Z,2252,https://data.cambridgema.gov/d/waa7-ibdu?pid=2252
CAM00661,18-20 Marcella St,Cambridge,MA,,,0,199,CONDO-BLDG,Cambridge Property Database FY2026 (waa7-ibdu),2026-10-04T04:37Z,2253,https://data.cambridgema.gov/d/waa7-ibdu?pid=2253
CAM00662,16 Marcella St,Cambridge,MA,,1903,3,105,THREE-FM-RES,Cambridge Property Database FY2026 (waa7-ibdu),2026-10-04T04:37Z,2254,https://data.cambridgema.gov/d/waa7-ibdu?pid=2254
CAM00663,14 Marcella St,Cambridge,MA,,,0,199,CONDO-BLDG,Cambridge Property Database FY2026 (waa7-ibdu),2026-10-04T04:37Z,2255,https://data.cambridgema.gov/d/waa7-ibdu?pid=2255
CAM00664,427 Cardinal Medeiros Ave,Cambridge,MA,,1900,0,105,THREE-FM-RES,Cambridge Property Database FY2026 (waa7-ibdu),2026-10-04T04:37Z,2260,https://data.cambridgema.gov/d/waa7-ibdu?pid=2260
CAM00665,429 Cardinal Medeiros Ave,Cambridge,MA,,1902,3,105,THREE-FM-RES,Cambridge Property Database FY2026 (waa7-ibdu),2026-10-04T04:37Z,2261,https://data.cambridgema.gov/d/waa7-ibdu?pid=2261
CAM00666,732 Cambridge St,Cambridge,MA,,1900,1,13,MULTIUSE-RES,Cambridge Property Database FY2026 (waa7-ibdu),2026-10-04T04:37Z,2266,https://data.cambridgema.gov/d/waa7-ibdu?pid=2266
CAM00667,437 Cardinal Medeiros Ave,Cambridge,MA,,1903,3,105,THREE-FM-RES,Cambridge Property Database FY2026 (waa7-ibdu),2026-10-04T04:37Z,2267,https://data.cambridgema.gov/d/waa7-ibdu?pid=2267
CAM00668,409-411 Cardinal Medeiros Ave,Cambridge,MA,,1910,6,114,AFFORDABLE APT,Cambridge Property Database FY2026 (waa7-ibdu),2026-10-04T04:37Z,2268,https://data.cambridgema.gov/d/waa7-ibdu?pid=2268
CAM00669,377-379 Cardinal Medeiros Ave,Cambridge,MA,,1894,3,105,THREE-FM-RES,Cambridge Property Database FY2026 (waa7-ibdu),2026-10-04T04:37Z,2269,https://data.cambridgema.gov/d/waa7-ibdu?pid=2269
CAM00670,377A Cardinal Medeiros Ave,Cambridge,MA,,1900,6,111,4-8-UNIT-APT,Cambridge Property Database FY2026 (waa7-ibdu),2026-10-04T04:37Z,2270,https://data.cambridgema.gov/d/waa7-ibdu?pid=2270
CAM00671,114 Berkshire St,Cambridge,MA,,1915,3,105,THREE-FM-RES,Cambridge Property Database FY2026 (waa7-ibdu),2026-10-04T04:37Z,2272,https://data.cambridgema.gov/d/waa7-ibdu?pid=2272
CAM00672,118-120 Berkshire St,Cambridge,MA,,1915,3,105,THREE-FM-RES,Cambridge Property Database FY2026 (waa7-ibdu),2026-10-04T04:37Z,2273,https://data.cambridgema.gov/d/waa7-ibdu?pid=2273
CAM00673,114.5 Berkshire St,Cambridge,MA,,1902,3,105,THREE-FM-RES,Cambridge Property Database FY2026 (waa7-ibdu),2026-10-04T04:37Z,2274,https://data.cambridgema.gov/d/waa7-ibdu?pid=2274
CAM00674,120R Berkshire St,Cambridge,MA,,1902,0,105,THREE-FM-RES,Cambridge Property Database FY2026 (waa7-ibdu),2026-10-04T04:37Z,2275,https://data.cambridgema.gov/d/waa7-ibdu?pid=2275
CAM00675,50-52 Berkshire St,Cambridge,MA,,1903,3,105,THREE-FM-RES,Cambridge Property Database FY2026 (waa7-ibdu),2026-10-04T04:37Z,2277,https://data.cambridgema.gov/d/waa7-ibdu?pid=2277
CAM00676,56 Berkshire St,Cambridge,MA,,1915,6,114,AFFORDABLE APT,Cambridge Property Database FY2026 (waa7-ibdu),2026-10-04T04:37Z,2278,https://data.cambridgema.gov/d/waa7-ibdu?pid=2278
CAM00677,60 Berkshire St,Cambridge,MA,,1903,3,105,THREE-FM-RES,Cambridge Property Database FY2026 (waa7-ibdu),2026-10-04T04:37Z,2279,https://data.cambridgema.gov/d/waa7-ibdu?pid=2279
CAM00678,317 Cardinal Medeiros Ave,Cambridge,MA,,1903,3,105,THREE-FM-RES,Cambridge Property Database FY2026 (waa7-ibdu),2026-10-04T04:37Z,2280,https://data.cambridgema.gov/d/waa7-ibdu?pid=2280
CAM00679,313 Cardinal Medeiros Ave,Cambridge,MA,,1903,3,105,THREE-FM-RES,Cambridge Property Database FY2026 (waa7-ibdu),2026-10-04T04:37Z,2281,https://data.cambridgema.gov/d/waa7-ibdu?pid=2281
CAM00680,309 Cardinal Medeiros Ave,Cambridge,MA,,1900,5,111,4-8-UNIT-APT,Cambridge Property Database FY2026 (waa7-ibdu),2026-10-04T04:37Z,2282,https://data.cambridgema.gov/d/waa7-ibdu?pid=2282
CAM00681,68 Berkshire St,Cambridge,MA,,1915,6,111,4-8-UNIT-APT,Cambridge Property Database FY2026 (waa7-ibdu),2026-10-04T04:37Z,2283,https://data.cambridgema.gov/d/waa7-ibdu?pid=2283
CAM00682,90 Berkshire St,Cambridge,MA,,1915,6,114,AFFORDABLE APT,Cambridge Property Database FY2026 (waa7-ibdu),2026-10-04T04:37Z,2285,https://data.cambridgema.gov/d/waa7-ibdu?pid=2285
CAM00683,28 Marney St,Cambridge,MA,,1903,3,105,THREE-FM-RES,Cambridge Property Database FY2026 (waa7-ibdu),2026-10-04T04:37Z,2286,https://data.cambridgema.gov/d/waa7-ibdu?pid=2286
CAM00684,24 Marney St,Cambridge,MA,,,0,199,CONDO-BLDG,Cambridge Property Database FY2026 (waa7-ibdu),2026-10-04T04:37Z,2287,https://data.cambridgema.gov/d/waa7-ibdu?pid=2287
CAM00685,20 Marney St,Cambridge,MA,,1903,3,105,THREE-FM-RES,Cambridge Property Database FY2026 (waa7-ibdu),2026-10-04T04:37Z,2288,https://data.cambridgema.gov/d/waa7-ibdu?pid=2288
CAM00686,16 Marney St,Cambridge,MA,,1903,3,105,THREE-FM-RES,Cambridge Property Database FY2026 (waa7-ibdu),2026-10-04T04:37Z,2289,https://data.cambridgema.gov/d/waa7-ibdu?pid=2289
CAM00687,19 Hardwick St,Cambridge,MA,,1903,3,105,THREE-FM-RES,Cambridge Property Database FY2026 (waa7-ibdu),2026-10-04T04:37Z,2290,https://data.cambridgema.gov/d/waa7-ibdu?pid=2290
CAM00688,23 Hardwick St,Cambridge,MA,,1903,3,105,THREE-FM-RES,Cambridge Property Database FY2026 (waa7-ibdu),2026-10-04T04:37Z,2291,https://data.cambridgema.gov/d/waa7-ibdu?pid=2291
CAM00689,27 Hardwick St,Cambridge,MA,,1903,3,105,THREE-FM-RES,Cambridge Property Database FY2026 (waa7-ibdu),2026-10-04T04:37Z,2292,https://data.cambridgema.gov/d/waa7-ibdu?pid=2292
CAM00690,6 Marney St,Cambridge,MA,,,0,199,CONDO-BLDG,Cambridge Property Database FY2026 (waa7-ibdu),2026-10-04T04:37Z,2294,https://data.cambridgema.gov/d/waa7-ibdu?pid=2294
CAM00691,351 Cardinal Medeiros Ave,Cambridge,MA,,,0,199,CONDO-BLDG,Cambridge Property Database FY2026 (waa7-ibdu),2026-10-04T04:37Z,2295,https://data.cambridgema.gov/d/waa7-ibdu?pid=2295
CAM00692,12 Hardwick St,Cambridge,MA,,1903,3,105,THREE-FM-RES,Cambridge Property Database FY2026 (waa7-ibdu),2026-10-04T04:37Z,2296,https://data.cambridgema.gov/d/waa7-ibdu?pid=2296
CAM00693,24 Hardwick St,Cambridge,MA,,1903,3,105,THREE-FM-RES,Cambridge Property Database FY2026 (waa7-ibdu),2026-10-04T04:37Z,2297,https://data.cambridgema.gov/d/waa7-ibdu?pid=2297
CAM00694,26 Hardwick St,Cambridge,MA,,,0,199,CONDO-BLDG,Cambridge Property Database FY2026 (waa7-ibdu),2026-10-04T04:37Z,2298,https://data.cambridgema.gov/d/waa7-ibdu?pid=2298
CAM00695,20 Hardwick St,Cambridge,MA,,1910,3,105,THREE-FM-RES,Cambridge Property Database FY2026 (waa7-ibdu),2026-10-04T04:37Z,2299,https://data.cambridgema.gov/d/waa7-ibdu?pid=2299
CAM00696,14-16 Hardwick St,Cambridge,MA,,1903,3,104,TWO-FAM-RES,Cambridge Property Database FY2026 (waa7-ibdu),2026-10-04T04:37Z,2300,https://data.cambridgema.gov/d/waa7-ibdu?pid=2300
CAM00697,345 Cardinal Medeiros Ave,Cambridge,MA,,,0,199,CONDO-BLDG,Cambridge Property Database FY2026 (waa7-ibdu),2026-10-04T04:37Z,2301,https://data.cambridgema.gov/d/waa7-ibdu?pid=2301
CAM00698,301 Cardinal Medeiros Ave,Cambridge,MA,,1903,3,105,THREE-FM-RES,Cambridge Property Database FY2026 (waa7-ibdu),2026-10-04T04:37Z,2305,https://data.cambridgema.gov/d/waa7-ibdu?pid=2305
CAM00699,303 Cardinal Medeiros Ave,Cambridge,MA,,1903,3,105,THREE-FM-RES,Cambridge Property Database FY2026 (waa7-ibdu),2026-10-04T04:37Z,2306,https://data.cambridgema.gov/d/waa7-ibdu?pid=2306
CAM00700,46 Berkshire St,Cambridge,MA,,1930,3,105,THREE-FM-RES,Cambridge Property Database FY2026 (waa7-ibdu),2026-10-04T04:37Z,2307,https://data.cambridgema.gov/d/waa7-ibdu?pid=2307
CAM00701,48 Berkshire St,Cambridge,MA,,1930,3,105,THREE-FM-RES,Cambridge Property Database FY2026 (waa7-ibdu),2026-10-04T04:37Z,2308,https://data.cambridgema.gov/d/waa7-ibdu?pid=2308
CAM00702,76 Berkshire St,Cambridge,MA,,1903,3,105,THREE-FM-RES,Cambridge Property Database FY2026 (waa7-ibdu),2026-10-04T04:37Z,2310,https://data.cambridgema.gov/d/waa7-ibdu?pid=2310
CAM00703,19-21 York Pl,Cambridge,MA,,,0,199,CONDO-BLDG,Cambridge Property Database FY2026 (waa7-ibdu),2026-10-04T04:37Z,2312,https://data.cambridgema.gov/d/waa7-ibdu?pid=2312
CAM00704,15-17 York Pl,Cambridge,MA,,,0,199,CONDO-BLDG,Cambridge Property Database FY2026 (waa7-ibdu),2026-10-04T04:37Z,2313,https://data.cambridgema.gov/d/waa7-ibdu?pid=2313
CAM00705,66 Berkshire St,Cambridge,MA,,1900,3,105,THREE-FM-RES,Cambridge Property Database FY2026 (waa7-ibdu),2026-10-04T04:37Z,2314,https://data.cambridgema.gov/d/waa7-ibdu?pid=2314
CAM00706,64 Berkshire St,Cambridge,MA,,1903,0,105,THREE-FM-RES,Cambridge Property Database FY2026 (waa7-ibdu),2026-10-04T04:37Z,2315,https://data.cambridgema.gov/d/waa7-ibdu?pid=2315
CAM00707,2 Hardwick St,Cambridge,MA,,,0,199,CONDO-BLDG,Cambridge Property Database FY2026 (waa7-ibdu),2026-10-04T04:37Z,2316,https://data.cambridgema.gov/d/waa7-ibdu?pid=2316
CAM00708,6-8 Hardwick St,Cambridge,MA,,1902,3,105,THREE-FM-RES,Cambridge Property Database FY2026 (waa7-ibdu),2026-10-04T04:37Z,2320,https://data.cambridgema.gov/d/waa7-ibdu?pid=2320
CAM00709,339-341 Cardinal Medeiros Ave,Cambridge,MA,,1905,3,105,THREE-FM-RES,Cambridge Property Database FY2026 (waa7-ibdu),2026-10-04T04:37Z,2378,https://data.cambridgema.gov/d/waa7-ibdu?pid=2378
CAM00710,3-9 Webster Ave,Cambridge,MA,,1998,2,1094,MULT-RES-2FAM,Cambridge Property Database FY2026 (waa7-ibdu),2026-10-04T04:37Z,2384,https://data.cambridgema.gov/d/waa7-ibdu?pid=2384
CAM00711,49 Webster Ave,Cambridge,MA,,,0,199,CONDO-BLDG,Cambridge Property Database FY2026 (waa7-ibdu),2026-10-04T04:37Z,2387,https://data.cambridgema.gov/d/waa7-ibdu?pid=2387
CAM00712,53 Webster Ave,Cambridge,MA,,,0,199,CONDO-BLDG,Cambridge Property Database FY2026 (waa7-ibdu),2026-10-04T04:37Z,2388,https://data.cambridgema.gov/d/waa7-ibdu?pid=2388
CAM00713,40 Bristol St,Cambridge,MA,,1873,3,105,THREE-FM-RES,Cambridge Property Database FY2026 (waa7-ibdu),2026-10-04T04:37Z,2389,https://data.cambridgema.gov/d/waa7-ibdu?pid=2389
CAM00714,36 Bristol St,Cambridge,MA,,1988,3,105,THREE-FM-RES,Cambridge Property Database FY2026 (waa7-ibdu),2026-10-04T04:37Z,2390,https://data.cambridgema.gov/d/waa7-ibdu?pid=2390
CAM00715,26 Bristol St,Cambridge,MA,,1894,3,105,THREE-FM-RES,Cambridge Property Database FY2026 (waa7-ibdu),2026-10-04T04:37Z,2391,https://data.cambridgema.gov/d/waa7-ibdu?pid=2391
CAM00716,67-73 Webster Ave,Cambridge,MA,,1900,9,114,AFFORDABLE APT,Cambridge Property Database FY2026 (waa7-ibdu),2026-10-04T04:37Z,2393,https://data.cambridgema.gov/d/waa7-ibdu?pid=2393
CAM00717,75-77 Webster Ave,Cambridge,MA,,1997,2,104,TWO-FAM-RES,Cambridge Property Database FY2026 (waa7-ibdu),2026-10-04T04:37Z,2394,https://data.cambridgema.gov/d/waa7-ibdu?pid=2394
CAM00718,81 Webster Ave,Cambridge,MA,,1886,3,105,THREE-FM-RES,Cambridge Property Database FY2026 (waa7-ibdu),2026-10-04T04:37Z,2395,https://data.cambridgema.gov/d/waa7-ibdu?pid=2395
CAM00719,83-89 Webster Ave,Cambridge,MA,,1910,4,111,4-8-UNIT-APT,Cambridge Property Database FY2026 (waa7-ibdu),2026-10-04T04:37Z,2396,https://data.cambridgema.gov/d/waa7-ibdu?pid=2396
CAM00720,52 Plymouth St,Cambridge,MA,,,0,199,CONDO-BLDG,Cambridge Property Database FY2026 (waa7-ibdu),2026-10-04T04:37Z,2397,https://data.cambridgema.gov/d/waa7-ibdu?pid=2397
CAM00721,50 Plymouth St,Cambridge,MA,,1910,6,111,4-8-UNIT-APT,Cambridge Property Database FY2026 (waa7-ibdu),2026-10-04T04:37Z,2398,https://data.cambridgema.gov/d/waa7-ibdu?pid=2398
CAM00722,46 Plymouth St,Cambridge,MA,,,0,199,CONDO-BLDG,Cambridge Property Database FY2026 (waa7-ibdu),2026-10-04T04:37Z,2399,https://data.cambridgema.gov/d/waa7-ibdu?pid=2399
CAM00723,40 Plymouth St,Cambridge,MA,,1886,2,104,TWO-FAM-RES,Cambridge Property Database FY2026 (waa7-ibdu),2026-10-04T04:37Z,2400,https://data.cambridgema.gov/d/waa7-ibdu?pid=2400
CAM00724,37 Bristol St,Cambridge,MA,,1886,2,104,TWO-FAM-RES,Cambridge Property Database FY2026 (waa7-ibdu),2026-10-04T04:37Z,2401,https://data.cambridgema.gov/d/waa7-ibdu?pid=2401
CAM00725,45 Bristol St,Cambridge,MA,,1903,3,105,THREE-FM-RES,Cambridge Property Database FY2026 (waa7-ibdu),2026-10-04T04:37Z,2402,https://data.cambridgema.gov/d/waa7-ibdu?pid=2402
CAM00726,49 Bristol St,Cambridge,MA,,,0,199,CONDO-BLDG,Cambridge Property Database FY2026 (waa7-ibdu),2026-10-04T04:37Z,2403,https://data.cambridgema.gov/d/waa7-ibdu?pid=2403
CAM00727,12 Berkshire Pl,Cambridge,MA,,1886,2,104,TWO-FAM-RES,Cambridge Property Database FY2026 (waa7-ibdu),2026-10-04T04:37Z,2414,https://data.cambridgema.gov/d/waa7-ibdu?pid=2414
CAM00728,9 Bristol St,Cambridge,MA,,1910,15,112,>8-UNIT-APT,Cambridge Property Database FY2026 (waa7-ibdu),2026-10-04T04:37Z,2417,https://data.cambridgema.gov/d/waa7-ibdu?pid=2417
CAM00729,51 Plymouth St,Cambridge,MA,,1930,2,13,MULTIUSE-RES,Cambridge Property Database FY2026 (waa7-ibdu),2026-10-04T04:37Z,2418,https://data.cambridgema.gov/d/waa7-ibdu?pid=2418
CAM00730,10 Hamlin St,Cambridge,MA,,1929,3,105,THREE-FM-RES,Cambridge Property Database FY2026 (waa7-ibdu),2026-10-04T04:37Z,2419,https://data.cambridgema.gov/d/waa7-ibdu?pid=2419
CAM00731,14 Hamlin St,Cambridge,MA,,1894,3,105,THREE-FM-RES,Cambridge Property Database FY2026 (waa7-ibdu),2026-10-04T04:37Z,2420,https://data.cambridgema.gov/d/waa7-ibdu?pid=2420
CAM00732,35-37 Berkshire St,Cambridge,MA,,,0,199,CONDO-BLDG,Cambridge Property Database FY2026 (waa7-ibdu),2026-10-04T04:37Z,2421,https://data.cambridgema.gov/d/waa7-ibdu?pid=2421
CAM00733,23 Berkshire St,Cambridge,MA,,,0,199,CONDO-BLDG,Cambridge Property Database FY2026 (waa7-ibdu),2026-10-04T04:37Z,2422,https://data.cambridgema.gov/d/waa7-ibdu?pid=2422
CAM00734,27 Plymouth St,Cambridge,MA,,1894,3,105,THREE-FM-RES,Cambridge Property Database FY2026 (waa7-ibdu),2026-10-04T04:37Z,2423,https://data.cambridgema.gov/d/waa7-ibdu?pid=2423
CAM00735,49 Plymouth St,Cambridge,MA,,1894,2,104,TWO-FAM-RES,Cambridge Property Database FY2026 (waa7-ibdu),2026-10-04T04:37Z,2425,https://data.cambridgema.gov/d/waa7-ibdu?pid=2425
CAM00736,14.5-16 Vandine St,Cambridge,MA,,1900,5,111,4-8-UNIT-APT,Cambridge Property Database FY2026 (waa7-ibdu),2026-10-04T04:37Z,2426,https://data.cambridgema.gov/d/waa7-ibdu?pid=2426
CAM00737,281 Cardinal Medeiros Ave,Cambridge,MA,,1894,3,105,THREE-FM-RES,Cambridge Property Database FY2026 (waa7-ibdu),2026-10-04T04:37Z,2428,https://data.cambridgema.gov/d/waa7-ibdu?pid=2428
CAM00738,279 Cardinal Medeiros Ave,Cambridge,MA,,1894,0,105,THREE-FM-RES,Cambridge Property Database FY2026 (waa7-ibdu),2026-10-04T04:37Z,2429,https://data.cambridgema.gov/d/waa7-ibdu?pid=2429
CAM00739,273 Cardinal Medeiros Ave,Cambridge,MA,,1894,3,105,THREE-FM-RES,Cambridge Property Database FY2026 (waa7-ibdu),2026-10-04T04:37Z,2430,https://data.cambridgema.gov/d/waa7-ibdu?pid=2430
CAM00740,5-7 Plymouth St,Cambridge,MA,,,0,199,CONDO-BLDG,Cambridge Property Database FY2026 (waa7-ibdu),2026-10-04T04:37Z,2431,https://data.cambridgema.gov/d/waa7-ibdu?pid=2431
CAM00741,11 Plymouth St,Cambridge,MA,,1910,6,111,4-8-UNIT-APT,Cambridge Property Database FY2026 (waa7-ibdu),2026-10-04T04:37Z,2432,https://data.cambridgema.gov/d/waa7-ibdu?pid=2432
CAM00742,17 Plymouth St,Cambridge,MA,,1910,6,111,4-8-UNIT-APT,Cambridge Property Database FY2026 (waa7-ibdu),2026-10-04T04:37Z,2433,https://data.cambridgema.gov/d/waa7-ibdu?pid=2433
CAM00743,17 Vandine St,Cambridge,MA,,1886,3,105,THREE-FM-RES,Cambridge Property Database FY2026 (waa7-ibdu),2026-10-04T04:37Z,2434,https://data.cambridgema.gov/d/waa7-ibdu?pid=2434
CAM00744,7 Vandine St,Cambridge,MA,,1886,2,104,TWO-FAM-RES,Cambridge Property Database FY2026 (waa7-ibdu),2026-10-04T04:37Z,2435,https://data.cambridgema.gov/d/waa7-ibdu?pid=2435
CAM00745,10 Bristol St,Cambridge,MA,,,0,199,CONDO-BLDG,Cambridge Property Database FY2026 (waa7-ibdu),2026-10-04T04:37Z,2439,https://data.cambridgema.gov/d/waa7-ibdu?pid=2439
CAM00746,6 Bristol St,Cambridge,MA,,,0,199,CONDO-BLDG,Cambridge Property Database FY2026 (waa7-ibdu),2026-10-04T04:37Z,2440,https://data.cambridgema.gov/d/waa7-ibdu?pid=2440
CAM00747,233 Cardinal Medeiros Ave,Cambridge,MA,,,0,199,CONDO-BLDG,Cambridge Property Database FY2026 (waa7-ibdu),2026-10-04T04:37Z,2441,https://data.cambridgema.gov/d/waa7-ibdu?pid=2441
CAM00748,39-45 Webster Ave,Cambridge,MA,,,0,199,CONDO-BLDG,Cambridge Property Database FY2026 (waa7-ibdu),2026-10-04T04:37Z,2442,https://data.cambridgema.gov/d/waa7-ibdu?pid=2442
CAM00749,30 Berkshire St,Cambridge,MA,,,0,199,CONDO-BLDG,Cambridge Property Database FY2026 (waa7-ibdu),2026-10-04T04:37Z,2443,https://data.cambridgema.gov/d/waa7-ibdu?pid=2443
CAM00750,28 Berkshire St,Cambridge,MA,,2019,0,105,THREE-FM-RES,Cambridge Property Database FY2026 (waa7-ibdu),2026-10-04T04:37Z,2444,https://data.cambridgema.gov/d/waa7-ibdu?pid=2444
CAM00751,19 Plymouth St,Cambridge,MA,,1894,0,105,THREE-FM-RES,Cambridge Property Database FY2026 (waa7-ibdu),2026-10-04T04:37Z,2445,https://data.cambridgema.gov/d/waa7-ibdu?pid=2445
CAM00752,24 Berkshire St,Cambridge,MA,,2019,6,111,4-8-UNIT-APT,Cambridge Property Database FY2026 (waa7-ibdu),2026-10-04T04:37Z,2446,https://data.cambridgema.gov/d/waa7-ibdu?pid=2446
CAM00753,16-18 Bristol St,Cambridge,MA,,1903,3,105,THREE-FM-RES,Cambridge Property Database FY2026 (waa7-ibdu),2026-10-04T04:37Z,2447,https://data.cambridgema.gov/d/waa7-ibdu?pid=2447
CAM00754,14 Vandine St,Cambridge,MA,,,0,199,CONDO-BLDG,Cambridge Property Database FY2026 (waa7-ibdu),2026-10-04T04:37Z,2449,https://data.cambridgema.gov/d/waa7-ibdu?pid=2449
CAM00755,15 Berkshire St,Cambridge,MA,,1915,6,111,4-8-UNIT-APT,Cambridge Property Database FY2026 (waa7-ibdu),2026-10-04T04:37Z,2450,https://data.cambridgema.gov/d/waa7-ibdu?pid=2450
CAM00756,38 Plymouth St,Cambridge,MA,,1910,6,111,4-8-UNIT-APT,Cambridge Property Database FY2026 (waa7-ibdu),2026-10-04T04:37Z,2451,https://data.cambridgema.gov/d/waa7-ibdu?pid=2451
CAM00757,8-10 Berkshire St,Cambridge,MA,,1894,2,104,TWO-FAM-RES,Cambridge Property Database FY2026 (waa7-ibdu),2026-10-04T04:37Z,2454,https://data.cambridgema.gov/d/waa7-ibdu?pid=2454
CAM00758,61-63 Hampshire St,Cambridge,MA,,1902,0,104,TWO-FAM-RES,Cambridge Property Database FY2026 (waa7-ibdu),2026-10-04T04:37Z,2455,https://data.cambridgema.gov/d/waa7-ibdu?pid=2455
CAM00759,55 Hampshire St,Cambridge,MA,,1900,6,111,4-8-UNIT-APT,Cambridge Property Database FY2026 (waa7-ibdu),2026-10-04T04:37Z,2457,https://data.cambridgema.gov/d/waa7-ibdu?pid=2457
CAM00760,59 Hampshire St,Cambridge,MA,,1873,2,104,TWO-FAM-RES,Cambridge Property Database FY2026 (waa7-ibdu),2026-10-04T04:37Z,2458,https://data.cambridgema.gov/d/waa7-ibdu?pid=2458
CAM00761,38 Berkshire St,Cambridge,MA,,1908,2,104,TWO-FAM-RES,Cambridge Property Database FY2026 (waa7-ibdu),2026-10-04T04:37Z,2459,https://data.cambridgema.gov/d/waa7-ibdu?pid=2459
CAM00762,34 Berkshire St,Cambridge,MA,,1886,2,104,TWO-FAM-RES,Cambridge Property Database FY2026 (waa7-ibdu),2026-10-04T04:37Z,2460,https://data.cambridgema.gov/d/waa7-ibdu?pid=2460
CAM00763,19-25 Bristol St,Cambridge,MA,,1903,3,1095,MULT-RES-3FAM,Cambridge Property Database FY2026 (waa7-ibdu),2026-10-04T04:37Z,2461,https://data.cambridgema.gov/d/waa7-ibdu?pid=2461
CAM00764,45 Plymouth St,Cambridge,MA,,1894,3,105,THREE-FM-RES,Cambridge Property Database FY2026 (waa7-ibdu),2026-10-04T04:37Z,2462,https://data.cambridgema.gov/d/waa7-ibdu?pid=2462
CAM00765,41 Plymouth St,Cambridge,MA,,1894,3,105,THREE-FM-RES,Cambridge Property Database FY2026 (waa7-ibdu),2026-10-04T04:37Z,2463,https://data.cambridgema.gov/d/waa7-ibdu?pid=2463
CAM00766,32 Bristol St,Cambridge,MA,,1894,3,105,THREE-FM-RES,Cambridge Property Database FY2026 (waa7-ibdu),2026-10-04T04:37Z,2465,https://data.cambridgema.gov/d/waa7-ibdu?pid=2465
CAM00767,8 Plymouth St,Cambridge,MA,,1910,4,111,4-8-UNIT-APT,Cambridge Property Database FY2026 (waa7-ibdu),2026-10-04T04:37Z,2466,https://data.cambridgema.gov/d/waa7-ibdu?pid=2466
CAM00768,10 York Pl,Cambridge,MA,,1875,0,104,TWO-FAM-RES,Cambridge Property Database FY2026 (waa7-ibdu),2026-10-04T04:37Z,2468,https://data.cambridgema.gov/d/waa7-ibdu?pid=2468
CAM00769,11 Vandine St,Cambridge,MA,,,0,199,CONDO-BLDG,Cambridge Property Database FY2026 (waa7-ibdu),2026-10-04T04:37Z,2469,https://data.cambridgema.gov/d/waa7-ibdu?pid=2469
CAM00770,26-26A Plymouth St,Cambridge,MA,,,0,199,CONDO-BLDG,Cambridge Property Database FY2026 (waa7-ibdu),2026-10-04T04:37Z,2471,https://data.cambridgema.gov/d/waa7-ibdu?pid=2471
CAM00771,28 Plymouth St,Cambridge,MA,,1903,3,105,THREE-FM-RES,Cambridge Property Database FY2026 (waa7-ibdu),2026-10-04T04:37Z,2475,https://data.cambridgema.gov/d/waa7-ibdu?pid=2475
CAM00772,30 Plymouth St,Cambridge,MA,,1903,3,105,THREE-FM-RES,Cambridge Property Database FY2026 (waa7-ibdu),2026-10-04T04:37Z,2476,https://data.cambridgema.gov/d/waa7-ibdu?pid=2476
CAM00773,19 Berkshire St,Cambridge,MA,,1903,3,105,THREE-FM-RES,Cambridge Property Database FY2026 (waa7-ibdu),2026-10-04T04:37Z,2477,https://data.cambridgema.gov/d/waa7-ibdu?pid=2477
CAM00774,5 Berkshire Pl,Cambridge,MA,,1902,3,105,THREE-FM-RES,Cambridge Property Database FY2026 (waa7-ibdu),2026-10-04T04:37Z,2478,https://data.cambridgema.gov/d/waa7-ibdu?pid=2478
CAM00775,7 Bristol St,Cambridge,MA,,1903,3,105,THREE-FM-RES,Cambridge Property Database FY2026 (waa7-ibdu),2026-10-04T04:37Z,2479,https://data.cambridgema.gov/d/waa7-ibdu?pid=2479
CAM00776,293 Cardinal Medeiros Ave,Cambridge,MA,,,0,199,CONDO-BLDG,Cambridge Property Database FY2026 (waa7-ibdu),2026-10-04T04:37Z,2481,https://data.cambridgema.gov/d/waa7-ibdu?pid=2481
CAM00777,15 Vandine St,Cambridge,MA,,1900,4,111,4-8-UNIT-APT,Cambridge Property Database FY2026 (waa7-ibdu),2026-10-04T04:37Z,2482,https://data.cambridgema.gov/d/waa7-ibdu?pid=2482
CAM00778,24 Webster Ave,Cambridge,MA,,1902,3,105,THREE-FM-RES,Cambridge Property Database FY2026 (waa7-ibdu),2026-10-04T04:37Z,2514,https://data.cambridgema.gov/d/waa7-ibdu?pid=2514
CAM00779,22 Bristol St,Cambridge,MA,,1894,3,105,THREE-FM-RES,Cambridge Property Database FY2026 (waa7-ibdu),2026-10-04T04:37Z,2515,https://data.cambridgema.gov/d/waa7-ibdu?pid=2515
CAM00780,20 Bristol St,Cambridge,MA,,1902,3,105,THREE-FM-RES,Cambridge Property Database FY2026 (waa7-ibdu),2026-10-04T04:37Z,2516,https://data.cambridgema.gov/d/waa7-ibdu?pid=2516
CAM00781,40-50 York St,Cambridge,MA,,1900,4,1095,MULT-RES-3FAM,Cambridge Property Database FY2026 (waa7-ibdu),2026-10-04T04:37Z,2517,https://data.cambridgema.gov/d/waa7-ibdu?pid=2517
CAM00782,9 Plymouth St,Cambridge,MA,,1894,2,104,TWO-FAM-RES,Cambridge Property Database FY2026 (waa7-ibdu),2026-10-04T04:37Z,2518,https://data.cambridgema.gov/d/waa7-ibdu?pid=2518
CAM00783,1 Hampshire St,Cambridge,MA,,,0,199,CONDO-BLDG,Cambridge Property Database FY2026 (waa7-ibdu),2026-10-04T04:37Z,2520,https://data.cambridgema.gov/d/waa7-ibdu?pid=2520
CAM00784,221 Broadway,Cambridge,MA,,2017,2,1094,MULT-RES-2FAM,Cambridge Property Database FY2026 (waa7-ibdu),2026-10-04T04:37Z,2533,https://data.cambridgema.gov/d/waa7-ibdu?pid=2533
CAM00785,97 Moore St,Cambridge,MA,,1873,3,105,THREE-FM-RES,Cambridge Property Database FY2026 (waa7-ibdu),2026-10-04T04:37Z,2536,https://data.cambridgema.gov/d/waa7-ibdu?pid=2536
CAM00786,93-95 Moore St,Cambridge,MA,,1873,3,105,THREE-FM-RES,Cambridge Property Database FY2026 (waa7-ibdu),2026-10-04T04:37Z,2537,https://data.cambridgema.gov/d/waa7-ibdu?pid=2537
CAM00787,125 Portland St,Cambridge,MA,,,0,199,CONDO-BLDG,Cambridge Property Database FY2026 (waa7-ibdu),2026-10-04T04:37Z,2542,https://data.cambridgema.gov/d/waa7-ibdu?pid=2542
CAM00788,113 Harvard St,Cambridge,MA,,1920,9,13,MULTIUSE-RES,Cambridge Property Database FY2026 (waa7-ibdu),2026-10-04T04:37Z,2551,https://data.cambridgema.gov/d/waa7-ibdu?pid=2551
CAM00789,119 Harvard St,Cambridge,MA,,1920,20,112,>8-UNIT-APT,Cambridge Property Database FY2026 (waa7-ibdu),2026-10-04T04:37Z,2552,https://data.cambridgema.gov/d/waa7-ibdu?pid=2552
CAM00790,125-127 Harvard St,Cambridge,MA,,,0,199,CONDO-BLDG,Cambridge Property Database FY2026 (waa7-ibdu),2026-10-04T04:37Z,2558,https://data.cambridgema.gov/d/waa7-ibdu?pid=2558
CAM00791,6 Dickinson St,Cambridge,MA,,1902,2,104,TWO-FAM-RES,Cambridge Property Database FY2026 (waa7-ibdu),2026-10-04T04:37Z,2561,https://data.cambridgema.gov/d/waa7-ibdu?pid=2561
CAM00792,214 Broadway,Cambridge,MA,,1890,3,105,THREE-FM-RES,Cambridge Property Database FY2026 (waa7-ibdu),2026-10-04T04:37Z,2563,https://data.cambridgema.gov/d/waa7-ibdu?pid=2563
CAM00793,131 Harvard St,Cambridge,MA,,2016,20,114,AFFORDABLE APT,Cambridge Property Database FY2026 (waa7-ibdu),2026-10-04T04:37Z,2565,https://data.cambridgema.gov/d/waa7-ibdu?pid=2565
CAM00794,100 Memorial Dr,Cambridge,MA,,1972,261,112,>8-UNIT-APT,Cambridge Property Database FY2026 (waa7-ibdu),2026-10-04T04:37Z,2626,https://data.cambridgema.gov/d/waa7-ibdu?pid=2626
CAM00795,64 Chestnut St,Cambridge,MA,,,0,199,CONDO-BLDG,Cambridge Property Database FY2026 (waa7-ibdu),2026-10-04T04:37Z,2722,https://data.cambridgema.gov/d/waa7-ibdu?pid=2722
CAM00796,56 Chestnut St,Cambridge,MA,,1916,3,105,THREE-FM-RES,Cambridge Property Database FY2026 (waa7-ibdu),2026-10-04T04:37Z,2724,https://data.cambridgema.gov/d/waa7-ibdu?pid=2724
CAM00797,52 Chestnut St,Cambridge,MA,,1885,2,104,TWO-FAM-RES,Cambridge Property Database FY2026 (waa7-ibdu),2026-10-04T04:37Z,2725,https://data.cambridgema.gov/d/waa7-ibdu?pid=2725
CAM00798,283 Sidney St,Cambridge,MA,,,0,199,CONDO-BLDG,Cambridge Property Database FY2026 (waa7-ibdu),2026-10-04T04:37Z,2727,https://data.cambridgema.gov/d/waa7-ibdu?pid=2727
CAM00799,289 Sidney St,Cambridge,MA,,,0,199,CONDO-BLDG,Cambridge Property Database FY2026 (waa7-ibdu),2026-10-04T04:37Z,2728,https://data.cambridgema.gov/d/waa7-ibdu?pid=2728
CAM00800,47 Henry St,Cambridge,MA,,,0,199,CONDO-BLDG,Cambridge Property Database FY2026 (waa7-ibdu),2026-10-04T04:37Z,2729,https://data.cambridgema.gov/d/waa7-ibdu?pid=2729
CAM00801,53 Henry St,Cambridge,MA,,1894,1,104,TWO-FAM-RES,Cambridge Property Database FY2026 (waa7-ibdu),2026-10-04T04:37Z,2737,https://data.cambridgema.gov/d/waa7-ibdu?pid=2737
CAM00802,57-59 Henry St,Cambridge,MA,,,0,199,CONDO-BLDG,Cambridge Property Database FY2026 (waa7-ibdu),2026-10-04T04:37Z,2738,https://data.cambridgema.gov/d/waa7-ibdu?pid=2738
CAM00803,63 Henry St,Cambridge,MA,,1916,3,105,THREE-FM-RES,Cambridge Property Database FY2026 (waa7-ibdu),2026-10-04T04:37Z,2742,https://data.cambridgema.gov/d/waa7-ibdu?pid=2742
CAM00804,65 Henry St,Cambridge,MA,,1963,2,104,TWO-FAM-RES,Cambridge Property Database FY2026 (waa7-ibdu),2026-10-04T04:37Z,2743,https://data.cambridgema.gov/d/waa7-ibdu?pid=2743
CAM00805,322 Brookline St,Cambridge,MA,,1894,6,111,4-8-UNIT-APT,Cambridge Property Database FY2026 (waa7-ibdu),2026-10-04T04:37Z,2745,https://data.cambridgema.gov/d/waa7-ibdu?pid=2745
CAM00806,20 Chestnut St,Cambridge,MA,,,0,199,CONDO-BLDG,Cambridge Property Database FY2026 (waa7-ibdu),2026-10-04T04:37Z,2746,https://data.cambridgema.gov/d/waa7-ibdu?pid=2746
CAM00807,308 Brookline St,Cambridge,MA,,,0,199,CONDO-BLDG,Cambridge Property Database FY2026 (waa7-ibdu),2026-10-04T04:37Z,2857,https://data.cambridgema.gov/d/waa7-ibdu?pid=2857
CAM00808,314 Brookline St,Cambridge,MA,,1930,3,105,THREE-FM-RES,Cambridge Property Database FY2026 (waa7-ibdu),2026-10-04T04:37Z,2870,https://data.cambridgema.gov/d/waa7-ibdu?pid=2870
CAM00809,318-320 Brookline St,Cambridge,MA,,,0,199,CONDO-BLDG,Cambridge Property Database FY2026 (waa7-ibdu),2026-10-04T04:37Z,2871,https://data.cambridgema.gov/d/waa7-ibdu?pid=2871
CAM00810,318R Brookline St,Cambridge,MA,,1930,0,104,TWO-FAM-RES,Cambridge Property Database FY2026 (waa7-ibdu),2026-10-04T04:37Z,2875,https://data.cambridgema.gov/d/waa7-ibdu?pid=2875
CAM00811,272 Sidney St,Cambridge,MA,,1900,3,13,MULTIUSE-RES,Cambridge Property Database FY2026 (waa7-ibdu),2026-10-04T04:37Z,2876,https://data.cambridgema.gov/d/waa7-ibdu?pid=2876
CAM00812,49 Allston St,Cambridge,MA,,1916,2,104,TWO-FAM-RES,Cambridge Property Database FY2026 (waa7-ibdu),2026-10-04T04:37Z,2882,https://data.cambridgema.gov/d/waa7-ibdu?pid=2882
CAM00813,43 Allston St,Cambridge,MA,,,0,199,CONDO-BLDG,Cambridge Property Database FY2026 (waa7-ibdu),2026-10-04T04:37Z,2883,https://data.cambridgema.gov/d/waa7-ibdu?pid=2883
CAM00814,204 Sidney St,Cambridge,MA,,1902,2,13,MULTIUSE-RES,Cambridge Property Database FY2026 (waa7-ibdu),2026-10-04T04:37Z,2891,https://data.cambridgema.gov/d/waa7-ibdu?pid=2891
CAM00815,266 Sidney St,Cambridge,MA,,1873,2,104,TWO-FAM-RES,Cambridge Property Database FY2026 (waa7-ibdu),2026-10-04T04:37Z,2893,https://data.cambridgema.gov/d/waa7-ibdu?pid=2893
CAM00816,262 Sidney St,Cambridge,MA,,,0,199,CONDO-BLDG,Cambridge Property Database FY2026 (waa7-ibdu),2026-10-04T04:37Z,2894,https://data.cambridgema.gov/d/waa7-ibdu?pid=2894
CAM00817,625 Putnam Ave,Cambridge,MA,,2012,34,114,AFFORDABLE APT,Cambridge Property Database FY2026 (waa7-ibdu),2026-10-04T04:37Z,2906,https://data.cambridgema.gov/d/waa7-ibdu?pid=2906
CAM00818,605 Putnam Ave,Cambridge,MA,,,0,199,CONDO-BLDG,Cambridge Property Database FY2026 (waa7-ibdu),2026-10-04T04:37Z,2908,https://data.cambridgema.gov/d/waa7-ibdu?pid=2908
CAM00819,609 Putnam Ave,Cambridge,MA,,1920,3,105,THREE-FM-RES,Cambridge Property Database FY2026 (waa7-ibdu),2026-10-04T04:37Z,2909,https://data.cambridgema.gov/d/waa7-ibdu?pid=2909
CAM00820,240 Sidney St,Cambridge,MA,,2014,96,112,>8-UNIT-APT,Cambridge Property Database FY2026 (waa7-ibdu),2026-10-04T04:37Z,2910,https://data.cambridgema.gov/d/waa7-ibdu?pid=2910
CAM00821,100 Landsdowne St,Cambridge,MA,,2004,203,112,>8-UNIT-APT,Cambridge Property Database FY2026 (waa7-ibdu),2026-10-04T04:37Z,2947,https://data.cambridgema.gov/d/waa7-ibdu?pid=2947
CAM00822,20 Sidney St,Cambridge,MA,,,0,199,CONDO-BLDG,Cambridge Property Database FY2026 (waa7-ibdu),2026-10-04T04:37Z,2955,https://data.cambridgema.gov/d/waa7-ibdu?pid=2955
CAM00823,233 Massachusetts Ave,Cambridge,MA,,1911,14,13,MULTIUSE-RES,Cambridge Property Database FY2026 (waa7-ibdu),2026-10-04T04:37Z,2994,https://data.cambridgema.gov/d/waa7-ibdu?pid=2994
CAM00824,798 Main St,Cambridge,MA,,1900,19,13,MULTIUSE-RES,Cambridge Property Database FY2026 (waa7-ibdu),2026-10-04T04:37Z,3001,https://data.cambridgema.gov/d/waa7-ibdu?pid=3001
CAM00825,884 Main St,Cambridge,MA,,1900,3,105,THREE-FM-RES,Cambridge Property Database FY2026 (waa7-ibdu),2026-10-04T04:37Z,3008,https://data.cambridgema.gov/d/waa7-ibdu?pid=3008
CAM00826,355 Massachusetts Ave,Cambridge,MA,,,0,199,CONDO-BLDG,Cambridge Property Database FY2026 (waa7-ibdu),2026-10-04T04:37Z,3009,https://data.cambridgema.gov/d/waa7-ibdu?pid=3009
CAM00827,608-616 Main St,Cambridge,MA,,,0,199,CONDO-BLDG,Cambridge Property Database FY2026 (waa7-ibdu),2026-10-04T04:37Z,3016,https://data.cambridgema.gov/d/waa7-ibdu?pid=3016
CAM00828,72 School St,Cambridge,MA,,1930,4,111,4-8-UNIT-APT,Cambridge Property Database FY2026 (waa7-ibdu),2026-10-04T04:37Z,3022,https://data.cambridgema.gov/d/waa7-ibdu?pid=3022
CAM00829,68 School St,Cambridge,MA,,,0,199,CONDO-BLDG,Cambridge Property Database FY2026 (waa7-ibdu),2026-10-04T04:37Z,3023,https://data.cambridgema.gov/d/waa7-ibdu?pid=3023
CAM00830,73 School St,Cambridge,MA,,,0,199,CONDO-BLDG,Cambridge Property Database FY2026 (waa7-ibdu),2026-10-04T04:37Z,3028,https://data.cambridgema.gov/d/waa7-ibdu?pid=3028
CAM00831,56 Cherry St,Cambridge,MA,,1854,0,104,TWO-FAM-RES,Cambridge Property Database FY2026 (waa7-ibdu),2026-10-04T04:37Z,3029,https://data.cambridgema.gov/d/waa7-ibdu?pid=3029
CAM00832,109 Windsor St,Cambridge,MA,,1910,8,111,4-8-UNIT-APT,Cambridge Property Database FY2026 (waa7-ibdu),2026-10-04T04:37Z,3031,https://data.cambridgema.gov/d/waa7-ibdu?pid=3031
CAM00833,71 School St,Cambridge,MA,,,0,199,CONDO-BLDG,Cambridge Property Database FY2026 (waa7-ibdu),2026-10-04T04:37Z,3033,https://data.cambridgema.gov/d/waa7-ibdu?pid=3033
CAM00834,116-120 Cherry St,Cambridge,MA,,,0,199,CONDO-BLDG,Cambridge Property Database FY2026 (waa7-ibdu),2026-10-04T04:37Z,3034,https://data.cambridgema.gov/d/waa7-ibdu?pid=3034
CAM00835,128 Cherry St,Cambridge,MA,,,0,199,CONDO-BLDG,Cambridge Property Database FY2026 (waa7-ibdu),2026-10-04T04:37Z,3035,https://data.cambridgema.gov/d/waa7-ibdu?pid=3035
CAM00836,132 Cherry St,Cambridge,MA,,1894,0,105,THREE-FM-RES,Cambridge Property Database FY2026 (waa7-ibdu),2026-10-04T04:37Z,3036,https://data.cambridgema.gov/d/waa7-ibdu?pid=3036
CAM00837,170 Harvard St,Cambridge,MA,,1873,1,104,TWO-FAM-RES,Cambridge Property Database FY2026 (waa7-ibdu),2026-10-04T04:37Z,3038,https://data.cambridgema.gov/d/waa7-ibdu?pid=3038
CAM00838,189 Windsor St,Cambridge,MA,,1886,3,105,THREE-FM-RES,Cambridge Property Database FY2026 (waa7-ibdu),2026-10-04T04:37Z,3039,https://data.cambridgema.gov/d/waa7-ibdu?pid=3039
CAM00839,187 Windsor St,Cambridge,MA,,1856,2,104,TWO-FAM-RES,Cambridge Property Database FY2026 (waa7-ibdu),2026-10-04T04:37Z,3040,https://data.cambridgema.gov/d/waa7-ibdu?pid=3040
CAM00840,183 Windsor St,Cambridge,MA,,1850,0,105,THREE-FM-RES,Cambridge Property Database FY2026 (waa7-ibdu),2026-10-04T04:37Z,3041,https://data.cambridgema.gov/d/waa7-ibdu?pid=3041
CAM00841,181 Windsor St,Cambridge,MA,,1856,2,104,TWO-FAM-RES,Cambridge Property Database FY2026 (waa7-ibdu),2026-10-04T04:37Z,3042,https://data.cambridgema.gov/d/waa7-ibdu?pid=3042
CAM00842,177 Windsor St,Cambridge,MA,,1850,2,104,TWO-FAM-RES,Cambridge Property Database FY2026 (waa7-ibdu),2026-10-04T04:37Z,3043,https://data.cambridgema.gov/d/waa7-ibdu?pid=3043
CAM00843,171 Windsor St,Cambridge,MA,,1920,6,111,4-8-UNIT-APT,Cambridge Property Database FY2026 (waa7-ibdu),2026-10-04T04:37Z,3044,https://data.cambridgema.gov/d/waa7-ibdu?pid=3044
CAM00844,167 Windsor St,Cambridge,MA,,1854,2,104,TWO-FAM-RES,Cambridge Property Database FY2026 (waa7-ibdu),2026-10-04T04:37Z,3045,https://data.cambridgema.gov/d/waa7-ibdu?pid=3045
CAM00845,161 Windsor St,Cambridge,MA,,1873,2,1094,MULT-RES-2FAM,Cambridge Property Database FY2026 (waa7-ibdu),2026-10-04T04:37Z,3046,https://data.cambridgema.gov/d/waa7-ibdu?pid=3046
CAM00846,157 Windsor St,Cambridge,MA,,1903,3,105,THREE-FM-RES,Cambridge Property Database FY2026 (waa7-ibdu),2026-10-04T04:37Z,3047,https://data.cambridgema.gov/d/waa7-ibdu?pid=3047
CAM00847,245-247 Washington St,Cambridge,MA,,,0,199,CONDO-BLDG,Cambridge Property Database FY2026 (waa7-ibdu),2026-10-04T04:37Z,3048,https://data.cambridgema.gov/d/waa7-ibdu?pid=3048
CAM00848,241 Washington St,Cambridge,MA,,1900,3,105,THREE-FM-RES,Cambridge Property Database FY2026 (waa7-ibdu),2026-10-04T04:37Z,3052,https://data.cambridgema.gov/d/waa7-ibdu?pid=3052
CAM00849,149-151 Windsor St,Cambridge,MA,,1920,6,114,AFFORDABLE APT,Cambridge Property Database FY2026 (waa7-ibdu),2026-10-04T04:37Z,3053,https://data.cambridgema.gov/d/waa7-ibdu?pid=3053
CAM00850,259 Washington St,Cambridge,MA,,,0,199,CONDO-BLDG,Cambridge Property Database FY2026 (waa7-ibdu),2026-10-04T04:37Z,3054,https://data.cambridgema.gov/d/waa7-ibdu?pid=3054
CAM00851,261 Washington St,Cambridge,MA,,1841,3,105,THREE-FM-RES,Cambridge Property Database FY2026 (waa7-ibdu),2026-10-04T04:37Z,3055,https://data.cambridgema.gov/d/waa7-ibdu?pid=3055
CAM00852,191 Windsor St,Cambridge,MA,,,0,199,CONDO-BLDG,Cambridge Property Database FY2026 (waa7-ibdu),2026-10-04T04:37Z,3056,https://data.cambridgema.gov/d/waa7-ibdu?pid=3056
CAM00853,174 Harvard St,Cambridge,MA,,1902,2,104,TWO-FAM-RES,Cambridge Property Database FY2026 (waa7-ibdu),2026-10-04T04:37Z,3059,https://data.cambridgema.gov/d/waa7-ibdu?pid=3059
CAM00854,176 Harvard St,Cambridge,MA,,1902,3,105,THREE-FM-RES,Cambridge Property Database FY2026 (waa7-ibdu),2026-10-04T04:37Z,3060,https://data.cambridgema.gov/d/waa7-ibdu?pid=3060
CAM00855,304 Washington St,Cambridge,MA,,,0,199,CONDO-BLDG,Cambridge Property Database FY2026 (waa7-ibdu),2026-10-04T04:37Z,3070,https://data.cambridgema.gov/d/waa7-ibdu?pid=3070
CAM00856,55 Pine St,Cambridge,MA,,1920,3,105,THREE-FM-RES,Cambridge Property Database FY2026 (waa7-ibdu),2026-10-04T04:37Z,3077,https://data.cambridgema.gov/d/waa7-ibdu?pid=3077
CAM00857,65 Pine St,Cambridge,MA,,1873,2,104,TWO-FAM-RES,Cambridge Property Database FY2026 (waa7-ibdu),2026-10-04T04:37Z,3078,https://data.cambridgema.gov/d/waa7-ibdu?pid=3078
CAM00858,51 Pine St,Cambridge,MA,,1854,2,104,TWO-FAM-RES,Cambridge Property Database FY2026 (waa7-ibdu),2026-10-04T04:37Z,3079,https://data.cambridgema.gov/d/waa7-ibdu?pid=3079
CAM00859,7-9 Pine St,Cambridge,MA,,,0,199,CONDO-BLDG,Cambridge Property Database FY2026 (waa7-ibdu),2026-10-04T04:37Z,3080,https://data.cambridgema.gov/d/waa7-ibdu?pid=3080
CAM00860,96-98 Columbia St,Cambridge,MA,,,0,199,CONDO-BLDG,Cambridge Property Database FY2026 (waa7-ibdu),2026-10-04T04:37Z,3081,https://data.cambridgema.gov/d/waa7-ibdu?pid=3081
CAM00861,132 Columbia St,Cambridge,MA,,1902,3,105,THREE-FM-RES,Cambridge Property Database FY2026 (waa7-ibdu),2026-10-04T04:37Z,3086,https://data.cambridgema.gov/d/waa7-ibdu?pid=3086
CAM00862,136 Columbia St,Cambridge,MA,,1857,2,104,TWO-FAM-RES,Cambridge Property Database FY2026 (waa7-ibdu),2026-10-04T04:37Z,3087,https://data.cambridgema.gov/d/waa7-ibdu?pid=3087
CAM00863,140 Columbia St,Cambridge,MA,,,0,199,CONDO-BLDG,Cambridge Property Database FY2026 (waa7-ibdu),2026-10-04T04:37Z,3088,https://data.cambridgema.gov/d/waa7-ibdu?pid=3088
CAM00864,146 Columbia St,Cambridge,MA,,,0,199,CONDO-BLDG,Cambridge Property Database FY2026 (waa7-ibdu),2026-10-04T04:37Z,3089,https://data.cambridgema.gov/d/waa7-ibdu?pid=3089
CAM00865,150 Columbia St,Cambridge,MA,,,0,199,CONDO-BLDG,Cambridge Property Database FY2026 (waa7-ibdu),2026-10-04T04:37Z,3090,https://data.cambridgema.gov/d/waa7-ibdu?pid=3090
CAM00866,139 Pine St,Cambridge,MA,,1873,2,104,TWO-FAM-RES,Cambridge Property Database FY2026 (waa7-ibdu),2026-10-04T04:37Z,3093,https://data.cambridgema.gov/d/waa7-ibdu?pid=3093
CAM00867,133 Pine St,Cambridge,MA,,1869,2,104,TWO-FAM-RES,Cambridge Property Database FY2026 (waa7-ibdu),2026-10-04T04:37Z,3094,https://data.cambridgema.gov/d/waa7-ibdu?pid=3094
CAM00868,119-127 Pine St,Cambridge,MA,,,0,199,CONDO-BLDG,Cambridge Property Database FY2026 (waa7-ibdu),2026-10-04T04:37Z,3095,https://data.cambridgema.gov/d/waa7-ibdu?pid=3095
CAM00869,97 Pine St,Cambridge,MA,,1900,12,114,AFFORDABLE APT,Cambridge Property Database FY2026 (waa7-ibdu),2026-10-04T04:37Z,3096,https://data.cambridgema.gov/d/waa7-ibdu?pid=3096
CAM00870,81 Pine St,Cambridge,MA,,,0,199,CONDO-BLDG,Cambridge Property Database FY2026 (waa7-ibdu),2026-10-04T04:37Z,3097,https://data.cambridgema.gov/d/waa7-ibdu?pid=3097
CAM00871,307 Washington St,Cambridge,MA,,1900,6,111,4-8-UNIT-APT,Cambridge Property Database FY2026 (waa7-ibdu),2026-10-04T04:37Z,3098,https://data.cambridgema.gov/d/waa7-ibdu?pid=3098
CAM00872,15-17 Bishop Allen Dr,Cambridge,MA,,1915,4,111,4-8-UNIT-APT,Cambridge Property Database FY2026 (waa7-ibdu),2026-10-04T04:37Z,3100,https://data.cambridgema.gov/d/waa7-ibdu?pid=3100
CAM00873,821-823 Main St,Cambridge,MA,,,0,199,CONDO-BLDG,Cambridge Property Database FY2026 (waa7-ibdu),2026-10-04T04:37Z,3104,https://data.cambridgema.gov/d/waa7-ibdu?pid=3104
CAM00874,8 Pine St,Cambridge,MA,,1854,0,104,TWO-FAM-RES,Cambridge Property Database FY2026 (waa7-ibdu),2026-10-04T04:37Z,3106,https://data.cambridgema.gov/d/waa7-ibdu?pid=3106
CAM00875,18 Pine St,Cambridge,MA,,1854,2,104,TWO-FAM-RES,Cambridge Property Database FY2026 (waa7-ibdu),2026-10-04T04:37Z,3107,https://data.cambridgema.gov/d/waa7-ibdu?pid=3107
CAM00876,34 Pine St,Cambridge,MA,,1900,3,105,THREE-FM-RES,Cambridge Property Database FY2026 (waa7-ibdu),2026-10-04T04:37Z,3109,https://data.cambridgema.gov/d/waa7-ibdu?pid=3109
CAM00877,6 Eaton St,Cambridge,MA,,1854,2,104,TWO-FAM-RES,Cambridge Property Database FY2026 (waa7-ibdu),2026-10-04T04:37Z,3110,https://data.cambridgema.gov/d/waa7-ibdu?pid=3110
CAM00878,4 Eaton St,Cambridge,MA,,1873,2,104,TWO-FAM-RES,Cambridge Property Database FY2026 (waa7-ibdu),2026-10-04T04:37Z,3112,https://data.cambridgema.gov/d/waa7-ibdu?pid=3112
CAM00879,57-59 Cherry St,Cambridge,MA,,,0,199,CONDO-BLDG,Cambridge Property Database FY2026 (waa7-ibdu),2026-10-04T04:37Z,3113,https://data.cambridgema.gov/d/waa7-ibdu?pid=3113
CAM00880,49 Cherry St,Cambridge,MA,,1873,2,104,TWO-FAM-RES,Cambridge Property Database FY2026 (waa7-ibdu),2026-10-04T04:37Z,3118,https://data.cambridgema.gov/d/waa7-ibdu?pid=3118
CAM00881,45-45 Cherry St,Cambridge,MA,,1830,3,1095,MULT-RES-3FAM,Cambridge Property Database FY2026 (waa7-ibdu),2026-10-04T04:37Z,3119,https://data.cambridgema.gov/d/waa7-ibdu?pid=3119
CAM00882,296 Washington St,Cambridge,MA,,1837,2,104,TWO-FAM-RES,Cambridge Property Database FY2026 (waa7-ibdu),2026-10-04T04:37Z,3121,https://data.cambridgema.gov/d/waa7-ibdu?pid=3121
CAM00883,288-290 Washington St,Cambridge,MA,,,0,199,CONDO-BLDG,Cambridge Property Database FY2026 (waa7-ibdu),2026-10-04T04:37Z,3122,https://data.cambridgema.gov/d/waa7-ibdu?pid=3122
CAM00884,297-299 Washington St,Cambridge,MA,,1873,2,104,TWO-FAM-RES,Cambridge Property Database FY2026 (waa7-ibdu),2026-10-04T04:37Z,3129,https://data.cambridgema.gov/d/waa7-ibdu?pid=3129
CAM00885,132 Pine St,Cambridge,MA,,1900,4,112,>8-UNIT-APT,Cambridge Property Database FY2026 (waa7-ibdu),2026-10-04T04:37Z,3132,https://data.cambridgema.gov/d/waa7-ibdu?pid=3132
CAM00886,138-142 Pine St,Cambridge,MA,,,0,199,CONDO-BLDG,Cambridge Property Database FY2026 (waa7-ibdu),2026-10-04T04:37Z,3133,https://data.cambridgema.gov/d/waa7-ibdu?pid=3133
CAM00887,184 Harvard St,Cambridge,MA,,1902,17,114,AFFORDABLE APT,Cambridge Property Database FY2026 (waa7-ibdu),2026-10-04T04:37Z,3137,https://data.cambridgema.gov/d/waa7-ibdu?pid=3137
CAM00888,137 Cherry St,Cambridge,MA,,1920,5,111,4-8-UNIT-APT,Cambridge Property Database FY2026 (waa7-ibdu),2026-10-04T04:37Z,3142,https://data.cambridgema.gov/d/waa7-ibdu?pid=3142
CAM00889,127 Cherry St,Cambridge,MA,,,0,199,CONDO-BLDG,Cambridge Property Database FY2026 (waa7-ibdu),2026-10-04T04:37Z,3143,https://data.cambridgema.gov/d/waa7-ibdu?pid=3143
CAM00890,289 Washington St,Cambridge,MA,,,0,199,CONDO-BLDG,Cambridge Property Database FY2026 (waa7-ibdu),2026-10-04T04:37Z,3144,https://data.cambridgema.gov/d/waa7-ibdu?pid=3144
CAM00891,283 Washington St,Cambridge,MA,,1903,3,105,THREE-FM-RES,Cambridge Property Database FY2026 (waa7-ibdu),2026-10-04T04:37Z,3145,https://data.cambridgema.gov/d/waa7-ibdu?pid=3145
CAM00892,273-275 Washington St,Cambridge,MA,,,0,199,CONDO-BLDG,Cambridge Property Database FY2026 (waa7-ibdu),2026-10-04T04:37Z,3146,https://data.cambridgema.gov/d/waa7-ibdu?pid=3146
CAM00893,123 Cherry St,Cambridge,MA,,1900,6,111,4-8-UNIT-APT,Cambridge Property Database FY2026 (waa7-ibdu),2026-10-04T04:37Z,3147,https://data.cambridgema.gov/d/waa7-ibdu?pid=3147
CAM00894,21 Pine St,Cambridge,MA,,1920,6,111,4-8-UNIT-APT,Cambridge Property Database FY2026 (waa7-ibdu),2026-10-04T04:37Z,3148,https://data.cambridgema.gov/d/waa7-ibdu?pid=3148
CAM00895,23 Pine St,Cambridge,MA,,1903,3,105,THREE-FM-RES,Cambridge Property Database FY2026 (waa7-ibdu),2026-10-04T04:37Z,3149,https://data.cambridgema.gov/d/waa7-ibdu?pid=3149
CAM00896,8 Marvin Pl,Cambridge,MA,,1873,2,104,TWO-FAM-RES,Cambridge Property Database FY2026 (waa7-ibdu),2026-10-04T04:37Z,3150,https://data.cambridgema.gov/d/waa7-ibdu?pid=3150
CAM00897,178-180 Harvard St,Cambridge,MA,,,0,199,CONDO-BLDG,Cambridge Property Database FY2026 (waa7-ibdu),2026-10-04T04:37Z,3151,https://data.cambridgema.gov/d/waa7-ibdu?pid=3151
CAM00898,182 Harvard St,Cambridge,MA,,,0,199,CONDO-BLDG,Cambridge Property Database FY2026 (waa7-ibdu),2026-10-04T04:37Z,3155,https://data.cambridgema.gov/d/waa7-ibdu?pid=3155
CAM00899,44 Columbia St,Cambridge,MA,,1900,6,111,4-8-UNIT-APT,Cambridge Property Database FY2026 (waa7-ibdu),2026-10-04T04:37Z,3156,https://data.cambridgema.gov/d/waa7-ibdu?pid=3156
CAM00900,101 School St,Cambridge,MA,,1854,2,104,TWO-FAM-RES,Cambridge Property Database FY2026 (waa7-ibdu),2026-10-04T04:37Z,3157,https://data.cambridgema.gov/d/waa7-ibdu?pid=3157
CAM00901,97 School St,Cambridge,MA,,1903,2,104,TWO-FAM-RES,Cambridge Property Database FY2026 (waa7-ibdu),2026-10-04T04:37Z,3159,https://data.cambridgema.gov/d/waa7-ibdu?pid=3159
CAM00902,113 Cherry St,Cambridge,MA,,1903,2,104,TWO-FAM-RES,Cambridge Property Database FY2026 (waa7-ibdu),2026-10-04T04:37Z,3160,https://data.cambridgema.gov/d/waa7-ibdu?pid=3160
CAM00903,86 Pine St,Cambridge,MA,,1916,3,105,THREE-FM-RES,Cambridge Property Database FY2026 (waa7-ibdu),2026-10-04T04:37Z,3167,https://data.cambridgema.gov/d/waa7-ibdu?pid=3167
CAM00904,96 Pine St,Cambridge,MA,,,0,199,CONDO-BLDG,Cambridge Property Database FY2026 (waa7-ibdu),2026-10-04T04:37Z,3168,https://data.cambridgema.gov/d/waa7-ibdu?pid=3168
CAM00905,100 Pine St,Cambridge,MA,,1903,3,105,THREE-FM-RES,Cambridge Property Database FY2026 (waa7-ibdu),2026-10-04T04:37Z,3169,https://data.cambridgema.gov/d/waa7-ibdu?pid=3169
CAM00906,124 Columbia St,Cambridge,MA,,1915,5,111,4-8-UNIT-APT,Cambridge Property Database FY2026 (waa7-ibdu),2026-10-04T04:37Z,3171,https://data.cambridgema.gov/d/waa7-ibdu?pid=3171
CAM00907,120 Columbia St,Cambridge,MA,,1920,6,111,4-8-UNIT-APT,Cambridge Property Database FY2026 (waa7-ibdu),2026-10-04T04:37Z,3172,https://data.cambridgema.gov/d/waa7-ibdu?pid=3172
CAM00908,84 Columbia St,Cambridge,MA,,,0,199,CONDO-BLDG,Cambridge Property Database FY2026 (waa7-ibdu),2026-10-04T04:37Z,3175,https://data.cambridgema.gov/d/waa7-ibdu?pid=3175
CAM00909,88 Columbia St,Cambridge,MA,,1915,0,105,THREE-FM-RES,Cambridge Property Database FY2026 (waa7-ibdu),2026-10-04T04:37Z,3179,https://data.cambridgema.gov/d/waa7-ibdu?pid=3179
CAM00910,92 Columbia St,Cambridge,MA,,1886,2,104,TWO-FAM-RES,Cambridge Property Database FY2026 (waa7-ibdu),2026-10-04T04:37Z,3180,https://data.cambridgema.gov/d/waa7-ibdu?pid=3180
CAM00911,2 Washington Ct,Cambridge,MA,,,0,199,CONDO-BLDG,Cambridge Property Database FY2026 (waa7-ibdu),2026-10-04T04:37Z,3181,https://data.cambridgema.gov/d/waa7-ibdu?pid=3181
CAM00912,270 Washington St,Cambridge,MA,,1903,3,105,THREE-FM-RES,Cambridge Property Database FY2026 (waa7-ibdu),2026-10-04T04:37Z,3183,https://data.cambridgema.gov/d/waa7-ibdu?pid=3183
CAM00913,280 Washington St,Cambridge,MA,,1900,6,111,4-8-UNIT-APT,Cambridge Property Database FY2026 (waa7-ibdu),2026-10-04T04:37Z,3184,https://data.cambridgema.gov/d/waa7-ibdu?pid=3184
CAM00914,104-106 Pine St,Cambridge,MA,,1930,3,105,THREE-FM-RES,Cambridge Property Database FY2026 (waa7-ibdu),2026-10-04T04:37Z,3186,https://data.cambridgema.gov/d/waa7-ibdu?pid=3186
CAM00915,134 Pine St,Cambridge,MA,,,0,199,CONDO-BLDG,Cambridge Property Database FY2026 (waa7-ibdu),2026-10-04T04:37Z,3187,https://data.cambridgema.gov/d/waa7-ibdu?pid=3187
CAM00916,136 Pine St,Cambridge,MA,,,0,199,CONDO-BLDG,Cambridge Property Database FY2026 (waa7-ibdu),2026-10-04T04:37Z,3190,https://data.cambridgema.gov/d/waa7-ibdu?pid=3190
CAM00917,151R Cherry St,Cambridge,MA,,1903,3,105,THREE-FM-RES,Cambridge Property Database FY2026 (waa7-ibdu),2026-10-04T04:37Z,3193,https://data.cambridgema.gov/d/waa7-ibdu?pid=3193
CAM00918,151 Cherry St,Cambridge,MA,,,0,199,CONDO-BLDG,Cambridge Property Database FY2026 (waa7-ibdu),2026-10-04T04:37Z,3194,https://data.cambridgema.gov/d/waa7-ibdu?pid=3194
CAM00919,149 Cherry St,Cambridge,MA,,,0,199,CONDO-BLDG,Cambridge Property Database FY2026 (waa7-ibdu),2026-10-04T04:37Z,3195,https://data.cambridgema.gov/d/waa7-ibdu?pid=3195
CAM00920,106-108 Columbia St,Cambridge,MA,,1915,3,105,THREE-FM-RES,Cambridge Property Database FY2026 (waa7-ibdu),2026-10-04T04:37Z,3196,https://data.cambridgema.gov/d/waa7-ibdu?pid=3196
CAM00921,47 Pine St,Cambridge,MA,,1902,2,104,TWO-FAM-RES,Cambridge Property Database FY2026 (waa7-ibdu),2026-10-04T04:37Z,3198,https://data.cambridgema.gov/d/waa7-ibdu?pid=3198
CAM00922,36-38 Market St,Cambridge,MA,,,0,199,CONDO-BLDG,Cambridge Property Database FY2026 (waa7-ibdu),2026-10-04T04:37Z,3201,https://data.cambridgema.gov/d/waa7-ibdu?pid=3201
CAM00923,34 Market St,Cambridge,MA,,1825,2,104,TWO-FAM-RES,Cambridge Property Database FY2026 (waa7-ibdu),2026-10-04T04:37Z,3204,https://data.cambridgema.gov/d/waa7-ibdu?pid=3204
CAM00924,253 Broadway,Cambridge,MA,,1838,3,105,THREE-FM-RES,Cambridge Property Database FY2026 (waa7-ibdu),2026-10-04T04:37Z,3205,https://data.cambridgema.gov/d/waa7-ibdu?pid=3205
CAM00925,257 Broadway,Cambridge,MA,,1902,3,1095,MULT-RES-3FAM,Cambridge Property Database FY2026 (waa7-ibdu),2026-10-04T04:37Z,3206,https://data.cambridgema.gov/d/waa7-ibdu?pid=3206
CAM00926,218 Columbia St,Cambridge,MA,,1874,4,111,4-8-UNIT-APT,Cambridge Property Database FY2026 (waa7-ibdu),2026-10-04T04:37Z,3207,https://data.cambridgema.gov/d/waa7-ibdu?pid=3207
CAM00927,254 Windsor St,Cambridge,MA,,1915,9,112,>8-UNIT-APT,Cambridge Property Database FY2026 (waa7-ibdu),2026-10-04T04:37Z,3208,https://data.cambridgema.gov/d/waa7-ibdu?pid=3208
CAM00928,14 Market St,Cambridge,MA,,1873,2,104,TWO-FAM-RES,Cambridge Property Database FY2026 (waa7-ibdu),2026-10-04T04:37Z,3212,https://data.cambridgema.gov/d/waa7-ibdu?pid=3212
CAM00929,225 Broadway,Cambridge,MA,,1920,16,112,>8-UNIT-APT,Cambridge Property Database FY2026 (waa7-ibdu),2026-10-04T04:37Z,3213,https://data.cambridgema.gov/d/waa7-ibdu?pid=3213
CAM00930,231-237 Broadway,Cambridge,MA,,,0,199,CONDO-BLDG,Cambridge Property Database FY2026 (waa7-ibdu),2026-10-04T04:37Z,3216,https://data.cambridgema.gov/d/waa7-ibdu?pid=3216
CAM00931,270 Broadway,Cambridge,MA,,1940,1,13,MULTIUSE-RES,Cambridge Property Database FY2026 (waa7-ibdu),2026-10-04T04:37Z,3226,https://data.cambridgema.gov/d/waa7-ibdu?pid=3226
CAM00932,268 Broadway,Cambridge,MA,,1900,4,111,4-8-UNIT-APT,Cambridge Property Database FY2026 (waa7-ibdu),2026-10-04T04:37Z,3227,https://data.cambridgema.gov/d/waa7-ibdu?pid=3227
CAM00933,180 Columbia St,Cambridge,MA,,1894,3,105,THREE-FM-RES,Cambridge Property Database FY2026 (waa7-ibdu),2026-10-04T04:37Z,3228,https://data.cambridgema.gov/d/waa7-ibdu?pid=3228
CAM00934,254 Broadway,Cambridge,MA,,,0,199,CONDO-BLDG,Cambridge Property Database FY2026 (waa7-ibdu),2026-10-04T04:37Z,3229,https://data.cambridgema.gov/d/waa7-ibdu?pid=3229
CAM00935,250 Broadway,Cambridge,MA,,1854,3,105,THREE-FM-RES,Cambridge Property Database FY2026 (waa7-ibdu),2026-10-04T04:37Z,3230,https://data.cambridgema.gov/d/waa7-ibdu?pid=3230
CAM00936,248 Broadway,Cambridge,MA,,1873,2,104,TWO-FAM-RES,Cambridge Property Database FY2026 (waa7-ibdu),2026-10-04T04:37Z,3231,https://data.cambridgema.gov/d/waa7-ibdu?pid=3231
CAM00937,236 Broadway,Cambridge,MA,,,0,199,CONDO-BLDG,Cambridge Property Database FY2026 (waa7-ibdu),2026-10-04T04:37Z,3233,https://data.cambridgema.gov/d/waa7-ibdu?pid=3233
CAM00938,143 Clark St,Cambridge,MA,,1886,2,104,TWO-FAM-RES,Cambridge Property Database FY2026 (waa7-ibdu),2026-10-04T04:37Z,3240,https://data.cambridgema.gov/d/waa7-ibdu?pid=3240
CAM00939,226 Windsor St,Cambridge,MA,,1886,2,104,TWO-FAM-RES,Cambridge Property Database FY2026 (waa7-ibdu),2026-10-04T04:37Z,3244,https://data.cambridgema.gov/d/waa7-ibdu?pid=3244
CAM00940,257 Windsor St,Cambridge,MA,,1902,6,114,AFFORDABLE APT,Cambridge Property Database FY2026 (waa7-ibdu),2026-10-04T04:37Z,3245,https://data.cambridgema.gov/d/waa7-ibdu?pid=3245
CAM00941,30 Market St,Cambridge,MA,,1900,6,114,AFFORDABLE APT,Cambridge Property Database FY2026 (waa7-ibdu),2026-10-04T04:37Z,3246,https://data.cambridgema.gov/d/waa7-ibdu?pid=3246
CAM00942,259 Windsor St,Cambridge,MA,,1915,9,114,AFFORDABLE APT,Cambridge Property Database FY2026 (waa7-ibdu),2026-10-04T04:37Z,3247,https://data.cambridgema.gov/d/waa7-ibdu?pid=3247
CAM00943,167 Harvard St,Cambridge,MA,,1894,2,104,TWO-FAM-RES,Cambridge Property Database FY2026 (waa7-ibdu),2026-10-04T04:37Z,3249,https://data.cambridgema.gov/d/waa7-ibdu?pid=3249
CAM00944,243 Broadway,Cambridge,MA,,1879,61,114,AFFORDABLE APT,Cambridge Property Database FY2026 (waa7-ibdu),2026-10-04T04:37Z,3250,https://data.cambridgema.gov/d/waa7-ibdu?pid=3250
CAM00945,212 Windsor St,Cambridge,MA,,1894,3,105,THREE-FM-RES,Cambridge Property Database FY2026 (waa7-ibdu),2026-10-04T04:37Z,3255,https://data.cambridgema.gov/d/waa7-ibdu?pid=3255
CAM00946,17 Boardman St,Cambridge,MA,,1902,3,104,TWO-FAM-RES,Cambridge Property Database FY2026 (waa7-ibdu),2026-10-04T04:37Z,3257,https://data.cambridgema.gov/d/waa7-ibdu?pid=3257
CAM00947,11-15 Boardman St,Cambridge,MA,,,0,199,CONDO-BLDG,Cambridge Property Database FY2026 (waa7-ibdu),2026-10-04T04:37Z,3258,https://data.cambridgema.gov/d/waa7-ibdu?pid=3258
CAM00948,9 Boardman St,Cambridge,MA,,1874,3,105,THREE-FM-RES,Cambridge Property Database FY2026 (waa7-ibdu),2026-10-04T04:37Z,3259,https://data.cambridgema.gov/d/waa7-ibdu?pid=3259
CAM00949,2 Boardman Pl,Cambridge,MA,,1873,2,104,TWO-FAM-RES,Cambridge Property Database FY2026 (waa7-ibdu),2026-10-04T04:37Z,3260,https://data.cambridgema.gov/d/waa7-ibdu?pid=3260
CAM00950,4 Boardman Pl,Cambridge,MA,,,0,199,CONDO-BLDG,Cambridge Property Database FY2026 (waa7-ibdu),2026-10-04T04:37Z,3261,https://data.cambridgema.gov/d/waa7-ibdu?pid=3261
CAM00951,216 Windsor St,Cambridge,MA,,1886,2,104,TWO-FAM-RES,Cambridge Property Database FY2026 (waa7-ibdu),2026-10-04T04:37Z,3262,https://data.cambridgema.gov/d/waa7-ibdu?pid=3262
CAM00952,185 Harvard St,Cambridge,MA,,,0,199,CONDO-BLDG,Cambridge Property Database FY2026 (waa7-ibdu),2026-10-04T04:37Z,3263,https://data.cambridgema.gov/d/waa7-ibdu?pid=3263
CAM00953,265 Broadway,Cambridge,MA,,1920,8,114,AFFORDABLE APT,Cambridge Property Database FY2026 (waa7-ibdu),2026-10-04T04:37Z,3265,https://data.cambridgema.gov/d/waa7-ibdu?pid=3265
CAM00954,189 Harvard St,Cambridge,MA,,1903,3,105,THREE-FM-RES,Cambridge Property Database FY2026 (waa7-ibdu),2026-10-04T04:37Z,3266,https://data.cambridgema.gov/d/waa7-ibdu?pid=3266
CAM00955,187 Harvard St,Cambridge,MA,,,0,199,CONDO-BLDG,Cambridge Property Database FY2026 (waa7-ibdu),2026-10-04T04:37Z,3267,https://data.cambridgema.gov/d/waa7-ibdu?pid=3267
CAM00956,191 Harvard St,Cambridge,MA,,1873,2,104,TWO-FAM-RES,Cambridge Property Database FY2026 (waa7-ibdu),2026-10-04T04:37Z,3271,https://data.cambridgema.gov/d/waa7-ibdu?pid=3271
CAM00957,174 Columbia St,Cambridge,MA,,1886,4,111,4-8-UNIT-APT,Cambridge Property Database FY2026 (waa7-ibdu),2026-10-04T04:37Z,3272,https://data.cambridgema.gov/d/waa7-ibdu?pid=3272
CAM00958,164 Columbia St,Cambridge,MA,,1903,3,105,THREE-FM-RES,Cambridge Property Database FY2026 (waa7-ibdu),2026-10-04T04:37Z,3273,https://data.cambridgema.gov/d/waa7-ibdu?pid=3273
CAM00959,162 Columbia St,Cambridge,MA,,1903,3,105,THREE-FM-RES,Cambridge Property Database FY2026 (waa7-ibdu),2026-10-04T04:37Z,3275,https://data.cambridgema.gov/d/waa7-ibdu?pid=3275
CAM00960,218 Windsor St,Cambridge,MA,,,0,199,CONDO-BLDG,Cambridge Property Database FY2026 (waa7-ibdu),2026-10-04T04:37Z,3276,https://data.cambridgema.gov/d/waa7-ibdu?pid=3276
CAM00961,220 Windsor St,Cambridge,MA,,,0,199,CONDO-BLDG,Cambridge Property Database FY2026 (waa7-ibdu),2026-10-04T04:37Z,3279,https://data.cambridgema.gov/d/waa7-ibdu?pid=3279
CAM00962,183 Harvard St,Cambridge,MA,,1886,15,112,>8-UNIT-APT,Cambridge Property Database FY2026 (waa7-ibdu),2026-10-04T04:37Z,3283,https://data.cambridgema.gov/d/waa7-ibdu?pid=3283
CAM00963,255 Broadway,Cambridge,MA,,,0,199,CONDO-BLDG,Cambridge Property Database FY2026 (waa7-ibdu),2026-10-04T04:37Z,3284,https://data.cambridgema.gov/d/waa7-ibdu?pid=3284
CAM00964,253.5 Broadway,Cambridge,MA,,1902,2,104,TWO-FAM-RES,Cambridge Property Database FY2026 (waa7-ibdu),2026-10-04T04:37Z,3285,https://data.cambridgema.gov/d/waa7-ibdu?pid=3285
CAM00965,222 Columbia St,Cambridge,MA,,1880,2,104,TWO-FAM-RES,Cambridge Property Database FY2026 (waa7-ibdu),2026-10-04T04:37Z,3286,https://data.cambridgema.gov/d/waa7-ibdu?pid=3286
CAM00966,8-12 Boardman St,Cambridge,MA,,2001,18,114,AFFORDABLE APT,Cambridge Property Database FY2026 (waa7-ibdu),2026-10-04T04:37Z,3287,https://data.cambridgema.gov/d/waa7-ibdu?pid=3287
CAM00967,7 Union St,Cambridge,MA,,1857,2,104,TWO-FAM-RES,Cambridge Property Database FY2026 (waa7-ibdu),2026-10-04T04:37Z,3297,https://data.cambridgema.gov/d/waa7-ibdu?pid=3297
CAM00968,3 Union St,Cambridge,MA,,,0,199,CONDO-BLDG,Cambridge Property Database FY2026 (waa7-ibdu),2026-10-04T04:37Z,3299,https://data.cambridgema.gov/d/waa7-ibdu?pid=3299
CAM00969,1 Union St,Cambridge,MA,,1873,3,105,THREE-FM-RES,Cambridge Property Database FY2026 (waa7-ibdu),2026-10-04T04:37Z,3300,https://data.cambridgema.gov/d/waa7-ibdu?pid=3300
CAM00970,43 Market St,Cambridge,MA,,,0,199,CONDO-BLDG,Cambridge Property Database FY2026 (waa7-ibdu),2026-10-04T04:37Z,3302,https://data.cambridgema.gov/d/waa7-ibdu?pid=3302
CAM00971,45 Market St,Cambridge,MA,,,0,199,CONDO-BLDG,Cambridge Property Database FY2026 (waa7-ibdu),2026-10-04T04:37Z,3303,https://data.cambridgema.gov/d/waa7-ibdu?pid=3303
CAM00972,238-244 Columbia St,Cambridge,MA,,,0,199,CONDO-BLDG,Cambridge Property Database FY2026 (waa7-ibdu),2026-10-04T04:37Z,3305,https://data.cambridgema.gov/d/waa7-ibdu?pid=3305
CAM00973,254-256 Columbia St,Cambridge,MA,,,0,199,CONDO-BLDG,Cambridge Property Database FY2026 (waa7-ibdu),2026-10-04T04:37Z,3313,https://data.cambridgema.gov/d/waa7-ibdu?pid=3313
CAM00974,260-262 Columbia St,Cambridge,MA,,1873,4,111,4-8-UNIT-APT,Cambridge Property Database FY2026 (waa7-ibdu),2026-10-04T04:37Z,3314,https://data.cambridgema.gov/d/waa7-ibdu?pid=3314
CAM00975,266 Columbia St,Cambridge,MA,,1873,2,104,TWO-FAM-RES,Cambridge Property Database FY2026 (waa7-ibdu),2026-10-04T04:37Z,3315,https://data.cambridgema.gov/d/waa7-ibdu?pid=3315
CAM00976,100 Hampshire St,Cambridge,MA,,1873,2,104,TWO-FAM-RES,Cambridge Property Database FY2026 (waa7-ibdu),2026-10-04T04:37Z,3316,https://data.cambridgema.gov/d/waa7-ibdu?pid=3316
CAM00977,29 Market St,Cambridge,MA,,1902,2,104,TWO-FAM-RES,Cambridge Property Database FY2026 (waa7-ibdu),2026-10-04T04:37Z,3318,https://data.cambridgema.gov/d/waa7-ibdu?pid=3318
CAM00978,31 Market St,Cambridge,MA,,,0,199,CONDO-BLDG,Cambridge Property Database FY2026 (waa7-ibdu),2026-10-04T04:37Z,3319,https://data.cambridgema.gov/d/waa7-ibdu?pid=3319
CAM00979,8 Union St,Cambridge,MA,,1856,2,104,TWO-FAM-RES,Cambridge Property Database FY2026 (waa7-ibdu),2026-10-04T04:37Z,3328,https://data.cambridgema.gov/d/waa7-ibdu?pid=3328
CAM00980,10 Union St,Cambridge,MA,,1855,2,104,TWO-FAM-RES,Cambridge Property Database FY2026 (waa7-ibdu),2026-10-04T04:37Z,3329,https://data.cambridgema.gov/d/waa7-ibdu?pid=3329
CAM00981,294-302 Windsor St,Cambridge,MA,,1902,8,13,MULTIUSE-RES,Cambridge Property Database FY2026 (waa7-ibdu),2026-10-04T04:37Z,3331,https://data.cambridgema.gov/d/waa7-ibdu?pid=3331
CAM00982,276 Windsor St,Cambridge,MA,,1848,2,104,TWO-FAM-RES,Cambridge Property Database FY2026 (waa7-ibdu),2026-10-04T04:37Z,3334,https://data.cambridgema.gov/d/waa7-ibdu?pid=3334
CAM00983,280 Windsor St,Cambridge,MA,,,0,199,CONDO-BLDG,Cambridge Property Database FY2026 (waa7-ibdu),2026-10-04T04:37Z,3335,https://data.cambridgema.gov/d/waa7-ibdu?pid=3335
CAM00984,288 Windsor St,Cambridge,MA,,,0,199,CONDO-BLDG,Cambridge Property Database FY2026 (waa7-ibdu),2026-10-04T04:37Z,3336,https://data.cambridgema.gov/d/waa7-ibdu?pid=3336
CAM00985,72-74 Hampshire St,Cambridge,MA,,,0,199,CONDO-BLDG,Cambridge Property Database FY2026 (waa7-ibdu),2026-10-04T04:37Z,3337,https://data.cambridgema.gov/d/waa7-ibdu?pid=3337
CAM00986,70.5 Hampshire St,Cambridge,MA,,,0,199,CONDO-BLDG,Cambridge Property Database FY2026 (waa7-ibdu),2026-10-04T04:37Z,3340,https://data.cambridgema.gov/d/waa7-ibdu?pid=3340
CAM00987,183 Clark St,Cambridge,MA,,,0,199,CONDO-BLDG,Cambridge Property Database FY2026 (waa7-ibdu),2026-10-04T04:37Z,3341,https://data.cambridgema.gov/d/waa7-ibdu?pid=3341
CAM00988,2 Crossland St,Cambridge,MA,,1873,2,104,TWO-FAM-RES,Cambridge Property Database FY2026 (waa7-ibdu),2026-10-04T04:37Z,3342,https://data.cambridgema.gov/d/waa7-ibdu?pid=3342
CAM00989,11 Market St,Cambridge,MA,,1831,3,105,THREE-FM-RES,Cambridge Property Database FY2026 (waa7-ibdu),2026-10-04T04:37Z,3346,https://data.cambridgema.gov/d/waa7-ibdu?pid=3346
CAM00990,236 Columbia St,Cambridge,MA,,,0,199,CONDO-BLDG,Cambridge Property Database FY2026 (waa7-ibdu),2026-10-04T04:37Z,3349,https://data.cambridgema.gov/d/waa7-ibdu?pid=3349
CAM00991,92 Hampshire St,Cambridge,MA,,,0,199,CONDO-BLDG,Cambridge Property Database FY2026 (waa7-ibdu),2026-10-04T04:37Z,3353,https://data.cambridgema.gov/d/waa7-ibdu?pid=3353
CAM00992,295 Windsor St,Cambridge,MA,,1900,8,111,4-8-UNIT-APT,Cambridge Property Database FY2026 (waa7-ibdu),2026-10-04T04:37Z,3354,https://data.cambridgema.gov/d/waa7-ibdu?pid=3354
CAM00993,289-291 Windsor St,Cambridge,MA,,,0,199,CONDO-BLDG,Cambridge Property Database FY2026 (waa7-ibdu),2026-10-04T04:37Z,3355,https://data.cambridgema.gov/d/waa7-ibdu?pid=3355
CAM00994,266-270 Windsor St,Cambridge,MA,,,0,199,CONDO-BLDG,Cambridge Property Database FY2026 (waa7-ibdu),2026-10-04T04:37Z,3362,https://data.cambridgema.gov/d/waa7-ibdu?pid=3362
CAM00995,285 Windsor St,Cambridge,MA,,1854,2,104,TWO-FAM-RES,Cambridge Property Database FY2026 (waa7-ibdu),2026-10-04T04:37Z,3379,https://data.cambridgema.gov/d/waa7-ibdu?pid=3379
CAM00996,84 Hampshire St,Cambridge,MA,,1900,19,112,>8-UNIT-APT,Cambridge Property Database FY2026 (waa7-ibdu),2026-10-04T04:37Z,3381,https://data.cambridgema.gov/d/waa7-ibdu?pid=3381
CAM00997,87-95 Bristol St,Cambridge,MA,,,0,199,CONDO-BLDG,Cambridge Property Database FY2026 (waa7-ibdu),2026-10-04T04:37Z,3382,https://data.cambridgema.gov/d/waa7-ibdu?pid=3382
CAM00998,267 Windsor St,Cambridge,MA,,,0,199,CONDO-BLDG,Cambridge Property Database FY2026 (waa7-ibdu),2026-10-04T04:37Z,3392,https://data.cambridgema.gov/d/waa7-ibdu?pid=3392
CAM00999,271 Windsor St,Cambridge,MA,,1854,2,104,TWO-FAM-RES,Cambridge Property Database FY2026 (waa7-ibdu),2026-10-04T04:37Z,3396,https://data.cambridgema.gov/d/waa7-ibdu?pid=3396
CAM01000,100A-102 Hampshire St,Cambridge,MA,,,0,199,CONDO-BLDG,Cambridge Property Database FY2026 (waa7-ibdu),2026-10-04T04:37Z,3397,https://data.cambridgema.gov/d/waa7-ibdu?pid=3397
CAM01001,14 Union St,Cambridge,MA,,,0,199,CONDO-BLDG,Cambridge Property Database FY2026 (waa7-ibdu),2026-10-04T04:37Z,3406,https://data.cambridgema.gov/d/waa7-ibdu?pid=3406
CAM01002,110 Hampshire St,Cambridge,MA,,,0,199,CONDO-BLDG,Cambridge Property Database FY2026 (waa7-ibdu),2026-10-04T04:37Z,3407,https://data.cambridgema.gov/d/waa7-ibdu?pid=3407
CAM01003,19-25 Market St,Cambridge,MA,,1885,16,114,AFFORDABLE APT,Cambridge Property Database FY2026 (waa7-ibdu),2026-10-04T04:37Z,3412,https://data.cambridgema.gov/d/waa7-ibdu?pid=3412
CAM01004,47 Market St,Cambridge,MA,,,0,199,CONDO-BLDG,Cambridge Property Database FY2026 (waa7-ibdu),2026-10-04T04:37Z,3429,https://data.cambridgema.gov/d/waa7-ibdu?pid=3429
CAM01005,49-51 Market St,Cambridge,MA,,,0,199,CONDO-BLDG,Cambridge Property Database FY2026 (waa7-ibdu),2026-10-04T04:37Z,3430,https://data.cambridgema.gov/d/waa7-ibdu?pid=3430
CAM01006,66 Bristol St,Cambridge,MA,,1894,2,104,TWO-FAM-RES,Cambridge Property Database FY2026 (waa7-ibdu),2026-10-04T04:37Z,3435,https://data.cambridgema.gov/d/waa7-ibdu?pid=3435
CAM01007,64 Webster Ave,Cambridge,MA,,,0,199,CONDO-BLDG,Cambridge Property Database FY2026 (waa7-ibdu),2026-10-04T04:37Z,3436,https://data.cambridgema.gov/d/waa7-ibdu?pid=3436
CAM01008,48-50 Webster Ave,Cambridge,MA,,,0,199,CONDO-BLDG,Cambridge Property Database FY2026 (waa7-ibdu),2026-10-04T04:37Z,3437,https://data.cambridgema.gov/d/waa7-ibdu?pid=3437
CAM01009,79 Hampshire St,Cambridge,MA,,,0,199,CONDO-BLDG,Cambridge Property Database FY2026 (waa7-ibdu),2026-10-04T04:37Z,3445,https://data.cambridgema.gov/d/waa7-ibdu?pid=3445
CAM01010,29 Portsmouth St,Cambridge,MA,,1920,6,111,4-8-UNIT-APT,Cambridge Property Database FY2026 (waa7-ibdu),2026-10-04T04:37Z,3449,https://data.cambridgema.gov/d/waa7-ibdu?pid=3449
CAM01011,19 Portsmouth St,Cambridge,MA,,1894,3,105,THREE-FM-RES,Cambridge Property Database FY2026 (waa7-ibdu),2026-10-04T04:37Z,3450,https://data.cambridgema.gov/d/waa7-ibdu?pid=3450
CAM01012,15 Portsmouth St,Cambridge,MA,,1894,0,105,THREE-FM-RES,Cambridge Property Database FY2026 (waa7-ibdu),2026-10-04T04:37Z,3451,https://data.cambridgema.gov/d/waa7-ibdu?pid=3451
CAM01013,7 Portsmouth St,Cambridge,MA,,1900,6,111,4-8-UNIT-APT,Cambridge Property Database FY2026 (waa7-ibdu),2026-10-04T04:37Z,3452,https://data.cambridgema.gov/d/waa7-ibdu?pid=3452
CAM01014,59 Bristol St,Cambridge,MA,,,0,199,CONDO-BLDG,Cambridge Property Database FY2026 (waa7-ibdu),2026-10-04T04:37Z,3454,https://data.cambridgema.gov/d/waa7-ibdu?pid=3454
CAM01015,65 Bristol St,Cambridge,MA,,1886,3,105,THREE-FM-RES,Cambridge Property Database FY2026 (waa7-ibdu),2026-10-04T04:37Z,3457,https://data.cambridgema.gov/d/waa7-ibdu?pid=3457
CAM01016,69 Bristol St,Cambridge,MA,,1903,2,104,TWO-FAM-RES,Cambridge Property Database FY2026 (waa7-ibdu),2026-10-04T04:37Z,3458,https://data.cambridgema.gov/d/waa7-ibdu?pid=3458
CAM01017,87 Hampshire St,Cambridge,MA,,1900,5,13,MULTIUSE-RES,Cambridge Property Database FY2026 (waa7-ibdu),2026-10-04T04:37Z,3459,https://data.cambridgema.gov/d/waa7-ibdu?pid=3459
CAM01018,89 Hampshire St,Cambridge,MA,,1894,3,105,THREE-FM-RES,Cambridge Property Database FY2026 (waa7-ibdu),2026-10-04T04:37Z,3460,https://data.cambridgema.gov/d/waa7-ibdu?pid=3460
CAM01019,86 Plymouth St,Cambridge,MA,,1894,3,105,THREE-FM-RES,Cambridge Property Database FY2026 (waa7-ibdu),2026-10-04T04:37Z,3461,https://data.cambridgema.gov/d/waa7-ibdu?pid=3461
CAM01020,84 Plymouth St,Cambridge,MA,,1902,3,105,THREE-FM-RES,Cambridge Property Database FY2026 (waa7-ibdu),2026-10-04T04:37Z,3462,https://data.cambridgema.gov/d/waa7-ibdu?pid=3462
CAM01021,80 Plymouth St,Cambridge,MA,,1902,2,104,TWO-FAM-RES,Cambridge Property Database FY2026 (waa7-ibdu),2026-10-04T04:37Z,3463,https://data.cambridgema.gov/d/waa7-ibdu?pid=3463
CAM01022,60 Plymouth St,Cambridge,MA,,1900,6,111,4-8-UNIT-APT,Cambridge Property Database FY2026 (waa7-ibdu),2026-10-04T04:37Z,3464,https://data.cambridgema.gov/d/waa7-ibdu?pid=3464
CAM01023,92 Webster Ave,Cambridge,MA,,1920,5,111,4-8-UNIT-APT,Cambridge Property Database FY2026 (waa7-ibdu),2026-10-04T04:37Z,3465,https://data.cambridgema.gov/d/waa7-ibdu?pid=3465
CAM01024,38 Portsmouth St,Cambridge,MA,,1894,3,105,THREE-FM-RES,Cambridge Property Database FY2026 (waa7-ibdu),2026-10-04T04:37Z,3466,https://data.cambridgema.gov/d/waa7-ibdu?pid=3466
CAM01025,46 Portsmouth St,Cambridge,MA,,1894,3,105,THREE-FM-RES,Cambridge Property Database FY2026 (waa7-ibdu),2026-10-04T04:37Z,3467,https://data.cambridgema.gov/d/waa7-ibdu?pid=3467
CAM01026,322 Windsor St,Cambridge,MA,,,0,199,CONDO-BLDG,Cambridge Property Database FY2026 (waa7-ibdu),2026-10-04T04:37Z,3468,https://data.cambridgema.gov/d/waa7-ibdu?pid=3468
CAM01027,330 Windsor St,Cambridge,MA,,1886,2,104,TWO-FAM-RES,Cambridge Property Database FY2026 (waa7-ibdu),2026-10-04T04:37Z,3472,https://data.cambridgema.gov/d/waa7-ibdu?pid=3472
CAM01028,336 Windsor St,Cambridge,MA,,1886,2,104,TWO-FAM-RES,Cambridge Property Database FY2026 (waa7-ibdu),2026-10-04T04:37Z,3473,https://data.cambridgema.gov/d/waa7-ibdu?pid=3473
CAM01029,340 Windsor St,Cambridge,MA,,1886,0,104,TWO-FAM-RES,Cambridge Property Database FY2026 (waa7-ibdu),2026-10-04T04:37Z,3474,https://data.cambridgema.gov/d/waa7-ibdu?pid=3474
CAM01030,122-124 Webster Ave,Cambridge,MA,,,0,199,CONDO-BLDG,Cambridge Property Database FY2026 (waa7-ibdu),2026-10-04T04:37Z,3475,https://data.cambridgema.gov/d/waa7-ibdu?pid=3475
CAM01031,59-61 Plymouth St,Cambridge,MA,,1900,6,111,4-8-UNIT-APT,Cambridge Property Database FY2026 (waa7-ibdu),2026-10-04T04:37Z,3476,https://data.cambridgema.gov/d/waa7-ibdu?pid=3476
CAM01032,67 Plymouth St,Cambridge,MA,,1837,5,111,4-8-UNIT-APT,Cambridge Property Database FY2026 (waa7-ibdu),2026-10-04T04:37Z,3477,https://data.cambridgema.gov/d/waa7-ibdu?pid=3477
CAM01033,75 Plymouth St,Cambridge,MA,,1894,2,104,TWO-FAM-RES,Cambridge Property Database FY2026 (waa7-ibdu),2026-10-04T04:37Z,3478,https://data.cambridgema.gov/d/waa7-ibdu?pid=3478
CAM01034,79 Plymouth St,Cambridge,MA,,,0,199,CONDO-BLDG,Cambridge Property Database FY2026 (waa7-ibdu),2026-10-04T04:37Z,3479,https://data.cambridgema.gov/d/waa7-ibdu?pid=3479
CAM01035,83 Plymouth St,Cambridge,MA,,,0,199,CONDO-BLDG,Cambridge Property Database FY2026 (waa7-ibdu),2026-10-04T04:37Z,3480,https://data.cambridgema.gov/d/waa7-ibdu?pid=3480
CAM01036,89 Plymouth St,Cambridge,MA,,,0,199,CONDO-BLDG,Cambridge Property Database FY2026 (waa7-ibdu),2026-10-04T04:37Z,3482,https://data.cambridgema.gov/d/waa7-ibdu?pid=3482
CAM01037,350 Windsor St,Cambridge,MA,,1886,2,104,TWO-FAM-RES,Cambridge Property Database FY2026 (waa7-ibdu),2026-10-04T04:37Z,3484,https://data.cambridgema.gov/d/waa7-ibdu?pid=3484
CAM01038,356 Windsor St,Cambridge,MA,,,0,199,CONDO-BLDG,Cambridge Property Database FY2026 (waa7-ibdu),2026-10-04T04:37Z,3485,https://data.cambridgema.gov/d/waa7-ibdu?pid=3485
CAM01039,358 Windsor St,Cambridge,MA,,1886,2,104,TWO-FAM-RES,Cambridge Property Database FY2026 (waa7-ibdu),2026-10-04T04:37Z,3486,https://data.cambridgema.gov/d/waa7-ibdu?pid=3486
CAM01040,362 Windsor St,Cambridge,MA,,1886,2,104,TWO-FAM-RES,Cambridge Property Database FY2026 (waa7-ibdu),2026-10-04T04:37Z,3487,https://data.cambridgema.gov/d/waa7-ibdu?pid=3487
CAM01041,366 Windsor St,Cambridge,MA,,1886,2,104,TWO-FAM-RES,Cambridge Property Database FY2026 (waa7-ibdu),2026-10-04T04:37Z,3488,https://data.cambridgema.gov/d/waa7-ibdu?pid=3488
CAM01042,370-372 Windsor St,Cambridge,MA,,1900,4,111,4-8-UNIT-APT,Cambridge Property Database FY2026 (waa7-ibdu),2026-10-04T04:37Z,3489,https://data.cambridgema.gov/d/waa7-ibdu?pid=3489
CAM01043,386 Windsor St,Cambridge,MA,,,0,199,CONDO-BLDG,Cambridge Property Database FY2026 (waa7-ibdu),2026-10-04T04:37Z,3490,https://data.cambridgema.gov/d/waa7-ibdu?pid=3490
CAM01044,166 Webster Ave,Cambridge,MA,,1910,4,111,4-8-UNIT-APT,Cambridge Property Database FY2026 (waa7-ibdu),2026-10-04T04:37Z,3491,https://data.cambridgema.gov/d/waa7-ibdu?pid=3491
CAM01045,158 Webster Ave,Cambridge,MA,,1886,2,104,TWO-FAM-RES,Cambridge Property Database FY2026 (waa7-ibdu),2026-10-04T04:37Z,3492,https://data.cambridgema.gov/d/waa7-ibdu?pid=3492
CAM01046,154 Webster Ave,Cambridge,MA,,1886,3,105,THREE-FM-RES,Cambridge Property Database FY2026 (waa7-ibdu),2026-10-04T04:37Z,3493,https://data.cambridgema.gov/d/waa7-ibdu?pid=3493
CAM01047,150 Webster Ave,Cambridge,MA,,1886,2,104,TWO-FAM-RES,Cambridge Property Database FY2026 (waa7-ibdu),2026-10-04T04:37Z,3494,https://data.cambridgema.gov/d/waa7-ibdu?pid=3494
CAM01048,9 Seckel St,Cambridge,MA,,,0,199,CONDO-BLDG,Cambridge Property Database FY2026 (waa7-ibdu),2026-10-04T04:37Z,3495,https://data.cambridgema.gov/d/waa7-ibdu?pid=3495
CAM01049,13 Seckel St,Cambridge,MA,,1920,4,111,4-8-UNIT-APT,Cambridge Property Database FY2026 (waa7-ibdu),2026-10-04T04:37Z,3496,https://data.cambridgema.gov/d/waa7-ibdu?pid=3496
CAM01050,163 Webster Ave,Cambridge,MA,,1894,3,105,THREE-FM-RES,Cambridge Property Database FY2026 (waa7-ibdu),2026-10-04T04:37Z,3497,https://data.cambridgema.gov/d/waa7-ibdu?pid=3497
CAM01051,155 Webster Ave,Cambridge,MA,,1894,3,1095,MULT-RES-3FAM,Cambridge Property Database FY2026 (waa7-ibdu),2026-10-04T04:37Z,3498,https://data.cambridgema.gov/d/waa7-ibdu?pid=3498
CAM01052,123 Webster Ave,Cambridge,MA,,,0,199,CONDO-BLDG,Cambridge Property Database FY2026 (waa7-ibdu),2026-10-04T04:37Z,3500,https://data.cambridgema.gov/d/waa7-ibdu?pid=3500
CAM01053,18-20 Willow St,Cambridge,MA,,1903,0,104,TWO-FAM-RES,Cambridge Property Database FY2026 (waa7-ibdu),2026-10-04T04:37Z,3501,https://data.cambridgema.gov/d/waa7-ibdu?pid=3501
CAM01054,24 Willow St,Cambridge,MA,,1903,2,104,TWO-FAM-RES,Cambridge Property Database FY2026 (waa7-ibdu),2026-10-04T04:37Z,3502,https://data.cambridgema.gov/d/waa7-ibdu?pid=3502
CAM01055,26 Willow St,Cambridge,MA,,1903,2,104,TWO-FAM-RES,Cambridge Property Database FY2026 (waa7-ibdu),2026-10-04T04:37Z,3503,https://data.cambridgema.gov/d/waa7-ibdu?pid=3503
CAM01056,134-136 Webster Ave,Cambridge,MA,,1910,4,111,4-8-UNIT-APT,Cambridge Property Database FY2026 (waa7-ibdu),2026-10-04T04:37Z,3504,https://data.cambridgema.gov/d/waa7-ibdu?pid=3504
CAM01057,16 Portsmouth St,Cambridge,MA,,1920,4,111,4-8-UNIT-APT,Cambridge Property Database FY2026 (waa7-ibdu),2026-10-04T04:37Z,3505,https://data.cambridgema.gov/d/waa7-ibdu?pid=3505
CAM01058,24 Portsmouth St,Cambridge,MA,,1900,4,111,4-8-UNIT-APT,Cambridge Property Database FY2026 (waa7-ibdu),2026-10-04T04:37Z,3506,https://data.cambridgema.gov/d/waa7-ibdu?pid=3506
CAM01059,34 Portsmouth St,Cambridge,MA,,1920,4,111,4-8-UNIT-APT,Cambridge Property Database FY2026 (waa7-ibdu),2026-10-04T04:37Z,3507,https://data.cambridgema.gov/d/waa7-ibdu?pid=3507
CAM01060,115-121 Webster Ave,Cambridge,MA,,1894,3,1095,MULT-RES-3FAM,Cambridge Property Database FY2026 (waa7-ibdu),2026-10-04T04:37Z,3508,https://data.cambridgema.gov/d/waa7-ibdu?pid=3508
CAM01061,376 Windsor St,Cambridge,MA,,1902,2,104,TWO-FAM-RES,Cambridge Property Database FY2026 (waa7-ibdu),2026-10-04T04:37Z,3509,https://data.cambridgema.gov/d/waa7-ibdu?pid=3509
CAM01062,378 Windsor St,Cambridge,MA,,1902,2,104,TWO-FAM-RES,Cambridge Property Database FY2026 (waa7-ibdu),2026-10-04T04:37Z,3510,https://data.cambridgema.gov/d/waa7-ibdu?pid=3510
CAM01063,76 Plymouth St,Cambridge,MA,,1900,4,111,4-8-UNIT-APT,Cambridge Property Database FY2026 (waa7-ibdu),2026-10-04T04:37Z,3511,https://data.cambridgema.gov/d/waa7-ibdu?pid=3511
CAM01064,68 Plymouth St,Cambridge,MA,,1900,4,111,4-8-UNIT-APT,Cambridge Property Database FY2026 (waa7-ibdu),2026-10-04T04:37Z,3512,https://data.cambridgema.gov/d/waa7-ibdu?pid=3512
CAM01065,60 Bristol St,Cambridge,MA,,1894,2,104,TWO-FAM-RES,Cambridge Property Database FY2026 (waa7-ibdu),2026-10-04T04:37Z,3513,https://data.cambridgema.gov/d/waa7-ibdu?pid=3513
CAM01066,56 Webster Ave,Cambridge,MA,,1900,6,111,4-8-UNIT-APT,Cambridge Property Database FY2026 (waa7-ibdu),2026-10-04T04:37Z,3514,https://data.cambridgema.gov/d/waa7-ibdu?pid=3514
CAM01067,396 Windsor St,Cambridge,MA,,1920,4,111,4-8-UNIT-APT,Cambridge Property Database FY2026 (waa7-ibdu),2026-10-04T04:37Z,3515,https://data.cambridgema.gov/d/waa7-ibdu?pid=3515
CAM01068,168-170 Webster Ave,Cambridge,MA,,1886,2,104,TWO-FAM-RES,Cambridge Property Database FY2026 (waa7-ibdu),2026-10-04T04:37Z,3516,https://data.cambridgema.gov/d/waa7-ibdu?pid=3516
CAM01069,10-16 Seckel St,Cambridge,MA,,1900,4,111,4-8-UNIT-APT,Cambridge Property Database FY2026 (waa7-ibdu),2026-10-04T04:37Z,3517,https://data.cambridgema.gov/d/waa7-ibdu?pid=3517
CAM01070,24 Seckel St,Cambridge,MA,,1900,4,111,4-8-UNIT-APT,Cambridge Property Database FY2026 (waa7-ibdu),2026-10-04T04:37Z,3518,https://data.cambridgema.gov/d/waa7-ibdu?pid=3518
CAM01071,203 Clark St,Cambridge,MA,,1905,1,104,TWO-FAM-RES,Cambridge Property Database FY2026 (waa7-ibdu),2026-10-04T04:37Z,3521,https://data.cambridgema.gov/d/waa7-ibdu?pid=3521
CAM01072,31-33 Portsmouth St,Cambridge,MA,,1890,12,112,>8-UNIT-APT,Cambridge Property Database FY2026 (waa7-ibdu),2026-10-04T04:37Z,3522,https://data.cambridgema.gov/d/waa7-ibdu?pid=3522
CAM01073,81 Hampshire St,Cambridge,MA,,1894,3,105,THREE-FM-RES,Cambridge Property Database FY2026 (waa7-ibdu),2026-10-04T04:37Z,3523,https://data.cambridgema.gov/d/waa7-ibdu?pid=3523
CAM01074,112-114 Webster Ave,Cambridge,MA,,1894,2,104,TWO-FAM-RES,Cambridge Property Database FY2026 (waa7-ibdu),2026-10-04T04:37Z,3536,https://data.cambridgema.gov/d/waa7-ibdu?pid=3536
CAM01075,118 Webster Ave,Cambridge,MA,,1894,2,104,TWO-FAM-RES,Cambridge Property Database FY2026 (waa7-ibdu),2026-10-04T04:37Z,3537,https://data.cambridgema.gov/d/waa7-ibdu?pid=3537
CAM01076,142-144 Webster Ave,Cambridge,MA,,1920,5,111,4-8-UNIT-APT,Cambridge Property Database FY2026 (waa7-ibdu),2026-10-04T04:37Z,3538,https://data.cambridgema.gov/d/waa7-ibdu?pid=3538
CAM01077,146 Webster Ave,Cambridge,MA,,1902,3,105,THREE-FM-RES,Cambridge Property Database FY2026 (waa7-ibdu),2026-10-04T04:37Z,3539,https://data.cambridgema.gov/d/waa7-ibdu?pid=3539
CAM01078,133 Webster Ave,Cambridge,MA,,,0,199,CONDO-BLDG,Cambridge Property Database FY2026 (waa7-ibdu),2026-10-04T04:37Z,3540,https://data.cambridgema.gov/d/waa7-ibdu?pid=3540
CAM01079,129-131 Webster Ave,Cambridge,MA,,1973,3,105,THREE-FM-RES,Cambridge Property Database FY2026 (waa7-ibdu),2026-10-04T04:37Z,3544,https://data.cambridgema.gov/d/waa7-ibdu?pid=3544
CAM01080,70 York St,Cambridge,MA,,1902,0,104,TWO-FAM-RES,Cambridge Property Database FY2026 (waa7-ibdu),2026-10-04T04:37Z,3545,https://data.cambridgema.gov/d/waa7-ibdu?pid=3545
CAM01081,168 Elm St,Cambridge,MA,,1848,0,105,THREE-FM-RES,Cambridge Property Database FY2026 (waa7-ibdu),2026-10-04T04:37Z,3547,https://data.cambridgema.gov/d/waa7-ibdu?pid=3547
CAM01082,178 Elm St,Cambridge,MA,,,0,199,CONDO-BLDG,Cambridge Property Database FY2026 (waa7-ibdu),2026-10-04T04:37Z,3550,https://data.cambridgema.gov/d/waa7-ibdu?pid=3550
CAM01083,184 Elm St,Cambridge,MA,,,0,199,CONDO-BLDG,Cambridge Property Database FY2026 (waa7-ibdu),2026-10-04T04:37Z,3551,https://data.cambridgema.gov/d/waa7-ibdu?pid=3551
CAM01084,333 Columbia St,Cambridge,MA,,1930,3,105,THREE-FM-RES,Cambridge Property Database FY2026 (waa7-ibdu),2026-10-04T04:37Z,3553,https://data.cambridgema.gov/d/waa7-ibdu?pid=3553
CAM01085,325 Columbia St,Cambridge,MA,,1920,9,112,>8-UNIT-APT,Cambridge Property Database FY2026 (waa7-ibdu),2026-10-04T04:37Z,3554,https://data.cambridgema.gov/d/waa7-ibdu?pid=3554
CAM01086,309 Columbia St,Cambridge,MA,,1894,0,104,TWO-FAM-RES,Cambridge Property Database FY2026 (waa7-ibdu),2026-10-04T04:37Z,3556,https://data.cambridgema.gov/d/waa7-ibdu?pid=3556
CAM01087,301 Columbia St,Cambridge,MA,,,0,199,CONDO-BLDG,Cambridge Property Database FY2026 (waa7-ibdu),2026-10-04T04:37Z,3558,https://data.cambridgema.gov/d/waa7-ibdu?pid=3558
CAM01088,291 Columbia St,Cambridge,MA,,1873,1,13,MULTIUSE-RES,Cambridge Property Database FY2026 (waa7-ibdu),2026-10-04T04:37Z,3561,https://data.cambridgema.gov/d/waa7-ibdu?pid=3561
CAM01089,119 Hampshire St,Cambridge,MA,,1900,6,13,MULTIUSE-RES,Cambridge Property Database FY2026 (waa7-ibdu),2026-10-04T04:37Z,3563,https://data.cambridgema.gov/d/waa7-ibdu?pid=3563
CAM01090,296 Columbia St,Cambridge,MA,,,0,199,CONDO-BLDG,Cambridge Property Database FY2026 (waa7-ibdu),2026-10-04T04:37Z,3564,https://data.cambridgema.gov/d/waa7-ibdu?pid=3564
CAM01091,302 Columbia St,Cambridge,MA,,1916,3,105,THREE-FM-RES,Cambridge Property Database FY2026 (waa7-ibdu),2026-10-04T04:37Z,3568,https://data.cambridgema.gov/d/waa7-ibdu?pid=3568
CAM01092,310 Columbia St,Cambridge,MA,,1850,2,104,TWO-FAM-RES,Cambridge Property Database FY2026 (waa7-ibdu),2026-10-04T04:37Z,3570,https://data.cambridgema.gov/d/waa7-ibdu?pid=3570
CAM01093,322 Columbia St,Cambridge,MA,,1920,6,111,4-8-UNIT-APT,Cambridge Property Database FY2026 (waa7-ibdu),2026-10-04T04:37Z,3571,https://data.cambridgema.gov/d/waa7-ibdu?pid=3571
CAM01094,330 Columbia St,Cambridge,MA,,1903,2,104,TWO-FAM-RES,Cambridge Property Database FY2026 (waa7-ibdu),2026-10-04T04:37Z,3572,https://data.cambridgema.gov/d/waa7-ibdu?pid=3572
CAM01095,39 Union St,Cambridge,MA,,1900,4,111,4-8-UNIT-APT,Cambridge Property Database FY2026 (waa7-ibdu),2026-10-04T04:37Z,3575,https://data.cambridgema.gov/d/waa7-ibdu?pid=3575
CAM01096,37 Union St,Cambridge,MA,,1900,6,114,AFFORDABLE APT,Cambridge Property Database FY2026 (waa7-ibdu),2026-10-04T04:37Z,3576,https://data.cambridgema.gov/d/waa7-ibdu?pid=3576
CAM01097,18 Union St,Cambridge,MA,,,0,199,CONDO-BLDG,Cambridge Property Database FY2026 (waa7-ibdu),2026-10-04T04:37Z,3581,https://data.cambridgema.gov/d/waa7-ibdu?pid=3581
CAM01098,24 Union St,Cambridge,MA,,1886,3,105,THREE-FM-RES,Cambridge Property Database FY2026 (waa7-ibdu),2026-10-04T04:37Z,3584,https://data.cambridgema.gov/d/waa7-ibdu?pid=3584
CAM01099,30 Union St,Cambridge,MA,,,0,199,CONDO-BLDG,Cambridge Property Database FY2026 (waa7-ibdu),2026-10-04T04:37Z,3587,https://data.cambridgema.gov/d/waa7-ibdu?pid=3587
CAM01100,40 Union St,Cambridge,MA,,1886,0,104,TWO-FAM-RES,Cambridge Property Database FY2026 (waa7-ibdu),2026-10-04T04:37Z,3597,https://data.cambridgema.gov/d/waa7-ibdu?pid=3597
CAM01101,42-44 Union St,Cambridge,MA,,,0,199,CONDO-BLDG,Cambridge Property Database FY2026 (waa7-ibdu),2026-10-04T04:37Z,3598,https://data.cambridgema.gov/d/waa7-ibdu?pid=3598
CAM01102,46 Lincoln St,Cambridge,MA,,1930,5,111,4-8-UNIT-APT,Cambridge Property Database FY2026 (waa7-ibdu),2026-10-04T04:37Z,3606,https://data.cambridgema.gov/d/waa7-ibdu?pid=3606
CAM01103,391 Windsor St,Cambridge,MA,,1920,4,111,4-8-UNIT-APT,Cambridge Property Database FY2026 (waa7-ibdu),2026-10-04T04:37Z,3610,https://data.cambridgema.gov/d/waa7-ibdu?pid=3610
CAM01104,387 Windsor St,Cambridge,MA,,,0,199,CONDO-BLDG,Cambridge Property Database FY2026 (waa7-ibdu),2026-10-04T04:37Z,3611,https://data.cambridgema.gov/d/waa7-ibdu?pid=3611
CAM01105,379 Windsor St,Cambridge,MA,,1920,6,111,4-8-UNIT-APT,Cambridge Property Database FY2026 (waa7-ibdu),2026-10-04T04:37Z,3612,https://data.cambridgema.gov/d/waa7-ibdu?pid=3612
CAM01106,371 Windsor St,Cambridge,MA,,1886,2,104,TWO-FAM-RES,Cambridge Property Database FY2026 (waa7-ibdu),2026-10-04T04:37Z,3613,https://data.cambridgema.gov/d/waa7-ibdu?pid=3613
CAM01107,369 Windsor St,Cambridge,MA,,1886,2,104,TWO-FAM-RES,Cambridge Property Database FY2026 (waa7-ibdu),2026-10-04T04:37Z,3614,https://data.cambridgema.gov/d/waa7-ibdu?pid=3614
CAM01108,363 Windsor St,Cambridge,MA,,,0,199,CONDO-BLDG,Cambridge Property Database FY2026 (waa7-ibdu),2026-10-04T04:37Z,3615,https://data.cambridgema.gov/d/waa7-ibdu?pid=3615
CAM01109,357 Windsor St,Cambridge,MA,,1920,6,111,4-8-UNIT-APT,Cambridge Property Database FY2026 (waa7-ibdu),2026-10-04T04:37Z,3616,https://data.cambridgema.gov/d/waa7-ibdu?pid=3616
CAM01110,349-353 Windsor St,Cambridge,MA,,1886,3,105,THREE-FM-RES,Cambridge Property Database FY2026 (waa7-ibdu),2026-10-04T04:37Z,3617,https://data.cambridgema.gov/d/waa7-ibdu?pid=3617
CAM01111,347 Windsor St,Cambridge,MA,,1873,3,105,THREE-FM-RES,Cambridge Property Database FY2026 (waa7-ibdu),2026-10-04T04:37Z,3618,https://data.cambridgema.gov/d/waa7-ibdu?pid=3618
CAM01112,341 Windsor St,Cambridge,MA,,1873,3,1095,MULT-RES-3FAM,Cambridge Property Database FY2026 (waa7-ibdu),2026-10-04T04:37Z,3619,https://data.cambridgema.gov/d/waa7-ibdu?pid=3619
CAM01113,333 Windsor St,Cambridge,MA,,1873,2,104,TWO-FAM-RES,Cambridge Property Database FY2026 (waa7-ibdu),2026-10-04T04:37Z,3620,https://data.cambridgema.gov/d/waa7-ibdu?pid=3620
CAM01114,327 Windsor St,Cambridge,MA,,1873,3,105,THREE-FM-RES,Cambridge Property Database FY2026 (waa7-ibdu),2026-10-04T04:37Z,3621,https://data.cambridgema.gov/d/waa7-ibdu?pid=3621
CAM01115,95 Hampshire St,Cambridge,MA,,1886,3,105,THREE-FM-RES,Cambridge Property Database FY2026 (waa7-ibdu),2026-10-04T04:37Z,3622,https://data.cambridgema.gov/d/waa7-ibdu?pid=3622
CAM01116,97 Hampshire St,Cambridge,MA,,1902,4,13,MULTIUSE-RES,Cambridge Property Database FY2026 (waa7-ibdu),2026-10-04T04:37Z,3623,https://data.cambridgema.gov/d/waa7-ibdu?pid=3623
CAM01117,340 Columbia St,Cambridge,MA,,,0,199,CONDO-BLDG,Cambridge Property Database FY2026 (waa7-ibdu),2026-10-04T04:37Z,3625,https://data.cambridgema.gov/d/waa7-ibdu?pid=3625
CAM01118,70 Lincoln St,Cambridge,MA,,1903,3,105,THREE-FM-RES,Cambridge Property Database FY2026 (waa7-ibdu),2026-10-04T04:37Z,3626,https://data.cambridgema.gov/d/waa7-ibdu?pid=3626
CAM01119,288 Columbia St,Cambridge,MA,,1894,3,105,THREE-FM-RES,Cambridge Property Database FY2026 (waa7-ibdu),2026-10-04T04:37Z,3629,https://data.cambridgema.gov/d/waa7-ibdu?pid=3629
CAM01120,292 Columbia St,Cambridge,MA,,1894,3,105,THREE-FM-RES,Cambridge Property Database FY2026 (waa7-ibdu),2026-10-04T04:37Z,3630,https://data.cambridgema.gov/d/waa7-ibdu?pid=3630
CAM01121,200 Elm St,Cambridge,MA,,1915,6,111,4-8-UNIT-APT,Cambridge Property Database FY2026 (waa7-ibdu),2026-10-04T04:37Z,3631,https://data.cambridgema.gov/d/waa7-ibdu?pid=3631
CAM01122,332 Columbia St,Cambridge,MA,,1903,2,104,TWO-FAM-RES,Cambridge Property Database FY2026 (waa7-ibdu),2026-10-04T04:37Z,3632,https://data.cambridgema.gov/d/waa7-ibdu?pid=3632
CAM01123,314 Columbia St,Cambridge,MA,,1927,3,105,THREE-FM-RES,Cambridge Property Database FY2026 (waa7-ibdu),2026-10-04T04:37Z,3633,https://data.cambridgema.gov/d/waa7-ibdu?pid=3633
CAM01124,65 Union St,Cambridge,MA,,,0,199,CONDO-BLDG,Cambridge Property Database FY2026 (waa7-ibdu),2026-10-04T04:37Z,3634,https://data.cambridgema.gov/d/waa7-ibdu?pid=3634
CAM01125,113 Hampshire St,Cambridge,MA,,1890,5,111,4-8-UNIT-APT,Cambridge Property Database FY2026 (waa7-ibdu),2026-10-04T04:37Z,3637,https://data.cambridgema.gov/d/waa7-ibdu?pid=3637
CAM01126,318-320 Columbia St,Cambridge,MA,,,0,199,CONDO-BLDG,Cambridge Property Database FY2026 (waa7-ibdu),2026-10-04T04:37Z,3638,https://data.cambridgema.gov/d/waa7-ibdu?pid=3638
CAM01127,43-45 Union St,Cambridge,MA,,1902,0,104,TWO-FAM-RES,Cambridge Property Database FY2026 (waa7-ibdu),2026-10-04T04:37Z,3644,https://data.cambridgema.gov/d/waa7-ibdu?pid=3644
CAM01128,49 Union St,Cambridge,MA,,1920,6,111,4-8-UNIT-APT,Cambridge Property Database FY2026 (waa7-ibdu),2026-10-04T04:37Z,3645,https://data.cambridgema.gov/d/waa7-ibdu?pid=3645
CAM01129,125 Hampshire St,Cambridge,MA,,1915,6,111,4-8-UNIT-APT,Cambridge Property Database FY2026 (waa7-ibdu),2026-10-04T04:37Z,3646,https://data.cambridgema.gov/d/waa7-ibdu?pid=3646
CAM01130,2 Union Pl,Cambridge,MA,,1920,2,104,TWO-FAM-RES,Cambridge Property Database FY2026 (waa7-ibdu),2026-10-04T04:37Z,3654,https://data.cambridgema.gov/d/waa7-ibdu?pid=3654
CAM01131,3 Union Pl,Cambridge,MA,,1920,3,105,THREE-FM-RES,Cambridge Property Database FY2026 (waa7-ibdu),2026-10-04T04:37Z,3655,https://data.cambridgema.gov/d/waa7-ibdu?pid=3655
CAM01132,319 Columbia St,Cambridge,MA,,1903,3,105,THREE-FM-RES,Cambridge Property Database FY2026 (waa7-ibdu),2026-10-04T04:37Z,3656,https://data.cambridgema.gov/d/waa7-ibdu?pid=3656
CAM01133,321 Columbia St,Cambridge,MA,,,0,199,CONDO-BLDG,Cambridge Property Database FY2026 (waa7-ibdu),2026-10-04T04:37Z,3657,https://data.cambridgema.gov/d/waa7-ibdu?pid=3657
CAM01134,341 Columbia St,Cambridge,MA,,1920,6,114,AFFORDABLE APT,Cambridge Property Database FY2026 (waa7-ibdu),2026-10-04T04:37Z,3658,https://data.cambridgema.gov/d/waa7-ibdu?pid=3658
CAM01135,335 Columbia St,Cambridge,MA,,1894,2,104,TWO-FAM-RES,Cambridge Property Database FY2026 (waa7-ibdu),2026-10-04T04:37Z,3659,https://data.cambridgema.gov/d/waa7-ibdu?pid=3659
CAM01136,2 Union Ter,Cambridge,MA,,,0,199,CONDO-BLDG,Cambridge Property Database FY2026 (waa7-ibdu),2026-10-04T04:37Z,3660,https://data.cambridgema.gov/d/waa7-ibdu?pid=3660
CAM01137,1 Union Ter,Cambridge,MA,,,0,199,CONDO-BLDG,Cambridge Property Database FY2026 (waa7-ibdu),2026-10-04T04:37Z,3664,https://data.cambridgema.gov/d/waa7-ibdu?pid=3664
CAM01138,1060 Cambridge St,Cambridge,MA,,1900,2,13,MULTIUSE-RES,Cambridge Property Database FY2026 (waa7-ibdu),2026-10-04T04:37Z,3670,https://data.cambridgema.gov/d/waa7-ibdu?pid=3670
CAM01139,401 Columbia St,Cambridge,MA,,1886,2,104,TWO-FAM-RES,Cambridge Property Database FY2026 (waa7-ibdu),2026-10-04T04:37Z,3672,https://data.cambridgema.gov/d/waa7-ibdu?pid=3672
CAM01140,395 Columbia St,Cambridge,MA,,1903,3,1095,MULT-RES-3FAM,Cambridge Property Database FY2026 (waa7-ibdu),2026-10-04T04:37Z,3673,https://data.cambridgema.gov/d/waa7-ibdu?pid=3673
CAM01141,389 Columbia St,Cambridge,MA,,1920,6,111,4-8-UNIT-APT,Cambridge Property Database FY2026 (waa7-ibdu),2026-10-04T04:37Z,3674,https://data.cambridgema.gov/d/waa7-ibdu?pid=3674
CAM01142,381 Columbia St,Cambridge,MA,,1920,6,111,4-8-UNIT-APT,Cambridge Property Database FY2026 (waa7-ibdu),2026-10-04T04:37Z,3675,https://data.cambridgema.gov/d/waa7-ibdu?pid=3675
CAM01143,379 Columbia St,Cambridge,MA,,1892,3,105,THREE-FM-RES,Cambridge Property Database FY2026 (waa7-ibdu),2026-10-04T04:37Z,3676,https://data.cambridgema.gov/d/waa7-ibdu?pid=3676
CAM01144,367 Columbia St,Cambridge,MA,,,0,199,CONDO-BLDG,Cambridge Property Database FY2026 (waa7-ibdu),2026-10-04T04:37Z,3677,https://data.cambridgema.gov/d/waa7-ibdu?pid=3677
CAM01145,365 Columbia St,Cambridge,MA,,1894,4,111,4-8-UNIT-APT,Cambridge Property Database FY2026 (waa7-ibdu),2026-10-04T04:37Z,3678,https://data.cambridgema.gov/d/waa7-ibdu?pid=3678
CAM01146,359-361 Columbia St,Cambridge,MA,,1903,3,1095,MULT-RES-3FAM,Cambridge Property Database FY2026 (waa7-ibdu),2026-10-04T04:37Z,3679,https://data.cambridgema.gov/d/waa7-ibdu?pid=3679
CAM01147,357 Columbia St,Cambridge,MA,,1869,2,104,TWO-FAM-RES,Cambridge Property Database FY2026 (waa7-ibdu),2026-10-04T04:37Z,3680,https://data.cambridgema.gov/d/waa7-ibdu?pid=3680
CAM01148,345 Columbia St,Cambridge,MA,,1920,9,112,>8-UNIT-APT,Cambridge Property Database FY2026 (waa7-ibdu),2026-10-04T04:37Z,3681,https://data.cambridgema.gov/d/waa7-ibdu?pid=3681
CAM01149,220 Elm St,Cambridge,MA,,1894,3,105,THREE-FM-RES,Cambridge Property Database FY2026 (waa7-ibdu),2026-10-04T04:37Z,3682,https://data.cambridgema.gov/d/waa7-ibdu?pid=3682
CAM01150,222 Elm St,Cambridge,MA,,1915,6,111,4-8-UNIT-APT,Cambridge Property Database FY2026 (waa7-ibdu),2026-10-04T04:37Z,3683,https://data.cambridgema.gov/d/waa7-ibdu?pid=3683
CAM01151,238 Elm St,Cambridge,MA,,1915,6,111,4-8-UNIT-APT,Cambridge Property Database FY2026 (waa7-ibdu),2026-10-04T04:37Z,3684,https://data.cambridgema.gov/d/waa7-ibdu?pid=3684
CAM01152,246 Elm St,Cambridge,MA,,1915,6,111,4-8-UNIT-APT,Cambridge Property Database FY2026 (waa7-ibdu),2026-10-04T04:37Z,3685,https://data.cambridgema.gov/d/waa7-ibdu?pid=3685
CAM01153,254 Elm St,Cambridge,MA,,1915,6,111,4-8-UNIT-APT,Cambridge Property Database FY2026 (waa7-ibdu),2026-10-04T04:37Z,3686,https://data.cambridgema.gov/d/waa7-ibdu?pid=3686
CAM01154,43 Lincoln St,Cambridge,MA,,1854,3,105,THREE-FM-RES,Cambridge Property Database FY2026 (waa7-ibdu),2026-10-04T04:37Z,3687,https://data.cambridgema.gov/d/waa7-ibdu?pid=3687
CAM01155,49 Lincoln St,Cambridge,MA,,,0,199,CONDO-BLDG,Cambridge Property Database FY2026 (waa7-ibdu),2026-10-04T04:37Z,3688,https://data.cambridgema.gov/d/waa7-ibdu?pid=3688
CAM01156,61-65 Lincoln St,Cambridge,MA,,,0,199,CONDO-BLDG,Cambridge Property Database FY2026 (waa7-ibdu),2026-10-04T04:37Z,3693,https://data.cambridgema.gov/d/waa7-ibdu?pid=3693
CAM01157,455 Windsor St,Cambridge,MA,,1920,0,105,THREE-FM-RES,Cambridge Property Database FY2026 (waa7-ibdu),2026-10-04T04:37Z,3695,https://data.cambridgema.gov/d/waa7-ibdu?pid=3695
CAM01158,453 Windsor St,Cambridge,MA,,1873,2,104,TWO-FAM-RES,Cambridge Property Database FY2026 (waa7-ibdu),2026-10-04T04:37Z,3696,https://data.cambridgema.gov/d/waa7-ibdu?pid=3696
CAM01159,960 Cambridge St,Cambridge,MA,,,0,199,CONDO-BLDG,Cambridge Property Database FY2026 (waa7-ibdu),2026-10-04T04:37Z,3698,https://data.cambridgema.gov/d/waa7-ibdu?pid=3698
CAM01160,956 Cambridge St,Cambridge,MA,,,0,199,CONDO-BLDG,Cambridge Property Database FY2026 (waa7-ibdu),2026-10-04T04:37Z,3699,https://data.cambridgema.gov/d/waa7-ibdu?pid=3699
CAM01161,918 Cambridge St,Cambridge,MA,,1900,19,112,>8-UNIT-APT,Cambridge Property Database FY2026 (waa7-ibdu),2026-10-04T04:37Z,3700,https://data.cambridgema.gov/d/waa7-ibdu?pid=3700
CAM01162,98 Willow St,Cambridge,MA,,1902,3,105,THREE-FM-RES,Cambridge Property Database FY2026 (waa7-ibdu),2026-10-04T04:37Z,3701,https://data.cambridgema.gov/d/waa7-ibdu?pid=3701
CAM01163,96 Willow St,Cambridge,MA,,1910,6,111,4-8-UNIT-APT,Cambridge Property Database FY2026 (waa7-ibdu),2026-10-04T04:37Z,3702,https://data.cambridgema.gov/d/waa7-ibdu?pid=3702
CAM01164,92 Willow St,Cambridge,MA,,1902,3,105,THREE-FM-RES,Cambridge Property Database FY2026 (waa7-ibdu),2026-10-04T04:37Z,3703,https://data.cambridgema.gov/d/waa7-ibdu?pid=3703
CAM01165,88 Willow St,Cambridge,MA,,1902,3,105,THREE-FM-RES,Cambridge Property Database FY2026 (waa7-ibdu),2026-10-04T04:37Z,3704,https://data.cambridgema.gov/d/waa7-ibdu?pid=3704
CAM01166,84 Willow St,Cambridge,MA,,,0,199,CONDO-BLDG,Cambridge Property Database FY2026 (waa7-ibdu),2026-10-04T04:37Z,3705,https://data.cambridgema.gov/d/waa7-ibdu?pid=3705
CAM01167,80 Willow St,Cambridge,MA,,1915,6,114,AFFORDABLE APT,Cambridge Property Database FY2026 (waa7-ibdu),2026-10-04T04:37Z,3706,https://data.cambridgema.gov/d/waa7-ibdu?pid=3706
CAM01168,3 Palermo St,Cambridge,MA,,1903,3,105,THREE-FM-RES,Cambridge Property Database FY2026 (waa7-ibdu),2026-10-04T04:37Z,3707,https://data.cambridgema.gov/d/waa7-ibdu?pid=3707
CAM01169,5 Palermo St,Cambridge,MA,,1903,3,105,THREE-FM-RES,Cambridge Property Database FY2026 (waa7-ibdu),2026-10-04T04:37Z,3708,https://data.cambridgema.gov/d/waa7-ibdu?pid=3708
CAM01170,23 Palermo St,Cambridge,MA,,,0,199,CONDO-BLDG,Cambridge Property Database FY2026 (waa7-ibdu),2026-10-04T04:37Z,3709,https://data.cambridgema.gov/d/waa7-ibdu?pid=3709
CAM01171,464 Windsor St,Cambridge,MA,,,0,199,CONDO-BLDG,Cambridge Property Database FY2026 (waa7-ibdu),2026-10-04T04:37Z,3710,https://data.cambridgema.gov/d/waa7-ibdu?pid=3710
CAM01172,472 Windsor St,Cambridge,MA,,1915,6,111,4-8-UNIT-APT,Cambridge Property Database FY2026 (waa7-ibdu),2026-10-04T04:37Z,3714,https://data.cambridgema.gov/d/waa7-ibdu?pid=3714
CAM01173,478 Windsor St,Cambridge,MA,,1915,6,111,4-8-UNIT-APT,Cambridge Property Database FY2026 (waa7-ibdu),2026-10-04T04:37Z,3715,https://data.cambridgema.gov/d/waa7-ibdu?pid=3715
CAM01174,72 Willow St,Cambridge,MA,,1902,3,105,THREE-FM-RES,Cambridge Property Database FY2026 (waa7-ibdu),2026-10-04T04:37Z,3716,https://data.cambridgema.gov/d/waa7-ibdu?pid=3716
CAM01175,64 Willow St,Cambridge,MA,,,0,199,CONDO-BLDG,Cambridge Property Database FY2026 (waa7-ibdu),2026-10-04T04:37Z,3717,https://data.cambridgema.gov/d/waa7-ibdu?pid=3717
CAM01176,38 Willow St,Cambridge,MA,,1900,6,114,AFFORDABLE APT,Cambridge Property Database FY2026 (waa7-ibdu),2026-10-04T04:37Z,3718,https://data.cambridgema.gov/d/waa7-ibdu?pid=3718
CAM01177,13-15 Lincoln St,Cambridge,MA,,1910,6,114,AFFORDABLE APT,Cambridge Property Database FY2026 (waa7-ibdu),2026-10-04T04:37Z,3719,https://data.cambridgema.gov/d/waa7-ibdu?pid=3719
CAM01178,434 Windsor St,Cambridge,MA,,1903,2,104,TWO-FAM-RES,Cambridge Property Database FY2026 (waa7-ibdu),2026-10-04T04:37Z,3721,https://data.cambridgema.gov/d/waa7-ibdu?pid=3721
CAM01179,440 Windsor St,Cambridge,MA,,1903,2,104,TWO-FAM-RES,Cambridge Property Database FY2026 (waa7-ibdu),2026-10-04T04:37Z,3722,https://data.cambridgema.gov/d/waa7-ibdu?pid=3722
CAM01180,454 Windsor St,Cambridge,MA,,,0,199,CONDO-BLDG,Cambridge Property Database FY2026 (waa7-ibdu),2026-10-04T04:37Z,3723,https://data.cambridgema.gov/d/waa7-ibdu?pid=3723
CAM01181,24 Palermo St,Cambridge,MA,,,0,199,CONDO-BLDG,Cambridge Property Database FY2026 (waa7-ibdu),2026-10-04T04:37Z,3728,https://data.cambridgema.gov/d/waa7-ibdu?pid=3728
CAM01182,12 Palermo St,Cambridge,MA,,1903,3,105,THREE-FM-RES,Cambridge Property Database FY2026 (waa7-ibdu),2026-10-04T04:37Z,3729,https://data.cambridgema.gov/d/waa7-ibdu?pid=3729
CAM01183,19 Palermo St,Cambridge,MA,,,0,199,CONDO-BLDG,Cambridge Property Database FY2026 (waa7-ibdu),2026-10-04T04:37Z,3730,https://data.cambridgema.gov/d/waa7-ibdu?pid=3730
CAM01184,9 Palermo St,Cambridge,MA,,,0,199,CONDO-BLDG,Cambridge Property Database FY2026 (waa7-ibdu),2026-10-04T04:37Z,3732,https://data.cambridgema.gov/d/waa7-ibdu?pid=3732
CAM01185,11 Lincoln St,Cambridge,MA,,1903,2,104,TWO-FAM-RES,Cambridge Property Database FY2026 (waa7-ibdu),2026-10-04T04:37Z,3733,https://data.cambridgema.gov/d/waa7-ibdu?pid=3733
CAM01186,9 Lincoln St,Cambridge,MA,,1903,2,104,TWO-FAM-RES,Cambridge Property Database FY2026 (waa7-ibdu),2026-10-04T04:37Z,3734,https://data.cambridgema.gov/d/waa7-ibdu?pid=3734
CAM01187,28 Willow St,Cambridge,MA,,1902,2,104,TWO-FAM-RES,Cambridge Property Database FY2026 (waa7-ibdu),2026-10-04T04:37Z,3735,https://data.cambridgema.gov/d/waa7-ibdu?pid=3735
CAM01188,32 Willow St,Cambridge,MA,,1902,2,104,TWO-FAM-RES,Cambridge Property Database FY2026 (waa7-ibdu),2026-10-04T04:37Z,3736,https://data.cambridgema.gov/d/waa7-ibdu?pid=3736
CAM01189,424-430 Windsor St,Cambridge,MA,,,0,199,CONDO-BLDG,Cambridge Property Database FY2026 (waa7-ibdu),2026-10-04T04:37Z,3739,https://data.cambridgema.gov/d/waa7-ibdu?pid=3739
CAM01190,442-448 Windsor St,Cambridge,MA,,,0,199,CONDO-BLDG,Cambridge Property Database FY2026 (waa7-ibdu),2026-10-04T04:37Z,3740,https://data.cambridgema.gov/d/waa7-ibdu?pid=3740
CAM01191,469 Windsor St,Cambridge,MA,,,0,199,CONDO-BLDG,Cambridge Property Database FY2026 (waa7-ibdu),2026-10-04T04:37Z,3741,https://data.cambridgema.gov/d/waa7-ibdu?pid=3741
CAM01192,467 Windsor St,Cambridge,MA,,1930,0,105,THREE-FM-RES,Cambridge Property Database FY2026 (waa7-ibdu),2026-10-04T04:37Z,3742,https://data.cambridgema.gov/d/waa7-ibdu?pid=3742
CAM01193,1066 Cambridge St,Cambridge,MA,,2011,19,13,MULTIUSE-RES,Cambridge Property Database FY2026 (waa7-ibdu),2026-10-04T04:37Z,3743,https://data.cambridgema.gov/d/waa7-ibdu?pid=3743
CAM01194,473-475 Windsor St,Cambridge,MA,,1873,2,104,TWO-FAM-RES,Cambridge Property Database FY2026 (waa7-ibdu),2026-10-04T04:37Z,3744,https://data.cambridgema.gov/d/waa7-ibdu?pid=3744
CAM01195,14-16 Palermo St,Cambridge,MA,,1900,2,104,TWO-FAM-RES,Cambridge Property Database FY2026 (waa7-ibdu),2026-10-04T04:37Z,3747,https://data.cambridgema.gov/d/waa7-ibdu?pid=3747
CAM01196,18-20 Palermo St,Cambridge,MA,,,0,199,CONDO-BLDG,Cambridge Property Database FY2026 (waa7-ibdu),2026-10-04T04:37Z,3748,https://data.cambridgema.gov/d/waa7-ibdu?pid=3748
CAM01197,250 Webster Ave,Cambridge,MA,,1903,3,105,THREE-FM-RES,Cambridge Property Database FY2026 (waa7-ibdu),2026-10-04T04:37Z,3749,https://data.cambridgema.gov/d/waa7-ibdu?pid=3749
CAM01198,101 Lincoln St,Cambridge,MA,,1820,6,111,4-8-UNIT-APT,Cambridge Property Database FY2026 (waa7-ibdu),2026-10-04T04:37Z,3752,https://data.cambridgema.gov/d/waa7-ibdu?pid=3752
CAM01199,216 Elm St,Cambridge,MA,,1903,3,105,THREE-FM-RES,Cambridge Property Database FY2026 (waa7-ibdu),2026-10-04T04:37Z,3753,https://data.cambridgema.gov/d/waa7-ibdu?pid=3753
CAM01200,93 Lincoln St,Cambridge,MA,,1894,0,105,THREE-FM-RES,Cambridge Property Database FY2026 (waa7-ibdu),2026-10-04T04:37Z,3754,https://data.cambridgema.gov/d/waa7-ibdu?pid=3754
CAM01201,89 Lincoln St,Cambridge,MA,,1920,9,112,>8-UNIT-APT,Cambridge Property Database FY2026 (waa7-ibdu),2026-10-04T04:37Z,3755,https://data.cambridgema.gov/d/waa7-ibdu?pid=3755
CAM01202,427 Windsor St,Cambridge,MA,,1975,2,1094,MULT-RES-2FAM,Cambridge Property Database FY2026 (waa7-ibdu),2026-10-04T04:37Z,3756,https://data.cambridgema.gov/d/waa7-ibdu?pid=3756
CAM01203,305-307 Webster Ave,Cambridge,MA,,,0,199,CONDO-BLDG,Cambridge Property Database FY2026 (waa7-ibdu),2026-10-04T04:37Z,3765,https://data.cambridgema.gov/d/waa7-ibdu?pid=3765
CAM01204,1035 Cambridge St,Cambridge,MA,,,0,199,CONDO-BLDG,Cambridge Property Database FY2026 (waa7-ibdu),2026-10-04T04:37Z,3775,https://data.cambridgema.gov/d/waa7-ibdu?pid=3775
CAM01205,384 Prospect St,Cambridge,MA,,,0,199,CONDO-BLDG,Cambridge Property Database FY2026 (waa7-ibdu),2026-10-04T04:37Z,3793,https://data.cambridgema.gov/d/waa7-ibdu?pid=3793
CAM01206,169 Tremont St,Cambridge,MA,,1910,6,111,4-8-UNIT-APT,Cambridge Property Database FY2026 (waa7-ibdu),2026-10-04T04:37Z,3799,https://data.cambridgema.gov/d/waa7-ibdu?pid=3799
CAM01207,155 Tremont St,Cambridge,MA,,1900,4,111,4-8-UNIT-APT,Cambridge Property Database FY2026 (waa7-ibdu),2026-10-04T04:37Z,3800,https://data.cambridgema.gov/d/waa7-ibdu?pid=3800
CAM01208,147 Tremont St,Cambridge,MA,,1900,4,111,4-8-UNIT-APT,Cambridge Property Database FY2026 (waa7-ibdu),2026-10-04T04:37Z,3801,https://data.cambridgema.gov/d/waa7-ibdu?pid=3801
CAM01209,131 Tremont St,Cambridge,MA,,1900,4,111,4-8-UNIT-APT,Cambridge Property Database FY2026 (waa7-ibdu),2026-10-04T04:37Z,3802,https://data.cambridgema.gov/d/waa7-ibdu?pid=3802
CAM01210,354 Prospect St,Cambridge,MA,,1960,116,114,AFFORDABLE APT,Cambridge Property Database FY2026 (waa7-ibdu),2026-10-04T04:37Z,3803,https://data.cambridgema.gov/d/waa7-ibdu?pid=3803
CAM01211,107 Tremont St,Cambridge,MA,,1873,2,104,TWO-FAM-RES,Cambridge Property Database FY2026 (waa7-ibdu),2026-10-04T04:37Z,3805,https://data.cambridgema.gov/d/waa7-ibdu?pid=3805
CAM01212,1197 Cambridge St,Cambridge,MA,,1890,2,13,MULTIUSE-RES,Cambridge Property Database FY2026 (waa7-ibdu),2026-10-04T04:37Z,3807,https://data.cambridgema.gov/d/waa7-ibdu?pid=3807
CAM01213,409 Norfolk St,Cambridge,MA,,1873,2,104,TWO-FAM-RES,Cambridge Property Database FY2026 (waa7-ibdu),2026-10-04T04:37Z,3810,https://data.cambridgema.gov/d/waa7-ibdu?pid=3810
CAM01214,405 Norfolk St,Cambridge,MA,,1886,0,104,TWO-FAM-RES,Cambridge Property Database FY2026 (waa7-ibdu),2026-10-04T04:37Z,3811,https://data.cambridgema.gov/d/waa7-ibdu?pid=3811
CAM01215,401 Norfolk St,Cambridge,MA,,1873,2,104,TWO-FAM-RES,Cambridge Property Database FY2026 (waa7-ibdu),2026-10-04T04:37Z,3812,https://data.cambridgema.gov/d/waa7-ibdu?pid=3812
CAM01216,397 Norfolk St,Cambridge,MA,,,0,199,CONDO-BLDG,Cambridge Property Database FY2026 (waa7-ibdu),2026-10-04T04:37Z,3813,https://data.cambridgema.gov/d/waa7-ibdu?pid=3813
CAM01217,393 Norfolk St,Cambridge,MA,,1873,2,104,TWO-FAM-RES,Cambridge Property Database FY2026 (waa7-ibdu),2026-10-04T04:37Z,3814,https://data.cambridgema.gov/d/waa7-ibdu?pid=3814
CAM01218,387 Norfolk St,Cambridge,MA,,1916,0,105,THREE-FM-RES,Cambridge Property Database FY2026 (waa7-ibdu),2026-10-04T04:37Z,3815,https://data.cambridgema.gov/d/waa7-ibdu?pid=3815
CAM01219,385 Norfolk St,Cambridge,MA,,1873,2,104,TWO-FAM-RES,Cambridge Property Database FY2026 (waa7-ibdu),2026-10-04T04:37Z,3816,https://data.cambridgema.gov/d/waa7-ibdu?pid=3816
CAM01220,373 Norfolk St,Cambridge,MA,,1916,3,105,THREE-FM-RES,Cambridge Property Database FY2026 (waa7-ibdu),2026-10-04T04:37Z,3817,https://data.cambridgema.gov/d/waa7-ibdu?pid=3817
CAM01221,122 Tremont St,Cambridge,MA,,1873,2,104,TWO-FAM-RES,Cambridge Property Database FY2026 (waa7-ibdu),2026-10-04T04:37Z,3819,https://data.cambridgema.gov/d/waa7-ibdu?pid=3819
CAM01222,134 Tremont St,Cambridge,MA,,1873,2,104,TWO-FAM-RES,Cambridge Property Database FY2026 (waa7-ibdu),2026-10-04T04:37Z,3820,https://data.cambridgema.gov/d/waa7-ibdu?pid=3820
CAM01223,140 Tremont St,Cambridge,MA,,1886,3,105,THREE-FM-RES,Cambridge Property Database FY2026 (waa7-ibdu),2026-10-04T04:37Z,3821,https://data.cambridgema.gov/d/waa7-ibdu?pid=3821
CAM01224,154 Tremont St,Cambridge,MA,,1874,0,105,THREE-FM-RES,Cambridge Property Database FY2026 (waa7-ibdu),2026-10-04T04:37Z,3823,https://data.cambridgema.gov/d/waa7-ibdu?pid=3823
CAM01225,325 Elm St,Cambridge,MA,,,0,199,CONDO-BLDG,Cambridge Property Database FY2026 (waa7-ibdu),2026-10-04T04:37Z,3825,https://data.cambridgema.gov/d/waa7-ibdu?pid=3825
CAM01226,1099 Cambridge St,Cambridge,MA,,1900,4,13,MULTIUSE-RES,Cambridge Property Database FY2026 (waa7-ibdu),2026-10-04T04:37Z,3827,https://data.cambridgema.gov/d/waa7-ibdu?pid=3827
CAM01227,1111 Cambridge St,Cambridge,MA,,1867,2,13,MULTIUSE-RES,Cambridge Property Database FY2026 (waa7-ibdu),2026-10-04T04:37Z,3828,https://data.cambridgema.gov/d/waa7-ibdu?pid=3828
CAM01228,382 Norfolk St,Cambridge,MA,,,0,199,CONDO-BLDG,Cambridge Property Database FY2026 (waa7-ibdu),2026-10-04T04:37Z,3831,https://data.cambridgema.gov/d/waa7-ibdu?pid=3831
CAM01229,388 Norfolk St,Cambridge,MA,,,0,199,CONDO-BLDG,Cambridge Property Database FY2026 (waa7-ibdu),2026-10-04T04:37Z,3832,https://data.cambridgema.gov/d/waa7-ibdu?pid=3832
CAM01230,392 Norfolk St,Cambridge,MA,,,0,199,CONDO-BLDG,Cambridge Property Database FY2026 (waa7-ibdu),2026-10-04T04:37Z,3833,https://data.cambridgema.gov/d/waa7-ibdu?pid=3833
CAM01231,394-396 Norfolk St,Cambridge,MA,,,0,199,CONDO-BLDG,Cambridge Property Database FY2026 (waa7-ibdu),2026-10-04T04:37Z,3834,https://data.cambridgema.gov/d/waa7-ibdu?pid=3834
CAM01232,408 Norfolk St,Cambridge,MA,,1873,2,104,TWO-FAM-RES,Cambridge Property Database FY2026 (waa7-ibdu),2026-10-04T04:37Z,3842,https://data.cambridgema.gov/d/waa7-ibdu?pid=3842
CAM01233,1167-1179 Cambridge St,Cambridge,MA,,,0,199,CONDO-BLDG,Cambridge Property Database FY2026 (waa7-ibdu),2026-10-04T04:37Z,3845,https://data.cambridgema.gov/d/waa7-ibdu?pid=3845
CAM01234,158 Tremont St,Cambridge,MA,,1873,2,104,TWO-FAM-RES,Cambridge Property Database FY2026 (waa7-ibdu),2026-10-04T04:37Z,3848,https://data.cambridgema.gov/d/waa7-ibdu?pid=3848
CAM01235,168 Tremont St,Cambridge,MA,,1873,2,104,TWO-FAM-RES,Cambridge Property Database FY2026 (waa7-ibdu),2026-10-04T04:37Z,3849,https://data.cambridgema.gov/d/waa7-ibdu?pid=3849
CAM01236,164 Tremont St,Cambridge,MA,,1873,2,104,TWO-FAM-RES,Cambridge Property Database FY2026 (waa7-ibdu),2026-10-04T04:37Z,3850,https://data.cambridgema.gov/d/waa7-ibdu?pid=3850
CAM01237,1103 Cambridge St,Cambridge,MA,,1898,2,13,MULTIUSE-RES,Cambridge Property Database FY2026 (waa7-ibdu),2026-10-04T04:37Z,3851,https://data.cambridgema.gov/d/waa7-ibdu?pid=3851
CAM01238,1105 Cambridge St,Cambridge,MA,,1873,3,105,THREE-FM-RES,Cambridge Property Database FY2026 (waa7-ibdu),2026-10-04T04:37Z,3852,https://data.cambridgema.gov/d/waa7-ibdu?pid=3852
CAM01239,376 Prospect St,Cambridge,MA,,1903,3,105,THREE-FM-RES,Cambridge Property Database FY2026 (waa7-ibdu),2026-10-04T04:37Z,3853,https://data.cambridgema.gov/d/waa7-ibdu?pid=3853
CAM01240,372 Prospect St,Cambridge,MA,,1903,3,105,THREE-FM-RES,Cambridge Property Database FY2026 (waa7-ibdu),2026-10-04T04:37Z,3855,https://data.cambridgema.gov/d/waa7-ibdu?pid=3855
CAM01241,366-368 Prospect St,Cambridge,MA,,1903,3,105,THREE-FM-RES,Cambridge Property Database FY2026 (waa7-ibdu),2026-10-04T04:37Z,3856,https://data.cambridgema.gov/d/waa7-ibdu?pid=3856
CAM01242,380 Prospect St,Cambridge,MA,,,0,199,CONDO-BLDG,Cambridge Property Database FY2026 (waa7-ibdu),2026-10-04T04:37Z,3857,https://data.cambridgema.gov/d/waa7-ibdu?pid=3857
CAM01243,128 Tremont St,Cambridge,MA,,1886,0,104,TWO-FAM-RES,Cambridge Property Database FY2026 (waa7-ibdu),2026-10-04T04:37Z,3860,https://data.cambridgema.gov/d/waa7-ibdu?pid=3860
CAM01244,289 Elm St,Cambridge,MA,,1873,3,105,THREE-FM-RES,Cambridge Property Database FY2026 (waa7-ibdu),2026-10-04T04:37Z,3861,https://data.cambridgema.gov/d/waa7-ibdu?pid=3861
CAM01245,291 Elm St,Cambridge,MA,,1873,2,104,TWO-FAM-RES,Cambridge Property Database FY2026 (waa7-ibdu),2026-10-04T04:37Z,3862,https://data.cambridgema.gov/d/waa7-ibdu?pid=3862
CAM01246,297 Elm St,Cambridge,MA,,1900,8,112,>8-UNIT-APT,Cambridge Property Database FY2026 (waa7-ibdu),2026-10-04T04:37Z,3863,https://data.cambridgema.gov/d/waa7-ibdu?pid=3863
CAM01247,301 Elm St,Cambridge,MA,,1886,0,105,THREE-FM-RES,Cambridge Property Database FY2026 (waa7-ibdu),2026-10-04T04:37Z,3864,https://data.cambridgema.gov/d/waa7-ibdu?pid=3864
CAM01248,398 Norfolk St,Cambridge,MA,,1910,2,104,TWO-FAM-RES,Cambridge Property Database FY2026 (waa7-ibdu),2026-10-04T04:37Z,3865,https://data.cambridgema.gov/d/waa7-ibdu?pid=3865
CAM01249,400 Norfolk St,Cambridge,MA,,1894,2,104,TWO-FAM-RES,Cambridge Property Database FY2026 (waa7-ibdu),2026-10-04T04:37Z,3866,https://data.cambridgema.gov/d/waa7-ibdu?pid=3866
CAM01250,375-381 Norfolk St,Cambridge,MA,,1894,6,114,AFFORDABLE APT,Cambridge Property Database FY2026 (waa7-ibdu),2026-10-04T04:37Z,3867,https://data.cambridgema.gov/d/waa7-ibdu?pid=3867
CAM01251,412 Norfolk St,Cambridge,MA,,,0,199,CONDO-BLDG,Cambridge Property Database FY2026 (waa7-ibdu),2026-10-04T04:37Z,3868,https://data.cambridgema.gov/d/waa7-ibdu?pid=3868
CAM01252,410 Norfolk St,Cambridge,MA,,1902,3,105,THREE-FM-RES,Cambridge Property Database FY2026 (waa7-ibdu),2026-10-04T04:37Z,3869,https://data.cambridgema.gov/d/waa7-ibdu?pid=3869
CAM01253,137-139 Tremont St,Cambridge,MA,,1902,2,104,TWO-FAM-RES,Cambridge Property Database FY2026 (waa7-ibdu),2026-10-04T04:37Z,3871,https://data.cambridgema.gov/d/waa7-ibdu?pid=3871
CAM01254,303 Elm St,Cambridge,MA,,,0,199,CONDO-BLDG,Cambridge Property Database FY2026 (waa7-ibdu),2026-10-04T04:37Z,3876,https://data.cambridgema.gov/d/waa7-ibdu?pid=3876
CAM01255,18 Springfield St,Cambridge,MA,,1894,2,104,TWO-FAM-RES,Cambridge Property Database FY2026 (waa7-ibdu),2026-10-04T04:37Z,3880,https://data.cambridgema.gov/d/waa7-ibdu?pid=3880
CAM01256,16 Springfield St,Cambridge,MA,,1900,4,111,4-8-UNIT-APT,Cambridge Property Database FY2026 (waa7-ibdu),2026-10-04T04:37Z,3881,https://data.cambridgema.gov/d/waa7-ibdu?pid=3881
CAM01257,10-12 Springfield St,Cambridge,MA,,1894,3,13,MULTIUSE-RES,Cambridge Property Database FY2026 (waa7-ibdu),2026-10-04T04:37Z,3882,https://data.cambridgema.gov/d/waa7-ibdu?pid=3882
CAM01258,24-26 Oak St,Cambridge,MA,,,0,199,CONDO-BLDG,Cambridge Property Database FY2026 (waa7-ibdu),2026-10-04T04:37Z,3889,https://data.cambridgema.gov/d/waa7-ibdu?pid=3889
CAM01259,15 Oak St,Cambridge,MA,,,0,199,CONDO-BLDG,Cambridge Property Database FY2026 (waa7-ibdu),2026-10-04T04:37Z,3891,https://data.cambridgema.gov/d/waa7-ibdu?pid=3891
CAM01260,32 Oakland St,Cambridge,MA,,1902,3,105,THREE-FM-RES,Cambridge Property Database FY2026 (waa7-ibdu),2026-10-04T04:37Z,3892,https://data.cambridgema.gov/d/waa7-ibdu?pid=3892
CAM01261,28 Oakland St,Cambridge,MA,,1916,3,105,THREE-FM-RES,Cambridge Property Database FY2026 (waa7-ibdu),2026-10-04T04:37Z,3893,https://data.cambridgema.gov/d/waa7-ibdu?pid=3893
CAM01262,24 Oakland St,Cambridge,MA,,1916,3,105,THREE-FM-RES,Cambridge Property Database FY2026 (waa7-ibdu),2026-10-04T04:37Z,3894,https://data.cambridgema.gov/d/waa7-ibdu?pid=3894
CAM01263,18 Oakland St,Cambridge,MA,,1916,3,105,THREE-FM-RES,Cambridge Property Database FY2026 (waa7-ibdu),2026-10-04T04:37Z,3895,https://data.cambridgema.gov/d/waa7-ibdu?pid=3895
CAM01264,16 Oakland St,Cambridge,MA,,1903,3,105,THREE-FM-RES,Cambridge Property Database FY2026 (waa7-ibdu),2026-10-04T04:37Z,3896,https://data.cambridgema.gov/d/waa7-ibdu?pid=3896
CAM01265,12 Oakland St,Cambridge,MA,,1903,0,105,THREE-FM-RES,Cambridge Property Database FY2026 (waa7-ibdu),2026-10-04T04:37Z,3897,https://data.cambridgema.gov/d/waa7-ibdu?pid=3897
CAM01266,6-8 Oakland St,Cambridge,MA,,,0,199,CONDO-BLDG,Cambridge Property Database FY2026 (waa7-ibdu),2026-10-04T04:37Z,3898,https://data.cambridgema.gov/d/waa7-ibdu?pid=3898
CAM01267,6 Houghton St,Cambridge,MA,,1986,2,104,TWO-FAM-RES,Cambridge Property Database FY2026 (waa7-ibdu),2026-10-04T04:37Z,3901,https://data.cambridgema.gov/d/waa7-ibdu?pid=3901
CAM01268,383-385 Prospect St,Cambridge,MA,,1882,3,105,THREE-FM-RES,Cambridge Property Database FY2026 (waa7-ibdu),2026-10-04T04:37Z,3904,https://data.cambridgema.gov/d/waa7-ibdu?pid=3904
CAM01269,375 Prospect St,Cambridge,MA,,1886,2,104,TWO-FAM-RES,Cambridge Property Database FY2026 (waa7-ibdu),2026-10-04T04:37Z,3907,https://data.cambridgema.gov/d/waa7-ibdu?pid=3907
CAM01270,371 Prospect St,Cambridge,MA,,1903,4,111,4-8-UNIT-APT,Cambridge Property Database FY2026 (waa7-ibdu),2026-10-04T04:37Z,3908,https://data.cambridgema.gov/d/waa7-ibdu?pid=3908
CAM01271,9-17 Clary St,Cambridge,MA,,1902,5,111,4-8-UNIT-APT,Cambridge Property Database FY2026 (waa7-ibdu),2026-10-04T04:37Z,3909,https://data.cambridgema.gov/d/waa7-ibdu?pid=3909
CAM01272,365 Prospect St,Cambridge,MA,,1894,3,1095,MULT-RES-3FAM,Cambridge Property Database FY2026 (waa7-ibdu),2026-10-04T04:37Z,3912,https://data.cambridgema.gov/d/waa7-ibdu?pid=3912
CAM01273,19 Oak St,Cambridge,MA,,1903,3,105,THREE-FM-RES,Cambridge Property Database FY2026 (waa7-ibdu),2026-10-04T04:37Z,3913,https://data.cambridgema.gov/d/waa7-ibdu?pid=3913
CAM01274,12 Oak St,Cambridge,MA,,,0,199,CONDO-BLDG,Cambridge Property Database FY2026 (waa7-ibdu),2026-10-04T04:37Z,3919,https://data.cambridgema.gov/d/waa7-ibdu?pid=3919
CAM01275,1245 Cambridge St,Cambridge,MA,,,0,199,CONDO-BLDG,Cambridge Property Database FY2026 (waa7-ibdu),2026-10-04T04:37Z,3925,https://data.cambridgema.gov/d/waa7-ibdu?pid=3925
CAM01276,10 Clary St,Cambridge,MA,,1916,3,105,THREE-FM-RES,Cambridge Property Database FY2026 (waa7-ibdu),2026-10-04T04:37Z,3948,https://data.cambridgema.gov/d/waa7-ibdu?pid=3948
CAM01277,18 Clary St,Cambridge,MA,,1916,3,105,THREE-FM-RES,Cambridge Property Database FY2026 (waa7-ibdu),2026-10-04T04:37Z,3949,https://data.cambridgema.gov/d/waa7-ibdu?pid=3949
CAM01278,20 Clary St,Cambridge,MA,,1916,3,105,THREE-FM-RES,Cambridge Property Database FY2026 (waa7-ibdu),2026-10-04T04:37Z,3950,https://data.cambridgema.gov/d/waa7-ibdu?pid=3950
CAM01279,25 Oak St,Cambridge,MA,,1902,3,105,THREE-FM-RES,Cambridge Property Database FY2026 (waa7-ibdu),2026-10-04T04:37Z,3952,https://data.cambridgema.gov/d/waa7-ibdu?pid=3952
CAM01280,23 Oak St,Cambridge,MA,,1903,3,105,THREE-FM-RES,Cambridge Property Database FY2026 (waa7-ibdu),2026-10-04T04:37Z,3953,https://data.cambridgema.gov/d/waa7-ibdu?pid=3953
CAM01281,7 Oakland St,Cambridge,MA,,1905,2,104,TWO-FAM-RES,Cambridge Property Database FY2026 (waa7-ibdu),2026-10-04T04:37Z,3954,https://data.cambridgema.gov/d/waa7-ibdu?pid=3954
CAM01282,19 Oakland St,Cambridge,MA,,1903,2,104,TWO-FAM-RES,Cambridge Property Database FY2026 (waa7-ibdu),2026-10-04T04:37Z,3956,https://data.cambridgema.gov/d/waa7-ibdu?pid=3956
CAM01283,23 Oakland St,Cambridge,MA,,1903,3,105,THREE-FM-RES,Cambridge Property Database FY2026 (waa7-ibdu),2026-10-04T04:37Z,3957,https://data.cambridgema.gov/d/waa7-ibdu?pid=3957
CAM01284,12 Houghton St,Cambridge,MA,,,0,199,CONDO-BLDG,Cambridge Property Database FY2026 (waa7-ibdu),2026-10-04T04:37Z,3958,https://data.cambridgema.gov/d/waa7-ibdu?pid=3958
CAM01285,10 Houghton St,Cambridge,MA,,,0,199,CONDO-BLDG,Cambridge Property Database FY2026 (waa7-ibdu),2026-10-04T04:37Z,3959,https://data.cambridgema.gov/d/waa7-ibdu?pid=3959
CAM01286,24 Clary St,Cambridge,MA,,1910,6,111,4-8-UNIT-APT,Cambridge Property Database FY2026 (waa7-ibdu),2026-10-04T04:37Z,3960,https://data.cambridgema.gov/d/waa7-ibdu?pid=3960
CAM01287,9 Oak St,Cambridge,MA,,1902,3,105,THREE-FM-RES,Cambridge Property Database FY2026 (waa7-ibdu),2026-10-04T04:37Z,3962,https://data.cambridgema.gov/d/waa7-ibdu?pid=3962
CAM01288,229-241 Hampshire St,Cambridge,MA,,,0,199,CONDO-BLDG,Cambridge Property Database FY2026 (waa7-ibdu),2026-10-04T04:37Z,3963,https://data.cambridgema.gov/d/waa7-ibdu?pid=3963
CAM01289,1365 Cambridge St,Cambridge,MA,,,0,199,CONDO-BLDG,Cambridge Property Database FY2026 (waa7-ibdu),2026-10-04T04:37Z,3968,https://data.cambridgema.gov/d/waa7-ibdu?pid=3968
CAM01290,7 Springfield St,Cambridge,MA,,,0,199,CONDO-BLDG,Cambridge Property Database FY2026 (waa7-ibdu),2026-10-04T04:37Z,3971,https://data.cambridgema.gov/d/waa7-ibdu?pid=3971
CAM01291,1218-28 Cambridge St,Cambridge,MA,,,0,199,CONDO-BLDG,Cambridge Property Database FY2026 (waa7-ibdu),2026-10-04T04:37Z,3974,https://data.cambridgema.gov/d/waa7-ibdu?pid=3974
CAM01292,1210 Cambridge St,Cambridge,MA,,1915,9,112,>8-UNIT-APT,Cambridge Property Database FY2026 (waa7-ibdu),2026-10-04T04:37Z,3992,https://data.cambridgema.gov/d/waa7-ibdu?pid=3992
CAM01293,1192 Cambridge St,Cambridge,MA,,1900,5,13,MULTIUSE-RES,Cambridge Property Database FY2026 (waa7-ibdu),2026-10-04T04:37Z,3994,https://data.cambridgema.gov/d/waa7-ibdu?pid=3994
CAM01294,87 Tremont St,Cambridge,MA,,1886,2,104,TWO-FAM-RES,Cambridge Property Database FY2026 (waa7-ibdu),2026-10-04T04:37Z,3995,https://data.cambridgema.gov/d/waa7-ibdu?pid=3995
CAM01295,85 Tremont St,Cambridge,MA,,1886,2,104,TWO-FAM-RES,Cambridge Property Database FY2026 (waa7-ibdu),2026-10-04T04:37Z,3996,https://data.cambridgema.gov/d/waa7-ibdu?pid=3996
CAM01296,77 Tremont St,Cambridge,MA,,,0,199,CONDO-BLDG,Cambridge Property Database FY2026 (waa7-ibdu),2026-10-04T04:37Z,3997,https://data.cambridgema.gov/d/waa7-ibdu?pid=3997
CAM01297,3 Carlisle St,Cambridge,MA,,1903,0,105,THREE-FM-RES,Cambridge Property Database FY2026 (waa7-ibdu),2026-10-04T04:37Z,3999,https://data.cambridgema.gov/d/waa7-ibdu?pid=3999
CAM01298,15 Carlisle St,Cambridge,MA,,1894,2,104,TWO-FAM-RES,Cambridge Property Database FY2026 (waa7-ibdu),2026-10-04T04:37Z,4000,https://data.cambridgema.gov/d/waa7-ibdu?pid=4000
CAM01299,300 Prospect St,Cambridge,MA,,1910,6,114,AFFORDABLE APT,Cambridge Property Database FY2026 (waa7-ibdu),2026-10-04T04:37Z,4001,https://data.cambridgema.gov/d/waa7-ibdu?pid=4001
CAM01300,306 Prospect St,Cambridge,MA,,1900,2,13,MULTIUSE-RES,Cambridge Property Database FY2026 (waa7-ibdu),2026-10-04T04:37Z,4002,https://data.cambridgema.gov/d/waa7-ibdu?pid=4002
CAM01301,294 Prospect St,Cambridge,MA,,1900,5,111,4-8-UNIT-APT,Cambridge Property Database FY2026 (waa7-ibdu),2026-10-04T04:37Z,4004,https://data.cambridgema.gov/d/waa7-ibdu?pid=4004
CAM01302,20 Carlisle St,Cambridge,MA,,1900,6,114,AFFORDABLE APT,Cambridge Property Database FY2026 (waa7-ibdu),2026-10-04T04:37Z,4005,https://data.cambridgema.gov/d/waa7-ibdu?pid=4005
CAM01303,14 Carlisle St,Cambridge,MA,,1900,6,114,AFFORDABLE APT,Cambridge Property Database FY2026 (waa7-ibdu),2026-10-04T04:37Z,4006,https://data.cambridgema.gov/d/waa7-ibdu?pid=4006
CAM01304,12 Carlisle St,Cambridge,MA,,,0,199,CONDO-BLDG,Cambridge Property Database FY2026 (waa7-ibdu),2026-10-04T04:37Z,4007,https://data.cambridgema.gov/d/waa7-ibdu?pid=4007
CAM01305,8 1/2 Carlisle St,Cambridge,MA,,1910,6,111,4-8-UNIT-APT,Cambridge Property Database FY2026 (waa7-ibdu),2026-10-04T04:37Z,4008,https://data.cambridgema.gov/d/waa7-ibdu?pid=4008
CAM01306,4 Carlisle St,Cambridge,MA,,1894,3,105,THREE-FM-RES,Cambridge Property Database FY2026 (waa7-ibdu),2026-10-04T04:37Z,4009,https://data.cambridgema.gov/d/waa7-ibdu?pid=4009
CAM01307,163 Hampshire St,Cambridge,MA,,1905,9,13,MULTIUSE-RES,Cambridge Property Database FY2026 (waa7-ibdu),2026-10-04T04:37Z,4010,https://data.cambridgema.gov/d/waa7-ibdu?pid=4010
CAM01308,173 Hampshire St,Cambridge,MA,,1900,16,112,>8-UNIT-APT,Cambridge Property Database FY2026 (waa7-ibdu),2026-10-04T04:37Z,4012,https://data.cambridgema.gov/d/waa7-ibdu?pid=4012
CAM01309,292 Prospect St,Cambridge,MA,,1900,6,111,4-8-UNIT-APT,Cambridge Property Database FY2026 (waa7-ibdu),2026-10-04T04:37Z,4013,https://data.cambridgema.gov/d/waa7-ibdu?pid=4013
CAM01310,79 Tremont St,Cambridge,MA,,,0,199,CONDO-BLDG,Cambridge Property Database FY2026 (waa7-ibdu),2026-10-04T04:37Z,4014,https://data.cambridgema.gov/d/waa7-ibdu?pid=4014
CAM01311,322 Prospect St,Cambridge,MA,,1873,2,104,TWO-FAM-RES,Cambridge Property Database FY2026 (waa7-ibdu),2026-10-04T04:37Z,4018,https://data.cambridgema.gov/d/waa7-ibdu?pid=4018
CAM01312,316-318 Prospect St,Cambridge,MA,,1886,2,104,TWO-FAM-RES,Cambridge Property Database FY2026 (waa7-ibdu),2026-10-04T04:37Z,4019,https://data.cambridgema.gov/d/waa7-ibdu?pid=4019
CAM01313,81AR Tremont St,Cambridge,MA,,1903,3,105,THREE-FM-RES,Cambridge Property Database FY2026 (waa7-ibdu),2026-10-04T04:37Z,4020,https://data.cambridgema.gov/d/waa7-ibdu?pid=4020
CAM01314,79A Tremont St,Cambridge,MA,,1903,3,105,THREE-FM-RES,Cambridge Property Database FY2026 (waa7-ibdu),2026-10-04T04:37Z,4021,https://data.cambridgema.gov/d/waa7-ibdu?pid=4021
CAM01315,81 Tremont St,Cambridge,MA,,1903,3,105,THREE-FM-RES,Cambridge Property Database FY2026 (waa7-ibdu),2026-10-04T04:37Z,4022,https://data.cambridgema.gov/d/waa7-ibdu?pid=4022
CAM01316,317 Prospect St,Cambridge,MA,,1910,6,114,AFFORDABLE APT,Cambridge Property Database FY2026 (waa7-ibdu),2026-10-04T04:37Z,4023,https://data.cambridgema.gov/d/waa7-ibdu?pid=4023
CAM01317,1264 Cambridge St,Cambridge,MA,,,0,199,CONDO-BLDG,Cambridge Property Database FY2026 (waa7-ibdu),2026-10-04T04:37Z,4026,https://data.cambridgema.gov/d/waa7-ibdu?pid=4026
CAM01318,167 Hampshire St,Cambridge,MA,,1900,8,111,4-8-UNIT-APT,Cambridge Property Database FY2026 (waa7-ibdu),2026-10-04T04:37Z,4031,https://data.cambridgema.gov/d/waa7-ibdu?pid=4031
CAM01319,165 Hampshire St,Cambridge,MA,,1905,6,111,4-8-UNIT-APT,Cambridge Property Database FY2026 (waa7-ibdu),2026-10-04T04:37Z,4032,https://data.cambridgema.gov/d/waa7-ibdu?pid=4032
CAM01320,57 Tremont St,Cambridge,MA,,,0,199,CONDO-BLDG,Cambridge Property Database FY2026 (waa7-ibdu),2026-10-04T04:37Z,4033,https://data.cambridgema.gov/d/waa7-ibdu?pid=4033
CAM01321,73 Tremont St,Cambridge,MA,,,0,199,CONDO-BLDG,Cambridge Property Database FY2026 (waa7-ibdu),2026-10-04T04:37Z,4037,https://data.cambridgema.gov/d/waa7-ibdu?pid=4037
CAM01322,11 Carlisle St,Cambridge,MA,,1910,6,111,4-8-UNIT-APT,Cambridge Property Database FY2026 (waa7-ibdu),2026-10-04T04:37Z,4041,https://data.cambridgema.gov/d/waa7-ibdu?pid=4041
CAM01323,7 Carlisle St,Cambridge,MA,,,0,199,CONDO-BLDG,Cambridge Property Database FY2026 (waa7-ibdu),2026-10-04T04:37Z,4042,https://data.cambridgema.gov/d/waa7-ibdu?pid=4042
CAM01324,328 Prospect St,Cambridge,MA,,,0,199,CONDO-BLDG,Cambridge Property Database FY2026 (waa7-ibdu),2026-10-04T04:37Z,4044,https://data.cambridgema.gov/d/waa7-ibdu?pid=4044
CAM01325,1238 Cambridge St,Cambridge,MA,,1877,6,13,MULTIUSE-RES,Cambridge Property Database FY2026 (waa7-ibdu),2026-10-04T04:37Z,4048,https://data.cambridgema.gov/d/waa7-ibdu?pid=4048
CAM01326,310 Prospect St,Cambridge,MA,,,0,199,CONDO-BLDG,Cambridge Property Database FY2026 (waa7-ibdu),2026-10-04T04:37Z,4049,https://data.cambridgema.gov/d/waa7-ibdu?pid=4049
CAM01327,310R Prospect St,Cambridge,MA,,1873,2,104,TWO-FAM-RES,Cambridge Property Database FY2026 (waa7-ibdu),2026-10-04T04:37Z,4050,https://data.cambridgema.gov/d/waa7-ibdu?pid=4050
CAM01328,312 Prospect St,Cambridge,MA,,,0,199,CONDO-BLDG,Cambridge Property Database FY2026 (waa7-ibdu),2026-10-04T04:37Z,4051,https://data.cambridgema.gov/d/waa7-ibdu?pid=4051
CAM01329,57.5 Tremont St,Cambridge,MA,,1894,0,105,THREE-FM-RES,Cambridge Property Database FY2026 (waa7-ibdu),2026-10-04T04:37Z,4053,https://data.cambridgema.gov/d/waa7-ibdu?pid=4053
CAM01330,59-61 Tremont St,Cambridge,MA,,1905,0,105,THREE-FM-RES,Cambridge Property Database FY2026 (waa7-ibdu),2026-10-04T04:37Z,4054,https://data.cambridgema.gov/d/waa7-ibdu?pid=4054
CAM01331,19 Carlisle St,Cambridge,MA,,,0,199,CONDO-BLDG,Cambridge Property Database FY2026 (waa7-ibdu),2026-10-04T04:37Z,4056,https://data.cambridgema.gov/d/waa7-ibdu?pid=4056
CAM01332,193-195 Hampshire St,Cambridge,MA,,1900,6,112,>8-UNIT-APT,Cambridge Property Database FY2026 (waa7-ibdu),2026-10-04T04:37Z,4058,https://data.cambridgema.gov/d/waa7-ibdu?pid=4058
CAM01333,1296-130 Cambridge St,Cambridge,MA,,1890,2,13,MULTIUSE-RES,Cambridge Property Database FY2026 (waa7-ibdu),2026-10-04T04:37Z,4062,https://data.cambridgema.gov/d/waa7-ibdu?pid=4062
CAM01334,76-80 Tremont St,Cambridge,MA,,,0,199,CONDO-BLDG,Cambridge Property Database FY2026 (waa7-ibdu),2026-10-04T04:37Z,4066,https://data.cambridgema.gov/d/waa7-ibdu?pid=4066
CAM01335,1160 Cambridge St,Cambridge,MA,,1900,3,13,MULTIUSE-RES,Cambridge Property Database FY2026 (waa7-ibdu),2026-10-04T04:37Z,4070,https://data.cambridgema.gov/d/waa7-ibdu?pid=4070
CAM01336,1154 Cambridge St,Cambridge,MA,,1920,2,13,MULTIUSE-RES,Cambridge Property Database FY2026 (waa7-ibdu),2026-10-04T04:37Z,4071,https://data.cambridgema.gov/d/waa7-ibdu?pid=4071
CAM01337,349 Norfolk St,Cambridge,MA,,,0,199,CONDO-BLDG,Cambridge Property Database FY2026 (waa7-ibdu),2026-10-04T04:37Z,4072,https://data.cambridgema.gov/d/waa7-ibdu?pid=4072
CAM01338,345 Norfolk St,Cambridge,MA,,1910,6,111,4-8-UNIT-APT,Cambridge Property Database FY2026 (waa7-ibdu),2026-10-04T04:37Z,4073,https://data.cambridgema.gov/d/waa7-ibdu?pid=4073
CAM01339,336 Norfolk St,Cambridge,MA,,1886,2,104,TWO-FAM-RES,Cambridge Property Database FY2026 (waa7-ibdu),2026-10-04T04:37Z,4077,https://data.cambridgema.gov/d/waa7-ibdu?pid=4077
CAM01340,352 Norfolk St,Cambridge,MA,,1886,2,104,TWO-FAM-RES,Cambridge Property Database FY2026 (waa7-ibdu),2026-10-04T04:37Z,4078,https://data.cambridgema.gov/d/waa7-ibdu?pid=4078
CAM01341,1132 Cambridge St,Cambridge,MA,,1890,2,13,MULTIUSE-RES,Cambridge Property Database FY2026 (waa7-ibdu),2026-10-04T04:37Z,4080,https://data.cambridgema.gov/d/waa7-ibdu?pid=4080
CAM01342,1124 Cambridge St,Cambridge,MA,,1900,6,13,MULTIUSE-RES,Cambridge Property Database FY2026 (waa7-ibdu),2026-10-04T04:37Z,4082,https://data.cambridgema.gov/d/waa7-ibdu?pid=4082
CAM01343,257 Elm St,Cambridge,MA,,1902,3,1095,MULT-RES-3FAM,Cambridge Property Database FY2026 (waa7-ibdu),2026-10-04T04:37Z,4084,https://data.cambridgema.gov/d/waa7-ibdu?pid=4084
CAM01344,253 Elm St,Cambridge,MA,,1854,3,1095,MULT-RES-3FAM,Cambridge Property Database FY2026 (waa7-ibdu),2026-10-04T04:37Z,4085,https://data.cambridgema.gov/d/waa7-ibdu?pid=4085
CAM01345,237 Elm St,Cambridge,MA,,1903,3,105,THREE-FM-RES,Cambridge Property Database FY2026 (waa7-ibdu),2026-10-04T04:37Z,4086,https://data.cambridgema.gov/d/waa7-ibdu?pid=4086
CAM01346,229 Elm St,Cambridge,MA,,,0,199,CONDO-BLDG,Cambridge Property Database FY2026 (waa7-ibdu),2026-10-04T04:37Z,4088,https://data.cambridgema.gov/d/waa7-ibdu?pid=4088
CAM01347,219-221 Elm St,Cambridge,MA,,1902,3,105,THREE-FM-RES,Cambridge Property Database FY2026 (waa7-ibdu),2026-10-04T04:37Z,4089,https://data.cambridgema.gov/d/waa7-ibdu?pid=4089
CAM01348,205 Elm St,Cambridge,MA,,,0,199,CONDO-BLDG,Cambridge Property Database FY2026 (waa7-ibdu),2026-10-04T04:37Z,4092,https://data.cambridgema.gov/d/waa7-ibdu?pid=4092
CAM01349,185R Elm St,Cambridge,MA,,1873,3,1095,MULT-RES-3FAM,Cambridge Property Database FY2026 (waa7-ibdu),2026-10-04T04:37Z,4096,https://data.cambridgema.gov/d/waa7-ibdu?pid=4096
CAM01350,183 Elm St,Cambridge,MA,,,0,199,CONDO-BLDG,Cambridge Property Database FY2026 (waa7-ibdu),2026-10-04T04:37Z,4097,https://data.cambridgema.gov/d/waa7-ibdu?pid=4097
CAM01351,177 Elm St,Cambridge,MA,,,0,199,CONDO-BLDG,Cambridge Property Database FY2026 (waa7-ibdu),2026-10-04T04:37Z,4098,https://data.cambridgema.gov/d/waa7-ibdu?pid=4098
CAM01352,165 Elm St,Cambridge,MA,,1873,2,104,TWO-FAM-RES,Cambridge Property Database FY2026 (waa7-ibdu),2026-10-04T04:37Z,4099,https://data.cambridgema.gov/d/waa7-ibdu?pid=4099
CAM01353,137 Hampshire St,Cambridge,MA,,1916,0,104,TWO-FAM-RES,Cambridge Property Database FY2026 (waa7-ibdu),2026-10-04T04:37Z,4100,https://data.cambridgema.gov/d/waa7-ibdu?pid=4100
CAM01354,82 Tremont St,Cambridge,MA,,,0,199,CONDO-BLDG,Cambridge Property Database FY2026 (waa7-ibdu),2026-10-04T04:37Z,4104,https://data.cambridgema.gov/d/waa7-ibdu?pid=4104
CAM01355,263 Elm St,Cambridge,MA,,1873,2,104,TWO-FAM-RES,Cambridge Property Database FY2026 (waa7-ibdu),2026-10-04T04:37Z,4109,https://data.cambridgema.gov/d/waa7-ibdu?pid=4109
CAM01356,338 Norfolk St,Cambridge,MA,,,0,199,CONDO-BLDG,Cambridge Property Database FY2026 (waa7-ibdu),2026-10-04T04:37Z,4111,https://data.cambridgema.gov/d/waa7-ibdu?pid=4111
CAM01357,175 Elm St,Cambridge,MA,,,0,199,CONDO-BLDG,Cambridge Property Database FY2026 (waa7-ibdu),2026-10-04T04:37Z,4114,https://data.cambridgema.gov/d/waa7-ibdu?pid=4114
CAM01358,348 Norfolk St,Cambridge,MA,,1902,3,105,THREE-FM-RES,Cambridge Property Database FY2026 (waa7-ibdu),2026-10-04T04:37Z,4115,https://data.cambridgema.gov/d/waa7-ibdu?pid=4115
CAM01359,90 Tremont St,Cambridge,MA,,,0,199,CONDO-BLDG,Cambridge Property Database FY2026 (waa7-ibdu),2026-10-04T04:37Z,4117,https://data.cambridgema.gov/d/waa7-ibdu?pid=4117
CAM01360,1178 Cambridge St,Cambridge,MA,,1897,2,13,MULTIUSE-RES,Cambridge Property Database FY2026 (waa7-ibdu),2026-10-04T04:37Z,4118,https://data.cambridgema.gov/d/waa7-ibdu?pid=4118
CAM01361,167 Elm St,Cambridge,MA,,,0,199,CONDO-BLDG,Cambridge Property Database FY2026 (waa7-ibdu),2026-10-04T04:37Z,4123,https://data.cambridgema.gov/d/waa7-ibdu?pid=4123
CAM01362,211 Elm St,Cambridge,MA,,1916,3,105,THREE-FM-RES,Cambridge Property Database FY2026 (waa7-ibdu),2026-10-04T04:37Z,4125,https://data.cambridgema.gov/d/waa7-ibdu?pid=4125
CAM01363,193 Elm St,Cambridge,MA,,1972,0,104,TWO-FAM-RES,Cambridge Property Database FY2026 (waa7-ibdu),2026-10-04T04:37Z,4128,https://data.cambridgema.gov/d/waa7-ibdu?pid=4128
CAM01364,171 Elm St,Cambridge,MA,,,0,199,CONDO-BLDG,Cambridge Property Database FY2026 (waa7-ibdu),2026-10-04T04:37Z,4130,https://data.cambridgema.gov/d/waa7-ibdu?pid=4130
CAM01365,291 Broadway,Cambridge,MA,,1840,2,104,TWO-FAM-RES,Cambridge Property Database FY2026 (waa7-ibdu),2026-10-04T04:37Z,4134,https://data.cambridgema.gov/d/waa7-ibdu?pid=4134
CAM01366,224 Norfolk St,Cambridge,MA,,1920,6,111,4-8-UNIT-APT,Cambridge Property Database FY2026 (waa7-ibdu),2026-10-04T04:37Z,4136,https://data.cambridgema.gov/d/waa7-ibdu?pid=4136
CAM01367,232 Norfolk St,Cambridge,MA,,,0,199,CONDO-BLDG,Cambridge Property Database FY2026 (waa7-ibdu),2026-10-04T04:37Z,4138,https://data.cambridgema.gov/d/waa7-ibdu?pid=4138
CAM01368,236 Norfolk St,Cambridge,MA,,1873,2,104,TWO-FAM-RES,Cambridge Property Database FY2026 (waa7-ibdu),2026-10-04T04:37Z,4139,https://data.cambridgema.gov/d/waa7-ibdu?pid=4139
CAM01369,238-242 Norfolk St,Cambridge,MA,,,0,199,CONDO-BLDG,Cambridge Property Database FY2026 (waa7-ibdu),2026-10-04T04:37Z,4140,https://data.cambridgema.gov/d/waa7-ibdu?pid=4140
CAM01370,246-248 Norfolk St,Cambridge,MA,,,0,199,CONDO-BLDG,Cambridge Property Database FY2026 (waa7-ibdu),2026-10-04T04:37Z,4144,https://data.cambridgema.gov/d/waa7-ibdu?pid=4144
CAM01371,250 Norfolk St,Cambridge,MA,,1873,2,104,TWO-FAM-RES,Cambridge Property Database FY2026 (waa7-ibdu),2026-10-04T04:37Z,4145,https://data.cambridgema.gov/d/waa7-ibdu?pid=4145
CAM01372,254 Norfolk St,Cambridge,MA,,1873,2,104,TWO-FAM-RES,Cambridge Property Database FY2026 (waa7-ibdu),2026-10-04T04:37Z,4146,https://data.cambridgema.gov/d/waa7-ibdu?pid=4146
CAM01373,260 Norfolk St,Cambridge,MA,,1920,4,111,4-8-UNIT-APT,Cambridge Property Database FY2026 (waa7-ibdu),2026-10-04T04:37Z,4148,https://data.cambridgema.gov/d/waa7-ibdu?pid=4148
CAM01374,137 Elm St,Cambridge,MA,,,0,199,CONDO-BLDG,Cambridge Property Database FY2026 (waa7-ibdu),2026-10-04T04:37Z,4149,https://data.cambridgema.gov/d/waa7-ibdu?pid=4149
CAM01375,133 Elm St,Cambridge,MA,,,0,199,CONDO-BLDG,Cambridge Property Database FY2026 (waa7-ibdu),2026-10-04T04:37Z,4150,https://data.cambridgema.gov/d/waa7-ibdu?pid=4150
CAM01376,129 Elm St,Cambridge,MA,,,0,199,CONDO-BLDG,Cambridge Property Database FY2026 (waa7-ibdu),2026-10-04T04:37Z,4153,https://data.cambridgema.gov/d/waa7-ibdu?pid=4153
CAM01377,77 Elm St,Cambridge,MA,,1915,6,114,AFFORDABLE APT,Cambridge Property Database FY2026 (waa7-ibdu),2026-10-04T04:37Z,4155,https://data.cambridgema.gov/d/waa7-ibdu?pid=4155
CAM01378,287 Broadway,Cambridge,MA,,1954,3,105,THREE-FM-RES,Cambridge Property Database FY2026 (waa7-ibdu),2026-10-04T04:37Z,4156,https://data.cambridgema.gov/d/waa7-ibdu?pid=4156
CAM01379,64 Elm St,Cambridge,MA,,1873,2,104,TWO-FAM-RES,Cambridge Property Database FY2026 (waa7-ibdu),2026-10-04T04:37Z,4158,https://data.cambridgema.gov/d/waa7-ibdu?pid=4158
CAM01380,66 Elm St,Cambridge,MA,,1873,2,104,TWO-FAM-RES,Cambridge Property Database FY2026 (waa7-ibdu),2026-10-04T04:37Z,4159,https://data.cambridgema.gov/d/waa7-ibdu?pid=4159
CAM01381,72 Elm St,Cambridge,MA,,1915,6,114,AFFORDABLE APT,Cambridge Property Database FY2026 (waa7-ibdu),2026-10-04T04:37Z,4160,https://data.cambridgema.gov/d/waa7-ibdu?pid=4160
CAM01382,88 Elm St,Cambridge,MA,,1900,4,111,4-8-UNIT-APT,Cambridge Property Database FY2026 (waa7-ibdu),2026-10-04T04:37Z,4163,https://data.cambridgema.gov/d/waa7-ibdu?pid=4163
CAM01383,56 Market St,Cambridge,MA,,1903,3,105,THREE-FM-RES,Cambridge Property Database FY2026 (waa7-ibdu),2026-10-04T04:37Z,4166,https://data.cambridgema.gov/d/waa7-ibdu?pid=4166
CAM01384,209 Columbia St,Cambridge,MA,,,0,199,CONDO-BLDG,Cambridge Property Database FY2026 (waa7-ibdu),2026-10-04T04:37Z,4169,https://data.cambridgema.gov/d/waa7-ibdu?pid=4169
CAM01385,279 Broadway,Cambridge,MA,,1900,5,13,MULTIUSE-RES,Cambridge Property Database FY2026 (waa7-ibdu),2026-10-04T04:37Z,4171,https://data.cambridgema.gov/d/waa7-ibdu?pid=4171
CAM01386,128-130 Elm St,Cambridge,MA,,,0,199,CONDO-BLDG,Cambridge Property Database FY2026 (waa7-ibdu),2026-10-04T04:37Z,4172,https://data.cambridgema.gov/d/waa7-ibdu?pid=4172
CAM01387,134 Elm St,Cambridge,MA,,1873,2,104,TWO-FAM-RES,Cambridge Property Database FY2026 (waa7-ibdu),2026-10-04T04:37Z,4176,https://data.cambridgema.gov/d/waa7-ibdu?pid=4176
CAM01388,243 Columbia St,Cambridge,MA,,1900,9,112,>8-UNIT-APT,Cambridge Property Database FY2026 (waa7-ibdu),2026-10-04T04:37Z,4177,https://data.cambridgema.gov/d/waa7-ibdu?pid=4177
CAM01389,237 Columbia St,Cambridge,MA,,1890,3,105,THREE-FM-RES,Cambridge Property Database FY2026 (waa7-ibdu),2026-10-04T04:37Z,4178,https://data.cambridgema.gov/d/waa7-ibdu?pid=4178
CAM01390,235 Columbia St,Cambridge,MA,,1900,12,112,>8-UNIT-APT,Cambridge Property Database FY2026 (waa7-ibdu),2026-10-04T04:37Z,4179,https://data.cambridgema.gov/d/waa7-ibdu?pid=4179
CAM01391,57 Market St,Cambridge,MA,,,0,199,CONDO-BLDG,Cambridge Property Database FY2026 (waa7-ibdu),2026-10-04T04:37Z,4181,https://data.cambridgema.gov/d/waa7-ibdu?pid=4181
CAM01392,55 Market St,Cambridge,MA,,,0,199,CONDO-BLDG,Cambridge Property Database FY2026 (waa7-ibdu),2026-10-04T04:37Z,4185,https://data.cambridgema.gov/d/waa7-ibdu?pid=4185
CAM01393,194 Norfolk St,Cambridge,MA,,,0,199,CONDO-BLDG,Cambridge Property Database FY2026 (waa7-ibdu),2026-10-04T04:37Z,4191,https://data.cambridgema.gov/d/waa7-ibdu?pid=4191
CAM01394,198-200 Norfolk St,Cambridge,MA,,1856,3,105,THREE-FM-RES,Cambridge Property Database FY2026 (waa7-ibdu),2026-10-04T04:37Z,4195,https://data.cambridgema.gov/d/waa7-ibdu?pid=4195
CAM01395,71 Elm St,Cambridge,MA,,1915,6,111,4-8-UNIT-APT,Cambridge Property Database FY2026 (waa7-ibdu),2026-10-04T04:37Z,4196,https://data.cambridgema.gov/d/waa7-ibdu?pid=4196
CAM01396,67 Elm St,Cambridge,MA,,1915,6,111,4-8-UNIT-APT,Cambridge Property Database FY2026 (waa7-ibdu),2026-10-04T04:37Z,4197,https://data.cambridgema.gov/d/waa7-ibdu?pid=4197
CAM01397,61 Market St,Cambridge,MA,,1905,3,105,THREE-FM-RES,Cambridge Property Database FY2026 (waa7-ibdu),2026-10-04T04:37Z,4198,https://data.cambridgema.gov/d/waa7-ibdu?pid=4198
CAM01398,277 Broadway,Cambridge,MA,,2010,11,13,MULTIUSE-RES,Cambridge Property Database FY2026 (waa7-ibdu),2026-10-04T04:37Z,4199,https://data.cambridgema.gov/d/waa7-ibdu?pid=4199
CAM01399,140 Elm St,Cambridge,MA,,1850,2,104,TWO-FAM-RES,Cambridge Property Database FY2026 (waa7-ibdu),2026-10-04T04:37Z,4202,https://data.cambridgema.gov/d/waa7-ibdu?pid=4202
CAM01400,55 Elm St,Cambridge,MA,,1928,2,104,TWO-FAM-RES,Cambridge Property Database FY2026 (waa7-ibdu),2026-10-04T04:37Z,4203,https://data.cambridgema.gov/d/waa7-ibdu?pid=4203
CAM01401,59 Elm St,Cambridge,MA,,1900,2,104,TWO-FAM-RES,Cambridge Property Database FY2026 (waa7-ibdu),2026-10-04T04:37Z,4204,https://data.cambridgema.gov/d/waa7-ibdu?pid=4204
CAM01402,110 Elm St,Cambridge,MA,,1930,3,105,THREE-FM-RES,Cambridge Property Database FY2026 (waa7-ibdu),2026-10-04T04:37Z,4205,https://data.cambridgema.gov/d/waa7-ibdu?pid=4205
CAM01403,114 Elm St,Cambridge,MA,,1930,3,105,THREE-FM-RES,Cambridge Property Database FY2026 (waa7-ibdu),2026-10-04T04:37Z,4206,https://data.cambridgema.gov/d/waa7-ibdu?pid=4206
CAM01404,281 Broadway,Cambridge,MA,,,0,199,CONDO-BLDG,Cambridge Property Database FY2026 (waa7-ibdu),2026-10-04T04:37Z,4207,https://data.cambridgema.gov/d/waa7-ibdu?pid=4207
CAM01405,56 Elm St,Cambridge,MA,,,0,199,CONDO-BLDG,Cambridge Property Database FY2026 (waa7-ibdu),2026-10-04T04:37Z,4208,https://data.cambridgema.gov/d/waa7-ibdu?pid=4208
CAM01406,206 Norfolk St,Cambridge,MA,,,0,199,CONDO-BLDG,Cambridge Property Database FY2026 (waa7-ibdu),2026-10-04T04:37Z,4209,https://data.cambridgema.gov/d/waa7-ibdu?pid=4209
CAM01407,270 Norfolk St,Cambridge,MA,,1920,8,112,>8-UNIT-APT,Cambridge Property Database FY2026 (waa7-ibdu),2026-10-04T04:37Z,4210,https://data.cambridgema.gov/d/waa7-ibdu?pid=4210
CAM01408,140 Hampshire St,Cambridge,MA,,1900,6,111,4-8-UNIT-APT,Cambridge Property Database FY2026 (waa7-ibdu),2026-10-04T04:37Z,4211,https://data.cambridgema.gov/d/waa7-ibdu?pid=4211
CAM01409,212 Norfolk St,Cambridge,MA,,1923,2,104,TWO-FAM-RES,Cambridge Property Database FY2026 (waa7-ibdu),2026-10-04T04:37Z,4213,https://data.cambridgema.gov/d/waa7-ibdu?pid=4213
CAM01410,251 Columbia St,Cambridge,MA,,,0,199,CONDO-BLDG,Cambridge Property Database FY2026 (waa7-ibdu),2026-10-04T04:37Z,4214,https://data.cambridgema.gov/d/waa7-ibdu?pid=4214
CAM01411,118 Elm St,Cambridge,MA,,1902,3,105,THREE-FM-RES,Cambridge Property Database FY2026 (waa7-ibdu),2026-10-04T04:37Z,4231,https://data.cambridgema.gov/d/waa7-ibdu?pid=4231
CAM01412,124 Elm St,Cambridge,MA,,1903,2,104,TWO-FAM-RES,Cambridge Property Database FY2026 (waa7-ibdu),2026-10-04T04:37Z,4232,https://data.cambridgema.gov/d/waa7-ibdu?pid=4232
CAM01413,132 Hampshire St,Cambridge,MA,,1890,4,13,MULTIUSE-RES,Cambridge Property Database FY2026 (waa7-ibdu),2026-10-04T04:37Z,4234,https://data.cambridgema.gov/d/waa7-ibdu?pid=4234
CAM01414,119-121 Elm St,Cambridge,MA,,1854,2,104,TWO-FAM-RES,Cambridge Property Database FY2026 (waa7-ibdu),2026-10-04T04:37Z,4235,https://data.cambridgema.gov/d/waa7-ibdu?pid=4235
CAM01415,176 Prospect St,Cambridge,MA,,1886,3,105,THREE-FM-RES,Cambridge Property Database FY2026 (waa7-ibdu),2026-10-04T04:37Z,4237,https://data.cambridgema.gov/d/waa7-ibdu?pid=4237
CAM01416,180 Prospect St,Cambridge,MA,,1902,0,105,THREE-FM-RES,Cambridge Property Database FY2026 (waa7-ibdu),2026-10-04T04:37Z,4238,https://data.cambridgema.gov/d/waa7-ibdu?pid=4238
CAM01417,190 Prospect St,Cambridge,MA,,,0,199,CONDO-BLDG,Cambridge Property Database FY2026 (waa7-ibdu),2026-10-04T04:37Z,4240,https://data.cambridgema.gov/d/waa7-ibdu?pid=4240
CAM01418,194 Prospect St,Cambridge,MA,,,0,199,CONDO-BLDG,Cambridge Property Database FY2026 (waa7-ibdu),2026-10-04T04:37Z,4241,https://data.cambridgema.gov/d/waa7-ibdu?pid=4241
CAM01419,208 Prospect St,Cambridge,MA,,,0,199,CONDO-BLDG,Cambridge Property Database FY2026 (waa7-ibdu),2026-10-04T04:37Z,4244,https://data.cambridgema.gov/d/waa7-ibdu?pid=4244
CAM01420,210 Prospect St,Cambridge,MA,,,0,199,CONDO-BLDG,Cambridge Property Database FY2026 (waa7-ibdu),2026-10-04T04:37Z,4245,https://data.cambridgema.gov/d/waa7-ibdu?pid=4245
CAM01421,216 Prospect St,Cambridge,MA,,,0,199,CONDO-BLDG,Cambridge Property Database FY2026 (waa7-ibdu),2026-10-04T04:37Z,4246,https://data.cambridgema.gov/d/waa7-ibdu?pid=4246
CAM01422,222 Prospect St,Cambridge,MA,,1880,6,111,4-8-UNIT-APT,Cambridge Property Database FY2026 (waa7-ibdu),2026-10-04T04:37Z,4247,https://data.cambridgema.gov/d/waa7-ibdu?pid=4247
CAM01423,6-10 Gardner Rd,Cambridge,MA,,,0,199,CONDO-BLDG,Cambridge Property Database FY2026 (waa7-ibdu),2026-10-04T04:37Z,4249,https://data.cambridgema.gov/d/waa7-ibdu?pid=4249
CAM01424,31 Tremont St,Cambridge,MA,,1902,2,1094,MULT-RES-2FAM,Cambridge Property Database FY2026 (waa7-ibdu),2026-10-04T04:37Z,4256,https://data.cambridgema.gov/d/waa7-ibdu?pid=4256
CAM01425,29 Tremont St,Cambridge,MA,,,0,199,CONDO-BLDG,Cambridge Property Database FY2026 (waa7-ibdu),2026-10-04T04:37Z,4257,https://data.cambridgema.gov/d/waa7-ibdu?pid=4257
CAM01426,244 Prospect St,Cambridge,MA,,1886,2,104,TWO-FAM-RES,Cambridge Property Database FY2026 (waa7-ibdu),2026-10-04T04:37Z,4263,https://data.cambridgema.gov/d/waa7-ibdu?pid=4263
CAM01427,248-256 Prospect St,Cambridge,MA,,1894,3,13,MULTIUSE-RES,Cambridge Property Database FY2026 (waa7-ibdu),2026-10-04T04:37Z,4264,https://data.cambridgema.gov/d/waa7-ibdu?pid=4264
CAM01428,258 Prospect St,Cambridge,MA,,1900,6,111,4-8-UNIT-APT,Cambridge Property Database FY2026 (waa7-ibdu),2026-10-04T04:37Z,4265,https://data.cambridgema.gov/d/waa7-ibdu?pid=4265
CAM01429,168-174 Hampshire St,Cambridge,MA,,2014,11,13,MULTIUSE-RES,Cambridge Property Database FY2026 (waa7-ibdu),2026-10-04T04:37Z,4266,https://data.cambridgema.gov/d/waa7-ibdu?pid=4266
CAM01430,3 Murdock St,Cambridge,MA,,,0,199,CONDO-BLDG,Cambridge Property Database FY2026 (waa7-ibdu),2026-10-04T04:37Z,4268,https://data.cambridgema.gov/d/waa7-ibdu?pid=4268
CAM01431,11 Gardner Rd,Cambridge,MA,,,0,199,CONDO-BLDG,Cambridge Property Database FY2026 (waa7-ibdu),2026-10-04T04:37Z,4276,https://data.cambridgema.gov/d/waa7-ibdu?pid=4276
CAM01432,13-15 Gardner Rd,Cambridge,MA,,,0,199,CONDO-BLDG,Cambridge Property Database FY2026 (waa7-ibdu),2026-10-04T04:37Z,4283,https://data.cambridgema.gov/d/waa7-ibdu?pid=4283
CAM01433,16-18 Murdock St,Cambridge,MA,,,0,199,CONDO-BLDG,Cambridge Property Database FY2026 (waa7-ibdu),2026-10-04T04:37Z,4284,https://data.cambridgema.gov/d/waa7-ibdu?pid=4284
CAM01434,39 Tremont St,Cambridge,MA,,1854,3,105,THREE-FM-RES,Cambridge Property Database FY2026 (waa7-ibdu),2026-10-04T04:37Z,4289,https://data.cambridgema.gov/d/waa7-ibdu?pid=4289
CAM01435,6 Tremont St,Cambridge,MA,,1873,2,104,TWO-FAM-RES,Cambridge Property Database FY2026 (waa7-ibdu),2026-10-04T04:37Z,4291,https://data.cambridgema.gov/d/waa7-ibdu?pid=4291
CAM01436,12 Tremont St,Cambridge,MA,,1844,3,105,THREE-FM-RES,Cambridge Property Database FY2026 (waa7-ibdu),2026-10-04T04:37Z,4292,https://data.cambridgema.gov/d/waa7-ibdu?pid=4292
CAM01437,14 Tremont St,Cambridge,MA,,1894,2,104,TWO-FAM-RES,Cambridge Property Database FY2026 (waa7-ibdu),2026-10-04T04:37Z,4293,https://data.cambridgema.gov/d/waa7-ibdu?pid=4293
CAM01438,16 Tremont St,Cambridge,MA,,1920,4,111,4-8-UNIT-APT,Cambridge Property Database FY2026 (waa7-ibdu),2026-10-04T04:37Z,4294,https://data.cambridgema.gov/d/waa7-ibdu?pid=4294
CAM01439,24 Tremont St,Cambridge,MA,,1854,2,104,TWO-FAM-RES,Cambridge Property Database FY2026 (waa7-ibdu),2026-10-04T04:37Z,4298,https://data.cambridgema.gov/d/waa7-ibdu?pid=4298
CAM01440,26 Tremont St,Cambridge,MA,,1854,2,104,TWO-FAM-RES,Cambridge Property Database FY2026 (waa7-ibdu),2026-10-04T04:37Z,4299,https://data.cambridgema.gov/d/waa7-ibdu?pid=4299
CAM01441,30 Tremont St,Cambridge,MA,,1854,2,104,TWO-FAM-RES,Cambridge Property Database FY2026 (waa7-ibdu),2026-10-04T04:37Z,4300,https://data.cambridgema.gov/d/waa7-ibdu?pid=4300
CAM01442,32 Tremont St,Cambridge,MA,,1873,2,104,TWO-FAM-RES,Cambridge Property Database FY2026 (waa7-ibdu),2026-10-04T04:37Z,4301,https://data.cambridgema.gov/d/waa7-ibdu?pid=4301
CAM01443,34 Tremont St,Cambridge,MA,,1873,2,104,TWO-FAM-RES,Cambridge Property Database FY2026 (waa7-ibdu),2026-10-04T04:37Z,4302,https://data.cambridgema.gov/d/waa7-ibdu?pid=4302
CAM01444,36.5-36 Tremont St,Cambridge,MA,,,0,199,CONDO-BLDG,Cambridge Property Database FY2026 (waa7-ibdu),2026-10-04T04:37Z,4303,https://data.cambridgema.gov/d/waa7-ibdu?pid=4303
CAM01445,38 Tremont St,Cambridge,MA,,1873,3,105,THREE-FM-RES,Cambridge Property Database FY2026 (waa7-ibdu),2026-10-04T04:37Z,4308,https://data.cambridgema.gov/d/waa7-ibdu?pid=4308
CAM01446,46 Tremont St,Cambridge,MA,,1854,0,105,THREE-FM-RES,Cambridge Property Database FY2026 (waa7-ibdu),2026-10-04T04:37Z,4310,https://data.cambridgema.gov/d/waa7-ibdu?pid=4310
CAM01447,48 Tremont St,Cambridge,MA,,1854,2,104,TWO-FAM-RES,Cambridge Property Database FY2026 (waa7-ibdu),2026-10-04T04:37Z,4311,https://data.cambridgema.gov/d/waa7-ibdu?pid=4311
CAM01448,150 Hampshire St,Cambridge,MA,,,0,199,CONDO-BLDG,Cambridge Property Database FY2026 (waa7-ibdu),2026-10-04T04:37Z,4312,https://data.cambridgema.gov/d/waa7-ibdu?pid=4312
CAM01449,269 Norfolk St,Cambridge,MA,,1873,2,104,TWO-FAM-RES,Cambridge Property Database FY2026 (waa7-ibdu),2026-10-04T04:37Z,4314,https://data.cambridgema.gov/d/waa7-ibdu?pid=4314
CAM01450,265 Norfolk St,Cambridge,MA,,,0,199,CONDO-BLDG,Cambridge Property Database FY2026 (waa7-ibdu),2026-10-04T04:37Z,4315,https://data.cambridgema.gov/d/waa7-ibdu?pid=4315
CAM01451,259 Norfolk St,Cambridge,MA,,1894,2,104,TWO-FAM-RES,Cambridge Property Database FY2026 (waa7-ibdu),2026-10-04T04:37Z,4316,https://data.cambridgema.gov/d/waa7-ibdu?pid=4316
CAM01452,241 Norfolk St,Cambridge,MA,,1873,2,1094,MULT-RES-2FAM,Cambridge Property Database FY2026 (waa7-ibdu),2026-10-04T04:37Z,4340,https://data.cambridgema.gov/d/waa7-ibdu?pid=4340
CAM01453,231 Norfolk St,Cambridge,MA,,1900,6,111,4-8-UNIT-APT,Cambridge Property Database FY2026 (waa7-ibdu),2026-10-04T04:37Z,4342,https://data.cambridgema.gov/d/waa7-ibdu?pid=4342
CAM01454,221 Norfolk St,Cambridge,MA,,1846,2,104,TWO-FAM-RES,Cambridge Property Database FY2026 (waa7-ibdu),2026-10-04T04:37Z,4345,https://data.cambridgema.gov/d/waa7-ibdu?pid=4345
CAM01455,213-215 Norfolk St,Cambridge,MA,,,0,199,CONDO-BLDG,Cambridge Property Database FY2026 (waa7-ibdu),2026-10-04T04:37Z,4346,https://data.cambridgema.gov/d/waa7-ibdu?pid=4346
CAM01456,205-207 Norfolk St,Cambridge,MA,,1854,4,111,4-8-UNIT-APT,Cambridge Property Database FY2026 (waa7-ibdu),2026-10-04T04:37Z,4348,https://data.cambridgema.gov/d/waa7-ibdu?pid=4348
CAM01457,297 Broadway,Cambridge,MA,,1830,2,104,TWO-FAM-RES,Cambridge Property Database FY2026 (waa7-ibdu),2026-10-04T04:37Z,4349,https://data.cambridgema.gov/d/waa7-ibdu?pid=4349
CAM01458,23 Murdock St,Cambridge,MA,,,0,199,CONDO-BLDG,Cambridge Property Database FY2026 (waa7-ibdu),2026-10-04T04:37Z,4350,https://data.cambridgema.gov/d/waa7-ibdu?pid=4350
CAM01459,15A Tremont St,Cambridge,MA,,1916,3,105,THREE-FM-RES,Cambridge Property Database FY2026 (waa7-ibdu),2026-10-04T04:37Z,4353,https://data.cambridgema.gov/d/waa7-ibdu?pid=4353
CAM01460,15 Tremont St,Cambridge,MA,,1916,3,105,THREE-FM-RES,Cambridge Property Database FY2026 (waa7-ibdu),2026-10-04T04:37Z,4354,https://data.cambridgema.gov/d/waa7-ibdu?pid=4354
CAM01461,293-295 Broadway,Cambridge,MA,,1886,2,104,TWO-FAM-RES,Cambridge Property Database FY2026 (waa7-ibdu),2026-10-04T04:37Z,4355,https://data.cambridgema.gov/d/waa7-ibdu?pid=4355
CAM01462,3-5 Tremont St,Cambridge,MA,,,0,199,CONDO-BLDG,Cambridge Property Database FY2026 (waa7-ibdu),2026-10-04T04:37Z,4357,https://data.cambridgema.gov/d/waa7-ibdu?pid=4357
CAM01463,4 Tremont St,Cambridge,MA,,,0,199,CONDO-BLDG,Cambridge Property Database FY2026 (waa7-ibdu),2026-10-04T04:37Z,4363,https://data.cambridgema.gov/d/waa7-ibdu?pid=4363
CAM01464,299 Broadway,Cambridge,MA,,1919,3,105,THREE-FM-RES,Cambridge Property Database FY2026 (waa7-ibdu),2026-10-04T04:37Z,4364,https://data.cambridgema.gov/d/waa7-ibdu?pid=4364
CAM01465,301-303 Broadway,Cambridge,MA,,,0,199,CONDO-BLDG,Cambridge Property Database FY2026 (waa7-ibdu),2026-10-04T04:37Z,4366,https://data.cambridgema.gov/d/waa7-ibdu?pid=4366
CAM01466,201 Norfolk St,Cambridge,MA,,1839,2,104,TWO-FAM-RES,Cambridge Property Database FY2026 (waa7-ibdu),2026-10-04T04:37Z,4368,https://data.cambridgema.gov/d/waa7-ibdu?pid=4368
CAM01467,33 Tremont St,Cambridge,MA,,,0,199,CONDO-BLDG,Cambridge Property Database FY2026 (waa7-ibdu),2026-10-04T04:37Z,4371,https://data.cambridgema.gov/d/waa7-ibdu?pid=4371
CAM01468,230 Prospect St,Cambridge,MA,,1903,3,105,THREE-FM-RES,Cambridge Property Database FY2026 (waa7-ibdu),2026-10-04T04:37Z,4376,https://data.cambridgema.gov/d/waa7-ibdu?pid=4376
CAM01469,47 Tremont St,Cambridge,MA,,1903,3,105,THREE-FM-RES,Cambridge Property Database FY2026 (waa7-ibdu),2026-10-04T04:37Z,4380,https://data.cambridgema.gov/d/waa7-ibdu?pid=4380
CAM01470,158 Hampshire St,Cambridge,MA,,,0,199,CONDO-BLDG,Cambridge Property Database FY2026 (waa7-ibdu),2026-10-04T04:37Z,4381,https://data.cambridgema.gov/d/waa7-ibdu?pid=4381
CAM01471,156 Hampshire St,Cambridge,MA,,1854,2,104,TWO-FAM-RES,Cambridge Property Database FY2026 (waa7-ibdu),2026-10-04T04:37Z,4382,https://data.cambridgema.gov/d/waa7-ibdu?pid=4382
CAM01472,162 Hampshire St,Cambridge,MA,,,0,199,CONDO-BLDG,Cambridge Property Database FY2026 (waa7-ibdu),2026-10-04T04:37Z,4388,https://data.cambridgema.gov/d/waa7-ibdu?pid=4388
CAM01473,238 Prospect St,Cambridge,MA,,1903,3,105,THREE-FM-RES,Cambridge Property Database FY2026 (waa7-ibdu),2026-10-04T04:37Z,4395,https://data.cambridgema.gov/d/waa7-ibdu?pid=4395
CAM01474,240 Prospect St,Cambridge,MA,,1873,3,105,THREE-FM-RES,Cambridge Property Database FY2026 (waa7-ibdu),2026-10-04T04:37Z,4396,https://data.cambridgema.gov/d/waa7-ibdu?pid=4396
CAM01475,35 Tremont St,Cambridge,MA,,,0,199,CONDO-BLDG,Cambridge Property Database FY2026 (waa7-ibdu),2026-10-04T04:37Z,4398,https://data.cambridgema.gov/d/waa7-ibdu?pid=4398
CAM01476,314 Broadway,Cambridge,MA,,1873,2,104,TWO-FAM-RES,Cambridge Property Database FY2026 (waa7-ibdu),2026-10-04T04:37Z,4400,https://data.cambridgema.gov/d/waa7-ibdu?pid=4400
CAM01477,229 Harvard St,Cambridge,MA,,1902,6,111,4-8-UNIT-APT,Cambridge Property Database FY2026 (waa7-ibdu),2026-10-04T04:37Z,4406,https://data.cambridgema.gov/d/waa7-ibdu?pid=4406
CAM01478,312 Broadway,Cambridge,MA,,1920,8,13,MULTIUSE-RES,Cambridge Property Database FY2026 (waa7-ibdu),2026-10-04T04:37Z,4409,https://data.cambridgema.gov/d/waa7-ibdu?pid=4409
CAM01479,308-310 Broadway,Cambridge,MA,,,0,199,CONDO-BLDG,Cambridge Property Database FY2026 (waa7-ibdu),2026-10-04T04:37Z,4410,https://data.cambridgema.gov/d/waa7-ibdu?pid=4410
CAM01480,306 Broadway,Cambridge,MA,,1920,6,111,4-8-UNIT-APT,Cambridge Property Database FY2026 (waa7-ibdu),2026-10-04T04:37Z,4411,https://data.cambridgema.gov/d/waa7-ibdu?pid=4411
CAM01481,286 Broadway,Cambridge,MA,,,0,199,CONDO-BLDG,Cambridge Property Database FY2026 (waa7-ibdu),2026-10-04T04:37Z,4414,https://data.cambridgema.gov/d/waa7-ibdu?pid=4414
CAM01482,280 Broadway,Cambridge,MA,,1890,12,13,MULTIUSE-RES,Cambridge Property Database FY2026 (waa7-ibdu),2026-10-04T04:37Z,4415,https://data.cambridgema.gov/d/waa7-ibdu?pid=4415
CAM01483,177 Columbia St,Cambridge,MA,,1916,2,1094,MULT-RES-2FAM,Cambridge Property Database FY2026 (waa7-ibdu),2026-10-04T04:37Z,4417,https://data.cambridgema.gov/d/waa7-ibdu?pid=4417
CAM01484,201 Harvard St,Cambridge,MA,,1902,2,104,TWO-FAM-RES,Cambridge Property Database FY2026 (waa7-ibdu),2026-10-04T04:37Z,4418,https://data.cambridgema.gov/d/waa7-ibdu?pid=4418
CAM01485,203 Harvard St,Cambridge,MA,,1902,2,104,TWO-FAM-RES,Cambridge Property Database FY2026 (waa7-ibdu),2026-10-04T04:37Z,4419,https://data.cambridgema.gov/d/waa7-ibdu?pid=4419
CAM01486,28 Elm St,Cambridge,MA,,1886,2,104,TWO-FAM-RES,Cambridge Property Database FY2026 (waa7-ibdu),2026-10-04T04:37Z,4420,https://data.cambridgema.gov/d/waa7-ibdu?pid=4420
CAM01487,32 Elm St,Cambridge,MA,,1894,3,105,THREE-FM-RES,Cambridge Property Database FY2026 (waa7-ibdu),2026-10-04T04:37Z,4421,https://data.cambridgema.gov/d/waa7-ibdu?pid=4421
CAM01488,14-16 Elm St,Cambridge,MA,,,0,199,CONDO-BLDG,Cambridge Property Database FY2026 (waa7-ibdu),2026-10-04T04:37Z,4423,https://data.cambridgema.gov/d/waa7-ibdu?pid=4423
CAM01489,152 Prospect St,Cambridge,MA,,1910,13,114,AFFORDABLE APT,Cambridge Property Database FY2026 (waa7-ibdu),2026-10-04T04:37Z,4429,https://data.cambridgema.gov/d/waa7-ibdu?pid=4429
CAM01490,156 Norfolk St,Cambridge,MA,,,0,199,CONDO-BLDG,Cambridge Property Database FY2026 (waa7-ibdu),2026-10-04T04:37Z,4430,https://data.cambridgema.gov/d/waa7-ibdu?pid=4430
CAM01491,23 Elm St,Cambridge,MA,,1900,6,111,4-8-UNIT-APT,Cambridge Property Database FY2026 (waa7-ibdu),2026-10-04T04:37Z,4431,https://data.cambridgema.gov/d/waa7-ibdu?pid=4431
CAM01492,17 Elm St,Cambridge,MA,,1900,8,111,4-8-UNIT-APT,Cambridge Property Database FY2026 (waa7-ibdu),2026-10-04T04:37Z,4432,https://data.cambridgema.gov/d/waa7-ibdu?pid=4432
CAM01493,130 Prospect St,Cambridge,MA,,,0,199,CONDO-BLDG,Cambridge Property Database FY2026 (waa7-ibdu),2026-10-04T04:37Z,4433,https://data.cambridgema.gov/d/waa7-ibdu?pid=4433
CAM01494,199 Harvard St,Cambridge,MA,,1873,2,104,TWO-FAM-RES,Cambridge Property Database FY2026 (waa7-ibdu),2026-10-04T04:37Z,4437,https://data.cambridgema.gov/d/waa7-ibdu?pid=4437
CAM01495,161 Columbia St,Cambridge,MA,,,0,199,CONDO-BLDG,Cambridge Property Database FY2026 (waa7-ibdu),2026-10-04T04:37Z,4438,https://data.cambridgema.gov/d/waa7-ibdu?pid=4438
CAM01496,211 Harvard St,Cambridge,MA,,,0,199,CONDO-BLDG,Cambridge Property Database FY2026 (waa7-ibdu),2026-10-04T04:37Z,4439,https://data.cambridgema.gov/d/waa7-ibdu?pid=4439
CAM01497,209 Harvard St,Cambridge,MA,,,0,199,CONDO-BLDG,Cambridge Property Database FY2026 (waa7-ibdu),2026-10-04T04:37Z,4440,https://data.cambridgema.gov/d/waa7-ibdu?pid=4440
CAM01498,207 Harvard St,Cambridge,MA,,1890,3,105,THREE-FM-RES,Cambridge Property Database FY2026 (waa7-ibdu),2026-10-04T04:37Z,4441,https://data.cambridgema.gov/d/waa7-ibdu?pid=4441
CAM01499,205 Harvard St,Cambridge,MA,,1890,3,105,THREE-FM-RES,Cambridge Property Database FY2026 (waa7-ibdu),2026-10-04T04:37Z,4442,https://data.cambridgema.gov/d/waa7-ibdu?pid=4442
CAM01500,217 Harvard St,Cambridge,MA,,,0,199,CONDO-BLDG,Cambridge Property Database FY2026 (waa7-ibdu),2026-10-04T04:37Z,4443,https://data.cambridgema.gov/d/waa7-ibdu?pid=4443
CAM01501,213 Harvard St,Cambridge,MA,,,0,199,CONDO-BLDG,Cambridge Property Database FY2026 (waa7-ibdu),2026-10-04T04:37Z,4452,https://data.cambridgema.gov/d/waa7-ibdu?pid=4452
CAM01502,20 Elm St,Cambridge,MA,,1886,3,104,TWO-FAM-RES,Cambridge Property Database FY2026 (waa7-ibdu),2026-10-04T04:37Z,4461,https://data.cambridgema.gov/d/waa7-ibdu?pid=4461
CAM01503,22 Elm St,Cambridge,MA,,1886,2,104,TWO-FAM-RES,Cambridge Property Database FY2026 (waa7-ibdu),2026-10-04T04:37Z,4462,https://data.cambridgema.gov/d/waa7-ibdu?pid=4462
CAM01504,300 Broadway,Cambridge,MA,,,0,199,CONDO-BLDG,Cambridge Property Database FY2026 (waa7-ibdu),2026-10-04T04:37Z,4469,https://data.cambridgema.gov/d/waa7-ibdu?pid=4469
CAM01505,302 Broadway,Cambridge,MA,,,0,199,CONDO-BLDG,Cambridge Property Database FY2026 (waa7-ibdu),2026-10-04T04:37Z,4470,https://data.cambridgema.gov/d/waa7-ibdu?pid=4470
CAM01506,29 Elm St,Cambridge,MA,,,0,199,CONDO-BLDG,Cambridge Property Database FY2026 (waa7-ibdu),2026-10-04T04:37Z,4471,https://data.cambridgema.gov/d/waa7-ibdu?pid=4471
CAM01507,413 Washington St,Cambridge,MA,,1894,3,105,THREE-FM-RES,Cambridge Property Database FY2026 (waa7-ibdu),2026-10-04T04:37Z,4478,https://data.cambridgema.gov/d/waa7-ibdu?pid=4478
CAM01508,86 Norfolk St,Cambridge,MA,,1880,4,111,4-8-UNIT-APT,Cambridge Property Database FY2026 (waa7-ibdu),2026-10-04T04:37Z,4479,https://data.cambridgema.gov/d/waa7-ibdu?pid=4479
CAM01509,90 Norfolk St,Cambridge,MA,,1900,8,111,4-8-UNIT-APT,Cambridge Property Database FY2026 (waa7-ibdu),2026-10-04T04:37Z,4480,https://data.cambridgema.gov/d/waa7-ibdu?pid=4480
CAM01510,32 Suffolk St,Cambridge,MA,,1894,3,105,THREE-FM-RES,Cambridge Property Database FY2026 (waa7-ibdu),2026-10-04T04:37Z,4481,https://data.cambridgema.gov/d/waa7-ibdu?pid=4481
CAM01511,28 Suffolk St,Cambridge,MA,,1886,2,104,TWO-FAM-RES,Cambridge Property Database FY2026 (waa7-ibdu),2026-10-04T04:37Z,4482,https://data.cambridgema.gov/d/waa7-ibdu?pid=4482
CAM01512,26 Suffolk St,Cambridge,MA,,,0,199,CONDO-BLDG,Cambridge Property Database FY2026 (waa7-ibdu),2026-10-04T04:37Z,4483,https://data.cambridgema.gov/d/waa7-ibdu?pid=4483
CAM01513,24 Suffolk St,Cambridge,MA,,1903,3,105,THREE-FM-RES,Cambridge Property Database FY2026 (waa7-ibdu),2026-10-04T04:37Z,4484,https://data.cambridgema.gov/d/waa7-ibdu?pid=4484
CAM01514,22 Suffolk St,Cambridge,MA,,1873,6,111,4-8-UNIT-APT,Cambridge Property Database FY2026 (waa7-ibdu),2026-10-04T04:37Z,4485,https://data.cambridgema.gov/d/waa7-ibdu?pid=4485
CAM01515,18 Suffolk St,Cambridge,MA,,1920,4,111,4-8-UNIT-APT,Cambridge Property Database FY2026 (waa7-ibdu),2026-10-04T04:37Z,4486,https://data.cambridgema.gov/d/waa7-ibdu?pid=4486
CAM01516,12 Suffolk St,Cambridge,MA,,,0,199,CONDO-BLDG,Cambridge Property Database FY2026 (waa7-ibdu),2026-10-04T04:37Z,4487,https://data.cambridgema.gov/d/waa7-ibdu?pid=4487
CAM01517,97 Columbia St,Cambridge,MA,,,0,199,CONDO-BLDG,Cambridge Property Database FY2026 (waa7-ibdu),2026-10-04T04:37Z,4495,https://data.cambridgema.gov/d/waa7-ibdu?pid=4495
CAM01518,375 Washington St,Cambridge,MA,,1854,3,105,THREE-FM-RES,Cambridge Property Database FY2026 (waa7-ibdu),2026-10-04T04:37Z,4498,https://data.cambridgema.gov/d/waa7-ibdu?pid=4498
CAM01519,383 Washington St,Cambridge,MA,,1873,3,105,THREE-FM-RES,Cambridge Property Database FY2026 (waa7-ibdu),2026-10-04T04:37Z,4499,https://data.cambridgema.gov/d/waa7-ibdu?pid=4499
CAM01520,385 Washington St,Cambridge,MA,,1873,3,105,THREE-FM-RES,Cambridge Property Database FY2026 (waa7-ibdu),2026-10-04T04:37Z,4500,https://data.cambridgema.gov/d/waa7-ibdu?pid=4500
CAM01521,401 Washington St,Cambridge,MA,,,0,199,CONDO-BLDG,Cambridge Property Database FY2026 (waa7-ibdu),2026-10-04T04:37Z,4502,https://data.cambridgema.gov/d/waa7-ibdu?pid=4502
CAM01522,407 Washington St,Cambridge,MA,,,0,199,CONDO-BLDG,Cambridge Property Database FY2026 (waa7-ibdu),2026-10-04T04:37Z,4509,https://data.cambridgema.gov/d/waa7-ibdu?pid=4509
CAM01523,16 Worcester St,Cambridge,MA,,1873,2,104,TWO-FAM-RES,Cambridge Property Database FY2026 (waa7-ibdu),2026-10-04T04:37Z,4513,https://data.cambridgema.gov/d/waa7-ibdu?pid=4513
CAM01524,12 Worcester St,Cambridge,MA,,,0,199,CONDO-BLDG,Cambridge Property Database FY2026 (waa7-ibdu),2026-10-04T04:37Z,4515,https://data.cambridgema.gov/d/waa7-ibdu?pid=4515
CAM01525,113 Columbia St,Cambridge,MA,,1873,2,104,TWO-FAM-RES,Cambridge Property Database FY2026 (waa7-ibdu),2026-10-04T04:37Z,4523,https://data.cambridgema.gov/d/waa7-ibdu?pid=4523
CAM01526,107 Columbia St,Cambridge,MA,,1854,3,105,THREE-FM-RES,Cambridge Property Database FY2026 (waa7-ibdu),2026-10-04T04:37Z,4524,https://data.cambridgema.gov/d/waa7-ibdu?pid=4524
CAM01527,3 Suffolk St,Cambridge,MA,,1873,2,104,TWO-FAM-RES,Cambridge Property Database FY2026 (waa7-ibdu),2026-10-04T04:37Z,4525,https://data.cambridgema.gov/d/waa7-ibdu?pid=4525
CAM01528,5 Suffolk St,Cambridge,MA,,1886,2,104,TWO-FAM-RES,Cambridge Property Database FY2026 (waa7-ibdu),2026-10-04T04:37Z,4526,https://data.cambridgema.gov/d/waa7-ibdu?pid=4526
CAM01529,13 Suffolk St,Cambridge,MA,,1920,12,112,>8-UNIT-APT,Cambridge Property Database FY2026 (waa7-ibdu),2026-10-04T04:37Z,4527,https://data.cambridgema.gov/d/waa7-ibdu?pid=4527
CAM01530,118-122 Norfolk St,Cambridge,MA,,,0,199,CONDO-BLDG,Cambridge Property Database FY2026 (waa7-ibdu),2026-10-04T04:37Z,4528,https://data.cambridgema.gov/d/waa7-ibdu?pid=4528
CAM01531,220 Harvard St,Cambridge,MA,,,0,199,CONDO-BLDG,Cambridge Property Database FY2026 (waa7-ibdu),2026-10-04T04:37Z,4530,https://data.cambridgema.gov/d/waa7-ibdu?pid=4530
CAM01532,218 Harvard St,Cambridge,MA,,,0,199,CONDO-BLDG,Cambridge Property Database FY2026 (waa7-ibdu),2026-10-04T04:37Z,4531,https://data.cambridgema.gov/d/waa7-ibdu?pid=4531
CAM01533,208 Harvard St,Cambridge,MA,,1847,4,111,4-8-UNIT-APT,Cambridge Property Database FY2026 (waa7-ibdu),2026-10-04T04:37Z,4532,https://data.cambridgema.gov/d/waa7-ibdu?pid=4532
CAM01534,204-206 Harvard St,Cambridge,MA,,1854,3,105,THREE-FM-RES,Cambridge Property Database FY2026 (waa7-ibdu),2026-10-04T04:37Z,4533,https://data.cambridgema.gov/d/waa7-ibdu?pid=4533
CAM01535,202 Harvard St,Cambridge,MA,,1916,2,104,TWO-FAM-RES,Cambridge Property Database FY2026 (waa7-ibdu),2026-10-04T04:37Z,4534,https://data.cambridgema.gov/d/waa7-ibdu?pid=4534
CAM01536,131 Columbia St,Cambridge,MA,,1854,3,105,THREE-FM-RES,Cambridge Property Database FY2026 (waa7-ibdu),2026-10-04T04:37Z,4536,https://data.cambridgema.gov/d/waa7-ibdu?pid=4536
CAM01537,5-7 Worcester St,Cambridge,MA,,,0,199,CONDO-BLDG,Cambridge Property Database FY2026 (waa7-ibdu),2026-10-04T04:37Z,4537,https://data.cambridgema.gov/d/waa7-ibdu?pid=4537
CAM01538,9 Worcester St,Cambridge,MA,,1854,2,104,TWO-FAM-RES,Cambridge Property Database FY2026 (waa7-ibdu),2026-10-04T04:37Z,4540,https://data.cambridgema.gov/d/waa7-ibdu?pid=4540
CAM01539,13 Worcester St,Cambridge,MA,,,0,199,CONDO-BLDG,Cambridge Property Database FY2026 (waa7-ibdu),2026-10-04T04:37Z,4542,https://data.cambridgema.gov/d/waa7-ibdu?pid=4542
CAM01540,19 Worcester St,Cambridge,MA,,,0,199,CONDO-BLDG,Cambridge Property Database FY2026 (waa7-ibdu),2026-10-04T04:37Z,4548,https://data.cambridgema.gov/d/waa7-ibdu?pid=4548
CAM01541,31 Worcester St,Cambridge,MA,,1873,3,105,THREE-FM-RES,Cambridge Property Database FY2026 (waa7-ibdu),2026-10-04T04:37Z,4552,https://data.cambridgema.gov/d/waa7-ibdu?pid=4552
CAM01542,22 Worcester St,Cambridge,MA,,,0,199,CONDO-BLDG,Cambridge Property Database FY2026 (waa7-ibdu),2026-10-04T04:37Z,4554,https://data.cambridgema.gov/d/waa7-ibdu?pid=4554
CAM01543,137 Columbia St,Cambridge,MA,,1900,12,13,MULTIUSE-RES,Cambridge Property Database FY2026 (waa7-ibdu),2026-10-04T04:37Z,4555,https://data.cambridgema.gov/d/waa7-ibdu?pid=4555
CAM01544,216 Harvard St,Cambridge,MA,,1894,2,104,TWO-FAM-RES,Cambridge Property Database FY2026 (waa7-ibdu),2026-10-04T04:37Z,4556,https://data.cambridgema.gov/d/waa7-ibdu?pid=4556
CAM01545,363 Washington St,Cambridge,MA,,1873,3,105,THREE-FM-RES,Cambridge Property Database FY2026 (waa7-ibdu),2026-10-04T04:37Z,4560,https://data.cambridgema.gov/d/waa7-ibdu?pid=4560
CAM01546,361 Washington St,Cambridge,MA,,1900,6,111,4-8-UNIT-APT,Cambridge Property Database FY2026 (waa7-ibdu),2026-10-04T04:37Z,4561,https://data.cambridgema.gov/d/waa7-ibdu?pid=4561
CAM01547,10 Suffolk St,Cambridge,MA,,,0,199,CONDO-BLDG,Cambridge Property Database FY2026 (waa7-ibdu),2026-10-04T04:37Z,4562,https://data.cambridgema.gov/d/waa7-ibdu?pid=4562
CAM01548,8 Suffolk St,Cambridge,MA,,1903,3,105,THREE-FM-RES,Cambridge Property Database FY2026 (waa7-ibdu),2026-10-04T04:37Z,4563,https://data.cambridgema.gov/d/waa7-ibdu?pid=4563
CAM01549,25-27 Suffolk St,Cambridge,MA,,1873,2,104,TWO-FAM-RES,Cambridge Property Database FY2026 (waa7-ibdu),2026-10-04T04:37Z,4564,https://data.cambridgema.gov/d/waa7-ibdu?pid=4564
CAM01550,212 Harvard St,Cambridge,MA,,1808,2,104,TWO-FAM-RES,Cambridge Property Database FY2026 (waa7-ibdu),2026-10-04T04:37Z,4565,https://data.cambridgema.gov/d/waa7-ibdu?pid=4565
CAM01551,214 Harvard St,Cambridge,MA,,1916,2,104,TWO-FAM-RES,Cambridge Property Database FY2026 (waa7-ibdu),2026-10-04T04:37Z,4566,https://data.cambridgema.gov/d/waa7-ibdu?pid=4566
CAM01552,121 Columbia St,Cambridge,MA,,1902,2,104,TWO-FAM-RES,Cambridge Property Database FY2026 (waa7-ibdu),2026-10-04T04:37Z,4567,https://data.cambridgema.gov/d/waa7-ibdu?pid=4567
CAM01553,117 Columbia St,Cambridge,MA,,1902,2,104,TWO-FAM-RES,Cambridge Property Database FY2026 (waa7-ibdu),2026-10-04T04:37Z,4568,https://data.cambridgema.gov/d/waa7-ibdu?pid=4568
CAM01554,95 Columbia St,Cambridge,MA,,1894,3,105,THREE-FM-RES,Cambridge Property Database FY2026 (waa7-ibdu),2026-10-04T04:37Z,4570,https://data.cambridgema.gov/d/waa7-ibdu?pid=4570
CAM01555,64 Prospect St,Cambridge,MA,,,0,199,CONDO-BLDG,Cambridge Property Database FY2026 (waa7-ibdu),2026-10-04T04:37Z,4575,https://data.cambridgema.gov/d/waa7-ibdu?pid=4575
CAM01556,114 Prospect St,Cambridge,MA,,,0,199,CONDO-BLDG,Cambridge Property Database FY2026 (waa7-ibdu),2026-10-04T04:37Z,4580,https://data.cambridgema.gov/d/waa7-ibdu?pid=4580
CAM01557,254 Harvard St,Cambridge,MA,,,0,199,CONDO-BLDG,Cambridge Property Database FY2026 (waa7-ibdu),2026-10-04T04:37Z,4581,https://data.cambridgema.gov/d/waa7-ibdu?pid=4581
CAM01558,252 Harvard St,Cambridge,MA,,,0,199,CONDO-BLDG,Cambridge Property Database FY2026 (waa7-ibdu),2026-10-04T04:37Z,4590,https://data.cambridgema.gov/d/waa7-ibdu?pid=4590
CAM01559,43 Essex St,Cambridge,MA,,,0,199,CONDO-BLDG,Cambridge Property Database FY2026 (waa7-ibdu),2026-10-04T04:37Z,4597,https://data.cambridgema.gov/d/waa7-ibdu?pid=4597
CAM01560,29 Essex St,Cambridge,MA,,1916,3,105,THREE-FM-RES,Cambridge Property Database FY2026 (waa7-ibdu),2026-10-04T04:37Z,4598,https://data.cambridgema.gov/d/waa7-ibdu?pid=4598
CAM01561,27 Essex St,Cambridge,MA,,1873,2,104,TWO-FAM-RES,Cambridge Property Database FY2026 (waa7-ibdu),2026-10-04T04:37Z,4599,https://data.cambridgema.gov/d/waa7-ibdu?pid=4599
CAM01562,25 Essex St,Cambridge,MA,,1972,2,104,TWO-FAM-RES,Cambridge Property Database FY2026 (waa7-ibdu),2026-10-04T04:37Z,4600,https://data.cambridgema.gov/d/waa7-ibdu?pid=4600
CAM01563,21 Essex St,Cambridge,MA,,,0,199,CONDO-BLDG,Cambridge Property Database FY2026 (waa7-ibdu),2026-10-04T04:37Z,4601,https://data.cambridgema.gov/d/waa7-ibdu?pid=4601
CAM01564,20 Essex St,Cambridge,MA,,1873,2,104,TWO-FAM-RES,Cambridge Property Database FY2026 (waa7-ibdu),2026-10-04T04:37Z,4607,https://data.cambridgema.gov/d/waa7-ibdu?pid=4607
CAM01565,22 Essex St,Cambridge,MA,,1873,2,104,TWO-FAM-RES,Cambridge Property Database FY2026 (waa7-ibdu),2026-10-04T04:37Z,4608,https://data.cambridgema.gov/d/waa7-ibdu?pid=4608
CAM01566,24 Essex St,Cambridge,MA,,1873,2,104,TWO-FAM-RES,Cambridge Property Database FY2026 (waa7-ibdu),2026-10-04T04:37Z,4609,https://data.cambridgema.gov/d/waa7-ibdu?pid=4609
CAM01567,26 Essex St,Cambridge,MA,,1895,4,111,4-8-UNIT-APT,Cambridge Property Database FY2026 (waa7-ibdu),2026-10-04T04:37Z,4610,https://data.cambridgema.gov/d/waa7-ibdu?pid=4610
CAM01568,4 Ashburton Pl,Cambridge,MA,,1873,2,104,TWO-FAM-RES,Cambridge Property Database FY2026 (waa7-ibdu),2026-10-04T04:37Z,4611,https://data.cambridgema.gov/d/waa7-ibdu?pid=4611
CAM01569,6 Ashburton Pl,Cambridge,MA,,1873,2,104,TWO-FAM-RES,Cambridge Property Database FY2026 (waa7-ibdu),2026-10-04T04:37Z,4613,https://data.cambridgema.gov/d/waa7-ibdu?pid=4613
CAM01570,32 Essex St,Cambridge,MA,,1888,3,105,THREE-FM-RES,Cambridge Property Database FY2026 (waa7-ibdu),2026-10-04T04:37Z,4616,https://data.cambridgema.gov/d/waa7-ibdu?pid=4616
CAM01571,34 Essex St,Cambridge,MA,,1894,3,105,THREE-FM-RES,Cambridge Property Database FY2026 (waa7-ibdu),2026-10-04T04:37Z,4617,https://data.cambridgema.gov/d/waa7-ibdu?pid=4617
CAM01572,103-107 Norfolk St,Cambridge,MA,,1900,20,112,>8-UNIT-APT,Cambridge Property Database FY2026 (waa7-ibdu),2026-10-04T04:37Z,4627,https://data.cambridgema.gov/d/waa7-ibdu?pid=4627
CAM01573,101 Norfolk St,Cambridge,MA,,1930,4,111,4-8-UNIT-APT,Cambridge Property Database FY2026 (waa7-ibdu),2026-10-04T04:37Z,4628,https://data.cambridgema.gov/d/waa7-ibdu?pid=4628
CAM01574,97 Norfolk St,Cambridge,MA,,1854,2,104,TWO-FAM-RES,Cambridge Property Database FY2026 (waa7-ibdu),2026-10-04T04:37Z,4629,https://data.cambridgema.gov/d/waa7-ibdu?pid=4629
CAM01575,1 Norfolk Ter,Cambridge,MA,,1902,2,104,TWO-FAM-RES,Cambridge Property Database FY2026 (waa7-ibdu),2026-10-04T04:37Z,4630,https://data.cambridgema.gov/d/waa7-ibdu?pid=4630
CAM01576,75 Norfolk St,Cambridge,MA,,1844,2,104,TWO-FAM-RES,Cambridge Property Database FY2026 (waa7-ibdu),2026-10-04T04:37Z,4634,https://data.cambridgema.gov/d/waa7-ibdu?pid=4634
CAM01577,59 Norfolk St,Cambridge,MA,,1900,8,13,MULTIUSE-RES,Cambridge Property Database FY2026 (waa7-ibdu),2026-10-04T04:37Z,4636,https://data.cambridgema.gov/d/waa7-ibdu?pid=4636
CAM01578,31 Essex St,Cambridge,MA,,,0,199,CONDO-BLDG,Cambridge Property Database FY2026 (waa7-ibdu),2026-10-04T04:37Z,4637,https://data.cambridgema.gov/d/waa7-ibdu?pid=4637
CAM01579,1 Florence Pl,Cambridge,MA,,,0,199,CONDO-BLDG,Cambridge Property Database FY2026 (waa7-ibdu),2026-10-04T04:37Z,4640,https://data.cambridgema.gov/d/waa7-ibdu?pid=4640
CAM01580,28 Essex St,Cambridge,MA,,,0,199,CONDO-BLDG,Cambridge Property Database FY2026 (waa7-ibdu),2026-10-04T04:37Z,4645,https://data.cambridgema.gov/d/waa7-ibdu?pid=4645
CAM01581,1 Lamson Pl,Cambridge,MA,,1873,3,105,THREE-FM-RES,Cambridge Property Database FY2026 (waa7-ibdu),2026-10-04T04:37Z,4648,https://data.cambridgema.gov/d/waa7-ibdu?pid=4648
CAM01582,2 Lamson Pl,Cambridge,MA,,1902,3,105,THREE-FM-RES,Cambridge Property Database FY2026 (waa7-ibdu),2026-10-04T04:37Z,4649,https://data.cambridgema.gov/d/waa7-ibdu?pid=4649
CAM01583,4 Lamson Pl,Cambridge,MA,,1902,2,104,TWO-FAM-RES,Cambridge Property Database FY2026 (waa7-ibdu),2026-10-04T04:37Z,4651,https://data.cambridgema.gov/d/waa7-ibdu?pid=4651
CAM01584,5 Lamson Pl,Cambridge,MA,,,0,199,CONDO-BLDG,Cambridge Property Database FY2026 (waa7-ibdu),2026-10-04T04:37Z,4652,https://data.cambridgema.gov/d/waa7-ibdu?pid=4652
CAM01585,6 Lamson Pl,Cambridge,MA,,1900,2,104,TWO-FAM-RES,Cambridge Property Database FY2026 (waa7-ibdu),2026-10-04T04:37Z,4653,https://data.cambridgema.gov/d/waa7-ibdu?pid=4653
CAM01586,7 Lamson Pl,Cambridge,MA,,1873,3,105,THREE-FM-RES,Cambridge Property Database FY2026 (waa7-ibdu),2026-10-04T04:37Z,4654,https://data.cambridgema.gov/d/waa7-ibdu?pid=4654
CAM01587,33.5 Essex St,Cambridge,MA,,1894,3,105,THREE-FM-RES,Cambridge Property Database FY2026 (waa7-ibdu),2026-10-04T04:37Z,4656,https://data.cambridgema.gov/d/waa7-ibdu?pid=4656
CAM01588,1-2 Norfolk Pl,Cambridge,MA,,1844,2,104,TWO-FAM-RES,Cambridge Property Database FY2026 (waa7-ibdu),2026-10-04T04:37Z,4660,https://data.cambridgema.gov/d/waa7-ibdu?pid=4660
CAM01589,102 Prospect St,Cambridge,MA,,1916,3,105,THREE-FM-RES,Cambridge Property Database FY2026 (waa7-ibdu),2026-10-04T04:37Z,4665,https://data.cambridgema.gov/d/waa7-ibdu?pid=4665
CAM01590,100 Prospect St,Cambridge,MA,,1894,2,104,TWO-FAM-RES,Cambridge Property Database FY2026 (waa7-ibdu),2026-10-04T04:37Z,4666,https://data.cambridgema.gov/d/waa7-ibdu?pid=4666
CAM01591,41 Essex St,Cambridge,MA,,,0,199,CONDO-BLDG,Cambridge Property Database FY2026 (waa7-ibdu),2026-10-04T04:37Z,4667,https://data.cambridgema.gov/d/waa7-ibdu?pid=4667
CAM01592,39 Essex St,Cambridge,MA,,1854,2,104,TWO-FAM-RES,Cambridge Property Database FY2026 (waa7-ibdu),2026-10-04T04:37Z,4671,https://data.cambridgema.gov/d/waa7-ibdu?pid=4671
CAM01593,77 Bishop Allen Dr,Cambridge,MA,,1894,8,114,AFFORDABLE APT,Cambridge Property Database FY2026 (waa7-ibdu),2026-10-04T04:37Z,4672,https://data.cambridgema.gov/d/waa7-ibdu?pid=4672
CAM01594,51 Norfolk St,Cambridge,MA,,1900,8,114,AFFORDABLE APT,Cambridge Property Database FY2026 (waa7-ibdu),2026-10-04T04:37Z,4673,https://data.cambridgema.gov/d/waa7-ibdu?pid=4673
CAM01595,2-12 Essex St,Cambridge,MA,,2018,46,112,>8-UNIT-APT,Cambridge Property Database FY2026 (waa7-ibdu),2026-10-04T04:37Z,4674,https://data.cambridgema.gov/d/waa7-ibdu?pid=4674
CAM01596,63-65 Norfolk St,Cambridge,MA,,,0,199,CONDO-BLDG,Cambridge Property Database FY2026 (waa7-ibdu),2026-10-04T04:37Z,4675,https://data.cambridgema.gov/d/waa7-ibdu?pid=4675
CAM01597,67 Norfolk St,Cambridge,MA,,,0,199,CONDO-BLDG,Cambridge Property Database FY2026 (waa7-ibdu),2026-10-04T04:37Z,4678,https://data.cambridgema.gov/d/waa7-ibdu?pid=4678
CAM01598,35 Essex St,Cambridge,MA,,1894,3,105,THREE-FM-RES,Cambridge Property Database FY2026 (waa7-ibdu),2026-10-04T04:37Z,4691,https://data.cambridgema.gov/d/waa7-ibdu?pid=4691
CAM01599,35.5 Essex St,Cambridge,MA,,1894,3,105,THREE-FM-RES,Cambridge Property Database FY2026 (waa7-ibdu),2026-10-04T04:37Z,4692,https://data.cambridgema.gov/d/waa7-ibdu?pid=4692
CAM01600,2 Norfolk Ter,Cambridge,MA,,1930,6,111,4-8-UNIT-APT,Cambridge Property Database FY2026 (waa7-ibdu),2026-10-04T04:37Z,4693,https://data.cambridgema.gov/d/waa7-ibdu?pid=4693
CAM01601,384 Washington St,Cambridge,MA,,1878,3,105,THREE-FM-RES,Cambridge Property Database FY2026 (waa7-ibdu),2026-10-04T04:37Z,4694,https://data.cambridgema.gov/d/waa7-ibdu?pid=4694
CAM01602,346 Washington St,Cambridge,MA,,1886,2,104,TWO-FAM-RES,Cambridge Property Database FY2026 (waa7-ibdu),2026-10-04T04:37Z,4699,https://data.cambridgema.gov/d/waa7-ibdu?pid=4699
CAM01603,75 Columbia St,Cambridge,MA,,1873,2,104,TWO-FAM-RES,Cambridge Property Database FY2026 (waa7-ibdu),2026-10-04T04:37Z,4701,https://data.cambridgema.gov/d/waa7-ibdu?pid=4701
CAM01604,65-69 Columbia St,Cambridge,MA,,,0,199,CONDO-BLDG,Cambridge Property Database FY2026 (waa7-ibdu),2026-10-04T04:37Z,4702,https://data.cambridgema.gov/d/waa7-ibdu?pid=4702
CAM01605,47 Bishop Allen Dr,Cambridge,MA,,2018,23,112,>8-UNIT-APT,Cambridge Property Database FY2026 (waa7-ibdu),2026-10-04T04:37Z,4710,https://data.cambridgema.gov/d/waa7-ibdu?pid=4710
CAM01606,58-64 Norfolk St,Cambridge,MA,,1903,8,114,AFFORDABLE APT,Cambridge Property Database FY2026 (waa7-ibdu),2026-10-04T04:37Z,4711,https://data.cambridgema.gov/d/waa7-ibdu?pid=4711
CAM01607,60 Bishop Allen Dr,Cambridge,MA,,1915,6,111,4-8-UNIT-APT,Cambridge Property Database FY2026 (waa7-ibdu),2026-10-04T04:37Z,4712,https://data.cambridgema.gov/d/waa7-ibdu?pid=4712
CAM01608,9 Douglass St,Cambridge,MA,,1873,2,104,TWO-FAM-RES,Cambridge Property Database FY2026 (waa7-ibdu),2026-10-04T04:37Z,4713,https://data.cambridgema.gov/d/waa7-ibdu?pid=4713
CAM01609,26 Columbia St,Cambridge,MA,,1920,6,111,4-8-UNIT-APT,Cambridge Property Database FY2026 (waa7-ibdu),2026-10-04T04:37Z,4716,https://data.cambridgema.gov/d/waa7-ibdu?pid=4716
CAM01610,57R Columbia St,Cambridge,MA,,1903,18,114,AFFORDABLE APT,Cambridge Property Database FY2026 (waa7-ibdu),2026-10-04T04:37Z,4723,https://data.cambridgema.gov/d/waa7-ibdu?pid=4723
CAM01611,15 Fiske Pl,Cambridge,MA,,1894,2,104,TWO-FAM-RES,Cambridge Property Database FY2026 (waa7-ibdu),2026-10-04T04:37Z,4729,https://data.cambridgema.gov/d/waa7-ibdu?pid=4729
CAM01612,54-56 Norfolk St,Cambridge,MA,,1900,6,111,4-8-UNIT-APT,Cambridge Property Database FY2026 (waa7-ibdu),2026-10-04T04:37Z,4741,https://data.cambridgema.gov/d/waa7-ibdu?pid=4741
CAM01613,50-52 Norfolk St,Cambridge,MA,,1900,6,111,4-8-UNIT-APT,Cambridge Property Database FY2026 (waa7-ibdu),2026-10-04T04:37Z,4742,https://data.cambridgema.gov/d/waa7-ibdu?pid=4742
CAM01614,46-48 Norfolk St,Cambridge,MA,,1903,3,105,THREE-FM-RES,Cambridge Property Database FY2026 (waa7-ibdu),2026-10-04T04:37Z,4743,https://data.cambridgema.gov/d/waa7-ibdu?pid=4743
CAM01615,368 Washington St,Cambridge,MA,,1888,3,105,THREE-FM-RES,Cambridge Property Database FY2026 (waa7-ibdu),2026-10-04T04:37Z,4744,https://data.cambridgema.gov/d/waa7-ibdu?pid=4744
CAM01616,358-362 Washington St,Cambridge,MA,,,0,199,CONDO-BLDG,Cambridge Property Database FY2026 (waa7-ibdu),2026-10-04T04:37Z,4745,https://data.cambridgema.gov/d/waa7-ibdu?pid=4745
CAM01617,12 Fiske Pl,Cambridge,MA,,1900,4,111,4-8-UNIT-APT,Cambridge Property Database FY2026 (waa7-ibdu),2026-10-04T04:37Z,4749,https://data.cambridgema.gov/d/waa7-ibdu?pid=4749
CAM01618,61 Bishop Allen Dr,Cambridge,MA,,1900,17,112,>8-UNIT-APT,Cambridge Property Database FY2026 (waa7-ibdu),2026-10-04T04:37Z,4751,https://data.cambridgema.gov/d/waa7-ibdu?pid=4751
CAM01619,56 Bishop Allen Dr,Cambridge,MA,,1910,8,111,4-8-UNIT-APT,Cambridge Property Database FY2026 (waa7-ibdu),2026-10-04T04:37Z,4753,https://data.cambridgema.gov/d/waa7-ibdu?pid=4753
CAM01620,11-15 Douglass St,Cambridge,MA,,,0,199,CONDO-BLDG,Cambridge Property Database FY2026 (waa7-ibdu),2026-10-04T04:37Z,4754,https://data.cambridgema.gov/d/waa7-ibdu?pid=4754
CAM01621,49 Columbia St,Cambridge,MA,,1873,3,105,THREE-FM-RES,Cambridge Property Database FY2026 (waa7-ibdu),2026-10-04T04:37Z,4764,https://data.cambridgema.gov/d/waa7-ibdu?pid=4764
CAM01622,51 Columbia St,Cambridge,MA,,1873,3,105,THREE-FM-RES,Cambridge Property Database FY2026 (waa7-ibdu),2026-10-04T04:37Z,4765,https://data.cambridgema.gov/d/waa7-ibdu?pid=4765
CAM01623,53 Columbia St,Cambridge,MA,,1873,3,105,THREE-FM-RES,Cambridge Property Database FY2026 (waa7-ibdu),2026-10-04T04:37Z,4766,https://data.cambridgema.gov/d/waa7-ibdu?pid=4766
CAM01624,50 Bishop Allen Dr,Cambridge,MA,,1910,11,112,>8-UNIT-APT,Cambridge Property Database FY2026 (waa7-ibdu),2026-10-04T04:37Z,4767,https://data.cambridgema.gov/d/waa7-ibdu?pid=4767
CAM01625,12 Douglass St,Cambridge,MA,,1860,2,104,TWO-FAM-RES,Cambridge Property Database FY2026 (waa7-ibdu),2026-10-04T04:37Z,4768,https://data.cambridgema.gov/d/waa7-ibdu?pid=4768
CAM01626,70 Bishop Allen Dr,Cambridge,MA,,1886,8,114,AFFORDABLE APT,Cambridge Property Database FY2026 (waa7-ibdu),2026-10-04T04:37Z,4769,https://data.cambridgema.gov/d/waa7-ibdu?pid=4769
CAM01627,66 Bishop Allen Dr,Cambridge,MA,,1900,4,111,4-8-UNIT-APT,Cambridge Property Database FY2026 (waa7-ibdu),2026-10-04T04:37Z,4770,https://data.cambridgema.gov/d/waa7-ibdu?pid=4770
CAM01628,30 Norfolk St,Cambridge,MA,,1925,4,111,4-8-UNIT-APT,Cambridge Property Database FY2026 (waa7-ibdu),2026-10-04T04:37Z,4771,https://data.cambridgema.gov/d/waa7-ibdu?pid=4771
CAM01629,4 Douglass St,Cambridge,MA,,1900,8,111,4-8-UNIT-APT,Cambridge Property Database FY2026 (waa7-ibdu),2026-10-04T04:37Z,4774,https://data.cambridgema.gov/d/waa7-ibdu?pid=4774
CAM01630,8 Douglass St,Cambridge,MA,,1910,5,111,4-8-UNIT-APT,Cambridge Property Database FY2026 (waa7-ibdu),2026-10-04T04:37Z,4775,https://data.cambridgema.gov/d/waa7-ibdu?pid=4775
CAM01631,67 Bishop Allen Dr,Cambridge,MA,,1870,3,105,THREE-FM-RES,Cambridge Property Database FY2026 (waa7-ibdu),2026-10-04T04:37Z,4780,https://data.cambridgema.gov/d/waa7-ibdu?pid=4780
CAM01632,352 Washington St,Cambridge,MA,,1910,3,105,THREE-FM-RES,Cambridge Property Database FY2026 (waa7-ibdu),2026-10-04T04:37Z,4781,https://data.cambridgema.gov/d/waa7-ibdu?pid=4781
CAM01633,115-119 Pacific St,Cambridge,MA,,1993,6,111,4-8-UNIT-APT,Cambridge Property Database FY2026 (waa7-ibdu),2026-10-04T04:37Z,4796,https://data.cambridgema.gov/d/waa7-ibdu?pid=4796
CAM01634,23 Sidney St,Cambridge,MA,,2005,51,112,>8-UNIT-APT,Cambridge Property Database FY2026 (waa7-ibdu),2026-10-04T04:37Z,4798,https://data.cambridgema.gov/d/waa7-ibdu?pid=4798
CAM01635,96-152 Green St,Cambridge,MA,,1920,142,112,>8-UNIT-APT,Cambridge Property Database FY2026 (waa7-ibdu),2026-10-04T04:37Z,4799,https://data.cambridgema.gov/d/waa7-ibdu?pid=4799
CAM01636,88 Auburn Pk,Cambridge,MA,,2001,5,112,>8-UNIT-APT,Cambridge Property Database FY2026 (waa7-ibdu),2026-10-04T04:37Z,4803,https://data.cambridgema.gov/d/waa7-ibdu?pid=4803
CAM01637,91 Sidney St,Cambridge,MA,,2002,135,13,MULTIUSE-RES,Cambridge Property Database FY2026 (waa7-ibdu),2026-10-04T04:37Z,4805,https://data.cambridgema.gov/d/waa7-ibdu?pid=4805
CAM01638,80 Auburn Pk,Cambridge,MA,,1996,22,112,>8-UNIT-APT,Cambridge Property Database FY2026 (waa7-ibdu),2026-10-04T04:37Z,4809,https://data.cambridgema.gov/d/waa7-ibdu?pid=4809
CAM01639,88 Pearl St,Cambridge,MA,,,0,199,CONDO-BLDG,Cambridge Property Database FY2026 (waa7-ibdu),2026-10-04T04:37Z,4811,https://data.cambridgema.gov/d/waa7-ibdu?pid=4811
CAM01640,80 Pearl St,Cambridge,MA,,,0,199,CONDO-BLDG,Cambridge Property Database FY2026 (waa7-ibdu),2026-10-04T04:37Z,4814,https://data.cambridgema.gov/d/waa7-ibdu?pid=4814
CAM01641,3 Salem St,Cambridge,MA,,,0,199,CONDO-BLDG,Cambridge Property Database FY2026 (waa7-ibdu),2026-10-04T04:37Z,4815,https://data.cambridgema.gov/d/waa7-ibdu?pid=4815
CAM01642,15 Salem St,Cambridge,MA,,1841,2,104,TWO-FAM-RES,Cambridge Property Database FY2026 (waa7-ibdu),2026-10-04T04:37Z,4818,https://data.cambridgema.gov/d/waa7-ibdu?pid=4818
CAM01643,8 Salem St,Cambridge,MA,,1829,2,104,TWO-FAM-RES,Cambridge Property Database FY2026 (waa7-ibdu),2026-10-04T04:37Z,4820,https://data.cambridgema.gov/d/waa7-ibdu?pid=4820
CAM01644,126 Auburn St,Cambridge,MA,,,0,199,CONDO-BLDG,Cambridge Property Database FY2026 (waa7-ibdu),2026-10-04T04:37Z,4822,https://data.cambridgema.gov/d/waa7-ibdu?pid=4822
CAM01645,120 Auburn St,Cambridge,MA,,,0,199,CONDO-BLDG,Cambridge Property Database FY2026 (waa7-ibdu),2026-10-04T04:37Z,4824,https://data.cambridgema.gov/d/waa7-ibdu?pid=4824
CAM01646,114 Auburn St,Cambridge,MA,,1844,2,104,TWO-FAM-RES,Cambridge Property Database FY2026 (waa7-ibdu),2026-10-04T04:37Z,4829,https://data.cambridgema.gov/d/waa7-ibdu?pid=4829
CAM01647,83 Brookline St,Cambridge,MA,,1873,2,104,TWO-FAM-RES,Cambridge Property Database FY2026 (waa7-ibdu),2026-10-04T04:37Z,4832,https://data.cambridgema.gov/d/waa7-ibdu?pid=4832
CAM01648,5 Watson St,Cambridge,MA,,,0,199,CONDO-BLDG,Cambridge Property Database FY2026 (waa7-ibdu),2026-10-04T04:37Z,4834,https://data.cambridgema.gov/d/waa7-ibdu?pid=4834
CAM01649,7 Watson St,Cambridge,MA,,1930,3,105,THREE-FM-RES,Cambridge Property Database FY2026 (waa7-ibdu),2026-10-04T04:37Z,4835,https://data.cambridgema.gov/d/waa7-ibdu?pid=4835
CAM01650,11 Watson St,Cambridge,MA,,1805,3,1095,MULT-RES-3FAM,Cambridge Property Database FY2026 (waa7-ibdu),2026-10-04T04:37Z,4836,https://data.cambridgema.gov/d/waa7-ibdu?pid=4836
CAM01651,64 Pearl St,Cambridge,MA,,,0,199,CONDO-BLDG,Cambridge Property Database FY2026 (waa7-ibdu),2026-10-04T04:37Z,4838,https://data.cambridgema.gov/d/waa7-ibdu?pid=4838
CAM01652,206 Franklin St,Cambridge,MA,,1915,7,111,4-8-UNIT-APT,Cambridge Property Database FY2026 (waa7-ibdu),2026-10-04T04:37Z,4839,https://data.cambridgema.gov/d/waa7-ibdu?pid=4839
CAM01653,192-194 Franklin St,Cambridge,MA,,,0,199,CONDO-BLDG,Cambridge Property Database FY2026 (waa7-ibdu),2026-10-04T04:37Z,4841,https://data.cambridgema.gov/d/waa7-ibdu?pid=4841
CAM01654,59 Brookline St,Cambridge,MA,,1830,3,105,THREE-FM-RES,Cambridge Property Database FY2026 (waa7-ibdu),2026-10-04T04:37Z,4842,https://data.cambridgema.gov/d/waa7-ibdu?pid=4842
CAM01655,105 Auburn St,Cambridge,MA,,1930,2,104,TWO-FAM-RES,Cambridge Property Database FY2026 (waa7-ibdu),2026-10-04T04:37Z,4843,https://data.cambridgema.gov/d/waa7-ibdu?pid=4843
CAM01656,113 Auburn St,Cambridge,MA,,1873,2,104,TWO-FAM-RES,Cambridge Property Database FY2026 (waa7-ibdu),2026-10-04T04:37Z,4845,https://data.cambridgema.gov/d/waa7-ibdu?pid=4845
CAM01657,117 Auburn St,Cambridge,MA,,1873,3,105,THREE-FM-RES,Cambridge Property Database FY2026 (waa7-ibdu),2026-10-04T04:37Z,4846,https://data.cambridgema.gov/d/waa7-ibdu?pid=4846
CAM01658,42 Pearl St,Cambridge,MA,,1875,3,105,THREE-FM-RES,Cambridge Property Database FY2026 (waa7-ibdu),2026-10-04T04:37Z,4850,https://data.cambridgema.gov/d/waa7-ibdu?pid=4850
CAM01659,40 Pearl St,Cambridge,MA,,1902,2,104,TWO-FAM-RES,Cambridge Property Database FY2026 (waa7-ibdu),2026-10-04T04:37Z,4851,https://data.cambridgema.gov/d/waa7-ibdu?pid=4851
CAM01660,36 Pearl St,Cambridge,MA,,1900,5,111,4-8-UNIT-APT,Cambridge Property Database FY2026 (waa7-ibdu),2026-10-04T04:37Z,4853,https://data.cambridgema.gov/d/waa7-ibdu?pid=4853
CAM01661,34 Pearl St,Cambridge,MA,,,0,199,CONDO-BLDG,Cambridge Property Database FY2026 (waa7-ibdu),2026-10-04T04:37Z,4854,https://data.cambridgema.gov/d/waa7-ibdu?pid=4854
CAM01662,210 Green St,Cambridge,MA,,1915,6,111,4-8-UNIT-APT,Cambridge Property Database FY2026 (waa7-ibdu),2026-10-04T04:37Z,4857,https://data.cambridgema.gov/d/waa7-ibdu?pid=4857
CAM01663,202 Green St,Cambridge,MA,,,0,199,CONDO-BLDG,Cambridge Property Database FY2026 (waa7-ibdu),2026-10-04T04:37Z,4858,https://data.cambridgema.gov/d/waa7-ibdu?pid=4858
CAM01664,184 Green St,Cambridge,MA,,,0,199,CONDO-BLDG,Cambridge Property Database FY2026 (waa7-ibdu),2026-10-04T04:37Z,4859,https://data.cambridgema.gov/d/waa7-ibdu?pid=4859
CAM01665,27 Brookline St,Cambridge,MA,,2006,49,112,>8-UNIT-APT,Cambridge Property Database FY2026 (waa7-ibdu),2026-10-04T04:37Z,4861,https://data.cambridgema.gov/d/waa7-ibdu?pid=4861
CAM01666,33-35 Brookline St,Cambridge,MA,,1929,16,112,>8-UNIT-APT,Cambridge Property Database FY2026 (waa7-ibdu),2026-10-04T04:37Z,4862,https://data.cambridgema.gov/d/waa7-ibdu?pid=4862
CAM01667,183 Franklin St,Cambridge,MA,,1925,6,111,4-8-UNIT-APT,Cambridge Property Database FY2026 (waa7-ibdu),2026-10-04T04:37Z,4879,https://data.cambridgema.gov/d/waa7-ibdu?pid=4879
CAM01668,195 Franklin St,Cambridge,MA,,1894,2,104,TWO-FAM-RES,Cambridge Property Database FY2026 (waa7-ibdu),2026-10-04T04:37Z,4881,https://data.cambridgema.gov/d/waa7-ibdu?pid=4881
CAM01669,492 Massachusetts Ave,Cambridge,MA,,1900,16,13,MULTIUSE-RES,Cambridge Property Database FY2026 (waa7-ibdu),2026-10-04T04:37Z,4891,https://data.cambridgema.gov/d/waa7-ibdu?pid=4891
CAM01670,195 Green St,Cambridge,MA,,,0,199,CONDO-BLDG,Cambridge Property Database FY2026 (waa7-ibdu),2026-10-04T04:37Z,4892,https://data.cambridgema.gov/d/waa7-ibdu?pid=4892
CAM01671,217-219 Green St,Cambridge,MA,,1969,3,105,THREE-FM-RES,Cambridge Property Database FY2026 (waa7-ibdu),2026-10-04T04:37Z,4893,https://data.cambridgema.gov/d/waa7-ibdu?pid=4893
CAM01672,188 Franklin St,Cambridge,MA,,1902,3,105,THREE-FM-RES,Cambridge Property Database FY2026 (waa7-ibdu),2026-10-04T04:37Z,4894,https://data.cambridgema.gov/d/waa7-ibdu?pid=4894
CAM01673,14-19 Salem St,Cambridge,MA,,,0,199,CONDO-BLDG,Cambridge Property Database FY2026 (waa7-ibdu),2026-10-04T04:37Z,4895,https://data.cambridgema.gov/d/waa7-ibdu?pid=4895
CAM01674,129 Auburn St,Cambridge,MA,,1930,2,104,TWO-FAM-RES,Cambridge Property Database FY2026 (waa7-ibdu),2026-10-04T04:37Z,4905,https://data.cambridgema.gov/d/waa7-ibdu?pid=4905
CAM01675,180 Franklin St,Cambridge,MA,,,0,199,CONDO-BLDG,Cambridge Property Database FY2026 (waa7-ibdu),2026-10-04T04:37Z,4907,https://data.cambridgema.gov/d/waa7-ibdu?pid=4907
CAM01676,215 Green St,Cambridge,MA,,,0,199,CONDO-BLDG,Cambridge Property Database FY2026 (waa7-ibdu),2026-10-04T04:37Z,4908,https://data.cambridgema.gov/d/waa7-ibdu?pid=4908
CAM01677,211 Green St,Cambridge,MA,,,0,199,CONDO-BLDG,Cambridge Property Database FY2026 (waa7-ibdu),2026-10-04T04:37Z,4909,https://data.cambridgema.gov/d/waa7-ibdu?pid=4909
CAM01678,209 Green St,Cambridge,MA,,1892,2,104,TWO-FAM-RES,Cambridge Property Database FY2026 (waa7-ibdu),2026-10-04T04:37Z,4910,https://data.cambridgema.gov/d/waa7-ibdu?pid=4910
CAM01679,197 Franklin St,Cambridge,MA,,1873,2,104,TWO-FAM-RES,Cambridge Property Database FY2026 (waa7-ibdu),2026-10-04T04:37Z,4913,https://data.cambridgema.gov/d/waa7-ibdu?pid=4913
CAM01680,201 Franklin St,Cambridge,MA,,,0,199,CONDO-BLDG,Cambridge Property Database FY2026 (waa7-ibdu),2026-10-04T04:37Z,4914,https://data.cambridgema.gov/d/waa7-ibdu?pid=4914
CAM01681,56 Pearl St,Cambridge,MA,,1910,3,105,THREE-FM-RES,Cambridge Property Database FY2026 (waa7-ibdu),2026-10-04T04:37Z,4915,https://data.cambridgema.gov/d/waa7-ibdu?pid=4915
CAM01682,54 Pearl St,Cambridge,MA,,,0,199,CONDO-BLDG,Cambridge Property Database FY2026 (waa7-ibdu),2026-10-04T04:37Z,4916,https://data.cambridgema.gov/d/waa7-ibdu?pid=4916
CAM01683,52 Pearl St,Cambridge,MA,,1910,3,105,THREE-FM-RES,Cambridge Property Database FY2026 (waa7-ibdu),2026-10-04T04:37Z,4917,https://data.cambridgema.gov/d/waa7-ibdu?pid=4917
CAM01684,37 Brookline St,Cambridge,MA,,1907,0,105,THREE-FM-RES,Cambridge Property Database FY2026 (waa7-ibdu),2026-10-04T04:37Z,4918,https://data.cambridgema.gov/d/waa7-ibdu?pid=4918
CAM01685,121 Auburn St,Cambridge,MA,,1916,3,105,THREE-FM-RES,Cambridge Property Database FY2026 (waa7-ibdu),2026-10-04T04:37Z,4919,https://data.cambridgema.gov/d/waa7-ibdu?pid=4919
CAM01686,200 Green St,Cambridge,MA,,1886,3,105,THREE-FM-RES,Cambridge Property Database FY2026 (waa7-ibdu),2026-10-04T04:37Z,4921,https://data.cambridgema.gov/d/waa7-ibdu?pid=4921
CAM01687,194 Green St,Cambridge,MA,,,0,199,CONDO-BLDG,Cambridge Property Database FY2026 (waa7-ibdu),2026-10-04T04:37Z,4922,https://data.cambridgema.gov/d/waa7-ibdu?pid=4922
CAM01688,66 Pearl St,Cambridge,MA,,1910,3,105,THREE-FM-RES,Cambridge Property Database FY2026 (waa7-ibdu),2026-10-04T04:37Z,4923,https://data.cambridgema.gov/d/waa7-ibdu?pid=4923
CAM01689,213 Green St,Cambridge,MA,,,0,199,CONDO-BLDG,Cambridge Property Database FY2026 (waa7-ibdu),2026-10-04T04:37Z,4924,https://data.cambridgema.gov/d/waa7-ibdu?pid=4924
CAM01690,61 Brookline St,Cambridge,MA,,1910,6,111,4-8-UNIT-APT,Cambridge Property Database FY2026 (waa7-ibdu),2026-10-04T04:37Z,4925,https://data.cambridgema.gov/d/waa7-ibdu?pid=4925
CAM01691,102 Auburn St,Cambridge,MA,,1900,3,105,THREE-FM-RES,Cambridge Property Database FY2026 (waa7-ibdu),2026-10-04T04:37Z,4927,https://data.cambridgema.gov/d/waa7-ibdu?pid=4927
CAM01692,55 Brookline St,Cambridge,MA,,,0,199,CONDO-BLDG,Cambridge Property Database FY2026 (waa7-ibdu),2026-10-04T04:37Z,4930,https://data.cambridgema.gov/d/waa7-ibdu?pid=4930
CAM01693,104-106 Auburn St,Cambridge,MA,,1894,2,104,TWO-FAM-RES,Cambridge Property Database FY2026 (waa7-ibdu),2026-10-04T04:37Z,4933,https://data.cambridgema.gov/d/waa7-ibdu?pid=4933
CAM01694,163 Brookline St,Cambridge,MA,,1895,3,105,THREE-FM-RES,Cambridge Property Database FY2026 (waa7-ibdu),2026-10-04T04:37Z,4935,https://data.cambridgema.gov/d/waa7-ibdu?pid=4935
CAM01695,187 Brookline St,Cambridge,MA,,1903,3,105,THREE-FM-RES,Cambridge Property Database FY2026 (waa7-ibdu),2026-10-04T04:37Z,4938,https://data.cambridgema.gov/d/waa7-ibdu?pid=4938
CAM01696,189 Brookline St,Cambridge,MA,,,0,199,CONDO-BLDG,Cambridge Property Database FY2026 (waa7-ibdu),2026-10-04T04:37Z,4939,https://data.cambridgema.gov/d/waa7-ibdu?pid=4939
CAM01697,195 Brookline St,Cambridge,MA,,,0,199,CONDO-BLDG,Cambridge Property Database FY2026 (waa7-ibdu),2026-10-04T04:37Z,4943,https://data.cambridgema.gov/d/waa7-ibdu?pid=4943
CAM01698,131 Erie St,Cambridge,MA,,1903,3,105,THREE-FM-RES,Cambridge Property Database FY2026 (waa7-ibdu),2026-10-04T04:37Z,4950,https://data.cambridgema.gov/d/waa7-ibdu?pid=4950
CAM01699,133 Erie St,Cambridge,MA,,1902,3,105,THREE-FM-RES,Cambridge Property Database FY2026 (waa7-ibdu),2026-10-04T04:37Z,4951,https://data.cambridgema.gov/d/waa7-ibdu?pid=4951
CAM01700,22 Decatur St,Cambridge,MA,,,0,199,CONDO-BLDG,Cambridge Property Database FY2026 (waa7-ibdu),2026-10-04T04:37Z,4957,https://data.cambridgema.gov/d/waa7-ibdu?pid=4957
CAM01701,15 Valentine St,Cambridge,MA,,,0,199,CONDO-BLDG,Cambridge Property Database FY2026 (waa7-ibdu),2026-10-04T04:37Z,4958,https://data.cambridgema.gov/d/waa7-ibdu?pid=4958
CAM01702,23 Valentine St,Cambridge,MA,,1873,2,104,TWO-FAM-RES,Cambridge Property Database FY2026 (waa7-ibdu),2026-10-04T04:37Z,4960,https://data.cambridgema.gov/d/waa7-ibdu?pid=4960
CAM01703,132 Pearl St,Cambridge,MA,,1854,3,105,THREE-FM-RES,Cambridge Property Database FY2026 (waa7-ibdu),2026-10-04T04:37Z,4962,https://data.cambridgema.gov/d/waa7-ibdu?pid=4962
CAM01704,126-128 Pearl St,Cambridge,MA,,1894,2,104,TWO-FAM-RES,Cambridge Property Database FY2026 (waa7-ibdu),2026-10-04T04:37Z,4963,https://data.cambridgema.gov/d/waa7-ibdu?pid=4963
CAM01705,46 Lopez St,Cambridge,MA,,1894,4,111,4-8-UNIT-APT,Cambridge Property Database FY2026 (waa7-ibdu),2026-10-04T04:37Z,4964,https://data.cambridgema.gov/d/waa7-ibdu?pid=4964
CAM01706,22 Lopez St,Cambridge,MA,,,0,199,CONDO-BLDG,Cambridge Property Database FY2026 (waa7-ibdu),2026-10-04T04:37Z,4966,https://data.cambridgema.gov/d/waa7-ibdu?pid=4966
CAM01707,18 Lopez St,Cambridge,MA,,1886,2,104,TWO-FAM-RES,Cambridge Property Database FY2026 (waa7-ibdu),2026-10-04T04:37Z,4967,https://data.cambridgema.gov/d/waa7-ibdu?pid=4967
CAM01708,125 Brookline St,Cambridge,MA,,,0,199,CONDO-BLDG,Cambridge Property Database FY2026 (waa7-ibdu),2026-10-04T04:37Z,4968,https://data.cambridgema.gov/d/waa7-ibdu?pid=4968
CAM01709,7-9 Decatur St,Cambridge,MA,,,0,199,CONDO-BLDG,Cambridge Property Database FY2026 (waa7-ibdu),2026-10-04T04:37Z,4969,https://data.cambridgema.gov/d/waa7-ibdu?pid=4969
CAM01710,27 Decatur St,Cambridge,MA,,1873,2,104,TWO-FAM-RES,Cambridge Property Database FY2026 (waa7-ibdu),2026-10-04T04:37Z,4970,https://data.cambridgema.gov/d/waa7-ibdu?pid=4970
CAM01711,112 Pearl St,Cambridge,MA,,1900,4,111,4-8-UNIT-APT,Cambridge Property Database FY2026 (waa7-ibdu),2026-10-04T04:37Z,4971,https://data.cambridgema.gov/d/waa7-ibdu?pid=4971
CAM01712,26 Watson St,Cambridge,MA,,,0,199,CONDO-BLDG,Cambridge Property Database FY2026 (waa7-ibdu),2026-10-04T04:37Z,4972,https://data.cambridgema.gov/d/waa7-ibdu?pid=4972
CAM01713,10 Watson St,Cambridge,MA,,,0,199,CONDO-BLDG,Cambridge Property Database FY2026 (waa7-ibdu),2026-10-04T04:37Z,4976,https://data.cambridgema.gov/d/waa7-ibdu?pid=4976
CAM01714,101 Brookline St,Cambridge,MA,,,0,199,CONDO-BLDG,Cambridge Property Database FY2026 (waa7-ibdu),2026-10-04T04:37Z,4977,https://data.cambridgema.gov/d/waa7-ibdu?pid=4977
CAM01715,11 Lopez St,Cambridge,MA,,1905,2,104,TWO-FAM-RES,Cambridge Property Database FY2026 (waa7-ibdu),2026-10-04T04:37Z,4981,https://data.cambridgema.gov/d/waa7-ibdu?pid=4981
CAM01716,51 Lopez St,Cambridge,MA,,,0,199,CONDO-BLDG,Cambridge Property Database FY2026 (waa7-ibdu),2026-10-04T04:37Z,4995,https://data.cambridgema.gov/d/waa7-ibdu?pid=4995
CAM01717,99 Brookline St,Cambridge,MA,,,0,199,CONDO-BLDG,Cambridge Property Database FY2026 (waa7-ibdu),2026-10-04T04:37Z,4996,https://data.cambridgema.gov/d/waa7-ibdu?pid=4996
CAM01718,97 Brookline St,Cambridge,MA,,,0,199,CONDO-BLDG,Cambridge Property Database FY2026 (waa7-ibdu),2026-10-04T04:37Z,5000,https://data.cambridgema.gov/d/waa7-ibdu?pid=5000
CAM01719,91 Brookline St,Cambridge,MA,,1902,6,111,4-8-UNIT-APT,Cambridge Property Database FY2026 (waa7-ibdu),2026-10-04T04:37Z,5004,https://data.cambridgema.gov/d/waa7-ibdu?pid=5004
CAM01720,4 Watson St,Cambridge,MA,,1903,6,111,4-8-UNIT-APT,Cambridge Property Database FY2026 (waa7-ibdu),2026-10-04T04:37Z,5005,https://data.cambridgema.gov/d/waa7-ibdu?pid=5005
CAM01721,6-8 Lopez St,Cambridge,MA,,,0,199,CONDO-BLDG,Cambridge Property Database FY2026 (waa7-ibdu),2026-10-04T04:37Z,5007,https://data.cambridgema.gov/d/waa7-ibdu?pid=5007
CAM01722,113-115 Brookline St,Cambridge,MA,,,0,199,CONDO-BLDG,Cambridge Property Database FY2026 (waa7-ibdu),2026-10-04T04:37Z,5008,https://data.cambridgema.gov/d/waa7-ibdu?pid=5008
CAM01723,172 Pearl St,Cambridge,MA,,1916,3,105,THREE-FM-RES,Cambridge Property Database FY2026 (waa7-ibdu),2026-10-04T04:37Z,5012,https://data.cambridgema.gov/d/waa7-ibdu?pid=5012
CAM01724,24 Valentine St,Cambridge,MA,,1916,3,105,THREE-FM-RES,Cambridge Property Database FY2026 (waa7-ibdu),2026-10-04T04:37Z,5013,https://data.cambridgema.gov/d/waa7-ibdu?pid=5013
CAM01725,18 Valentine St,Cambridge,MA,,1916,3,105,THREE-FM-RES,Cambridge Property Database FY2026 (waa7-ibdu),2026-10-04T04:37Z,5014,https://data.cambridgema.gov/d/waa7-ibdu?pid=5014
CAM01726,12-14 Valentine St,Cambridge,MA,,,0,199,CONDO-BLDG,Cambridge Property Database FY2026 (waa7-ibdu),2026-10-04T04:37Z,5015,https://data.cambridgema.gov/d/waa7-ibdu?pid=5015
CAM01727,41 Speridakis Ter,Cambridge,MA,,1920,3,105,THREE-FM-RES,Cambridge Property Database FY2026 (waa7-ibdu),2026-10-04T04:37Z,5016,https://data.cambridgema.gov/d/waa7-ibdu?pid=5016
CAM01728,31-35 Speridakis Ter,Cambridge,MA,,1920,3,105,THREE-FM-RES,Cambridge Property Database FY2026 (waa7-ibdu),2026-10-04T04:37Z,5017,https://data.cambridgema.gov/d/waa7-ibdu?pid=5017
CAM01729,29 Speridakis Ter,Cambridge,MA,,,0,199,CONDO-BLDG,Cambridge Property Database FY2026 (waa7-ibdu),2026-10-04T04:37Z,5018,https://data.cambridgema.gov/d/waa7-ibdu?pid=5018
CAM01730,23 Speridakis Ter,Cambridge,MA,,1920,3,105,THREE-FM-RES,Cambridge Property Database FY2026 (waa7-ibdu),2026-10-04T04:37Z,5019,https://data.cambridgema.gov/d/waa7-ibdu?pid=5019
CAM01731,13-17 Speridakis Ter,Cambridge,MA,,1920,3,105,THREE-FM-RES,Cambridge Property Database FY2026 (waa7-ibdu),2026-10-04T04:37Z,5020,https://data.cambridgema.gov/d/waa7-ibdu?pid=5020
CAM01732,7-11 Speridakis Ter,Cambridge,MA,,1920,3,105,THREE-FM-RES,Cambridge Property Database FY2026 (waa7-ibdu),2026-10-04T04:37Z,5021,https://data.cambridgema.gov/d/waa7-ibdu?pid=5021
CAM01733,5 Speridakis Ter,Cambridge,MA,,,0,199,CONDO-BLDG,Cambridge Property Database FY2026 (waa7-ibdu),2026-10-04T04:37Z,5022,https://data.cambridgema.gov/d/waa7-ibdu?pid=5022
CAM01734,2-6 Speridakis Ter,Cambridge,MA,,1920,3,105,THREE-FM-RES,Cambridge Property Database FY2026 (waa7-ibdu),2026-10-04T04:37Z,5023,https://data.cambridgema.gov/d/waa7-ibdu?pid=5023
CAM01735,12 Speridakis Ter,Cambridge,MA,,1920,3,105,THREE-FM-RES,Cambridge Property Database FY2026 (waa7-ibdu),2026-10-04T04:37Z,5024,https://data.cambridgema.gov/d/waa7-ibdu?pid=5024
CAM01736,18 Speridakis Ter,Cambridge,MA,,1920,3,105,THREE-FM-RES,Cambridge Property Database FY2026 (waa7-ibdu),2026-10-04T04:37Z,5025,https://data.cambridgema.gov/d/waa7-ibdu?pid=5025
CAM01737,24 Speridakis Ter,Cambridge,MA,,,0,199,CONDO-BLDG,Cambridge Property Database FY2026 (waa7-ibdu),2026-10-04T04:37Z,5026,https://data.cambridgema.gov/d/waa7-ibdu?pid=5026
CAM01738,26 Speridakis Ter,Cambridge,MA,,1920,3,105,THREE-FM-RES,Cambridge Property Database FY2026 (waa7-ibdu),2026-10-04T04:37Z,5027,https://data.cambridgema.gov/d/waa7-ibdu?pid=5027
CAM01739,36 Speridakis Ter,Cambridge,MA,,1902,3,105,THREE-FM-RES,Cambridge Property Database FY2026 (waa7-ibdu),2026-10-04T04:37Z,5028,https://data.cambridgema.gov/d/waa7-ibdu?pid=5028
CAM01740,40 Speridakis Ter,Cambridge,MA,,,0,199,CONDO-BLDG,Cambridge Property Database FY2026 (waa7-ibdu),2026-10-04T04:37Z,5029,https://data.cambridgema.gov/d/waa7-ibdu?pid=5029
CAM01741,182 Pearl St,Cambridge,MA,,1854,2,104,TWO-FAM-RES,Cambridge Property Database FY2026 (waa7-ibdu),2026-10-04T04:37Z,5034,https://data.cambridgema.gov/d/waa7-ibdu?pid=5034
CAM01742,178 Pearl St,Cambridge,MA,,1916,3,105,THREE-FM-RES,Cambridge Property Database FY2026 (waa7-ibdu),2026-10-04T04:37Z,5035,https://data.cambridgema.gov/d/waa7-ibdu?pid=5035
CAM01743,48 Lopez St,Cambridge,MA,,1873,2,104,TWO-FAM-RES,Cambridge Property Database FY2026 (waa7-ibdu),2026-10-04T04:37Z,5036,https://data.cambridgema.gov/d/waa7-ibdu?pid=5036
CAM01744,17-19 Decatur St,Cambridge,MA,,,0,199,CONDO-BLDG,Cambridge Property Database FY2026 (waa7-ibdu),2026-10-04T04:37Z,5039,https://data.cambridgema.gov/d/waa7-ibdu?pid=5039
CAM01745,124 Pearl St,Cambridge,MA,,1873,2,104,TWO-FAM-RES,Cambridge Property Database FY2026 (waa7-ibdu),2026-10-04T04:37Z,5040,https://data.cambridgema.gov/d/waa7-ibdu?pid=5040
CAM01746,11-13 Valentine St,Cambridge,MA,,,0,199,CONDO-BLDG,Cambridge Property Database FY2026 (waa7-ibdu),2026-10-04T04:37Z,5041,https://data.cambridgema.gov/d/waa7-ibdu?pid=5041
CAM01747,21 Decatur St,Cambridge,MA,,,0,199,CONDO-BLDG,Cambridge Property Database FY2026 (waa7-ibdu),2026-10-04T04:37Z,5046,https://data.cambridgema.gov/d/waa7-ibdu?pid=5046
CAM01748,25 Decatur St,Cambridge,MA,,1886,3,105,THREE-FM-RES,Cambridge Property Database FY2026 (waa7-ibdu),2026-10-04T04:37Z,5047,https://data.cambridgema.gov/d/waa7-ibdu?pid=5047
CAM01749,165-169 Brookline St,Cambridge,MA,,,0,199,CONDO-BLDG,Cambridge Property Database FY2026 (waa7-ibdu),2026-10-04T04:37Z,5048,https://data.cambridgema.gov/d/waa7-ibdu?pid=5048
CAM01750,6-10 Valentine St,Cambridge,MA,,,0,199,CONDO-BLDG,Cambridge Property Database FY2026 (waa7-ibdu),2026-10-04T04:37Z,5052,https://data.cambridgema.gov/d/waa7-ibdu?pid=5052
CAM01751,9 Lopez St,Cambridge,MA,,,0,199,CONDO-BLDG,Cambridge Property Database FY2026 (waa7-ibdu),2026-10-04T04:37Z,5053,https://data.cambridgema.gov/d/waa7-ibdu?pid=5053
CAM01752,105 Brookline St,Cambridge,MA,,1873,4,111,4-8-UNIT-APT,Cambridge Property Database FY2026 (waa7-ibdu),2026-10-04T04:37Z,5054,https://data.cambridgema.gov/d/waa7-ibdu?pid=5054
CAM01753,139-155 Brookline St,Cambridge,MA,,,0,199,CONDO-BLDG,Cambridge Property Database FY2026 (waa7-ibdu),2026-10-04T04:37Z,5056,https://data.cambridgema.gov/d/waa7-ibdu?pid=5056
CAM01754,30 Lopez St,Cambridge,MA,,,0,199,CONDO-BLDG,Cambridge Property Database FY2026 (waa7-ibdu),2026-10-04T04:37Z,5077,https://data.cambridgema.gov/d/waa7-ibdu?pid=5077
CAM01755,24 Lopez St,Cambridge,MA,,1930,2,104,TWO-FAM-RES,Cambridge Property Database FY2026 (waa7-ibdu),2026-10-04T04:37Z,5078,https://data.cambridgema.gov/d/waa7-ibdu?pid=5078
CAM01756,28 Valentine St,Cambridge,MA,,,0,199,CONDO-BLDG,Cambridge Property Database FY2026 (waa7-ibdu),2026-10-04T04:37Z,5079,https://data.cambridgema.gov/d/waa7-ibdu?pid=5079
CAM01757,6-8 Watson St,Cambridge,MA,,,0,199,CONDO-BLDG,Cambridge Property Database FY2026 (waa7-ibdu),2026-10-04T04:37Z,5080,https://data.cambridgema.gov/d/waa7-ibdu?pid=5080
CAM01758,104 Pearl St,Cambridge,MA,,1887,22,112,>8-UNIT-APT,Cambridge Property Database FY2026 (waa7-ibdu),2026-10-04T04:37Z,5083,https://data.cambridgema.gov/d/waa7-ibdu?pid=5083
CAM01759,106-108 Pearl St,Cambridge,MA,,1869,8,111,4-8-UNIT-APT,Cambridge Property Database FY2026 (waa7-ibdu),2026-10-04T04:37Z,5106,https://data.cambridgema.gov/d/waa7-ibdu?pid=5106
CAM01760,181 Erie St,Cambridge,MA,,1894,12,112,>8-UNIT-APT,Cambridge Property Database FY2026 (waa7-ibdu),2026-10-04T04:37Z,5116,https://data.cambridgema.gov/d/waa7-ibdu?pid=5116
CAM01761,12 Lopez St,Cambridge,MA,,,0,199,CONDO-BLDG,Cambridge Property Database FY2026 (waa7-ibdu),2026-10-04T04:37Z,5117,https://data.cambridgema.gov/d/waa7-ibdu?pid=5117
CAM01762,14 Lopez St,Cambridge,MA,,1902,2,104,TWO-FAM-RES,Cambridge Property Database FY2026 (waa7-ibdu),2026-10-04T04:37Z,5118,https://data.cambridgema.gov/d/waa7-ibdu?pid=5118
CAM01763,20 Watson St,Cambridge,MA,,1865,2,104,TWO-FAM-RES,Cambridge Property Database FY2026 (waa7-ibdu),2026-10-04T04:37Z,5119,https://data.cambridgema.gov/d/waa7-ibdu?pid=5119
CAM01764,24 Watson St,Cambridge,MA,,1902,2,104,TWO-FAM-RES,Cambridge Property Database FY2026 (waa7-ibdu),2026-10-04T04:37Z,5120,https://data.cambridgema.gov/d/waa7-ibdu?pid=5120
CAM01765,140 Pearl St,Cambridge,MA,,,0,199,CONDO-BLDG,Cambridge Property Database FY2026 (waa7-ibdu),2026-10-04T04:37Z,5121,https://data.cambridgema.gov/d/waa7-ibdu?pid=5121
CAM01766,146-148 Pearl St,Cambridge,MA,,2020,2,104,TWO-FAM-RES,Cambridge Property Database FY2026 (waa7-ibdu),2026-10-04T04:37Z,5131,https://data.cambridgema.gov/d/waa7-ibdu?pid=5131
CAM01767,171-171A Erie St,Cambridge,MA,,1978,2,104,TWO-FAM-RES,Cambridge Property Database FY2026 (waa7-ibdu),2026-10-04T04:37Z,5144,https://data.cambridgema.gov/d/waa7-ibdu?pid=5144
CAM01768,167 Erie St,Cambridge,MA,,1978,2,104,TWO-FAM-RES,Cambridge Property Database FY2026 (waa7-ibdu),2026-10-04T04:37Z,5145,https://data.cambridgema.gov/d/waa7-ibdu?pid=5145
CAM01769,159-159 Erie St,Cambridge,MA,,1978,2,104,TWO-FAM-RES,Cambridge Property Database FY2026 (waa7-ibdu),2026-10-04T04:37Z,5148,https://data.cambridgema.gov/d/waa7-ibdu?pid=5148
CAM01770,157-157 Erie St,Cambridge,MA,,,0,199,CONDO-BLDG,Cambridge Property Database FY2026 (waa7-ibdu),2026-10-04T04:37Z,5149,https://data.cambridgema.gov/d/waa7-ibdu?pid=5149
CAM01771,153-153 Erie St,Cambridge,MA,,1978,2,104,TWO-FAM-RES,Cambridge Property Database FY2026 (waa7-ibdu),2026-10-04T04:37Z,5151,https://data.cambridgema.gov/d/waa7-ibdu?pid=5151
CAM01772,151-151A Erie St,Cambridge,MA,,1978,2,104,TWO-FAM-RES,Cambridge Property Database FY2026 (waa7-ibdu),2026-10-04T04:37Z,5152,https://data.cambridgema.gov/d/waa7-ibdu?pid=5152
CAM01773,169-169 Erie St,Cambridge,MA,,1978,2,104,TWO-FAM-RES,Cambridge Property Database FY2026 (waa7-ibdu),2026-10-04T04:37Z,5153,https://data.cambridgema.gov/d/waa7-ibdu?pid=5153
CAM01774,165-165A Erie St,Cambridge,MA,,1978,2,104,TWO-FAM-RES,Cambridge Property Database FY2026 (waa7-ibdu),2026-10-04T04:37Z,5154,https://data.cambridgema.gov/d/waa7-ibdu?pid=5154
CAM01775,141 Erie St,Cambridge,MA,,1903,2,104,TWO-FAM-RES,Cambridge Property Database FY2026 (waa7-ibdu),2026-10-04T04:37Z,5155,https://data.cambridgema.gov/d/waa7-ibdu?pid=5155
CAM01776,139 Erie St,Cambridge,MA,,1903,3,105,THREE-FM-RES,Cambridge Property Database FY2026 (waa7-ibdu),2026-10-04T04:37Z,5158,https://data.cambridgema.gov/d/waa7-ibdu?pid=5158
CAM01777,137 Erie St,Cambridge,MA,,1903,2,104,TWO-FAM-RES,Cambridge Property Database FY2026 (waa7-ibdu),2026-10-04T04:37Z,5159,https://data.cambridgema.gov/d/waa7-ibdu?pid=5159
CAM01778,1-11 Rollins Ct,Cambridge,MA,,,0,199,CONDO-BLDG,Cambridge Property Database FY2026 (waa7-ibdu),2026-10-04T04:37Z,5160,https://data.cambridgema.gov/d/waa7-ibdu?pid=5160
CAM01779,118 Pearl St,Cambridge,MA,,,0,199,CONDO-BLDG,Cambridge Property Database FY2026 (waa7-ibdu),2026-10-04T04:37Z,5172,https://data.cambridgema.gov/d/waa7-ibdu?pid=5172
CAM01780,120 Pearl St,Cambridge,MA,,1886,2,104,TWO-FAM-RES,Cambridge Property Database FY2026 (waa7-ibdu),2026-10-04T04:37Z,5175,https://data.cambridgema.gov/d/waa7-ibdu?pid=5175
CAM01781,190 Brookline St,Cambridge,MA,,1873,2,104,TWO-FAM-RES,Cambridge Property Database FY2026 (waa7-ibdu),2026-10-04T04:37Z,5178,https://data.cambridgema.gov/d/waa7-ibdu?pid=5178
CAM01782,184 Brookline St,Cambridge,MA,,1886,2,1094,MULT-RES-2FAM,Cambridge Property Database FY2026 (waa7-ibdu),2026-10-04T04:37Z,5180,https://data.cambridgema.gov/d/waa7-ibdu?pid=5180
CAM01783,178 Brookline St,Cambridge,MA,,1903,3,1095,MULT-RES-3FAM,Cambridge Property Database FY2026 (waa7-ibdu),2026-10-04T04:37Z,5181,https://data.cambridgema.gov/d/waa7-ibdu?pid=5181
CAM01784,172 Brookline St,Cambridge,MA,,1900,3,105,THREE-FM-RES,Cambridge Property Database FY2026 (waa7-ibdu),2026-10-04T04:37Z,5182,https://data.cambridgema.gov/d/waa7-ibdu?pid=5182
CAM01785,168 Brookline St,Cambridge,MA,,1866,2,104,TWO-FAM-RES,Cambridge Property Database FY2026 (waa7-ibdu),2026-10-04T04:37Z,5184,https://data.cambridgema.gov/d/waa7-ibdu?pid=5184
CAM01786,166 Brookline St,Cambridge,MA,,,0,199,CONDO-BLDG,Cambridge Property Database FY2026 (waa7-ibdu),2026-10-04T04:37Z,5185,https://data.cambridgema.gov/d/waa7-ibdu?pid=5185
CAM01787,162 Brookline St,Cambridge,MA,,,0,199,CONDO-BLDG,Cambridge Property Database FY2026 (waa7-ibdu),2026-10-04T04:37Z,5189,https://data.cambridgema.gov/d/waa7-ibdu?pid=5189
CAM01788,156 Brookline St,Cambridge,MA,,1903,3,105,THREE-FM-RES,Cambridge Property Database FY2026 (waa7-ibdu),2026-10-04T04:37Z,5190,https://data.cambridgema.gov/d/waa7-ibdu?pid=5190
CAM01789,154 Brookline St,Cambridge,MA,,1903,3,105,THREE-FM-RES,Cambridge Property Database FY2026 (waa7-ibdu),2026-10-04T04:37Z,5191,https://data.cambridgema.gov/d/waa7-ibdu?pid=5191
CAM01790,100 Pacific St,Cambridge,MA,,,0,199,CONDO-BLDG,Cambridge Property Database FY2026 (waa7-ibdu),2026-10-04T04:37Z,5194,https://data.cambridgema.gov/d/waa7-ibdu?pid=5194
CAM01791,292 Brookline St,Cambridge,MA,,1886,2,104,TWO-FAM-RES,Cambridge Property Database FY2026 (waa7-ibdu),2026-10-04T04:37Z,5208,https://data.cambridgema.gov/d/waa7-ibdu?pid=5208
CAM01792,286 Brookline St,Cambridge,MA,,1894,0,104,TWO-FAM-RES,Cambridge Property Database FY2026 (waa7-ibdu),2026-10-04T04:37Z,5209,https://data.cambridgema.gov/d/waa7-ibdu?pid=5209
CAM01793,565 Putnam Ave,Cambridge,MA,,1894,4,111,4-8-UNIT-APT,Cambridge Property Database FY2026 (waa7-ibdu),2026-10-04T04:37Z,5210,https://data.cambridgema.gov/d/waa7-ibdu?pid=5210
CAM01794,577 Putnam Ave,Cambridge,MA,,,0,199,CONDO-BLDG,Cambridge Property Database FY2026 (waa7-ibdu),2026-10-04T04:37Z,5211,https://data.cambridgema.gov/d/waa7-ibdu?pid=5211
CAM01795,259 Sidney St,Cambridge,MA,,,0,199,CONDO-BLDG,Cambridge Property Database FY2026 (waa7-ibdu),2026-10-04T04:37Z,5215,https://data.cambridgema.gov/d/waa7-ibdu?pid=5215
CAM01796,261 Sidney St,Cambridge,MA,,1886,3,105,THREE-FM-RES,Cambridge Property Database FY2026 (waa7-ibdu),2026-10-04T04:37Z,5219,https://data.cambridgema.gov/d/waa7-ibdu?pid=5219
CAM01797,265 Sidney St,Cambridge,MA,,1886,2,104,TWO-FAM-RES,Cambridge Property Database FY2026 (waa7-ibdu),2026-10-04T04:37Z,5220,https://data.cambridgema.gov/d/waa7-ibdu?pid=5220
CAM01798,45-47 Chestnut St,Cambridge,MA,,,0,199,CONDO-BLDG,Cambridge Property Database FY2026 (waa7-ibdu),2026-10-04T04:37Z,5221,https://data.cambridgema.gov/d/waa7-ibdu?pid=5221
CAM01799,51 Chestnut St,Cambridge,MA,,,0,199,CONDO-BLDG,Cambridge Property Database FY2026 (waa7-ibdu),2026-10-04T04:37Z,5225,https://data.cambridgema.gov/d/waa7-ibdu?pid=5225
CAM01800,59 Chestnut St,Cambridge,MA,,1903,2,104,TWO-FAM-RES,Cambridge Property Database FY2026 (waa7-ibdu),2026-10-04T04:37Z,5226,https://data.cambridgema.gov/d/waa7-ibdu?pid=5226
CAM01801,256 Brookline St,Cambridge,MA,,1930,3,105,THREE-FM-RES,Cambridge Property Database FY2026 (waa7-ibdu),2026-10-04T04:37Z,5230,https://data.cambridgema.gov/d/waa7-ibdu?pid=5230
CAM01802,254 Brookline St,Cambridge,MA,,1930,3,105,THREE-FM-RES,Cambridge Property Database FY2026 (waa7-ibdu),2026-10-04T04:37Z,5231,https://data.cambridgema.gov/d/waa7-ibdu?pid=5231
CAM01803,9 Peters St,Cambridge,MA,,,0,199,CONDO-BLDG,Cambridge Property Database FY2026 (waa7-ibdu),2026-10-04T04:37Z,5232,https://data.cambridgema.gov/d/waa7-ibdu?pid=5232
CAM01804,11 Peters St,Cambridge,MA,,,0,199,CONDO-BLDG,Cambridge Property Database FY2026 (waa7-ibdu),2026-10-04T04:37Z,5236,https://data.cambridgema.gov/d/waa7-ibdu?pid=5236
CAM01805,570 Putnam Ave,Cambridge,MA,,1905,2,104,TWO-FAM-RES,Cambridge Property Database FY2026 (waa7-ibdu),2026-10-04T04:37Z,5237,https://data.cambridgema.gov/d/waa7-ibdu?pid=5237
CAM01806,580 Putnam Ave,Cambridge,MA,,,0,199,CONDO-BLDG,Cambridge Property Database FY2026 (waa7-ibdu),2026-10-04T04:37Z,5238,https://data.cambridgema.gov/d/waa7-ibdu?pid=5238
CAM01807,58 Allston St,Cambridge,MA,,1894,3,105,THREE-FM-RES,Cambridge Property Database FY2026 (waa7-ibdu),2026-10-04T04:37Z,5239,https://data.cambridgema.gov/d/waa7-ibdu?pid=5239
CAM01808,598-602 Putnam Ave,Cambridge,MA,,1894,3,105,THREE-FM-RES,Cambridge Property Database FY2026 (waa7-ibdu),2026-10-04T04:37Z,5244,https://data.cambridgema.gov/d/waa7-ibdu?pid=5244
CAM01809,592 Putnam Ave,Cambridge,MA,,,0,199,CONDO-BLDG,Cambridge Property Database FY2026 (waa7-ibdu),2026-10-04T04:37Z,5245,https://data.cambridgema.gov/d/waa7-ibdu?pid=5245
CAM01810,586-590 Putnam Ave,Cambridge,MA,,1894,3,105,THREE-FM-RES,Cambridge Property Database FY2026 (waa7-ibdu),2026-10-04T04:37Z,5249,https://data.cambridgema.gov/d/waa7-ibdu?pid=5249
CAM01811,232 Brookline St,Cambridge,MA,,1873,3,105,THREE-FM-RES,Cambridge Property Database FY2026 (waa7-ibdu),2026-10-04T04:37Z,5251,https://data.cambridgema.gov/d/waa7-ibdu?pid=5251
CAM01812,216 Brookline St,Cambridge,MA,,1873,2,104,TWO-FAM-RES,Cambridge Property Database FY2026 (waa7-ibdu),2026-10-04T04:37Z,5253,https://data.cambridgema.gov/d/waa7-ibdu?pid=5253
CAM01813,214 Brookline St,Cambridge,MA,,1903,3,105,THREE-FM-RES,Cambridge Property Database FY2026 (waa7-ibdu),2026-10-04T04:37Z,5254,https://data.cambridgema.gov/d/waa7-ibdu?pid=5254
CAM01814,80 Allston St,Cambridge,MA,,,0,199,CONDO-BLDG,Cambridge Property Database FY2026 (waa7-ibdu),2026-10-04T04:37Z,5260,https://data.cambridgema.gov/d/waa7-ibdu?pid=5260
CAM01815,76 Allston St,Cambridge,MA,,1903,0,105,THREE-FM-RES,Cambridge Property Database FY2026 (waa7-ibdu),2026-10-04T04:37Z,5261,https://data.cambridgema.gov/d/waa7-ibdu?pid=5261
CAM01816,72 Allston St,Cambridge,MA,,1903,3,105,THREE-FM-RES,Cambridge Property Database FY2026 (waa7-ibdu),2026-10-04T04:37Z,5262,https://data.cambridgema.gov/d/waa7-ibdu?pid=5262
CAM01817,68 Allston St,Cambridge,MA,,,0,199,CONDO-BLDG,Cambridge Property Database FY2026 (waa7-ibdu),2026-10-04T04:37Z,5263,https://data.cambridgema.gov/d/waa7-ibdu?pid=5263
CAM01818,64 Allston St,Cambridge,MA,,,0,199,CONDO-BLDG,Cambridge Property Database FY2026 (waa7-ibdu),2026-10-04T04:37Z,5264,https://data.cambridgema.gov/d/waa7-ibdu?pid=5264
CAM01819,244 Brookline St,Cambridge,MA,,,0,199,CONDO-BLDG,Cambridge Property Database FY2026 (waa7-ibdu),2026-10-04T04:37Z,5265,https://data.cambridgema.gov/d/waa7-ibdu?pid=5265
CAM01820,98 Allston St,Cambridge,MA,,,0,199,CONDO-BLDG,Cambridge Property Database FY2026 (waa7-ibdu),2026-10-04T04:37Z,5275,https://data.cambridgema.gov/d/waa7-ibdu?pid=5275
CAM01821,55 Chestnut St,Cambridge,MA,,,0,199,CONDO-BLDG,Cambridge Property Database FY2026 (waa7-ibdu),2026-10-04T04:37Z,5281,https://data.cambridgema.gov/d/waa7-ibdu?pid=5281
CAM01822,59 Allston St,Cambridge,MA,,,0,199,CONDO-BLDG,Cambridge Property Database FY2026 (waa7-ibdu),2026-10-04T04:37Z,5284,https://data.cambridgema.gov/d/waa7-ibdu?pid=5284
CAM01823,63 Allston St,Cambridge,MA,,,0,199,CONDO-BLDG,Cambridge Property Database FY2026 (waa7-ibdu),2026-10-04T04:37Z,5285,https://data.cambridgema.gov/d/waa7-ibdu?pid=5285
CAM01824,67 Allston St,Cambridge,MA,,1916,3,105,THREE-FM-RES,Cambridge Property Database FY2026 (waa7-ibdu),2026-10-04T04:37Z,5286,https://data.cambridgema.gov/d/waa7-ibdu?pid=5286
CAM01825,73 Allston St,Cambridge,MA,,,0,199,CONDO-BLDG,Cambridge Property Database FY2026 (waa7-ibdu),2026-10-04T04:37Z,5287,https://data.cambridgema.gov/d/waa7-ibdu?pid=5287
CAM01826,79 Allston St,Cambridge,MA,,1916,3,105,THREE-FM-RES,Cambridge Property Database FY2026 (waa7-ibdu),2026-10-04T04:37Z,5291,https://data.cambridgema.gov/d/waa7-ibdu?pid=5291
CAM01827,85 Allston St,Cambridge,MA,,1916,3,105,THREE-FM-RES,Cambridge Property Database FY2026 (waa7-ibdu),2026-10-04T04:37Z,5292,https://data.cambridgema.gov/d/waa7-ibdu?pid=5292
CAM01828,89 Allston St,Cambridge,MA,,1916,3,105,THREE-FM-RES,Cambridge Property Database FY2026 (waa7-ibdu),2026-10-04T04:37Z,5293,https://data.cambridgema.gov/d/waa7-ibdu?pid=5293
CAM01829,95 Allston St,Cambridge,MA,,,0,199,CONDO-BLDG,Cambridge Property Database FY2026 (waa7-ibdu),2026-10-04T04:37Z,5294,https://data.cambridgema.gov/d/waa7-ibdu?pid=5294
CAM01830,92 Allston St,Cambridge,MA,,1916,3,105,THREE-FM-RES,Cambridge Property Database FY2026 (waa7-ibdu),2026-10-04T04:37Z,5299,https://data.cambridgema.gov/d/waa7-ibdu?pid=5299
CAM01831,88 Allston St,Cambridge,MA,,,0,199,CONDO-BLDG,Cambridge Property Database FY2026 (waa7-ibdu),2026-10-04T04:37Z,5300,https://data.cambridgema.gov/d/waa7-ibdu?pid=5300
CAM01832,72 Hamilton St,Cambridge,MA,,1890,11,112,>8-UNIT-APT,Cambridge Property Database FY2026 (waa7-ibdu),2026-10-04T04:37Z,5301,https://data.cambridgema.gov/d/waa7-ibdu?pid=5301
CAM01833,280 Brookline St,Cambridge,MA,,1920,18,112,>8-UNIT-APT,Cambridge Property Database FY2026 (waa7-ibdu),2026-10-04T04:37Z,5302,https://data.cambridgema.gov/d/waa7-ibdu?pid=5302
CAM01834,561 Putnam Ave,Cambridge,MA,,1916,3,105,THREE-FM-RES,Cambridge Property Database FY2026 (waa7-ibdu),2026-10-04T04:37Z,5303,https://data.cambridgema.gov/d/waa7-ibdu?pid=5303
CAM01835,20 Peters St,Cambridge,MA,,,0,199,CONDO-BLDG,Cambridge Property Database FY2026 (waa7-ibdu),2026-10-04T04:37Z,5306,https://data.cambridgema.gov/d/waa7-ibdu?pid=5306
CAM01836,18 Peters St,Cambridge,MA,,,0,199,CONDO-BLDG,Cambridge Property Database FY2026 (waa7-ibdu),2026-10-04T04:37Z,5307,https://data.cambridgema.gov/d/waa7-ibdu?pid=5307
CAM01837,19 Peters St,Cambridge,MA,,,0,199,CONDO-BLDG,Cambridge Property Database FY2026 (waa7-ibdu),2026-10-04T04:37Z,5311,https://data.cambridgema.gov/d/waa7-ibdu?pid=5311
CAM01838,17 Peters St,Cambridge,MA,,,0,199,CONDO-BLDG,Cambridge Property Database FY2026 (waa7-ibdu),2026-10-04T04:37Z,5315,https://data.cambridgema.gov/d/waa7-ibdu?pid=5315
CAM01839,230 Brookline St,Cambridge,MA,,1905,3,105,THREE-FM-RES,Cambridge Property Database FY2026 (waa7-ibdu),2026-10-04T04:37Z,5319,https://data.cambridgema.gov/d/waa7-ibdu?pid=5319
CAM01840,566 Putnam Ave,Cambridge,MA,,1890,5,111,4-8-UNIT-APT,Cambridge Property Database FY2026 (waa7-ibdu),2026-10-04T04:37Z,5323,https://data.cambridgema.gov/d/waa7-ibdu?pid=5323
CAM01841,260 Brookline St,Cambridge,MA,,,0,199,CONDO-BLDG,Cambridge Property Database FY2026 (waa7-ibdu),2026-10-04T04:37Z,5325,https://data.cambridgema.gov/d/waa7-ibdu?pid=5325
CAM01842,100 Erie St,Cambridge,MA,,,0,199,CONDO-BLDG,Cambridge Property Database FY2026 (waa7-ibdu),2026-10-04T04:37Z,5328,https://data.cambridgema.gov/d/waa7-ibdu?pid=5328
CAM01843,296 Brookline St,Cambridge,MA,,1894,2,104,TWO-FAM-RES,Cambridge Property Database FY2026 (waa7-ibdu),2026-10-04T04:37Z,5345,https://data.cambridgema.gov/d/waa7-ibdu?pid=5345
CAM01844,300 Brookline St,Cambridge,MA,,,0,199,CONDO-BLDG,Cambridge Property Database FY2026 (waa7-ibdu),2026-10-04T04:37Z,5346,https://data.cambridgema.gov/d/waa7-ibdu?pid=5346
CAM01845,593 Putnam Ave,Cambridge,MA,,,0,199,CONDO-BLDG,Cambridge Property Database FY2026 (waa7-ibdu),2026-10-04T04:37Z,5353,https://data.cambridgema.gov/d/waa7-ibdu?pid=5353
CAM01846,280 Pearl St,Cambridge,MA,,1884,3,105,THREE-FM-RES,Cambridge Property Database FY2026 (waa7-ibdu),2026-10-04T04:37Z,5369,https://data.cambridgema.gov/d/waa7-ibdu?pid=5369
CAM01847,513 Putnam Ave,Cambridge,MA,,1910,4,111,4-8-UNIT-APT,Cambridge Property Database FY2026 (waa7-ibdu),2026-10-04T04:37Z,5370,https://data.cambridgema.gov/d/waa7-ibdu?pid=5370
CAM01848,23 Acorn St,Cambridge,MA,,1969,3,105,THREE-FM-RES,Cambridge Property Database FY2026 (waa7-ibdu),2026-10-04T04:37Z,5372,https://data.cambridgema.gov/d/waa7-ibdu?pid=5372
CAM01849,125-127 Chestnut St,Cambridge,MA,,,0,199,CONDO-BLDG,Cambridge Property Database FY2026 (waa7-ibdu),2026-10-04T04:37Z,5373,https://data.cambridgema.gov/d/waa7-ibdu?pid=5373
CAM01850,133-135 Chestnut St,Cambridge,MA,,,0,199,CONDO-BLDG,Cambridge Property Database FY2026 (waa7-ibdu),2026-10-04T04:37Z,5377,https://data.cambridgema.gov/d/waa7-ibdu?pid=5377
CAM01851,111 Chestnut St,Cambridge,MA,,1875,1,105,THREE-FM-RES,Cambridge Property Database FY2026 (waa7-ibdu),2026-10-04T04:37Z,5381,https://data.cambridgema.gov/d/waa7-ibdu?pid=5381
CAM01852,16 Acorn St,Cambridge,MA,,1930,2,104,TWO-FAM-RES,Cambridge Property Database FY2026 (waa7-ibdu),2026-10-04T04:37Z,5382,https://data.cambridgema.gov/d/waa7-ibdu?pid=5382
CAM01853,533 Putnam Ave,Cambridge,MA,,1900,2,1094,MULT-RES-2FAM,Cambridge Property Database FY2026 (waa7-ibdu),2026-10-04T04:37Z,5384,https://data.cambridgema.gov/d/waa7-ibdu?pid=5384
CAM01854,105 Chestnut St,Cambridge,MA,,1875,3,105,THREE-FM-RES,Cambridge Property Database FY2026 (waa7-ibdu),2026-10-04T04:37Z,5385,https://data.cambridgema.gov/d/waa7-ibdu?pid=5385
CAM01855,256 Pearl St,Cambridge,MA,,,0,199,CONDO-BLDG,Cambridge Property Database FY2026 (waa7-ibdu),2026-10-04T04:37Z,5386,https://data.cambridgema.gov/d/waa7-ibdu?pid=5386
CAM01856,252 Pearl St,Cambridge,MA,,,0,199,CONDO-BLDG,Cambridge Property Database FY2026 (waa7-ibdu),2026-10-04T04:37Z,5387,https://data.cambridgema.gov/d/waa7-ibdu?pid=5387
CAM01857,244-246 Pearl St,Cambridge,MA,,,0,199,CONDO-BLDG,Cambridge Property Database FY2026 (waa7-ibdu),2026-10-04T04:37Z,5388,https://data.cambridgema.gov/d/waa7-ibdu?pid=5388
CAM01858,238 Pearl St,Cambridge,MA,,,0,199,CONDO-BLDG,Cambridge Property Database FY2026 (waa7-ibdu),2026-10-04T04:37Z,5389,https://data.cambridgema.gov/d/waa7-ibdu?pid=5389
CAM01859,164-170 Allston St,Cambridge,MA,,1912,4,111,4-8-UNIT-APT,Cambridge Property Database FY2026 (waa7-ibdu),2026-10-04T04:37Z,5390,https://data.cambridgema.gov/d/waa7-ibdu?pid=5390
CAM01860,146 Allston St,Cambridge,MA,,,0,199,CONDO-BLDG,Cambridge Property Database FY2026 (waa7-ibdu),2026-10-04T04:37Z,5391,https://data.cambridgema.gov/d/waa7-ibdu?pid=5391
CAM01861,267 Brookline St,Cambridge,MA,,1930,6,13,MULTIUSE-RES,Cambridge Property Database FY2026 (waa7-ibdu),2026-10-04T04:37Z,5393,https://data.cambridgema.gov/d/waa7-ibdu?pid=5393
CAM01862,510 Putnam Ave,Cambridge,MA,,1854,3,1095,MULT-RES-3FAM,Cambridge Property Database FY2026 (waa7-ibdu),2026-10-04T04:37Z,5396,https://data.cambridgema.gov/d/waa7-ibdu?pid=5396
CAM01863,220 Pearl St,Cambridge,MA,,1873,2,104,TWO-FAM-RES,Cambridge Property Database FY2026 (waa7-ibdu),2026-10-04T04:37Z,5397,https://data.cambridgema.gov/d/waa7-ibdu?pid=5397
CAM01864,216 Pearl St,Cambridge,MA,,,0,199,CONDO-BLDG,Cambridge Property Database FY2026 (waa7-ibdu),2026-10-04T04:37Z,5398,https://data.cambridgema.gov/d/waa7-ibdu?pid=5398
CAM01865,214 Pearl St,Cambridge,MA,,1868,3,105,THREE-FM-RES,Cambridge Property Database FY2026 (waa7-ibdu),2026-10-04T04:37Z,5402,https://data.cambridgema.gov/d/waa7-ibdu?pid=5402
CAM01866,158 Hamilton St,Cambridge,MA,,1903,3,105,THREE-FM-RES,Cambridge Property Database FY2026 (waa7-ibdu),2026-10-04T04:37Z,5403,https://data.cambridgema.gov/d/waa7-ibdu?pid=5403
CAM01867,146 Hamilton St,Cambridge,MA,,1886,2,104,TWO-FAM-RES,Cambridge Property Database FY2026 (waa7-ibdu),2026-10-04T04:37Z,5405,https://data.cambridgema.gov/d/waa7-ibdu?pid=5405
CAM01868,122 Hamilton St,Cambridge,MA,,,0,199,CONDO-BLDG,Cambridge Property Database FY2026 (waa7-ibdu),2026-10-04T04:37Z,5408,https://data.cambridgema.gov/d/waa7-ibdu?pid=5408
CAM01869,231 Brookline St,Cambridge,MA,,1920,8,111,4-8-UNIT-APT,Cambridge Property Database FY2026 (waa7-ibdu),2026-10-04T04:37Z,5413,https://data.cambridgema.gov/d/waa7-ibdu?pid=5413
CAM01870,235 Brookline St,Cambridge,MA,,1920,4,111,4-8-UNIT-APT,Cambridge Property Database FY2026 (waa7-ibdu),2026-10-04T04:37Z,5414,https://data.cambridgema.gov/d/waa7-ibdu?pid=5414
CAM01871,141 Allston St,Cambridge,MA,,1873,2,104,TWO-FAM-RES,Cambridge Property Database FY2026 (waa7-ibdu),2026-10-04T04:37Z,5417,https://data.cambridgema.gov/d/waa7-ibdu?pid=5417
CAM01872,145 Allston St,Cambridge,MA,,1894,3,1095,MULT-RES-3FAM,Cambridge Property Database FY2026 (waa7-ibdu),2026-10-04T04:37Z,5418,https://data.cambridgema.gov/d/waa7-ibdu?pid=5418
CAM01873,151 Allston St,Cambridge,MA,,2015,5,114,AFFORDABLE APT,Cambridge Property Database FY2026 (waa7-ibdu),2026-10-04T04:37Z,5419,https://data.cambridgema.gov/d/waa7-ibdu?pid=5419
CAM01874,171 Allston St,Cambridge,MA,,1873,2,104,TWO-FAM-RES,Cambridge Property Database FY2026 (waa7-ibdu),2026-10-04T04:37Z,5420,https://data.cambridgema.gov/d/waa7-ibdu?pid=5420
CAM01875,208 Pearl St,Cambridge,MA,,1876,2,104,TWO-FAM-RES,Cambridge Property Database FY2026 (waa7-ibdu),2026-10-04T04:37Z,5421,https://data.cambridgema.gov/d/waa7-ibdu?pid=5421
CAM01876,196-198 Pearl St,Cambridge,MA,,,0,199,CONDO-BLDG,Cambridge Property Database FY2026 (waa7-ibdu),2026-10-04T04:37Z,5422,https://data.cambridgema.gov/d/waa7-ibdu?pid=5422
CAM01877,201 Brookline St,Cambridge,MA,,,0,199,CONDO-BLDG,Cambridge Property Database FY2026 (waa7-ibdu),2026-10-04T04:37Z,5423,https://data.cambridgema.gov/d/waa7-ibdu?pid=5423
CAM01878,117 Hamilton St,Cambridge,MA,,,0,199,CONDO-BLDG,Cambridge Property Database FY2026 (waa7-ibdu),2026-10-04T04:37Z,5424,https://data.cambridgema.gov/d/waa7-ibdu?pid=5424
CAM01879,159 Hamilton St,Cambridge,MA,,,0,199,CONDO-BLDG,Cambridge Property Database FY2026 (waa7-ibdu),2026-10-04T04:37Z,5425,https://data.cambridgema.gov/d/waa7-ibdu?pid=5425
CAM01880,539 Putnam Ave,Cambridge,MA,,,0,199,CONDO-BLDG,Cambridge Property Database FY2026 (waa7-ibdu),2026-10-04T04:37Z,5428,https://data.cambridgema.gov/d/waa7-ibdu?pid=5428
CAM01881,543 Putnam Ave,Cambridge,MA,,,0,199,CONDO-BLDG,Cambridge Property Database FY2026 (waa7-ibdu),2026-10-04T04:37Z,5429,https://data.cambridgema.gov/d/waa7-ibdu?pid=5429
CAM01882,281-283 Brookline St,Cambridge,MA,,,0,199,CONDO-BLDG,Cambridge Property Database FY2026 (waa7-ibdu),2026-10-04T04:37Z,5433,https://data.cambridgema.gov/d/waa7-ibdu?pid=5433
CAM01883,285 Brookline St,Cambridge,MA,,1903,3,105,THREE-FM-RES,Cambridge Property Database FY2026 (waa7-ibdu),2026-10-04T04:37Z,5436,https://data.cambridgema.gov/d/waa7-ibdu?pid=5436
CAM01884,170 Erie St,Cambridge,MA,,,0,199,CONDO-BLDG,Cambridge Property Database FY2026 (waa7-ibdu),2026-10-04T04:37Z,5438,https://data.cambridgema.gov/d/waa7-ibdu?pid=5438
CAM01885,531 Putnam Ave,Cambridge,MA,,1873,2,104,TWO-FAM-RES,Cambridge Property Database FY2026 (waa7-ibdu),2026-10-04T04:37Z,5439,https://data.cambridgema.gov/d/waa7-ibdu?pid=5439
CAM01886,6-8 Acorn St,Cambridge,MA,,1916,2,104,TWO-FAM-RES,Cambridge Property Database FY2026 (waa7-ibdu),2026-10-04T04:37Z,5442,https://data.cambridgema.gov/d/waa7-ibdu?pid=5442
CAM01887,266-276 Pearl St,Cambridge,MA,,,0,199,CONDO-BLDG,Cambridge Property Database FY2026 (waa7-ibdu),2026-10-04T04:37Z,5443,https://data.cambridgema.gov/d/waa7-ibdu?pid=5443
CAM01888,286 Pearl St,Cambridge,MA,,1876,2,104,TWO-FAM-RES,Cambridge Property Database FY2026 (waa7-ibdu),2026-10-04T04:37Z,5456,https://data.cambridgema.gov/d/waa7-ibdu?pid=5456
CAM01889,97 Chestnut St,Cambridge,MA,,1930,2,104,TWO-FAM-RES,Cambridge Property Database FY2026 (waa7-ibdu),2026-10-04T04:37Z,5458,https://data.cambridgema.gov/d/waa7-ibdu?pid=5458
CAM01890,293 Brookline St,Cambridge,MA,,1972,2,104,TWO-FAM-RES,Cambridge Property Database FY2026 (waa7-ibdu),2026-10-04T04:37Z,5459,https://data.cambridgema.gov/d/waa7-ibdu?pid=5459
CAM01891,217 Brookline St,Cambridge,MA,,1894,2,104,TWO-FAM-RES,Cambridge Property Database FY2026 (waa7-ibdu),2026-10-04T04:37Z,5460,https://data.cambridgema.gov/d/waa7-ibdu?pid=5460
CAM01892,261 Brookline St,Cambridge,MA,,,0,199,CONDO-BLDG,Cambridge Property Database FY2026 (waa7-ibdu),2026-10-04T04:37Z,5463,https://data.cambridgema.gov/d/waa7-ibdu?pid=5463
CAM01893,149 Hamilton St,Cambridge,MA,,,0,199,CONDO-BLDG,Cambridge Property Database FY2026 (waa7-ibdu),2026-10-04T04:37Z,5464,https://data.cambridgema.gov/d/waa7-ibdu?pid=5464
CAM01894,124 Hamilton St,Cambridge,MA,,1894,2,104,TWO-FAM-RES,Cambridge Property Database FY2026 (waa7-ibdu),2026-10-04T04:37Z,5466,https://data.cambridgema.gov/d/waa7-ibdu?pid=5466
CAM01895,128 Hamilton St,Cambridge,MA,,,0,199,CONDO-BLDG,Cambridge Property Database FY2026 (waa7-ibdu),2026-10-04T04:37Z,5468,https://data.cambridgema.gov/d/waa7-ibdu?pid=5468
CAM01896,9 Acorn St,Cambridge,MA,,1908,3,105,THREE-FM-RES,Cambridge Property Database FY2026 (waa7-ibdu),2026-10-04T04:37Z,5471,https://data.cambridgema.gov/d/waa7-ibdu?pid=5471
CAM01897,515 Putnam Ave,Cambridge,MA,,,0,199,CONDO-BLDG,Cambridge Property Database FY2026 (waa7-ibdu),2026-10-04T04:37Z,5472,https://data.cambridgema.gov/d/waa7-ibdu?pid=5472
CAM01898,159 Allston St,Cambridge,MA,,2023,3,105,THREE-FM-RES,Cambridge Property Database FY2026 (waa7-ibdu),2026-10-04T04:37Z,5479,https://data.cambridgema.gov/d/waa7-ibdu?pid=5479
CAM01899,163 Allston St,Cambridge,MA,,1854,3,105,THREE-FM-RES,Cambridge Property Database FY2026 (waa7-ibdu),2026-10-04T04:37Z,5480,https://data.cambridgema.gov/d/waa7-ibdu?pid=5480
CAM01900,17 Acorn St,Cambridge,MA,,1873,2,104,TWO-FAM-RES,Cambridge Property Database FY2026 (waa7-ibdu),2026-10-04T04:37Z,5481,https://data.cambridgema.gov/d/waa7-ibdu?pid=5481
CAM01901,13 Acorn St,Cambridge,MA,,,0,199,CONDO-BLDG,Cambridge Property Database FY2026 (waa7-ibdu),2026-10-04T04:37Z,5482,https://data.cambridgema.gov/d/waa7-ibdu?pid=5482
CAM01902,145 Hamilton St,Cambridge,MA,,,0,199,CONDO-BLDG,Cambridge Property Database FY2026 (waa7-ibdu),2026-10-04T04:37Z,5485,https://data.cambridgema.gov/d/waa7-ibdu?pid=5485
CAM01903,262 Pearl St,Cambridge,MA,,1910,5,111,4-8-UNIT-APT,Cambridge Property Database FY2026 (waa7-ibdu),2026-10-04T04:37Z,5488,https://data.cambridgema.gov/d/waa7-ibdu?pid=5488
CAM01904,230 Pearl St,Cambridge,MA,,1886,3,105,THREE-FM-RES,Cambridge Property Database FY2026 (waa7-ibdu),2026-10-04T04:37Z,5489,https://data.cambridgema.gov/d/waa7-ibdu?pid=5489
CAM01905,234 Pearl St,Cambridge,MA,,1886,0,105,THREE-FM-RES,Cambridge Property Database FY2026 (waa7-ibdu),2026-10-04T04:37Z,5490,https://data.cambridgema.gov/d/waa7-ibdu?pid=5490
CAM01906,518-520 Putnam Ave,Cambridge,MA,,,0,199,CONDO-BLDG,Cambridge Property Database FY2026 (waa7-ibdu),2026-10-04T04:37Z,5491,https://data.cambridgema.gov/d/waa7-ibdu?pid=5491
CAM01907,524 Putnam Ave,Cambridge,MA,,,0,199,CONDO-BLDG,Cambridge Property Database FY2026 (waa7-ibdu),2026-10-04T04:37Z,5506,https://data.cambridgema.gov/d/waa7-ibdu?pid=5506
CAM01908,156-160 Allston St,Cambridge,MA,,,0,199,CONDO-BLDG,Cambridge Property Database FY2026 (waa7-ibdu),2026-10-04T04:37Z,5521,https://data.cambridgema.gov/d/waa7-ibdu?pid=5521
CAM01909,224 Pearl St,Cambridge,MA,,1873,2,104,TWO-FAM-RES,Cambridge Property Database FY2026 (waa7-ibdu),2026-10-04T04:37Z,5524,https://data.cambridgema.gov/d/waa7-ibdu?pid=5524
CAM01910,169 Allston St,Cambridge,MA,,1903,3,105,THREE-FM-RES,Cambridge Property Database FY2026 (waa7-ibdu),2026-10-04T04:37Z,5525,https://data.cambridgema.gov/d/waa7-ibdu?pid=5525
CAM01911,153-155 Hamilton St,Cambridge,MA,,1873,2,104,TWO-FAM-RES,Cambridge Property Database FY2026 (waa7-ibdu),2026-10-04T04:37Z,5529,https://data.cambridgema.gov/d/waa7-ibdu?pid=5529
CAM01912,157 Hamilton St,Cambridge,MA,,1930,1,104,TWO-FAM-RES,Cambridge Property Database FY2026 (waa7-ibdu),2026-10-04T04:37Z,5530,https://data.cambridgema.gov/d/waa7-ibdu?pid=5530
CAM01913,352 Pearl St,Cambridge,MA,,,0,199,CONDO-BLDG,Cambridge Property Database FY2026 (waa7-ibdu),2026-10-04T04:37Z,5531,https://data.cambridgema.gov/d/waa7-ibdu?pid=5531
CAM01914,350 Pearl St,Cambridge,MA,,,0,199,CONDO-BLDG,Cambridge Property Database FY2026 (waa7-ibdu),2026-10-04T04:37Z,5532,https://data.cambridgema.gov/d/waa7-ibdu?pid=5532
CAM01915,346 Pearl St,Cambridge,MA,,1886,2,104,TWO-FAM-RES,Cambridge Property Database FY2026 (waa7-ibdu),2026-10-04T04:37Z,5533,https://data.cambridgema.gov/d/waa7-ibdu?pid=5533
CAM01916,342 Pearl St,Cambridge,MA,,1886,3,105,THREE-FM-RES,Cambridge Property Database FY2026 (waa7-ibdu),2026-10-04T04:37Z,5534,https://data.cambridgema.gov/d/waa7-ibdu?pid=5534
CAM01917,336 Pearl St,Cambridge,MA,,,0,199,CONDO-BLDG,Cambridge Property Database FY2026 (waa7-ibdu),2026-10-04T04:37Z,5535,https://data.cambridgema.gov/d/waa7-ibdu?pid=5535
CAM01918,112 Henry St,Cambridge,MA,,,0,199,CONDO-BLDG,Cambridge Property Database FY2026 (waa7-ibdu),2026-10-04T04:37Z,5536,https://data.cambridgema.gov/d/waa7-ibdu?pid=5536
CAM01919,11 Rockingham St,Cambridge,MA,,1886,2,104,TWO-FAM-RES,Cambridge Property Database FY2026 (waa7-ibdu),2026-10-04T04:37Z,5537,https://data.cambridgema.gov/d/waa7-ibdu?pid=5537
CAM01920,15 Rockingham St,Cambridge,MA,,1886,2,104,TWO-FAM-RES,Cambridge Property Database FY2026 (waa7-ibdu),2026-10-04T04:37Z,5538,https://data.cambridgema.gov/d/waa7-ibdu?pid=5538
CAM01921,17 Rockingham St,Cambridge,MA,,1886,2,104,TWO-FAM-RES,Cambridge Property Database FY2026 (waa7-ibdu),2026-10-04T04:37Z,5539,https://data.cambridgema.gov/d/waa7-ibdu?pid=5539
CAM01922,19-25 Rockingham St,Cambridge,MA,,,0,199,CONDO-BLDG,Cambridge Property Database FY2026 (waa7-ibdu),2026-10-04T04:37Z,5540,https://data.cambridgema.gov/d/waa7-ibdu?pid=5540
CAM01923,33 Rockingham St,Cambridge,MA,,1894,2,104,TWO-FAM-RES,Cambridge Property Database FY2026 (waa7-ibdu),2026-10-04T04:37Z,5541,https://data.cambridgema.gov/d/waa7-ibdu?pid=5541
CAM01924,314 Pearl St,Cambridge,MA,,1886,2,104,TWO-FAM-RES,Cambridge Property Database FY2026 (waa7-ibdu),2026-10-04T04:37Z,5543,https://data.cambridgema.gov/d/waa7-ibdu?pid=5543
CAM01925,140 Chestnut St,Cambridge,MA,,1886,2,104,TWO-FAM-RES,Cambridge Property Database FY2026 (waa7-ibdu),2026-10-04T04:37Z,5544,https://data.cambridgema.gov/d/waa7-ibdu?pid=5544
CAM01926,128 Chestnut St,Cambridge,MA,,,0,199,CONDO-BLDG,Cambridge Property Database FY2026 (waa7-ibdu),2026-10-04T04:37Z,5545,https://data.cambridgema.gov/d/waa7-ibdu?pid=5545
CAM01927,2 Hastings Sq,Cambridge,MA,,1876,3,105,THREE-FM-RES,Cambridge Property Database FY2026 (waa7-ibdu),2026-10-04T04:37Z,5548,https://data.cambridgema.gov/d/waa7-ibdu?pid=5548
CAM01928,4 Hastings Sq,Cambridge,MA,,1885,3,105,THREE-FM-RES,Cambridge Property Database FY2026 (waa7-ibdu),2026-10-04T04:37Z,5549,https://data.cambridgema.gov/d/waa7-ibdu?pid=5549
CAM01929,5 Hastings Sq,Cambridge,MA,,1885,3,1095,MULT-RES-3FAM,Cambridge Property Database FY2026 (waa7-ibdu),2026-10-04T04:37Z,5550,https://data.cambridgema.gov/d/waa7-ibdu?pid=5550
CAM01930,97 Henry St,Cambridge,MA,,1894,2,104,TWO-FAM-RES,Cambridge Property Database FY2026 (waa7-ibdu),2026-10-04T04:37Z,5551,https://data.cambridgema.gov/d/waa7-ibdu?pid=5551
CAM01931,99 Henry St,Cambridge,MA,,,0,199,CONDO-BLDG,Cambridge Property Database FY2026 (waa7-ibdu),2026-10-04T04:37Z,5552,https://data.cambridgema.gov/d/waa7-ibdu?pid=5552
CAM01932,103 Henry St,Cambridge,MA,,1886,2,104,TWO-FAM-RES,Cambridge Property Database FY2026 (waa7-ibdu),2026-10-04T04:37Z,5555,https://data.cambridgema.gov/d/waa7-ibdu?pid=5555
CAM01933,32 Rockingham St,Cambridge,MA,,1886,3,105,THREE-FM-RES,Cambridge Property Database FY2026 (waa7-ibdu),2026-10-04T04:37Z,5557,https://data.cambridgema.gov/d/waa7-ibdu?pid=5557
CAM01934,28 Rockingham St,Cambridge,MA,,,0,199,CONDO-BLDG,Cambridge Property Database FY2026 (waa7-ibdu),2026-10-04T04:37Z,5558,https://data.cambridgema.gov/d/waa7-ibdu?pid=5558
CAM01935,24 Rockingham St,Cambridge,MA,,,0,199,CONDO-BLDG,Cambridge Property Database FY2026 (waa7-ibdu),2026-10-04T04:37Z,5559,https://data.cambridgema.gov/d/waa7-ibdu?pid=5559
CAM01936,8 Rockingham St,Cambridge,MA,,1894,3,105,THREE-FM-RES,Cambridge Property Database FY2026 (waa7-ibdu),2026-10-04T04:37Z,5562,https://data.cambridgema.gov/d/waa7-ibdu?pid=5562
CAM01937,96 Henry St,Cambridge,MA,,1925,2,104,TWO-FAM-RES,Cambridge Property Database FY2026 (waa7-ibdu),2026-10-04T04:37Z,5564,https://data.cambridgema.gov/d/waa7-ibdu?pid=5564
CAM01938,94 Henry St,Cambridge,MA,,1886,2,104,TWO-FAM-RES,Cambridge Property Database FY2026 (waa7-ibdu),2026-10-04T04:37Z,5565,https://data.cambridgema.gov/d/waa7-ibdu?pid=5565
CAM01939,345 Brookline St,Cambridge,MA,,1875,0,105,THREE-FM-RES,Cambridge Property Database FY2026 (waa7-ibdu),2026-10-04T04:37Z,5566,https://data.cambridgema.gov/d/waa7-ibdu?pid=5566
CAM01940,353 Brookline St,Cambridge,MA,,1972,2,104,TWO-FAM-RES,Cambridge Property Database FY2026 (waa7-ibdu),2026-10-04T04:37Z,5567,https://data.cambridgema.gov/d/waa7-ibdu?pid=5567
CAM01941,25 Granite St,Cambridge,MA,,1894,2,104,TWO-FAM-RES,Cambridge Property Database FY2026 (waa7-ibdu),2026-10-04T04:37Z,5568,https://data.cambridgema.gov/d/waa7-ibdu?pid=5568
CAM01942,356 Pearl St,Cambridge,MA,,1894,2,104,TWO-FAM-RES,Cambridge Property Database FY2026 (waa7-ibdu),2026-10-04T04:37Z,5569,https://data.cambridgema.gov/d/waa7-ibdu?pid=5569
CAM01943,308 Pearl St,Cambridge,MA,,,0,199,CONDO-BLDG,Cambridge Property Database FY2026 (waa7-ibdu),2026-10-04T04:37Z,5570,https://data.cambridgema.gov/d/waa7-ibdu?pid=5570
CAM01944,310 Pearl St,Cambridge,MA,,1930,2,104,TWO-FAM-RES,Cambridge Property Database FY2026 (waa7-ibdu),2026-10-04T04:37Z,5571,https://data.cambridgema.gov/d/waa7-ibdu?pid=5571
CAM01945,106 Henry St,Cambridge,MA,,1884,2,104,TWO-FAM-RES,Cambridge Property Database FY2026 (waa7-ibdu),2026-10-04T04:37Z,5572,https://data.cambridgema.gov/d/waa7-ibdu?pid=5572
CAM01946,1-3 Rockingham Pl,Cambridge,MA,,1894,2,104,TWO-FAM-RES,Cambridge Property Database FY2026 (waa7-ibdu),2026-10-04T04:37Z,5574,https://data.cambridgema.gov/d/waa7-ibdu?pid=5574
CAM01947,2-4 Rockingham Pl,Cambridge,MA,,1894,2,104,TWO-FAM-RES,Cambridge Property Database FY2026 (waa7-ibdu),2026-10-04T04:37Z,5575,https://data.cambridgema.gov/d/waa7-ibdu?pid=5575
CAM01948,82 Henry St,Cambridge,MA,,1887,5,111,4-8-UNIT-APT,Cambridge Property Database FY2026 (waa7-ibdu),2026-10-04T04:37Z,5576,https://data.cambridgema.gov/d/waa7-ibdu?pid=5576
CAM01949,86 Henry St,Cambridge,MA,,,0,199,CONDO-BLDG,Cambridge Property Database FY2026 (waa7-ibdu),2026-10-04T04:37Z,5577,https://data.cambridgema.gov/d/waa7-ibdu?pid=5577
CAM01950,9 Granite St,Cambridge,MA,,1930,2,104,TWO-FAM-RES,Cambridge Property Database FY2026 (waa7-ibdu),2026-10-04T04:37Z,5578,https://data.cambridgema.gov/d/waa7-ibdu?pid=5578
CAM01951,5 Granite St,Cambridge,MA,,1830,2,104,TWO-FAM-RES,Cambridge Property Database FY2026 (waa7-ibdu),2026-10-04T04:37Z,5579,https://data.cambridgema.gov/d/waa7-ibdu?pid=5579
CAM01952,3 Granite St,Cambridge,MA,,1830,2,104,TWO-FAM-RES,Cambridge Property Database FY2026 (waa7-ibdu),2026-10-04T04:37Z,5580,https://data.cambridgema.gov/d/waa7-ibdu?pid=5580
CAM01953,116 Chestnut St,Cambridge,MA,,,0,199,CONDO-BLDG,Cambridge Property Database FY2026 (waa7-ibdu),2026-10-04T04:37Z,5583,https://data.cambridgema.gov/d/waa7-ibdu?pid=5583
CAM01954,322 Pearl St,Cambridge,MA,,1894,2,105,THREE-FM-RES,Cambridge Property Database FY2026 (waa7-ibdu),2026-10-04T04:37Z,5586,https://data.cambridgema.gov/d/waa7-ibdu?pid=5586
CAM01955,111 Henry St,Cambridge,MA,,1915,4,111,4-8-UNIT-APT,Cambridge Property Database FY2026 (waa7-ibdu),2026-10-04T04:37Z,5587,https://data.cambridgema.gov/d/waa7-ibdu?pid=5587
CAM01956,122 Chestnut St,Cambridge,MA,,1969,3,105,THREE-FM-RES,Cambridge Property Database FY2026 (waa7-ibdu),2026-10-04T04:37Z,5588,https://data.cambridgema.gov/d/waa7-ibdu?pid=5588
CAM01957,120 Chestnut St,Cambridge,MA,,1894,2,104,TWO-FAM-RES,Cambridge Property Database FY2026 (waa7-ibdu),2026-10-04T04:37Z,5589,https://data.cambridgema.gov/d/waa7-ibdu?pid=5589
CAM01958,120 Henry St,Cambridge,MA,,1902,0,104,TWO-FAM-RES,Cambridge Property Database FY2026 (waa7-ibdu),2026-10-04T04:37Z,5590,https://data.cambridgema.gov/d/waa7-ibdu?pid=5590
CAM01959,114 Henry St,Cambridge,MA,,1930,2,104,TWO-FAM-RES,Cambridge Property Database FY2026 (waa7-ibdu),2026-10-04T04:37Z,5591,https://data.cambridgema.gov/d/waa7-ibdu?pid=5591
CAM01960,27 Rockingham St,Cambridge,MA,,1894,2,104,TWO-FAM-RES,Cambridge Property Database FY2026 (waa7-ibdu),2026-10-04T04:37Z,5592,https://data.cambridgema.gov/d/waa7-ibdu?pid=5592
CAM01961,32 Glenwood Ave,Cambridge,MA,,,0,199,CONDO-BLDG,Cambridge Property Database FY2026 (waa7-ibdu),2026-10-04T04:37Z,5595,https://data.cambridgema.gov/d/waa7-ibdu?pid=5595
CAM01962,28 Glenwood Ave,Cambridge,MA,,,0,199,CONDO-BLDG,Cambridge Property Database FY2026 (waa7-ibdu),2026-10-04T04:37Z,5596,https://data.cambridgema.gov/d/waa7-ibdu?pid=5596
CAM01963,26 Glenwood Ave,Cambridge,MA,,1903,2,104,TWO-FAM-RES,Cambridge Property Database FY2026 (waa7-ibdu),2026-10-04T04:37Z,5603,https://data.cambridgema.gov/d/waa7-ibdu?pid=5603
CAM01964,20 Glenwood Ave,Cambridge,MA,,,0,199,CONDO-BLDG,Cambridge Property Database FY2026 (waa7-ibdu),2026-10-04T04:37Z,5604,https://data.cambridgema.gov/d/waa7-ibdu?pid=5604
CAM01965,12-14 Glenwood Ave,Cambridge,MA,,,0,199,CONDO-BLDG,Cambridge Property Database FY2026 (waa7-ibdu),2026-10-04T04:37Z,5609,https://data.cambridgema.gov/d/waa7-ibdu?pid=5609
CAM01966,335 Pearl St,Cambridge,MA,,1894,0,104,TWO-FAM-RES,Cambridge Property Database FY2026 (waa7-ibdu),2026-10-04T04:37Z,5613,https://data.cambridgema.gov/d/waa7-ibdu?pid=5613
CAM01967,341 Pearl St,Cambridge,MA,,1894,2,104,TWO-FAM-RES,Cambridge Property Database FY2026 (waa7-ibdu),2026-10-04T04:37Z,5614,https://data.cambridgema.gov/d/waa7-ibdu?pid=5614
CAM01968,351 Pearl St,Cambridge,MA,,1881,2,104,TWO-FAM-RES,Cambridge Property Database FY2026 (waa7-ibdu),2026-10-04T04:37Z,5615,https://data.cambridgema.gov/d/waa7-ibdu?pid=5615
CAM01969,33-35 Granite St,Cambridge,MA,,,0,199,CONDO-BLDG,Cambridge Property Database FY2026 (waa7-ibdu),2026-10-04T04:37Z,5617,https://data.cambridgema.gov/d/waa7-ibdu?pid=5617
CAM01970,47 Granite St,Cambridge,MA,,,0,199,CONDO-BLDG,Cambridge Property Database FY2026 (waa7-ibdu),2026-10-04T04:37Z,5622,https://data.cambridgema.gov/d/waa7-ibdu?pid=5622
CAM01971,49 Granite St,Cambridge,MA,,1916,2,104,TWO-FAM-RES,Cambridge Property Database FY2026 (waa7-ibdu),2026-10-04T04:37Z,5623,https://data.cambridgema.gov/d/waa7-ibdu?pid=5623
CAM01972,170-174 Magazine St,Cambridge,MA,,1903,3,105,THREE-FM-RES,Cambridge Property Database FY2026 (waa7-ibdu),2026-10-04T04:37Z,5625,https://data.cambridgema.gov/d/waa7-ibdu?pid=5625
CAM01973,166 Magazine St,Cambridge,MA,,1903,3,105,THREE-FM-RES,Cambridge Property Database FY2026 (waa7-ibdu),2026-10-04T04:37Z,5626,https://data.cambridgema.gov/d/waa7-ibdu?pid=5626
CAM01974,32 Tufts St,Cambridge,MA,,1925,5,111,4-8-UNIT-APT,Cambridge Property Database FY2026 (waa7-ibdu),2026-10-04T04:37Z,5627,https://data.cambridgema.gov/d/waa7-ibdu?pid=5627
CAM01975,26 Tufts St,Cambridge,MA,,1925,6,111,4-8-UNIT-APT,Cambridge Property Database FY2026 (waa7-ibdu),2026-10-04T04:37Z,5628,https://data.cambridgema.gov/d/waa7-ibdu?pid=5628
CAM01976,20 Tufts St,Cambridge,MA,,,0,199,CONDO-BLDG,Cambridge Property Database FY2026 (waa7-ibdu),2026-10-04T04:37Z,5629,https://data.cambridgema.gov/d/waa7-ibdu?pid=5629
CAM01977,14 Tufts St,Cambridge,MA,,1925,6,111,4-8-UNIT-APT,Cambridge Property Database FY2026 (waa7-ibdu),2026-10-04T04:37Z,5630,https://data.cambridgema.gov/d/waa7-ibdu?pid=5630
CAM01978,315 Pearl St,Cambridge,MA,,1894,2,104,TWO-FAM-RES,Cambridge Property Database FY2026 (waa7-ibdu),2026-10-04T04:37Z,5631,https://data.cambridgema.gov/d/waa7-ibdu?pid=5631
CAM01979,321 Pearl St,Cambridge,MA,,1887,2,104,TWO-FAM-RES,Cambridge Property Database FY2026 (waa7-ibdu),2026-10-04T04:37Z,5632,https://data.cambridgema.gov/d/waa7-ibdu?pid=5632
CAM01980,11 Glenwood Ave,Cambridge,MA,,1925,6,111,4-8-UNIT-APT,Cambridge Property Database FY2026 (waa7-ibdu),2026-10-04T04:37Z,5634,https://data.cambridgema.gov/d/waa7-ibdu?pid=5634
CAM01981,23-95 Glenwood Ave,Cambridge,MA,,,0,199,CONDO-BLDG,Cambridge Property Database FY2026 (waa7-ibdu),2026-10-04T04:37Z,5635,https://data.cambridgema.gov/d/waa7-ibdu?pid=5635
CAM01982,27 Glenwood Ave,Cambridge,MA,,1903,2,104,TWO-FAM-RES,Cambridge Property Database FY2026 (waa7-ibdu),2026-10-04T04:37Z,5638,https://data.cambridgema.gov/d/waa7-ibdu?pid=5638
CAM01983,33 Glenwood Ave,Cambridge,MA,,1903,3,105,THREE-FM-RES,Cambridge Property Database FY2026 (waa7-ibdu),2026-10-04T04:37Z,5639,https://data.cambridgema.gov/d/waa7-ibdu?pid=5639
CAM01984,146-148 Magazine St,Cambridge,MA,,1894,3,105,THREE-FM-RES,Cambridge Property Database FY2026 (waa7-ibdu),2026-10-04T04:37Z,5641,https://data.cambridgema.gov/d/waa7-ibdu?pid=5641
CAM01985,144 Magazine St,Cambridge,MA,,1886,3,105,THREE-FM-RES,Cambridge Property Database FY2026 (waa7-ibdu),2026-10-04T04:37Z,5642,https://data.cambridgema.gov/d/waa7-ibdu?pid=5642
CAM01986,180 Chestnut St,Cambridge,MA,,1910,1,105,THREE-FM-RES,Cambridge Property Database FY2026 (waa7-ibdu),2026-10-04T04:37Z,5643,https://data.cambridgema.gov/d/waa7-ibdu?pid=5643
CAM01987,172 Chestnut St,Cambridge,MA,,1895,3,105,THREE-FM-RES,Cambridge Property Database FY2026 (waa7-ibdu),2026-10-04T04:37Z,5644,https://data.cambridgema.gov/d/waa7-ibdu?pid=5644
CAM01988,168 Chestnut St,Cambridge,MA,,,0,199,CONDO-BLDG,Cambridge Property Database FY2026 (waa7-ibdu),2026-10-04T04:37Z,5645,https://data.cambridgema.gov/d/waa7-ibdu?pid=5645
CAM01989,295 Pearl St,Cambridge,MA,,,0,199,CONDO-BLDG,Cambridge Property Database FY2026 (waa7-ibdu),2026-10-04T04:37Z,5649,https://data.cambridgema.gov/d/waa7-ibdu?pid=5649
CAM01990,303 Pearl St,Cambridge,MA,,,0,199,CONDO-BLDG,Cambridge Property Database FY2026 (waa7-ibdu),2026-10-04T04:37Z,5650,https://data.cambridgema.gov/d/waa7-ibdu?pid=5650
CAM01991,309-311 Pearl St,Cambridge,MA,,1888,2,104,TWO-FAM-RES,Cambridge Property Database FY2026 (waa7-ibdu),2026-10-04T04:37Z,5657,https://data.cambridgema.gov/d/waa7-ibdu?pid=5657
CAM01992,29 Tufts St,Cambridge,MA,,,0,199,CONDO-BLDG,Cambridge Property Database FY2026 (waa7-ibdu),2026-10-04T04:37Z,5659,https://data.cambridgema.gov/d/waa7-ibdu?pid=5659
CAM01993,35 Tufts St,Cambridge,MA,,1894,2,104,TWO-FAM-RES,Cambridge Property Database FY2026 (waa7-ibdu),2026-10-04T04:37Z,5660,https://data.cambridgema.gov/d/waa7-ibdu?pid=5660
CAM01994,160 Chestnut St,Cambridge,MA,,1920,6,114,AFFORDABLE APT,Cambridge Property Database FY2026 (waa7-ibdu),2026-10-04T04:37Z,5662,https://data.cambridgema.gov/d/waa7-ibdu?pid=5662
CAM01995,184 Magazine St,Cambridge,MA,,,0,199,CONDO-BLDG,Cambridge Property Database FY2026 (waa7-ibdu),2026-10-04T04:37Z,5663,https://data.cambridgema.gov/d/waa7-ibdu?pid=5663
CAM01996,182 Magazine St,Cambridge,MA,,,0,199,CONDO-BLDG,Cambridge Property Database FY2026 (waa7-ibdu),2026-10-04T04:37Z,5667,https://data.cambridgema.gov/d/waa7-ibdu?pid=5667
CAM01997,180 Magazine St,Cambridge,MA,,,0,199,CONDO-BLDG,Cambridge Property Database FY2026 (waa7-ibdu),2026-10-04T04:37Z,5668,https://data.cambridgema.gov/d/waa7-ibdu?pid=5668
CAM01998,36-38 Glenwood Ave,Cambridge,MA,,,0,199,CONDO-BLDG,Cambridge Property Database FY2026 (waa7-ibdu),2026-10-04T04:37Z,5669,https://data.cambridgema.gov/d/waa7-ibdu?pid=5669
CAM01999,59 Granite St,Cambridge,MA,,1916,2,104,TWO-FAM-RES,Cambridge Property Database FY2026 (waa7-ibdu),2026-10-04T04:37Z,5670,https://data.cambridgema.gov/d/waa7-ibdu?pid=5670
CAM02000,19 Glenwood Ave,Cambridge,MA,,,0,199,CONDO-BLDG,Cambridge Property Database FY2026 (waa7-ibdu),2026-10-04T04:37Z,5671,https://data.cambridgema.gov/d/waa7-ibdu?pid=5671
