address_id,street_address,postal_city,state,zip,year_built,units,use_code,use_description,source_dataset,retrieved_at,record_id,record_url
SF00001,704 NORTH POINT ST,San Francisco,CA,,1906,2,FS,Flat & Store 4 units or less,DataSF wv5m-vpq2 (2025 roll),2026-10-04T04:36Z,20250024002,https://data.sf.gov/d/wv5m-vpq2?row_id=20250024002
SF00002,710 NORTH POINT ST,San Francisco,CA,,1906,6,F5,Flats 5 to 14 units,DataSF wv5m-vpq2 (2025 roll),2026-10-04T04:36Z,20250024005,https://data.sf.gov/d/wv5m-vpq2?row_id=20250024005
SF00003,738 NORTH POINT ST,San Francisco,CA,,1963,2,F,Flats & Duplex,DataSF wv5m-vpq2 (2025 roll),2026-10-04T04:36Z,20250024007,https://data.sf.gov/d/wv5m-vpq2?row_id=20250024007
SF00004,764 NORTH POINT ST,San Francisco,CA,,1922,12,A5,Apartment 5 to 14 Units,DataSF wv5m-vpq2 (2025 roll),2026-10-04T04:36Z,20250024010,https://data.sf.gov/d/wv5m-vpq2?row_id=20250024010
SF00005,2706 HYDE ST,San Francisco,CA,,1904,3,F,Flats & Duplex,DataSF wv5m-vpq2 (2025 roll),2026-10-04T04:36Z,20250024011B,https://data.sf.gov/d/wv5m-vpq2?row_id=20250024011B
SF00006,2714 HYDE ST,San Francisco,CA,,1926,3,F,Flats & Duplex,DataSF wv5m-vpq2 (2025 roll),2026-10-04T04:36Z,20250024011C,https://data.sf.gov/d/wv5m-vpq2?row_id=20250024011C
SF00007,1321 COLUMBUS AV,San Francisco,CA,,1961,8,A5,Apartment 5 to 14 Units,DataSF wv5m-vpq2 (2025 roll),2026-10-04T04:36Z,20250024024,https://data.sf.gov/d/wv5m-vpq2?row_id=20250024024
SF00008,2741 HYDE ST,San Francisco,CA,,1927,3,F,Flats & Duplex,DataSF wv5m-vpq2 (2025 roll),2026-10-04T04:36Z,20250025003A,https://data.sf.gov/d/wv5m-vpq2?row_id=20250025003A
SF00009,2735 HYDE ST,San Francisco,CA,,1927,2,F,Flats & Duplex,DataSF wv5m-vpq2 (2025 roll),2026-10-04T04:36Z,20250025003B,https://data.sf.gov/d/wv5m-vpq2?row_id=20250025003B
SF00010,2719 HYDE ST,San Francisco,CA,,1912,4,A,Apartment 4 units or less,DataSF wv5m-vpq2 (2025 roll),2026-10-04T04:36Z,20250025004,https://data.sf.gov/d/wv5m-vpq2?row_id=20250025004
SF00011,2711 HYDE ST,San Francisco,CA,,1925,5,FS5,Flat & Store 5 to 14 units,DataSF wv5m-vpq2 (2025 roll),2026-10-04T04:36Z,20250025004A,https://data.sf.gov/d/wv5m-vpq2?row_id=20250025004A
SF00012,816 NORTH POINT ST,San Francisco,CA,,1932,3,F,Flats & Duplex,DataSF wv5m-vpq2 (2025 roll),2026-10-04T04:36Z,20250025004C,https://data.sf.gov/d/wv5m-vpq2?row_id=20250025004C
SF00013,830 NORTH POINT ST,San Francisco,CA,,1932,2,F,Flats & Duplex,DataSF wv5m-vpq2 (2025 roll),2026-10-04T04:36Z,20250025004E,https://data.sf.gov/d/wv5m-vpq2?row_id=20250025004E
SF00014,820 NORTH POINT ST,San Francisco,CA,,1937,2,F,Flats & Duplex,DataSF wv5m-vpq2 (2025 roll),2026-10-04T04:36Z,20250025004F,https://data.sf.gov/d/wv5m-vpq2?row_id=20250025004F
SF00015,872 NORTH POINT ST,San Francisco,CA,,1900,5,FS5,Flat & Store 5 to 14 units,DataSF wv5m-vpq2 (2025 roll),2026-10-04T04:36Z,20250025008,https://data.sf.gov/d/wv5m-vpq2?row_id=20250025008
SF00016,721 BEACH ST,San Francisco,CA,,2018,2,F2,Flat & Store,DataSF wv5m-vpq2 (2025 roll),2026-10-04T04:36Z,20250025017,https://data.sf.gov/d/wv5m-vpq2?row_id=20250025017
SF00017,717 BEACH ST,San Francisco,CA,,1911,7,A5,Apartment 5 to 14 Units,DataSF wv5m-vpq2 (2025 roll),2026-10-04T04:36Z,20250025019,https://data.sf.gov/d/wv5m-vpq2?row_id=20250025019
SF00018,3030 LARKIN ST,San Francisco,CA,,1933,12,A5,Apartment 5 to 14 Units,DataSF wv5m-vpq2 (2025 roll),2026-10-04T04:36Z,20250025023,https://data.sf.gov/d/wv5m-vpq2?row_id=20250025023
SF00019,846 NORTH POINT ST,San Francisco,CA,,1907,2,F,Flats & Duplex,DataSF wv5m-vpq2 (2025 roll),2026-10-04T04:36Z,20250025028,https://data.sf.gov/d/wv5m-vpq2?row_id=20250025028
SF00020,884 NORTH POINT ST,San Francisco,CA,,1913,2,A,Apartment 4 units or less,DataSF wv5m-vpq2 (2025 roll),2026-10-04T04:36Z,20250025067,https://data.sf.gov/d/wv5m-vpq2?row_id=20250025067
SF00021,2639 HYDE ST,San Francisco,CA,,1908,4,F,Flats & Duplex,DataSF wv5m-vpq2 (2025 roll),2026-10-04T04:36Z,20250026001A,https://data.sf.gov/d/wv5m-vpq2?row_id=20250026001A
SF00022,2633 HYDE ST,San Francisco,CA,,1907,3,F,Flats & Duplex,DataSF wv5m-vpq2 (2025 roll),2026-10-04T04:36Z,20250026002,https://data.sf.gov/d/wv5m-vpq2?row_id=20250026002
SF00023,2627 HYDE ST,San Francisco,CA,,1905,3,F,Flats & Duplex,DataSF wv5m-vpq2 (2025 roll),2026-10-04T04:36Z,20250026003,https://data.sf.gov/d/wv5m-vpq2?row_id=20250026003
SF00024,2621 HYDE ST,San Francisco,CA,,1906,3,F,Flats & Duplex,DataSF wv5m-vpq2 (2025 roll),2026-10-04T04:36Z,20250026004,https://data.sf.gov/d/wv5m-vpq2?row_id=20250026004
SF00025,2615 HYDE ST,San Francisco,CA,,1905,3,F,Flats & Duplex,DataSF wv5m-vpq2 (2025 roll),2026-10-04T04:36Z,20250026005,https://data.sf.gov/d/wv5m-vpq2?row_id=20250026005
SF00026,812 BAY ST,San Francisco,CA,,1961,7,A5,Apartment 5 to 14 Units,DataSF wv5m-vpq2 (2025 roll),2026-10-04T04:36Z,20250026007,https://data.sf.gov/d/wv5m-vpq2?row_id=20250026007
SF00027,828 BAY ST,San Francisco,CA,,1974,6,A5,Apartment 5 to 14 Units,DataSF wv5m-vpq2 (2025 roll),2026-10-04T04:36Z,20250026010,https://data.sf.gov/d/wv5m-vpq2?row_id=20250026010
SF00028,838 BAY ST,San Francisco,CA,,1912,5,TIC,TIC Bldg 4 units or less,DataSF wv5m-vpq2 (2025 roll),2026-10-04T04:36Z,20250026013,https://data.sf.gov/d/wv5m-vpq2?row_id=20250026013
SF00029,848 BAY ST,San Francisco,CA,,1900,2,F,Flats & Duplex,DataSF wv5m-vpq2 (2025 roll),2026-10-04T04:36Z,20250026015,https://data.sf.gov/d/wv5m-vpq2?row_id=20250026015
SF00030,860 BAY ST,San Francisco,CA,,1940,2,F,Flats & Duplex,DataSF wv5m-vpq2 (2025 roll),2026-10-04T04:36Z,20250026016,https://data.sf.gov/d/wv5m-vpq2?row_id=20250026016
SF00031,870 BAY ST,San Francisco,CA,,1938,2,F,Flats & Duplex,DataSF wv5m-vpq2 (2025 roll),2026-10-04T04:36Z,20250026017,https://data.sf.gov/d/wv5m-vpq2?row_id=20250026017
SF00032,2914 LARKIN ST,San Francisco,CA,,1900,5,F5,Flats 5 to 14 units,DataSF wv5m-vpq2 (2025 roll),2026-10-04T04:36Z,20250026018,https://data.sf.gov/d/wv5m-vpq2?row_id=20250026018
SF00033,2930 LARKIN ST,San Francisco,CA,,2004,2,FA,1 Flat & 1 Apt Bldg-1 Parcel,DataSF wv5m-vpq2 (2025 roll),2026-10-04T04:36Z,20250026018A,https://data.sf.gov/d/wv5m-vpq2?row_id=20250026018A
SF00034,865 NORTH POINT ST,San Francisco,CA,,1962,6,A5,Apartment 5 to 14 Units,DataSF wv5m-vpq2 (2025 roll),2026-10-04T04:36Z,20250026019C,https://data.sf.gov/d/wv5m-vpq2?row_id=20250026019C
SF00035,2940 LARKIN ST,San Francisco,CA,,1926,2,F,Flats & Duplex,DataSF wv5m-vpq2 (2025 roll),2026-10-04T04:36Z,20250026019D,https://data.sf.gov/d/wv5m-vpq2?row_id=20250026019D
SF00036,2946 LARKIN ST,San Francisco,CA,,1927,2,F,Flats & Duplex,DataSF wv5m-vpq2 (2025 roll),2026-10-04T04:36Z,20250026019E,https://data.sf.gov/d/wv5m-vpq2?row_id=20250026019E
SF00037,853 NORTH POINT ST,San Francisco,CA,,1907,4,A,Apartment 4 units or less,DataSF wv5m-vpq2 (2025 roll),2026-10-04T04:36Z,20250026021,https://data.sf.gov/d/wv5m-vpq2?row_id=20250026021
SF00038,847 NORTH POINT ST,San Francisco,CA,,1907,3,F,Flats & Duplex,DataSF wv5m-vpq2 (2025 roll),2026-10-04T04:36Z,20250026022,https://data.sf.gov/d/wv5m-vpq2?row_id=20250026022
SF00039,821 NORTH POINT ST,San Francisco,CA,,1910,4,A,Apartment 4 units or less,DataSF wv5m-vpq2 (2025 roll),2026-10-04T04:36Z,20250026024,https://data.sf.gov/d/wv5m-vpq2?row_id=20250026024
SF00040,814 BAY ST,San Francisco,CA,,1926,3,F,Flats & Duplex,DataSF wv5m-vpq2 (2025 roll),2026-10-04T04:36Z,20250026026,https://data.sf.gov/d/wv5m-vpq2?row_id=20250026026
SF00041,829 NORTH POINT ST,San Francisco,CA,,1936,2,F,Flats & Duplex,DataSF wv5m-vpq2 (2025 roll),2026-10-04T04:36Z,20250026029,https://data.sf.gov/d/wv5m-vpq2?row_id=20250026029
SF00042,2603 HYDE ST,San Francisco,CA,,2011,3,A,Apartment 4 units or less,DataSF wv5m-vpq2 (2025 roll),2026-10-04T04:36Z,20250026038,https://data.sf.gov/d/wv5m-vpq2?row_id=20250026038
SF00043,800 BAY ST,San Francisco,CA,,1900,2,FS,Flat & Store 4 units or less,DataSF wv5m-vpq2 (2025 roll),2026-10-04T04:36Z,20250026039,https://data.sf.gov/d/wv5m-vpq2?row_id=20250026039
SF00044,2663 LEAVENWORTH ST,San Francisco,CA,,1950,3,F,Flats & Duplex,DataSF wv5m-vpq2 (2025 roll),2026-10-04T04:36Z,20250027001,https://data.sf.gov/d/wv5m-vpq2?row_id=20250027001
SF00045,2645 LEAVENWORTH ST,San Francisco,CA,,1934,2,F,Flats & Duplex,DataSF wv5m-vpq2 (2025 roll),2026-10-04T04:36Z,20250027001A,https://data.sf.gov/d/wv5m-vpq2?row_id=20250027001A
SF00046,2637 LEAVENWORTH ST,San Francisco,CA,,1940,2,F,Flats & Duplex,DataSF wv5m-vpq2 (2025 roll),2026-10-04T04:36Z,20250027001B,https://data.sf.gov/d/wv5m-vpq2?row_id=20250027001B
SF00047,2651 LEAVENWORTH ST,San Francisco,CA,,1950,2,F,Flats & Duplex,DataSF wv5m-vpq2 (2025 roll),2026-10-04T04:36Z,20250027001C,https://data.sf.gov/d/wv5m-vpq2?row_id=20250027001C
SF00048,2657 LEAVENWORTH ST,San Francisco,CA,,1950,2,F,Flats & Duplex,DataSF wv5m-vpq2 (2025 roll),2026-10-04T04:36Z,20250027001D,https://data.sf.gov/d/wv5m-vpq2?row_id=20250027001D
SF00049,2631 LEAVENWORTH ST,San Francisco,CA,,1938,2,F,Flats & Duplex,DataSF wv5m-vpq2 (2025 roll),2026-10-04T04:36Z,20250027002,https://data.sf.gov/d/wv5m-vpq2?row_id=20250027002
SF00050,700 BAY ST,San Francisco,CA,,1940,3,F,Flats & Duplex,DataSF wv5m-vpq2 (2025 roll),2026-10-04T04:36Z,20250027002B,https://data.sf.gov/d/wv5m-vpq2?row_id=20250027002B
SF00051,714 BAY ST,San Francisco,CA,,1912,6,A5,Apartment 5 to 14 Units,DataSF wv5m-vpq2 (2025 roll),2026-10-04T04:36Z,20250027004,https://data.sf.gov/d/wv5m-vpq2?row_id=20250027004
SF00052,724 BAY ST,San Francisco,CA,,1900,6,A5,Apartment 5 to 14 Units,DataSF wv5m-vpq2 (2025 roll),2026-10-04T04:36Z,20250027005,https://data.sf.gov/d/wv5m-vpq2?row_id=20250027005
SF00053,728 BAY ST,San Francisco,CA,,1914,2,F,Flats & Duplex,DataSF wv5m-vpq2 (2025 roll),2026-10-04T04:36Z,20250027006,https://data.sf.gov/d/wv5m-vpq2?row_id=20250027006
SF00054,750 BAY ST,San Francisco,CA,,1907,2,F,Flats & Duplex,DataSF wv5m-vpq2 (2025 roll),2026-10-04T04:36Z,20250027009,https://data.sf.gov/d/wv5m-vpq2?row_id=20250027009
SF00055,756 BAY ST,San Francisco,CA,,1900,4,A,Apartment 4 units or less,DataSF wv5m-vpq2 (2025 roll),2026-10-04T04:36Z,20250027010,https://data.sf.gov/d/wv5m-vpq2?row_id=20250027010
SF00056,2618 HYDE ST,San Francisco,CA,,1922,2,F,Flats & Duplex,DataSF wv5m-vpq2 (2025 roll),2026-10-04T04:36Z,20250027011B,https://data.sf.gov/d/wv5m-vpq2?row_id=20250027011B
SF00057,790 BAY ST,San Francisco,CA,,1913,4,TIA,TI Apartment,DataSF wv5m-vpq2 (2025 roll),2026-10-04T04:36Z,20250027011C,https://data.sf.gov/d/wv5m-vpq2?row_id=20250027011C
SF00058,2638 HYDE ST,San Francisco,CA,,1904,3,A,Apartment 4 units or less,DataSF wv5m-vpq2 (2025 roll),2026-10-04T04:36Z,20250027016A,https://data.sf.gov/d/wv5m-vpq2?row_id=20250027016A
SF00059,2642 HYDE ST,San Francisco,CA,,1900,2,F,Flats & Duplex,DataSF wv5m-vpq2 (2025 roll),2026-10-04T04:36Z,20250027017,https://data.sf.gov/d/wv5m-vpq2?row_id=20250027017
SF00060,2646 HYDE ST,San Francisco,CA,,1900,2,F,Flats & Duplex,DataSF wv5m-vpq2 (2025 roll),2026-10-04T04:36Z,20250027018,https://data.sf.gov/d/wv5m-vpq2?row_id=20250027018
SF00061,2650 HYDE ST,San Francisco,CA,,1900,2,F,Flats & Duplex,DataSF wv5m-vpq2 (2025 roll),2026-10-04T04:36Z,20250027019,https://data.sf.gov/d/wv5m-vpq2?row_id=20250027019
SF00062,2654 HYDE ST,San Francisco,CA,,1900,2,F,Flats & Duplex,DataSF wv5m-vpq2 (2025 roll),2026-10-04T04:36Z,20250027020,https://data.sf.gov/d/wv5m-vpq2?row_id=20250027020
SF00063,769 NORTH POINT ST,San Francisco,CA,,1900,2,F,Flats & Duplex,DataSF wv5m-vpq2 (2025 roll),2026-10-04T04:36Z,20250027022,https://data.sf.gov/d/wv5m-vpq2?row_id=20250027022
SF00064,735 NORTH POINT ST,San Francisco,CA,,1964,5,F5,Flats 5 to 14 units,DataSF wv5m-vpq2 (2025 roll),2026-10-04T04:36Z,20250027025A,https://data.sf.gov/d/wv5m-vpq2?row_id=20250027025A
SF00065,729 NORTH POINT ST,San Francisco,CA,,1941,2,F,Flats & Duplex,DataSF wv5m-vpq2 (2025 roll),2026-10-04T04:36Z,20250027026,https://data.sf.gov/d/wv5m-vpq2?row_id=20250027026
SF00066,723 NORTH POINT ST,San Francisco,CA,,1955,3,F,Flats & Duplex,DataSF wv5m-vpq2 (2025 roll),2026-10-04T04:36Z,20250027027,https://data.sf.gov/d/wv5m-vpq2?row_id=20250027027
SF00067,736 BAY ST,San Francisco,CA,,1913,2,F,Flats & Duplex,DataSF wv5m-vpq2 (2025 roll),2026-10-04T04:36Z,20250027034,https://data.sf.gov/d/wv5m-vpq2?row_id=20250027034
SF00068,734 BAY ST,San Francisco,CA,,1900,2,TIA,TI Apartment,DataSF wv5m-vpq2 (2025 roll),2026-10-04T04:36Z,20250027035,https://data.sf.gov/d/wv5m-vpq2?row_id=20250027035
SF00069,660 BAY ST,San Francisco,CA,,1928,3,F,Flats & Duplex,DataSF wv5m-vpq2 (2025 roll),2026-10-04T04:36Z,20250028006A,https://data.sf.gov/d/wv5m-vpq2?row_id=20250028006A
SF00070,666 BAY ST,San Francisco,CA,,1929,3,F,Flats & Duplex,DataSF wv5m-vpq2 (2025 roll),2026-10-04T04:36Z,20250028006B,https://data.sf.gov/d/wv5m-vpq2?row_id=20250028006B
SF00071,672 BAY ST,San Francisco,CA,,1928,2,F,Flats & Duplex,DataSF wv5m-vpq2 (2025 roll),2026-10-04T04:36Z,20250028006C,https://data.sf.gov/d/wv5m-vpq2?row_id=20250028006C
SF00072,2622 LEAVENWORTH ST,San Francisco,CA,,1929,2,F,Flats & Duplex,DataSF wv5m-vpq2 (2025 roll),2026-10-04T04:36Z,20250028006E,https://data.sf.gov/d/wv5m-vpq2?row_id=20250028006E
SF00073,2628 LEAVENWORTH ST,San Francisco,CA,,1929,3,F,Flats & Duplex,DataSF wv5m-vpq2 (2025 roll),2026-10-04T04:36Z,20250028006F,https://data.sf.gov/d/wv5m-vpq2?row_id=20250028006F
SF00074,2616 LEAVENWORTH ST,San Francisco,CA,,1937,2,F,Flats & Duplex,DataSF wv5m-vpq2 (2025 roll),2026-10-04T04:36Z,20250028006G,https://data.sf.gov/d/wv5m-vpq2?row_id=20250028006G
SF00075,2608 LEAVENWORTH ST,San Francisco,CA,,1939,2,F,Flats & Duplex,DataSF wv5m-vpq2 (2025 roll),2026-10-04T04:36Z,20250028006H,https://data.sf.gov/d/wv5m-vpq2?row_id=20250028006H
SF00076,2640 LEAVENWORTH ST,San Francisco,CA,,1958,6,A5,Apartment 5 to 14 Units,DataSF wv5m-vpq2 (2025 roll),2026-10-04T04:36Z,20250028007,https://data.sf.gov/d/wv5m-vpq2?row_id=20250028007
SF00077,1255 COLUMBUS AV,San Francisco,CA,,2019,22,A15,Apartment 15 Units or more,DataSF wv5m-vpq2 (2025 roll),2026-10-04T04:36Z,20250028014,https://data.sf.gov/d/wv5m-vpq2?row_id=20250028014
SF00078,2211 STOCKTON ST,San Francisco,CA,,1968,164,A15,Apartment 15 Units or more,DataSF wv5m-vpq2 (2025 roll),2026-10-04T04:36Z,20250032001,https://data.sf.gov/d/wv5m-vpq2?row_id=20250032001
SF00079,2310 POWELL ST,San Francisco,CA,,1968,180,A15,Apartment 15 Units or more,DataSF wv5m-vpq2 (2025 roll),2026-10-04T04:36Z,20250032002,https://data.sf.gov/d/wv5m-vpq2?row_id=20250032002
SF00080,2210 STOCKTON ST,San Francisco,CA,,1968,170,A15,Apartment 15 Units or more,DataSF wv5m-vpq2 (2025 roll),2026-10-04T04:36Z,20250033003,https://data.sf.gov/d/wv5m-vpq2?row_id=20250033003
SF00081,150 FRANCISCO ST,San Francisco,CA,,1983,96,A15,Apartment 15 Units or more,DataSF wv5m-vpq2 (2025 roll),2026-10-04T04:36Z,20250038001A,https://data.sf.gov/d/wv5m-vpq2?row_id=20250038001A
SF00082,2013 GRANT AV,San Francisco,CA,,1906,2,F,Flats & Duplex,DataSF wv5m-vpq2 (2025 roll),2026-10-04T04:36Z,20250039007,https://data.sf.gov/d/wv5m-vpq2?row_id=20250039007
SF00083,208 FRANCISCO ST,San Francisco,CA,,1986,2,F,Flats & Duplex,DataSF wv5m-vpq2 (2025 roll),2026-10-04T04:36Z,20250039008A,https://data.sf.gov/d/wv5m-vpq2?row_id=20250039008A
SF00084,212 FRANCISCO ST,San Francisco,CA,,1925,2,F,Flats & Duplex,DataSF wv5m-vpq2 (2025 roll),2026-10-04T04:36Z,20250039009,https://data.sf.gov/d/wv5m-vpq2?row_id=20250039009
SF00085,220 FRANCISCO ST,San Francisco,CA,,1940,3,F,Flats & Duplex,DataSF wv5m-vpq2 (2025 roll),2026-10-04T04:36Z,20250039010,https://data.sf.gov/d/wv5m-vpq2?row_id=20250039010
SF00086,232 FRANCISCO ST,San Francisco,CA,,1914,3,F,Flats & Duplex,DataSF wv5m-vpq2 (2025 roll),2026-10-04T04:36Z,20250039011,https://data.sf.gov/d/wv5m-vpq2?row_id=20250039011
SF00087,238 FRANCISCO ST,San Francisco,CA,,1906,3,F,Flats & Duplex,DataSF wv5m-vpq2 (2025 roll),2026-10-04T04:36Z,20250039012,https://data.sf.gov/d/wv5m-vpq2?row_id=20250039012
SF00088,250 FRANCISCO ST,San Francisco,CA,,1927,2,F,Flats & Duplex,DataSF wv5m-vpq2 (2025 roll),2026-10-04T04:36Z,20250039013,https://data.sf.gov/d/wv5m-vpq2?row_id=20250039013
SF00089,256 FRANCISCO ST,San Francisco,CA,,1927,2,F,Flats & Duplex,DataSF wv5m-vpq2 (2025 roll),2026-10-04T04:36Z,20250039013A,https://data.sf.gov/d/wv5m-vpq2?row_id=20250039013A
SF00090,270 FRANCISCO ST,San Francisco,CA,,1907,3,F,Flats & Duplex,DataSF wv5m-vpq2 (2025 roll),2026-10-04T04:36Z,20250039014,https://data.sf.gov/d/wv5m-vpq2?row_id=20250039014
SF00091,278 FRANCISCO ST,San Francisco,CA,,1925,3,F,Flats & Duplex,DataSF wv5m-vpq2 (2025 roll),2026-10-04T04:36Z,20250039016,https://data.sf.gov/d/wv5m-vpq2?row_id=20250039016
SF00092,2110 STOCKTON ST,San Francisco,CA,,1941,2,F,Flats & Duplex,DataSF wv5m-vpq2 (2025 roll),2026-10-04T04:36Z,20250039018A,https://data.sf.gov/d/wv5m-vpq2?row_id=20250039018A
SF00093,2130 STOCKTON ST,San Francisco,CA,,1965,39,A15,Apartment 15 Units or more,DataSF wv5m-vpq2 (2025 roll),2026-10-04T04:36Z,20250039020,https://data.sf.gov/d/wv5m-vpq2?row_id=20250039020
SF00094,131 BAY ST,San Francisco,CA,,1906,2,FS,Flat & Store 4 units or less,DataSF wv5m-vpq2 (2025 roll),2026-10-04T04:36Z,20250039022,https://data.sf.gov/d/wv5m-vpq2?row_id=20250039022
SF00095,125 BAY ST,San Francisco,CA,,1972,12,A5,Apartment 5 to 14 Units,DataSF wv5m-vpq2 (2025 roll),2026-10-04T04:36Z,20250039023,https://data.sf.gov/d/wv5m-vpq2?row_id=20250039023
SF00096,2133 STOCKTON ST,San Francisco,CA,,1964,105,A15,Apartment 15 Units or more,DataSF wv5m-vpq2 (2025 roll),2026-10-04T04:36Z,20250040001,https://data.sf.gov/d/wv5m-vpq2?row_id=20250040001
SF00097,300 FRANCISCO ST,San Francisco,CA,,1925,3,FS,Flat & Store 4 units or less,DataSF wv5m-vpq2 (2025 roll),2026-10-04T04:36Z,20250040004,https://data.sf.gov/d/wv5m-vpq2?row_id=20250040004
SF00098,308 FRANCISCO ST,San Francisco,CA,,1924,5,A,Apartment 4 units or less,DataSF wv5m-vpq2 (2025 roll),2026-10-04T04:36Z,20250040005,https://data.sf.gov/d/wv5m-vpq2?row_id=20250040005
SF00099,348 FRANCISCO ST,San Francisco,CA,,1907,18,A15,Apartment 15 Units or more,DataSF wv5m-vpq2 (2025 roll),2026-10-04T04:36Z,20250040011,https://data.sf.gov/d/wv5m-vpq2?row_id=20250040011
SF00100,360 FRANCISCO ST,San Francisco,CA,,1929,3,F,Flats & Duplex,DataSF wv5m-vpq2 (2025 roll),2026-10-04T04:36Z,20250040012,https://data.sf.gov/d/wv5m-vpq2?row_id=20250040012
SF00101,378 FRANCISCO ST,San Francisco,CA,,1914,3,F,Flats & Duplex,DataSF wv5m-vpq2 (2025 roll),2026-10-04T04:36Z,20250040014,https://data.sf.gov/d/wv5m-vpq2?row_id=20250040014
SF00102,227 BAY ST,San Francisco,CA,,1970,51,A15,Apartment 15 Units or more,DataSF wv5m-vpq2 (2025 roll),2026-10-04T04:36Z,20250040018,https://data.sf.gov/d/wv5m-vpq2?row_id=20250040018
SF00103,2237 POWELL ST,San Francisco,CA,,1906,2,FS,Flat & Store 4 units or less,DataSF wv5m-vpq2 (2025 roll),2026-10-04T04:36Z,20250041002,https://data.sf.gov/d/wv5m-vpq2?row_id=20250041002
SF00104,2231 POWELL ST,San Francisco,CA,,1907,6,A5,Apartment 5 to 14 Units,DataSF wv5m-vpq2 (2025 roll),2026-10-04T04:36Z,20250041004,https://data.sf.gov/d/wv5m-vpq2?row_id=20250041004
SF00105,2201 POWELL ST,San Francisco,CA,,1927,4,FS,Flat & Store 4 units or less,DataSF wv5m-vpq2 (2025 roll),2026-10-04T04:36Z,20250041006,https://data.sf.gov/d/wv5m-vpq2?row_id=20250041006
SF00106,414 FRANCISCO ST,San Francisco,CA,,1908,2,FS,Flat & Store 4 units or less,DataSF wv5m-vpq2 (2025 roll),2026-10-04T04:36Z,20250041008,https://data.sf.gov/d/wv5m-vpq2?row_id=20250041008
SF00107,424 FRANCISCO ST,San Francisco,CA,,1906,6,TIC,TIC Bldg 4 units or less,DataSF wv5m-vpq2 (2025 roll),2026-10-04T04:36Z,20250041010,https://data.sf.gov/d/wv5m-vpq2?row_id=20250041010
SF00108,480 FRANCISCO ST,San Francisco,CA,,1908,3,F,Flats & Duplex,DataSF wv5m-vpq2 (2025 roll),2026-10-04T04:36Z,20250041013,https://data.sf.gov/d/wv5m-vpq2?row_id=20250041013
SF00109,484 FRANCISCO ST,San Francisco,CA,,1906,3,F,Flats & Duplex,DataSF wv5m-vpq2 (2025 roll),2026-10-04T04:36Z,20250041014,https://data.sf.gov/d/wv5m-vpq2?row_id=20250041014
SF00110,490 FRANCISCO ST,San Francisco,CA,,1907,6,A5,Apartment 5 to 14 Units,DataSF wv5m-vpq2 (2025 roll),2026-10-04T04:36Z,20250041015,https://data.sf.gov/d/wv5m-vpq2?row_id=20250041015
SF00111,75 VANDEWATER ST,San Francisco,CA,,1914,2,F,Flats & Duplex,DataSF wv5m-vpq2 (2025 roll),2026-10-04T04:36Z,20250041017,https://data.sf.gov/d/wv5m-vpq2?row_id=20250041017
SF00112,365 BAY ST,San Francisco,CA,,1907,2,FS,Flat & Store 4 units or less,DataSF wv5m-vpq2 (2025 roll),2026-10-04T04:36Z,20250041031,https://data.sf.gov/d/wv5m-vpq2?row_id=20250041031
SF00113,333 BAY ST,San Francisco,CA,,1975,25,A15,Apartment 15 Units or more,DataSF wv5m-vpq2 (2025 roll),2026-10-04T04:36Z,20250041035,https://data.sf.gov/d/wv5m-vpq2?row_id=20250041035
SF00114,2300 MASON ST,San Francisco,CA,,1949,2,OA,Office and Apartments 4 units or less,DataSF wv5m-vpq2 (2025 roll),2026-10-04T04:36Z,20250041037,https://data.sf.gov/d/wv5m-vpq2?row_id=20250041037
SF00115,7 VANDEWATER ST,San Francisco,CA,,1908,11,A5,Apartment 5 to 14 Units,DataSF wv5m-vpq2 (2025 roll),2026-10-04T04:36Z,20250041103,https://data.sf.gov/d/wv5m-vpq2?row_id=20250041103
SF00116,2515 JONES ST,San Francisco,CA,,1948,3,F,Flats & Duplex,DataSF wv5m-vpq2 (2025 roll),2026-10-04T04:36Z,20250044002B,https://data.sf.gov/d/wv5m-vpq2?row_id=20250044002B
SF00117,2509 JONES ST,San Francisco,CA,,1947,2,F,Flats & Duplex,DataSF wv5m-vpq2 (2025 roll),2026-10-04T04:36Z,20250044002D,https://data.sf.gov/d/wv5m-vpq2?row_id=20250044002D
SF00118,2501 JONES ST,San Francisco,CA,,1948,2,F,Flats & Duplex,DataSF wv5m-vpq2 (2025 roll),2026-10-04T04:36Z,20250044002E,https://data.sf.gov/d/wv5m-vpq2?row_id=20250044002E
SF00119,726 FRANCISCO ST,San Francisco,CA,,1948,3,F,Flats & Duplex,DataSF wv5m-vpq2 (2025 roll),2026-10-04T04:36Z,20250044002G,https://data.sf.gov/d/wv5m-vpq2?row_id=20250044002G
SF00120,55 BRET HARTE TE,San Francisco,CA,,1949,5,A5,Apartment 5 to 14 Units,DataSF wv5m-vpq2 (2025 roll),2026-10-04T04:36Z,20250044003D,https://data.sf.gov/d/wv5m-vpq2?row_id=20250044003D
SF00121,649 BAY ST,San Francisco,CA,,1962,6,A5,Apartment 5 to 14 Units,DataSF wv5m-vpq2 (2025 roll),2026-10-04T04:36Z,20250044011,https://data.sf.gov/d/wv5m-vpq2?row_id=20250044011
SF00122,70 BRET HARTE TE,San Francisco,CA,,1939,3,F,Flats & Duplex,DataSF wv5m-vpq2 (2025 roll),2026-10-04T04:36Z,20250044012,https://data.sf.gov/d/wv5m-vpq2?row_id=20250044012
SF00123,641 BAY ST,San Francisco,CA,,1941,2,A,Apartment 4 units or less,DataSF wv5m-vpq2 (2025 roll),2026-10-04T04:36Z,20250044012A,https://data.sf.gov/d/wv5m-vpq2?row_id=20250044012A
SF00124,611 BAY ST,San Francisco,CA,,1971,4,A,Apartment 4 units or less,DataSF wv5m-vpq2 (2025 roll),2026-10-04T04:36Z,20250044016,https://data.sf.gov/d/wv5m-vpq2?row_id=20250044016
SF00125,653 BAY ST,San Francisco,CA,,1900,8,A5,Apartment 5 to 14 Units,DataSF wv5m-vpq2 (2025 roll),2026-10-04T04:36Z,20250044018,https://data.sf.gov/d/wv5m-vpq2?row_id=20250044018
SF00126,2550 LEAVENWORTH ST,San Francisco,CA,,1964,4,A,Apartment 4 units or less,DataSF wv5m-vpq2 (2025 roll),2026-10-04T04:36Z,20250044024,https://data.sf.gov/d/wv5m-vpq2?row_id=20250044024
SF00127,2523 LEAVENWORTH ST,San Francisco,CA,,1940,3,A,Apartment 4 units or less,DataSF wv5m-vpq2 (2025 roll),2026-10-04T04:36Z,20250045002,https://data.sf.gov/d/wv5m-vpq2?row_id=20250045002
SF00128,777 BAY ST,San Francisco,CA,,1908,6,A5,Apartment 5 to 14 Units,DataSF wv5m-vpq2 (2025 roll),2026-10-04T04:36Z,20250045010B,https://data.sf.gov/d/wv5m-vpq2?row_id=20250045010B
SF00129,2560 HYDE ST,San Francisco,CA,,1908,5,A5,Apartment 5 to 14 Units,DataSF wv5m-vpq2 (2025 roll),2026-10-04T04:36Z,20250045010C,https://data.sf.gov/d/wv5m-vpq2?row_id=20250045010C
SF00130,785 BAY ST,San Francisco,CA,,1954,6,A5,Apartment 5 to 14 Units,DataSF wv5m-vpq2 (2025 roll),2026-10-04T04:36Z,20250045010D,https://data.sf.gov/d/wv5m-vpq2?row_id=20250045010D
SF00131,2425 HYDE ST,San Francisco,CA,,1951,4,A,Apartment 4 units or less,DataSF wv5m-vpq2 (2025 roll),2026-10-04T04:36Z,20250047002,https://data.sf.gov/d/wv5m-vpq2?row_id=20250047002
SF00132,1000 CHESTNUT ST,San Francisco,CA,,1955,84,A15,Apartment 15 Units or more,DataSF wv5m-vpq2 (2025 roll),2026-10-04T04:36Z,20250047002B,https://data.sf.gov/d/wv5m-vpq2?row_id=20250047002B
SF00133,1040 CHESTNUT ST,San Francisco,CA,,1940,3,F,Flats & Duplex,DataSF wv5m-vpq2 (2025 roll),2026-10-04T04:36Z,20250047003B,https://data.sf.gov/d/wv5m-vpq2?row_id=20250047003B
SF00134,1050 CHESTNUT ST,San Francisco,CA,,1941,3,F,Flats & Duplex,DataSF wv5m-vpq2 (2025 roll),2026-10-04T04:36Z,20250047003C,https://data.sf.gov/d/wv5m-vpq2?row_id=20250047003C
SF00135,1052 CHESTNUT ST,San Francisco,CA,,1941,3,F,Flats & Duplex,DataSF wv5m-vpq2 (2025 roll),2026-10-04T04:36Z,20250047003D,https://data.sf.gov/d/wv5m-vpq2?row_id=20250047003D
SF00136,2423 LEAVENWORTH ST,San Francisco,CA,,1909,2,F,Flats & Duplex,DataSF wv5m-vpq2 (2025 roll),2026-10-04T04:36Z,20250048004,https://data.sf.gov/d/wv5m-vpq2?row_id=20250048004
SF00137,900 CHESTNUT ST,San Francisco,CA,,1926,35,A15,Apartment 15 Units or more,DataSF wv5m-vpq2 (2025 roll),2026-10-04T04:36Z,20250048015,https://data.sf.gov/d/wv5m-vpq2?row_id=20250048015
SF00138,970 CHESTNUT ST,San Francisco,CA,,1914,13,A5,Apartment 5 to 14 Units,DataSF wv5m-vpq2 (2025 roll),2026-10-04T04:36Z,20250048016,https://data.sf.gov/d/wv5m-vpq2?row_id=20250048016
SF00139,2455 LEAVENWORTH ST,San Francisco,CA,,1909,2,F,Flats & Duplex,DataSF wv5m-vpq2 (2025 roll),2026-10-04T04:36Z,20250048017,https://data.sf.gov/d/wv5m-vpq2?row_id=20250048017
SF00140,2430 LEAVENWORTH ST,San Francisco,CA,,1900,2,F,Flats & Duplex,DataSF wv5m-vpq2 (2025 roll),2026-10-04T04:36Z,20250049008,https://data.sf.gov/d/wv5m-vpq2?row_id=20250049008
SF00141,785 FRANCISCO ST,San Francisco,CA,,1995,2,DA,Dwellings - Apt 4 units or less,DataSF wv5m-vpq2 (2025 roll),2026-10-04T04:36Z,20250049010B,https://data.sf.gov/d/wv5m-vpq2?row_id=20250049010B
SF00142,781 FRANCISCO ST,San Francisco,CA,,1924,2,F,Flats & Duplex,DataSF wv5m-vpq2 (2025 roll),2026-10-04T04:36Z,20250049010C,https://data.sf.gov/d/wv5m-vpq2?row_id=20250049010C
SF00143,1050 COLUMBUS AV,San Francisco,CA,,1961,12,A5,Apartment 5 to 14 Units,DataSF wv5m-vpq2 (2025 roll),2026-10-04T04:36Z,20250050001A,https://data.sf.gov/d/wv5m-vpq2?row_id=20250050001A
SF00144,1018 COLUMBUS AV,San Francisco,CA,,1907,3,FS,Flat & Store 4 units or less,DataSF wv5m-vpq2 (2025 roll),2026-10-04T04:36Z,20250050002,https://data.sf.gov/d/wv5m-vpq2?row_id=20250050002
SF00145,756 CHESTNUT ST,San Francisco,CA,,1907,2,F,Flats & Duplex,DataSF wv5m-vpq2 (2025 roll),2026-10-04T04:36Z,20250050006,https://data.sf.gov/d/wv5m-vpq2?row_id=20250050006
SF00146,33 HOUSTON ST,San Francisco,CA,,1906,6,A5,Apartment 5 to 14 Units,DataSF wv5m-vpq2 (2025 roll),2026-10-04T04:36Z,20250050006A,https://data.sf.gov/d/wv5m-vpq2?row_id=20250050006A
SF00147,760 CHESTNUT ST,San Francisco,CA,,1907,2,F,Flats & Duplex,DataSF wv5m-vpq2 (2025 roll),2026-10-04T04:36Z,20250050006B,https://data.sf.gov/d/wv5m-vpq2?row_id=20250050006B
SF00148,764 CHESTNUT ST,San Francisco,CA,,1907,2,F,Flats & Duplex,DataSF wv5m-vpq2 (2025 roll),2026-10-04T04:36Z,20250050006C,https://data.sf.gov/d/wv5m-vpq2?row_id=20250050006C
SF00149,780 CHESTNUT ST,San Francisco,CA,,1930,8,A5,Apartment 5 to 14 Units,DataSF wv5m-vpq2 (2025 roll),2026-10-04T04:36Z,20250050007,https://data.sf.gov/d/wv5m-vpq2?row_id=20250050007
SF00150,2408 JONES ST,San Francisco,CA,,1909,2,F,Flats & Duplex,DataSF wv5m-vpq2 (2025 roll),2026-10-04T04:36Z,20250050008,https://data.sf.gov/d/wv5m-vpq2?row_id=20250050008
SF00151,2412 JONES ST,San Francisco,CA,,1950,6,A5,Apartment 5 to 14 Units,DataSF wv5m-vpq2 (2025 roll),2026-10-04T04:36Z,20250050009,https://data.sf.gov/d/wv5m-vpq2?row_id=20250050009
SF00152,32 HOUSTON ST,San Francisco,CA,,1907,4,A,Apartment 4 units or less,DataSF wv5m-vpq2 (2025 roll),2026-10-04T04:36Z,20250050012,https://data.sf.gov/d/wv5m-vpq2?row_id=20250050012
SF00153,679 FRANCISCO ST,San Francisco,CA,,1909,7,A5,Apartment 5 to 14 Units,DataSF wv5m-vpq2 (2025 roll),2026-10-04T04:36Z,20250050016A,https://data.sf.gov/d/wv5m-vpq2?row_id=20250050016A
SF00154,671 FRANCISCO ST,San Francisco,CA,,1913,2,F,Flats & Duplex,DataSF wv5m-vpq2 (2025 roll),2026-10-04T04:36Z,20250050017,https://data.sf.gov/d/wv5m-vpq2?row_id=20250050017
SF00155,653 FRANCISCO ST,San Francisco,CA,,1907,3,A,Apartment 4 units or less,DataSF wv5m-vpq2 (2025 roll),2026-10-04T04:36Z,20250050019,https://data.sf.gov/d/wv5m-vpq2?row_id=20250050019
SF00156,2424 JONES ST,San Francisco,CA,,1961,2,DA,Dwellings - Apt 4 units or less,DataSF wv5m-vpq2 (2025 roll),2026-10-04T04:36Z,20250050024,https://data.sf.gov/d/wv5m-vpq2?row_id=20250050024
SF00157,2255 MASON ST,San Francisco,CA,,1927,5,A5,Apartment 5 to 14 Units,DataSF wv5m-vpq2 (2025 roll),2026-10-04T04:36Z,20250051001,https://data.sf.gov/d/wv5m-vpq2?row_id=20250051001
SF00158,2326 TAYLOR ST,San Francisco,CA,,1908,7,FS5,Flat & Store 5 to 14 units,DataSF wv5m-vpq2 (2025 roll),2026-10-04T04:36Z,20250051007,https://data.sf.gov/d/wv5m-vpq2?row_id=20250051007
SF00159,2332 TAYLOR ST,San Francisco,CA,,1907,6,A5,Apartment 5 to 14 Units,DataSF wv5m-vpq2 (2025 roll),2026-10-04T04:36Z,20250051008,https://data.sf.gov/d/wv5m-vpq2?row_id=20250051008
SF00160,81 WATER ST,San Francisco,CA,,1908,6,A5,Apartment 5 to 14 Units,DataSF wv5m-vpq2 (2025 roll),2026-10-04T04:36Z,20250051008A,https://data.sf.gov/d/wv5m-vpq2?row_id=20250051008A
SF00161,71 WATER ST,San Francisco,CA,,1980,3,A,Apartment 4 units or less,DataSF wv5m-vpq2 (2025 roll),2026-10-04T04:36Z,20250051010,https://data.sf.gov/d/wv5m-vpq2?row_id=20250051010
SF00162,67 WATER ST,San Francisco,CA,,1907,3,A,Apartment 4 units or less,DataSF wv5m-vpq2 (2025 roll),2026-10-04T04:36Z,20250051011,https://data.sf.gov/d/wv5m-vpq2?row_id=20250051011
SF00163,581 FRANCISCO ST,San Francisco,CA,,1912,6,TIC,TIC Bldg 4 units or less,DataSF wv5m-vpq2 (2025 roll),2026-10-04T04:36Z,20250051018,https://data.sf.gov/d/wv5m-vpq2?row_id=20250051018
SF00164,537 FRANCISCO ST,San Francisco,CA,,1914,3,FS,Flat & Store 4 units or less,DataSF wv5m-vpq2 (2025 roll),2026-10-04T04:36Z,20250051023,https://data.sf.gov/d/wv5m-vpq2?row_id=20250051023
SF00165,505 FRANCISCO ST,San Francisco,CA,,1907,4,A,Apartment 4 units or less,DataSF wv5m-vpq2 (2025 roll),2026-10-04T04:36Z,20250051025,https://data.sf.gov/d/wv5m-vpq2?row_id=20250051025
SF00166,501 FRANCISCO ST,San Francisco,CA,,1915,2,F,Flats & Duplex,DataSF wv5m-vpq2 (2025 roll),2026-10-04T04:36Z,20250051026,https://data.sf.gov/d/wv5m-vpq2?row_id=20250051026
SF00167,549 FRANCISCO ST,San Francisco,CA,,1907,4,A,Apartment 4 units or less,DataSF wv5m-vpq2 (2025 roll),2026-10-04T04:36Z,20250051029,https://data.sf.gov/d/wv5m-vpq2?row_id=20250051029
SF00168,2141 POWELL ST,San Francisco,CA,,1906,4,FS,Flat & Store 4 units or less,DataSF wv5m-vpq2 (2025 roll),2026-10-04T04:36Z,20250052003,https://data.sf.gov/d/wv5m-vpq2?row_id=20250052003
SF00169,2119 POWELL ST,San Francisco,CA,,1907,3,F,Flats & Duplex,DataSF wv5m-vpq2 (2025 roll),2026-10-04T04:36Z,20250052006,https://data.sf.gov/d/wv5m-vpq2?row_id=20250052006
SF00170,2113 POWELL ST,San Francisco,CA,,1908,3,F,Flats & Duplex,DataSF wv5m-vpq2 (2025 roll),2026-10-04T04:36Z,20250052007,https://data.sf.gov/d/wv5m-vpq2?row_id=20250052007
SF00171,2101 POWELL ST,San Francisco,CA,,1910,15,A15,Apartment 15 Units or more,DataSF wv5m-vpq2 (2025 roll),2026-10-04T04:36Z,20250052008,https://data.sf.gov/d/wv5m-vpq2?row_id=20250052008
SF00172,566 CHESTNUT ST,San Francisco,CA,,1927,4,F,Flats & Duplex,DataSF wv5m-vpq2 (2025 roll),2026-10-04T04:36Z,20250052011,https://data.sf.gov/d/wv5m-vpq2?row_id=20250052011
SF00173,572 CHESTNUT ST,San Francisco,CA,,1906,5,A5,Apartment 5 to 14 Units,DataSF wv5m-vpq2 (2025 roll),2026-10-04T04:36Z,20250052012,https://data.sf.gov/d/wv5m-vpq2?row_id=20250052012
SF00174,588 CHESTNUT ST,San Francisco,CA,,1907,3,TIC,TIC Bldg 4 units or less,DataSF wv5m-vpq2 (2025 roll),2026-10-04T04:36Z,20250052014,https://data.sf.gov/d/wv5m-vpq2?row_id=20250052014
SF00175,594 CHESTNUT ST,San Francisco,CA,,1906,4,A,Apartment 4 units or less,DataSF wv5m-vpq2 (2025 roll),2026-10-04T04:36Z,20250052015,https://data.sf.gov/d/wv5m-vpq2?row_id=20250052015
SF00176,2216 MASON ST,San Francisco,CA,,1906,2,F,Flats & Duplex,DataSF wv5m-vpq2 (2025 roll),2026-10-04T04:36Z,20250052016,https://data.sf.gov/d/wv5m-vpq2?row_id=20250052016
SF00177,2222 MASON ST,San Francisco,CA,,1917,2,F,Flats & Duplex,DataSF wv5m-vpq2 (2025 roll),2026-10-04T04:36Z,20250052017,https://data.sf.gov/d/wv5m-vpq2?row_id=20250052017
SF00178,2244 MASON ST,San Francisco,CA,,1912,6,TIC,TIC Bldg 4 units or less,DataSF wv5m-vpq2 (2025 roll),2026-10-04T04:36Z,20250052021,https://data.sf.gov/d/wv5m-vpq2?row_id=20250052021
SF00179,2252 MASON ST,San Francisco,CA,,1910,12,FS5,Flat & Store 5 to 14 units,DataSF wv5m-vpq2 (2025 roll),2026-10-04T04:36Z,20250052022,https://data.sf.gov/d/wv5m-vpq2?row_id=20250052022
SF00180,2015 STOCKTON ST,San Francisco,CA,,1915,6,A5,Apartment 5 to 14 Units,DataSF wv5m-vpq2 (2025 roll),2026-10-04T04:36Z,20250053002A,https://data.sf.gov/d/wv5m-vpq2?row_id=20250053002A
SF00181,2025 STOCKTON ST,San Francisco,CA,,1974,8,A5,Apartment 5 to 14 Units,DataSF wv5m-vpq2 (2025 roll),2026-10-04T04:36Z,20250053002B,https://data.sf.gov/d/wv5m-vpq2?row_id=20250053002B
SF00182,2001 STOCKTON ST,San Francisco,CA,,1907,8,A5,Apartment 5 to 14 Units,DataSF wv5m-vpq2 (2025 roll),2026-10-04T04:36Z,20250053003,https://data.sf.gov/d/wv5m-vpq2?row_id=20250053003
SF00183,420 CHESTNUT ST,San Francisco,CA,,1925,6,A5,Apartment 5 to 14 Units,DataSF wv5m-vpq2 (2025 roll),2026-10-04T04:36Z,20250053004,https://data.sf.gov/d/wv5m-vpq2?row_id=20250053004
SF00184,201 FRANCISCO ST,San Francisco,CA,,1927,2,F,Flats & Duplex,DataSF wv5m-vpq2 (2025 roll),2026-10-04T04:36Z,20250054001,https://data.sf.gov/d/wv5m-vpq2?row_id=20250054001
SF00185,1925 GRANT AV,San Francisco,CA,,1941,3,F,Flats & Duplex,DataSF wv5m-vpq2 (2025 roll),2026-10-04T04:36Z,20250054002,https://data.sf.gov/d/wv5m-vpq2?row_id=20250054002
SF00186,1913 GRANT AV,San Francisco,CA,,1907,2,F,Flats & Duplex,DataSF wv5m-vpq2 (2025 roll),2026-10-04T04:36Z,20250054004,https://data.sf.gov/d/wv5m-vpq2?row_id=20250054004
SF00187,1907 GRANT AV,San Francisco,CA,,1906,2,F,Flats & Duplex,DataSF wv5m-vpq2 (2025 roll),2026-10-04T04:36Z,20250054005,https://data.sf.gov/d/wv5m-vpq2?row_id=20250054005
SF00188,314 CHESTNUT ST,San Francisco,CA,,1907,3,F,Flats & Duplex,DataSF wv5m-vpq2 (2025 roll),2026-10-04T04:36Z,20250054007,https://data.sf.gov/d/wv5m-vpq2?row_id=20250054007
SF00189,320 CHESTNUT ST,San Francisco,CA,,1906,4,A,Apartment 4 units or less,DataSF wv5m-vpq2 (2025 roll),2026-10-04T04:36Z,20250054008,https://data.sf.gov/d/wv5m-vpq2?row_id=20250054008
SF00190,324 CHESTNUT ST,San Francisco,CA,,1908,2,F,Flats & Duplex,DataSF wv5m-vpq2 (2025 roll),2026-10-04T04:36Z,20250054009,https://data.sf.gov/d/wv5m-vpq2?row_id=20250054009
SF00191,330 CHESTNUT ST,San Francisco,CA,,1908,2,F,Flats & Duplex,DataSF wv5m-vpq2 (2025 roll),2026-10-04T04:36Z,20250054010,https://data.sf.gov/d/wv5m-vpq2?row_id=20250054010
SF00192,336 CHESTNUT ST,San Francisco,CA,,1971,2,F,Flats & Duplex,DataSF wv5m-vpq2 (2025 roll),2026-10-04T04:36Z,20250054011,https://data.sf.gov/d/wv5m-vpq2?row_id=20250054011
SF00193,356 CHESTNUT ST,San Francisco,CA,,1906,3,F,Flats & Duplex,DataSF wv5m-vpq2 (2025 roll),2026-10-04T04:36Z,20250054014,https://data.sf.gov/d/wv5m-vpq2?row_id=20250054014
SF00194,2 BELLAIR PL,San Francisco,CA,,1996,2,F,Flats & Duplex,DataSF wv5m-vpq2 (2025 roll),2026-10-04T04:36Z,20250054015,https://data.sf.gov/d/wv5m-vpq2?row_id=20250054015
SF00195,370 CHESTNUT ST,San Francisco,CA,,1927,2,F,Flats & Duplex,DataSF wv5m-vpq2 (2025 roll),2026-10-04T04:36Z,20250054016,https://data.sf.gov/d/wv5m-vpq2?row_id=20250054016
SF00196,392 CHESTNUT ST,San Francisco,CA,,1940,3,F,Flats & Duplex,DataSF wv5m-vpq2 (2025 roll),2026-10-04T04:36Z,20250054016B,https://data.sf.gov/d/wv5m-vpq2?row_id=20250054016B
SF00197,386 CHESTNUT ST,San Francisco,CA,,1940,2,F,Flats & Duplex,DataSF wv5m-vpq2 (2025 roll),2026-10-04T04:36Z,20250054016C,https://data.sf.gov/d/wv5m-vpq2?row_id=20250054016C
SF00198,380 CHESTNUT ST,San Francisco,CA,,1929,4,F,Flats & Duplex,DataSF wv5m-vpq2 (2025 roll),2026-10-04T04:36Z,20250054016D,https://data.sf.gov/d/wv5m-vpq2?row_id=20250054016D
SF00199,175 PFEIFFER ST,San Francisco,CA,,1956,12,A5,Apartment 5 to 14 Units,DataSF wv5m-vpq2 (2025 roll),2026-10-04T04:36Z,20250054017A,https://data.sf.gov/d/wv5m-vpq2?row_id=20250054017A
SF00200,155 PFEIFFER ST,San Francisco,CA,,1906,4,A,Apartment 4 units or less,DataSF wv5m-vpq2 (2025 roll),2026-10-04T04:36Z,20250054019,https://data.sf.gov/d/wv5m-vpq2?row_id=20250054019
SF00201,143 PFEIFFER ST,San Francisco,CA,,1906,2,F,Flats & Duplex,DataSF wv5m-vpq2 (2025 roll),2026-10-04T04:36Z,20250054020,https://data.sf.gov/d/wv5m-vpq2?row_id=20250054020
SF00202,139 PFEIFFER ST,San Francisco,CA,,1906,2,F,Flats & Duplex,DataSF wv5m-vpq2 (2025 roll),2026-10-04T04:36Z,20250054021,https://data.sf.gov/d/wv5m-vpq2?row_id=20250054021
SF00203,116 PFEIFFER ST,San Francisco,CA,,1913,4,A,Apartment 4 units or less,DataSF wv5m-vpq2 (2025 roll),2026-10-04T04:36Z,20250054024,https://data.sf.gov/d/wv5m-vpq2?row_id=20250054024
SF00204,130 PFEIFFER ST,San Francisco,CA,,1958,3,A,Apartment 4 units or less,DataSF wv5m-vpq2 (2025 roll),2026-10-04T04:36Z,20250054025,https://data.sf.gov/d/wv5m-vpq2?row_id=20250054025
SF00205,144 PFEIFFER ST,San Francisco,CA,,1914,4,A,Apartment 4 units or less,DataSF wv5m-vpq2 (2025 roll),2026-10-04T04:36Z,20250054026,https://data.sf.gov/d/wv5m-vpq2?row_id=20250054026
SF00206,152 PFEIFFER ST,San Francisco,CA,,1907,4,A,Apartment 4 units or less,DataSF wv5m-vpq2 (2025 roll),2026-10-04T04:36Z,20250054027,https://data.sf.gov/d/wv5m-vpq2?row_id=20250054027
SF00207,20 BELLAIR PL,San Francisco,CA,,1906,4,A,Apartment 4 units or less,DataSF wv5m-vpq2 (2025 roll),2026-10-04T04:36Z,20250054028,https://data.sf.gov/d/wv5m-vpq2?row_id=20250054028
SF00208,170 PFEIFFER ST,San Francisco,CA,,1906,3,A,Apartment 4 units or less,DataSF wv5m-vpq2 (2025 roll),2026-10-04T04:36Z,20250054029,https://data.sf.gov/d/wv5m-vpq2?row_id=20250054029
SF00209,271 FRANCISCO ST,San Francisco,CA,,1908,11,FS5,Flat & Store 5 to 14 units,DataSF wv5m-vpq2 (2025 roll),2026-10-04T04:36Z,20250054029A,https://data.sf.gov/d/wv5m-vpq2?row_id=20250054029A
SF00210,2030 STOCKTON ST,San Francisco,CA,,1916,2,F,Flats & Duplex,DataSF wv5m-vpq2 (2025 roll),2026-10-04T04:36Z,20250054030,https://data.sf.gov/d/wv5m-vpq2?row_id=20250054030
SF00211,2036 STOCKTON ST,San Francisco,CA,,1907,2,F,Flats & Duplex,DataSF wv5m-vpq2 (2025 roll),2026-10-04T04:36Z,20250054031,https://data.sf.gov/d/wv5m-vpq2?row_id=20250054031
SF00212,2048 STOCKTON ST,San Francisco,CA,,1908,2,F,Flats & Duplex,DataSF wv5m-vpq2 (2025 roll),2026-10-04T04:36Z,20250054033,https://data.sf.gov/d/wv5m-vpq2?row_id=20250054033
SF00213,2060 STOCKTON ST,San Francisco,CA,,1955,3,FS,Flat & Store 4 units or less,DataSF wv5m-vpq2 (2025 roll),2026-10-04T04:36Z,20250054034,https://data.sf.gov/d/wv5m-vpq2?row_id=20250054034
SF00214,28 BELLAIR PL,San Francisco,CA,,1906,2,F,Flats & Duplex,DataSF wv5m-vpq2 (2025 roll),2026-10-04T04:36Z,20250054035,https://data.sf.gov/d/wv5m-vpq2?row_id=20250054035
SF00215,265 FRANCISCO ST,San Francisco,CA,,1909,2,F,Flats & Duplex,DataSF wv5m-vpq2 (2025 roll),2026-10-04T04:36Z,20250054036,https://data.sf.gov/d/wv5m-vpq2?row_id=20250054036
SF00216,259 FRANCISCO ST,San Francisco,CA,,1908,2,F,Flats & Duplex,DataSF wv5m-vpq2 (2025 roll),2026-10-04T04:36Z,20250054037,https://data.sf.gov/d/wv5m-vpq2?row_id=20250054037
SF00217,251 FRANCISCO ST,San Francisco,CA,,1970,5,A5,Apartment 5 to 14 Units,DataSF wv5m-vpq2 (2025 roll),2026-10-04T04:36Z,20250054039,https://data.sf.gov/d/wv5m-vpq2?row_id=20250054039
SF00218,241 FRANCISCO ST,San Francisco,CA,,1959,5,A5,Apartment 5 to 14 Units,DataSF wv5m-vpq2 (2025 roll),2026-10-04T04:36Z,20250054040,https://data.sf.gov/d/wv5m-vpq2?row_id=20250054040
SF00219,221 FRANCISCO ST,San Francisco,CA,,1907,2,F,Flats & Duplex,DataSF wv5m-vpq2 (2025 roll),2026-10-04T04:36Z,20250054042,https://data.sf.gov/d/wv5m-vpq2?row_id=20250054042
SF00220,209 FRANCISCO ST,San Francisco,CA,,1908,2,F,Flats & Duplex,DataSF wv5m-vpq2 (2025 roll),2026-10-04T04:36Z,20250054044,https://data.sf.gov/d/wv5m-vpq2?row_id=20250054044
SF00221,106 PFEIFFER ST,San Francisco,CA,,1914,3,F,Flats & Duplex,DataSF wv5m-vpq2 (2025 roll),2026-10-04T04:36Z,20250054044A,https://data.sf.gov/d/wv5m-vpq2?row_id=20250054044A
SF00222,348 CHESTNUT ST,San Francisco,CA,,1968,3,A,Apartment 4 units or less,DataSF wv5m-vpq2 (2025 roll),2026-10-04T04:36Z,20250054046,https://data.sf.gov/d/wv5m-vpq2?row_id=20250054046
SF00223,153 PFEIFFER ST,San Francisco,CA,,1977,3,A,Apartment 4 units or less,DataSF wv5m-vpq2 (2025 roll),2026-10-04T04:36Z,20250054047,https://data.sf.gov/d/wv5m-vpq2?row_id=20250054047
SF00224,112 PFEIFFER ST,San Francisco,CA,,1907,4,A,Apartment 4 units or less,DataSF wv5m-vpq2 (2025 roll),2026-10-04T04:36Z,20250054057,https://data.sf.gov/d/wv5m-vpq2?row_id=20250054057
SF00225,274 CHESTNUT ST,San Francisco,CA,,1912,2,F,Flats & Duplex,DataSF wv5m-vpq2 (2025 roll),2026-10-04T04:36Z,20250055007,https://data.sf.gov/d/wv5m-vpq2?row_id=20250055007
SF00226,1855 KEARNY ST,San Francisco,CA,,1983,136,A15,Apartment 15 Units or more,DataSF wv5m-vpq2 (2025 roll),2026-10-04T04:36Z,20250055016,https://data.sf.gov/d/wv5m-vpq2?row_id=20250055016
SF00227,290 LOMBARD ST,San Francisco,CA,,1940,10,A5,Apartment 5 to 14 Units,DataSF wv5m-vpq2 (2025 roll),2026-10-04T04:36Z,20250060007,https://data.sf.gov/d/wv5m-vpq2?row_id=20250060007
SF00228,1730 KEARNY ST,San Francisco,CA,,1956,30,A15,Apartment 15 Units or more,DataSF wv5m-vpq2 (2025 roll),2026-10-04T04:36Z,20250060008,https://data.sf.gov/d/wv5m-vpq2?row_id=20250060008
SF00229,173 CHESTNUT ST,San Francisco,CA,,1940,2,F,Flats & Duplex,DataSF wv5m-vpq2 (2025 roll),2026-10-04T04:36Z,20250060009C,https://data.sf.gov/d/wv5m-vpq2?row_id=20250060009C
SF00230,201 CHESTNUT ST,San Francisco,CA,,2006,2,F,Flats & Duplex,DataSF wv5m-vpq2 (2025 roll),2026-10-04T04:36Z,20250061001,https://data.sf.gov/d/wv5m-vpq2?row_id=20250061001
SF00231,233 CHESTNUT ST,San Francisco,CA,,1940,4,A,Apartment 4 units or less,DataSF wv5m-vpq2 (2025 roll),2026-10-04T04:36Z,20250061001A,https://data.sf.gov/d/wv5m-vpq2?row_id=20250061001A
SF00232,225 CHESTNUT ST,San Francisco,CA,,1947,5,A5,Apartment 5 to 14 Units,DataSF wv5m-vpq2 (2025 roll),2026-10-04T04:36Z,20250061001C,https://data.sf.gov/d/wv5m-vpq2?row_id=20250061001C
SF00233,215 CHESTNUT ST,San Francisco,CA,,1941,2,F,Flats & Duplex,DataSF wv5m-vpq2 (2025 roll),2026-10-04T04:36Z,20250061001D,https://data.sf.gov/d/wv5m-vpq2?row_id=20250061001D
SF00234,306 LOMBARD ST,San Francisco,CA,,1926,2,F,Flats & Duplex,DataSF wv5m-vpq2 (2025 roll),2026-10-04T04:36Z,20250061002F,https://data.sf.gov/d/wv5m-vpq2?row_id=20250061002F
SF00235,318 LOMBARD ST,San Francisco,CA,,1925,2,F,Flats & Duplex,DataSF wv5m-vpq2 (2025 roll),2026-10-04T04:36Z,20250061002H,https://data.sf.gov/d/wv5m-vpq2?row_id=20250061002H
SF00236,324 LOMBARD ST,San Francisco,CA,,1925,2,F,Flats & Duplex,DataSF wv5m-vpq2 (2025 roll),2026-10-04T04:36Z,20250061002I,https://data.sf.gov/d/wv5m-vpq2?row_id=20250061002I
SF00237,330 LOMBARD ST,San Francisco,CA,,1926,2,F,Flats & Duplex,DataSF wv5m-vpq2 (2025 roll),2026-10-04T04:36Z,20250061002J,https://data.sf.gov/d/wv5m-vpq2?row_id=20250061002J
SF00238,370 LOMBARD ST,San Francisco,CA,,1912,6,F5,Flats 5 to 14 units,DataSF wv5m-vpq2 (2025 roll),2026-10-04T04:36Z,20250061007,https://data.sf.gov/d/wv5m-vpq2?row_id=20250061007
SF00239,374 LOMBARD ST,San Francisco,CA,,1907,5,A5,Apartment 5 to 14 Units,DataSF wv5m-vpq2 (2025 roll),2026-10-04T04:36Z,20250061008,https://data.sf.gov/d/wv5m-vpq2?row_id=20250061008
SF00240,396 LOMBARD ST,San Francisco,CA,,1926,4,A,Apartment 4 units or less,DataSF wv5m-vpq2 (2025 roll),2026-10-04T04:36Z,20250061009,https://data.sf.gov/d/wv5m-vpq2?row_id=20250061009
SF00241,1806 GRANT AV,San Francisco,CA,,1906,3,F,Flats & Duplex,DataSF wv5m-vpq2 (2025 roll),2026-10-04T04:36Z,20250061010,https://data.sf.gov/d/wv5m-vpq2?row_id=20250061010
SF00242,1820 GRANT AV,San Francisco,CA,,1912,6,A5,Apartment 5 to 14 Units,DataSF wv5m-vpq2 (2025 roll),2026-10-04T04:36Z,20250061012,https://data.sf.gov/d/wv5m-vpq2?row_id=20250061012
SF00243,40 WHITING ST,San Francisco,CA,,1966,2,F,Flats & Duplex,DataSF wv5m-vpq2 (2025 roll),2026-10-04T04:36Z,20250061013,https://data.sf.gov/d/wv5m-vpq2?row_id=20250061013
SF00244,1834 GRANT AV,San Francisco,CA,,1915,2,F,Flats & Duplex,DataSF wv5m-vpq2 (2025 roll),2026-10-04T04:36Z,20250061017,https://data.sf.gov/d/wv5m-vpq2?row_id=20250061017
SF00245,1838 GRANT AV,San Francisco,CA,,1915,2,F,Flats & Duplex,DataSF wv5m-vpq2 (2025 roll),2026-10-04T04:36Z,20250061018,https://data.sf.gov/d/wv5m-vpq2?row_id=20250061018
SF00246,1844 GRANT AV,San Francisco,CA,,1916,2,F,Flats & Duplex,DataSF wv5m-vpq2 (2025 roll),2026-10-04T04:36Z,20250061019,https://data.sf.gov/d/wv5m-vpq2?row_id=20250061019
SF00247,1860 GRANT AV,San Francisco,CA,,1933,3,F,Flats & Duplex,DataSF wv5m-vpq2 (2025 roll),2026-10-04T04:36Z,20250061020A,https://data.sf.gov/d/wv5m-vpq2?row_id=20250061020A
SF00248,289 CHESTNUT ST,San Francisco,CA,,1954,6,A5,Apartment 5 to 14 Units,DataSF wv5m-vpq2 (2025 roll),2026-10-04T04:36Z,20250061021,https://data.sf.gov/d/wv5m-vpq2?row_id=20250061021
SF00249,281 CHESTNUT ST,San Francisco,CA,,2000,2,DD,2 Dwellings on 1 Parcel 4 units or less,DataSF wv5m-vpq2 (2025 roll),2026-10-04T04:36Z,20250061021A,https://data.sf.gov/d/wv5m-vpq2?row_id=20250061021A
SF00250,340 LOMBARD ST,San Francisco,CA,,1996,3,F,Flats & Duplex,DataSF wv5m-vpq2 (2025 roll),2026-10-04T04:36Z,20250061025,https://data.sf.gov/d/wv5m-vpq2?row_id=20250061025
SF00251,352 LOMBARD ST,San Francisco,CA,,1907,2,F,Flats & Duplex,DataSF wv5m-vpq2 (2025 roll),2026-10-04T04:36Z,20250061026,https://data.sf.gov/d/wv5m-vpq2?row_id=20250061026
SF00252,358 LOMBARD ST,San Francisco,CA,,1907,2,F,Flats & Duplex,DataSF wv5m-vpq2 (2025 roll),2026-10-04T04:36Z,20250061027,https://data.sf.gov/d/wv5m-vpq2?row_id=20250061027
SF00253,2 WHITING ST,San Francisco,CA,,1912,3,A,Apartment 4 units or less,DataSF wv5m-vpq2 (2025 roll),2026-10-04T04:36Z,20250061040,https://data.sf.gov/d/wv5m-vpq2?row_id=20250061040
SF00254,1841 GRANT AV,San Francisco,CA,,1930,4,F,Flats & Duplex,DataSF wv5m-vpq2 (2025 roll),2026-10-04T04:36Z,20250062003,https://data.sf.gov/d/wv5m-vpq2?row_id=20250062003
SF00255,1835 GRANT AV,San Francisco,CA,,1914,3,F,Flats & Duplex,DataSF wv5m-vpq2 (2025 roll),2026-10-04T04:36Z,20250062004,https://data.sf.gov/d/wv5m-vpq2?row_id=20250062004
SF00256,1831 GRANT AV,San Francisco,CA,,1965,8,A5,Apartment 5 to 14 Units,DataSF wv5m-vpq2 (2025 roll),2026-10-04T04:36Z,20250062005,https://data.sf.gov/d/wv5m-vpq2?row_id=20250062005
SF00257,1815 GRANT AV,San Francisco,CA,,1907,3,F,Flats & Duplex,DataSF wv5m-vpq2 (2025 roll),2026-10-04T04:36Z,20250062007,https://data.sf.gov/d/wv5m-vpq2?row_id=20250062007
SF00258,416 LOMBARD ST,San Francisco,CA,,1941,2,F,Flats & Duplex,DataSF wv5m-vpq2 (2025 roll),2026-10-04T04:36Z,20250062011,https://data.sf.gov/d/wv5m-vpq2?row_id=20250062011
SF00259,426 LOMBARD ST,San Francisco,CA,,1915,3,F,Flats & Duplex,DataSF wv5m-vpq2 (2025 roll),2026-10-04T04:36Z,20250062012,https://data.sf.gov/d/wv5m-vpq2?row_id=20250062012
SF00260,434 LOMBARD ST,San Francisco,CA,,1911,7,A5,Apartment 5 to 14 Units,DataSF wv5m-vpq2 (2025 roll),2026-10-04T04:36Z,20250062013,https://data.sf.gov/d/wv5m-vpq2?row_id=20250062013
SF00261,444 LOMBARD ST,San Francisco,CA,,1908,12,A5,Apartment 5 to 14 Units,DataSF wv5m-vpq2 (2025 roll),2026-10-04T04:36Z,20250062014,https://data.sf.gov/d/wv5m-vpq2?row_id=20250062014
SF00262,460 LOMBARD ST,San Francisco,CA,,1906,6,A5,Apartment 5 to 14 Units,DataSF wv5m-vpq2 (2025 roll),2026-10-04T04:36Z,20250062016,https://data.sf.gov/d/wv5m-vpq2?row_id=20250062016
SF00263,468 LOMBARD ST,San Francisco,CA,,1924,3,A,Apartment 4 units or less,DataSF wv5m-vpq2 (2025 roll),2026-10-04T04:36Z,20250062017,https://data.sf.gov/d/wv5m-vpq2?row_id=20250062017
SF00264,490 LOMBARD ST,San Francisco,CA,,1926,9,A5,Apartment 5 to 14 Units,DataSF wv5m-vpq2 (2025 roll),2026-10-04T04:36Z,20250062017B,https://data.sf.gov/d/wv5m-vpq2?row_id=20250062017B
SF00265,1916 STOCKTON ST,San Francisco,CA,,1940,2,F,Flats & Duplex,DataSF wv5m-vpq2 (2025 roll),2026-10-04T04:36Z,20250062017C,https://data.sf.gov/d/wv5m-vpq2?row_id=20250062017C
SF00266,1922 STOCKTON ST,San Francisco,CA,,1940,2,F,Flats & Duplex,DataSF wv5m-vpq2 (2025 roll),2026-10-04T04:36Z,20250062017D,https://data.sf.gov/d/wv5m-vpq2?row_id=20250062017D
SF00267,1934 STOCKTON ST,San Francisco,CA,,1940,2,F,Flats & Duplex,DataSF wv5m-vpq2 (2025 roll),2026-10-04T04:36Z,20250062017E,https://data.sf.gov/d/wv5m-vpq2?row_id=20250062017E
SF00268,1946 STOCKTON ST,San Francisco,CA,,1908,2,F,Flats & Duplex,DataSF wv5m-vpq2 (2025 roll),2026-10-04T04:36Z,20250062019,https://data.sf.gov/d/wv5m-vpq2?row_id=20250062019
SF00269,1952 STOCKTON ST,San Francisco,CA,,1908,4,F,Flats & Duplex,DataSF wv5m-vpq2 (2025 roll),2026-10-04T04:36Z,20250062020,https://data.sf.gov/d/wv5m-vpq2?row_id=20250062020
SF00270,1958 STOCKTON ST,San Francisco,CA,,1906,2,F,Flats & Duplex,DataSF wv5m-vpq2 (2025 roll),2026-10-04T04:36Z,20250062021,https://data.sf.gov/d/wv5m-vpq2?row_id=20250062021
SF00271,379 CHESTNUT ST,San Francisco,CA,,1906,10,A5,Apartment 5 to 14 Units,DataSF wv5m-vpq2 (2025 roll),2026-10-04T04:36Z,20250062022,https://data.sf.gov/d/wv5m-vpq2?row_id=20250062022
SF00272,367 CHESTNUT ST,San Francisco,CA,,1907,9,A5,Apartment 5 to 14 Units,DataSF wv5m-vpq2 (2025 roll),2026-10-04T04:36Z,20250062023,https://data.sf.gov/d/wv5m-vpq2?row_id=20250062023
SF00273,359 CHESTNUT ST,San Francisco,CA,,1925,2,F,Flats & Duplex,DataSF wv5m-vpq2 (2025 roll),2026-10-04T04:36Z,20250062024,https://data.sf.gov/d/wv5m-vpq2?row_id=20250062024
SF00274,355 CHESTNUT ST,San Francisco,CA,,1925,2,F,Flats & Duplex,DataSF wv5m-vpq2 (2025 roll),2026-10-04T04:36Z,20250062024B,https://data.sf.gov/d/wv5m-vpq2?row_id=20250062024B
SF00275,345 CHESTNUT ST,San Francisco,CA,,1961,6,F5,Flats 5 to 14 units,DataSF wv5m-vpq2 (2025 roll),2026-10-04T04:36Z,20250062025,https://data.sf.gov/d/wv5m-vpq2?row_id=20250062025
SF00276,333 CHESTNUT ST,San Francisco,CA,,1906,6,A5,Apartment 5 to 14 Units,DataSF wv5m-vpq2 (2025 roll),2026-10-04T04:36Z,20250062026,https://data.sf.gov/d/wv5m-vpq2?row_id=20250062026
SF00277,327 CHESTNUT ST,San Francisco,CA,,1907,2,F,Flats & Duplex,DataSF wv5m-vpq2 (2025 roll),2026-10-04T04:36Z,20250062027,https://data.sf.gov/d/wv5m-vpq2?row_id=20250062027
SF00278,321 CHESTNUT ST,San Francisco,CA,,1976,5,A5,Apartment 5 to 14 Units,DataSF wv5m-vpq2 (2025 roll),2026-10-04T04:36Z,20250062028,https://data.sf.gov/d/wv5m-vpq2?row_id=20250062028
SF00279,309 CHESTNUT ST,San Francisco,CA,,1915,3,F,Flats & Duplex,DataSF wv5m-vpq2 (2025 roll),2026-10-04T04:36Z,20250062030,https://data.sf.gov/d/wv5m-vpq2?row_id=20250062030
SF00280,1957 STOCKTON ST,San Francisco,CA,,1906,6,A5,Apartment 5 to 14 Units,DataSF wv5m-vpq2 (2025 roll),2026-10-04T04:36Z,20250063001,https://data.sf.gov/d/wv5m-vpq2?row_id=20250063001
SF00281,1951 STOCKTON ST,San Francisco,CA,,1907,3,F,Flats & Duplex,DataSF wv5m-vpq2 (2025 roll),2026-10-04T04:36Z,20250063002,https://data.sf.gov/d/wv5m-vpq2?row_id=20250063002
SF00282,1935 STOCKTON ST,San Francisco,CA,,1907,4,A,Apartment 4 units or less,DataSF wv5m-vpq2 (2025 roll),2026-10-04T04:36Z,20250063004,https://data.sf.gov/d/wv5m-vpq2?row_id=20250063004
SF00283,1929 STOCKTON ST,San Francisco,CA,,1907,7,A5,Apartment 5 to 14 Units,DataSF wv5m-vpq2 (2025 roll),2026-10-04T04:36Z,20250063005,https://data.sf.gov/d/wv5m-vpq2?row_id=20250063005
SF00284,1923 STOCKTON ST,San Francisco,CA,,1907,2,F,Flats & Duplex,DataSF wv5m-vpq2 (2025 roll),2026-10-04T04:36Z,20250063006,https://data.sf.gov/d/wv5m-vpq2?row_id=20250063006
SF00285,1901 STOCKTON ST,San Francisco,CA,,1906,3,FS,Flat & Store 4 units or less,DataSF wv5m-vpq2 (2025 roll),2026-10-04T04:36Z,20250063009,https://data.sf.gov/d/wv5m-vpq2?row_id=20250063009
SF00286,520 LOMBARD ST,San Francisco,CA,,1907,5,F5,Flats 5 to 14 units,DataSF wv5m-vpq2 (2025 roll),2026-10-04T04:36Z,20250063010,https://data.sf.gov/d/wv5m-vpq2?row_id=20250063010
SF00287,526 LOMBARD ST,San Francisco,CA,,1912,3,F,Flats & Duplex,DataSF wv5m-vpq2 (2025 roll),2026-10-04T04:36Z,20250063011,https://data.sf.gov/d/wv5m-vpq2?row_id=20250063011
SF00288,532 LOMBARD ST,San Francisco,CA,,1912,5,F5,Flats 5 to 14 units,DataSF wv5m-vpq2 (2025 roll),2026-10-04T04:36Z,20250063012,https://data.sf.gov/d/wv5m-vpq2?row_id=20250063012
SF00289,538 LOMBARD ST,San Francisco,CA,,1913,6,F5,Flats 5 to 14 units,DataSF wv5m-vpq2 (2025 roll),2026-10-04T04:36Z,20250063013,https://data.sf.gov/d/wv5m-vpq2?row_id=20250063013
SF00290,544 LOMBARD ST,San Francisco,CA,,2004,2,F,Flats & Duplex,DataSF wv5m-vpq2 (2025 roll),2026-10-04T04:36Z,20250063014,https://data.sf.gov/d/wv5m-vpq2?row_id=20250063014
SF00291,548 LOMBARD ST,San Francisco,CA,,1992,7,A5,Apartment 5 to 14 Units,DataSF wv5m-vpq2 (2025 roll),2026-10-04T04:36Z,20250063015,https://data.sf.gov/d/wv5m-vpq2?row_id=20250063015
SF00292,566 LOMBARD ST,San Francisco,CA,,1908,14,A5,Apartment 5 to 14 Units,DataSF wv5m-vpq2 (2025 roll),2026-10-04T04:36Z,20250063017,https://data.sf.gov/d/wv5m-vpq2?row_id=20250063017
SF00293,590 LOMBARD ST,San Francisco,CA,,1926,3,TIC,TIC Bldg 4 units or less,DataSF wv5m-vpq2 (2025 roll),2026-10-04T04:36Z,20250063018,https://data.sf.gov/d/wv5m-vpq2?row_id=20250063018
SF00294,2006 POWELL ST,San Francisco,CA,,1925,2,F,Flats & Duplex,DataSF wv5m-vpq2 (2025 roll),2026-10-04T04:36Z,20250063018A,https://data.sf.gov/d/wv5m-vpq2?row_id=20250063018A
SF00295,2012 POWELL ST,San Francisco,CA,,1925,2,F,Flats & Duplex,DataSF wv5m-vpq2 (2025 roll),2026-10-04T04:36Z,20250063018B,https://data.sf.gov/d/wv5m-vpq2?row_id=20250063018B
SF00296,2018 POWELL ST,San Francisco,CA,,1925,2,F,Flats & Duplex,DataSF wv5m-vpq2 (2025 roll),2026-10-04T04:36Z,20250063018C,https://data.sf.gov/d/wv5m-vpq2?row_id=20250063018C
SF00297,2024 POWELL ST,San Francisco,CA,,1906,4,A,Apartment 4 units or less,DataSF wv5m-vpq2 (2025 roll),2026-10-04T04:36Z,20250063019,https://data.sf.gov/d/wv5m-vpq2?row_id=20250063019
SF00298,2038 POWELL ST,San Francisco,CA,,1956,2,F,Flats & Duplex,DataSF wv5m-vpq2 (2025 roll),2026-10-04T04:36Z,20250063021,https://data.sf.gov/d/wv5m-vpq2?row_id=20250063021
SF00299,2044 POWELL ST,San Francisco,CA,,1908,4,F,Flats & Duplex,DataSF wv5m-vpq2 (2025 roll),2026-10-04T04:36Z,20250063022,https://data.sf.gov/d/wv5m-vpq2?row_id=20250063022
SF00300,2050 POWELL ST,San Francisco,CA,,1906,14,A5,Apartment 5 to 14 Units,DataSF wv5m-vpq2 (2025 roll),2026-10-04T04:36Z,20250063023,https://data.sf.gov/d/wv5m-vpq2?row_id=20250063023
SF00301,475 CHESTNUT ST,San Francisco,CA,,1946,7,A5,Apartment 5 to 14 Units,DataSF wv5m-vpq2 (2025 roll),2026-10-04T04:36Z,20250063024,https://data.sf.gov/d/wv5m-vpq2?row_id=20250063024
SF00302,461 CHESTNUT ST,San Francisco,CA,,1907,7,A5,Apartment 5 to 14 Units,DataSF wv5m-vpq2 (2025 roll),2026-10-04T04:36Z,20250063025,https://data.sf.gov/d/wv5m-vpq2?row_id=20250063025
SF00303,455 CHESTNUT ST,San Francisco,CA,,1907,3,F,Flats & Duplex,DataSF wv5m-vpq2 (2025 roll),2026-10-04T04:36Z,20250063025A,https://data.sf.gov/d/wv5m-vpq2?row_id=20250063025A
SF00304,449 CHESTNUT ST,San Francisco,CA,,1907,4,F,Flats & Duplex,DataSF wv5m-vpq2 (2025 roll),2026-10-04T04:36Z,20250063026,https://data.sf.gov/d/wv5m-vpq2?row_id=20250063026
SF00305,443 CHESTNUT ST,San Francisco,CA,,1907,3,F,Flats & Duplex,DataSF wv5m-vpq2 (2025 roll),2026-10-04T04:36Z,20250063027,https://data.sf.gov/d/wv5m-vpq2?row_id=20250063027
SF00306,437 CHESTNUT ST,San Francisco,CA,,1907,5,F5,Flats 5 to 14 units,DataSF wv5m-vpq2 (2025 roll),2026-10-04T04:36Z,20250063027A,https://data.sf.gov/d/wv5m-vpq2?row_id=20250063027A
SF00307,427 CHESTNUT ST,San Francisco,CA,,1932,6,A5,Apartment 5 to 14 Units,DataSF wv5m-vpq2 (2025 roll),2026-10-04T04:36Z,20250063028,https://data.sf.gov/d/wv5m-vpq2?row_id=20250063028
SF00308,421 CHESTNUT ST,San Francisco,CA,,1907,2,F,Flats & Duplex,DataSF wv5m-vpq2 (2025 roll),2026-10-04T04:36Z,20250063029,https://data.sf.gov/d/wv5m-vpq2?row_id=20250063029
SF00309,2061 POWELL ST,San Francisco,CA,,1907,6,FS5,Flat & Store 5 to 14 units,DataSF wv5m-vpq2 (2025 roll),2026-10-04T04:36Z,20250064001,https://data.sf.gov/d/wv5m-vpq2?row_id=20250064001
SF00310,2055 POWELL ST,San Francisco,CA,,1908,7,A5,Apartment 5 to 14 Units,DataSF wv5m-vpq2 (2025 roll),2026-10-04T04:36Z,20250064002,https://data.sf.gov/d/wv5m-vpq2?row_id=20250064002
SF00311,2049 POWELL ST,San Francisco,CA,,1909,3,F,Flats & Duplex,DataSF wv5m-vpq2 (2025 roll),2026-10-04T04:36Z,20250064003,https://data.sf.gov/d/wv5m-vpq2?row_id=20250064003
SF00312,2043 POWELL ST,San Francisco,CA,,1909,3,F,Flats & Duplex,DataSF wv5m-vpq2 (2025 roll),2026-10-04T04:36Z,20250064004,https://data.sf.gov/d/wv5m-vpq2?row_id=20250064004
SF00313,2035 POWELL ST,San Francisco,CA,,1909,7,FS5,Flat & Store 5 to 14 units,DataSF wv5m-vpq2 (2025 roll),2026-10-04T04:36Z,20250064005,https://data.sf.gov/d/wv5m-vpq2?row_id=20250064005
SF00314,2027 POWELL ST01/2,San Francisco,CA,,1907,8,TIC,TIC Bldg 4 units or less,DataSF wv5m-vpq2 (2025 roll),2026-10-04T04:36Z,20250064006,https://data.sf.gov/d/wv5m-vpq2?row_id=20250064006
SF00315,2017 POWELL ST,San Francisco,CA,,1912,4,F,Flats & Duplex,DataSF wv5m-vpq2 (2025 roll),2026-10-04T04:36Z,20250064007,https://data.sf.gov/d/wv5m-vpq2?row_id=20250064007
SF00316,602 LOMBARD ST,San Francisco,CA,,1926,4,A,Apartment 4 units or less,DataSF wv5m-vpq2 (2025 roll),2026-10-04T04:36Z,20250064009,https://data.sf.gov/d/wv5m-vpq2?row_id=20250064009
SF00317,630 LOMBARD ST,San Francisco,CA,,1925,6,A5,Apartment 5 to 14 Units,DataSF wv5m-vpq2 (2025 roll),2026-10-04T04:36Z,20250064010,https://data.sf.gov/d/wv5m-vpq2?row_id=20250064010
SF00318,634 LOMBARD ST,San Francisco,CA,,1907,8,A5,Apartment 5 to 14 Units,DataSF wv5m-vpq2 (2025 roll),2026-10-04T04:36Z,20250064011,https://data.sf.gov/d/wv5m-vpq2?row_id=20250064011
SF00319,642 LOMBARD ST,San Francisco,CA,,1958,5,A5,Apartment 5 to 14 Units,DataSF wv5m-vpq2 (2025 roll),2026-10-04T04:36Z,20250064012,https://data.sf.gov/d/wv5m-vpq2?row_id=20250064012
SF00320,670 LOMBARD ST,San Francisco,CA,,1929,8,A5,Apartment 5 to 14 Units,DataSF wv5m-vpq2 (2025 roll),2026-10-04T04:36Z,20250064015,https://data.sf.gov/d/wv5m-vpq2?row_id=20250064015
SF00321,680 LOMBARD ST,San Francisco,CA,,1925,2,F,Flats & Duplex,DataSF wv5m-vpq2 (2025 roll),2026-10-04T04:36Z,20250064016,https://data.sf.gov/d/wv5m-vpq2?row_id=20250064016
SF00322,2 VENARD AL,San Francisco,CA,,1917,4,A,Apartment 4 units or less,DataSF wv5m-vpq2 (2025 roll),2026-10-04T04:36Z,20250064016A,https://data.sf.gov/d/wv5m-vpq2?row_id=20250064016A
SF00323,2100 MASON ST,San Francisco,CA,,1912,6,A5,Apartment 5 to 14 Units,DataSF wv5m-vpq2 (2025 roll),2026-10-04T04:36Z,20250064017,https://data.sf.gov/d/wv5m-vpq2?row_id=20250064017
SF00324,2106 MASON ST,San Francisco,CA,,1915,3,F,Flats & Duplex,DataSF wv5m-vpq2 (2025 roll),2026-10-04T04:36Z,20250064018,https://data.sf.gov/d/wv5m-vpq2?row_id=20250064018
SF00325,2112 MASON ST,San Francisco,CA,,1914,3,F,Flats & Duplex,DataSF wv5m-vpq2 (2025 roll),2026-10-04T04:36Z,20250064019,https://data.sf.gov/d/wv5m-vpq2?row_id=20250064019
SF00326,2118 MASON ST,San Francisco,CA,,1907,3,F,Flats & Duplex,DataSF wv5m-vpq2 (2025 roll),2026-10-04T04:36Z,20250064020,https://data.sf.gov/d/wv5m-vpq2?row_id=20250064020
SF00327,2124 MASON ST,San Francisco,CA,,1911,3,F,Flats & Duplex,DataSF wv5m-vpq2 (2025 roll),2026-10-04T04:36Z,20250064021,https://data.sf.gov/d/wv5m-vpq2?row_id=20250064021
SF00328,2130 MASON ST,San Francisco,CA,,1909,3,F,Flats & Duplex,DataSF wv5m-vpq2 (2025 roll),2026-10-04T04:36Z,20250064021A,https://data.sf.gov/d/wv5m-vpq2?row_id=20250064021A
SF00329,2146 MASON ST,San Francisco,CA,,1955,2,F,Flats & Duplex,DataSF wv5m-vpq2 (2025 roll),2026-10-04T04:36Z,20250064023,https://data.sf.gov/d/wv5m-vpq2?row_id=20250064023
SF00330,2150 MASON ST,San Francisco,CA,,1927,3,F,Flats & Duplex,DataSF wv5m-vpq2 (2025 roll),2026-10-04T04:36Z,20250064024,https://data.sf.gov/d/wv5m-vpq2?row_id=20250064024
SF00331,2154 MASON ST,San Francisco,CA,,1925,2,F,Flats & Duplex,DataSF wv5m-vpq2 (2025 roll),2026-10-04T04:36Z,20250064025,https://data.sf.gov/d/wv5m-vpq2?row_id=20250064025
SF00332,2160 MASON ST,San Francisco,CA,,1925,2,F,Flats & Duplex,DataSF wv5m-vpq2 (2025 roll),2026-10-04T04:36Z,20250064025A,https://data.sf.gov/d/wv5m-vpq2?row_id=20250064025A
SF00333,2168 MASON ST,San Francisco,CA,,1915,6,FS5,Flat & Store 5 to 14 units,DataSF wv5m-vpq2 (2025 roll),2026-10-04T04:36Z,20250064026,https://data.sf.gov/d/wv5m-vpq2?row_id=20250064026
SF00334,549 CHESTNUT ST,San Francisco,CA,,1926,5,A5,Apartment 5 to 14 Units,DataSF wv5m-vpq2 (2025 roll),2026-10-04T04:36Z,20250064028,https://data.sf.gov/d/wv5m-vpq2?row_id=20250064028
SF00335,533 CHESTNUT ST,San Francisco,CA,,1926,2,F,Flats & Duplex,DataSF wv5m-vpq2 (2025 roll),2026-10-04T04:36Z,20250064030,https://data.sf.gov/d/wv5m-vpq2?row_id=20250064030
SF00336,525 CHESTNUT ST,San Francisco,CA,,1926,2,F,Flats & Duplex,DataSF wv5m-vpq2 (2025 roll),2026-10-04T04:36Z,20250064030A,https://data.sf.gov/d/wv5m-vpq2?row_id=20250064030A
SF00337,616 LOMBARD ST,San Francisco,CA,,1909,2,F,Flats & Duplex,DataSF wv5m-vpq2 (2025 roll),2026-10-04T04:36Z,20250064032,https://data.sf.gov/d/wv5m-vpq2?row_id=20250064032
SF00338,2165 MASON ST,San Francisco,CA,,1907,4,A,Apartment 4 units or less,DataSF wv5m-vpq2 (2025 roll),2026-10-04T04:36Z,20250065001,https://data.sf.gov/d/wv5m-vpq2?row_id=20250065001
SF00339,2153 MASON ST,San Francisco,CA,,1904,6,A5,Apartment 5 to 14 Units,DataSF wv5m-vpq2 (2025 roll),2026-10-04T04:36Z,20250065002,https://data.sf.gov/d/wv5m-vpq2?row_id=20250065002
SF00340,2147 MASON ST,San Francisco,CA,,1909,3,TIC,TIC Bldg 4 units or less,DataSF wv5m-vpq2 (2025 roll),2026-10-04T04:36Z,20250065003,https://data.sf.gov/d/wv5m-vpq2?row_id=20250065003
SF00341,2141 MASON ST,San Francisco,CA,,1907,6,A5,Apartment 5 to 14 Units,DataSF wv5m-vpq2 (2025 roll),2026-10-04T04:36Z,20250065004,https://data.sf.gov/d/wv5m-vpq2?row_id=20250065004
SF00342,2131 MASON ST,San Francisco,CA,,1912,5,F5,Flats 5 to 14 units,DataSF wv5m-vpq2 (2025 roll),2026-10-04T04:36Z,20250065005,https://data.sf.gov/d/wv5m-vpq2?row_id=20250065005
SF00343,2125 MASON ST,San Francisco,CA,,1906,3,F,Flats & Duplex,DataSF wv5m-vpq2 (2025 roll),2026-10-04T04:36Z,20250065006,https://data.sf.gov/d/wv5m-vpq2?row_id=20250065006
SF00344,724 LOMBARD ST,San Francisco,CA,,1907,8,FS5,Flat & Store 5 to 14 units,DataSF wv5m-vpq2 (2025 roll),2026-10-04T04:36Z,20250065010,https://data.sf.gov/d/wv5m-vpq2?row_id=20250065010
SF00345,33 NEWELL ST,San Francisco,CA,,1906,2,F,Flats & Duplex,DataSF wv5m-vpq2 (2025 roll),2026-10-04T04:36Z,20250065011,https://data.sf.gov/d/wv5m-vpq2?row_id=20250065011
SF00346,786 LOMBARD ST,San Francisco,CA,,1915,11,FS5,Flat & Store 5 to 14 units,DataSF wv5m-vpq2 (2025 roll),2026-10-04T04:36Z,20250065015A,https://data.sf.gov/d/wv5m-vpq2?row_id=20250065015A
SF00347,2230 TAYLOR ST,San Francisco,CA,,1927,4,A,Apartment 4 units or less,DataSF wv5m-vpq2 (2025 roll),2026-10-04T04:36Z,20250065016,https://data.sf.gov/d/wv5m-vpq2?row_id=20250065016
SF00348,947 COLUMBUS AV,San Francisco,CA,,1917,6,A5,Apartment 5 to 14 Units,DataSF wv5m-vpq2 (2025 roll),2026-10-04T04:36Z,20250065017,https://data.sf.gov/d/wv5m-vpq2?row_id=20250065017
SF00349,645 CHESTNUT ST,San Francisco,CA,,1900,2,FS,Flat & Store 4 units or less,DataSF wv5m-vpq2 (2025 roll),2026-10-04T04:36Z,20250065021,https://data.sf.gov/d/wv5m-vpq2?row_id=20250065021
SF00350,619 CHESTNUT ST,San Francisco,CA,,1907,4,A,Apartment 4 units or less,DataSF wv5m-vpq2 (2025 roll),2026-10-04T04:36Z,20250065024,https://data.sf.gov/d/wv5m-vpq2?row_id=20250065024
SF00351,700 LOMBARD ST,San Francisco,CA,,1907,6,FS5,Flat & Store 5 to 14 units,DataSF wv5m-vpq2 (2025 roll),2026-10-04T04:36Z,20250065025,https://data.sf.gov/d/wv5m-vpq2?row_id=20250065025
SF00352,720 LOMBARD ST,San Francisco,CA,,1989,9,FS5,Flat & Store 5 to 14 units,DataSF wv5m-vpq2 (2025 roll),2026-10-04T04:36Z,20250065026,https://data.sf.gov/d/wv5m-vpq2?row_id=20250065026
SF00353,2227 TAYLOR ST,San Francisco,CA,,1907,12,A5,Apartment 5 to 14 Units,DataSF wv5m-vpq2 (2025 roll),2026-10-04T04:36Z,20250066002,https://data.sf.gov/d/wv5m-vpq2?row_id=20250066002
SF00354,2205 TAYLOR ST,San Francisco,CA,,1929,5,A5,Apartment 5 to 14 Units,DataSF wv5m-vpq2 (2025 roll),2026-10-04T04:36Z,20250066003,https://data.sf.gov/d/wv5m-vpq2?row_id=20250066003
SF00355,800 LOMBARD ST,San Francisco,CA,,1929,5,A5,Apartment 5 to 14 Units,DataSF wv5m-vpq2 (2025 roll),2026-10-04T04:36Z,20250066003A,https://data.sf.gov/d/wv5m-vpq2?row_id=20250066003A
SF00356,854 LOMBARD ST,San Francisco,CA,,1906,9,A5,Apartment 5 to 14 Units,DataSF wv5m-vpq2 (2025 roll),2026-10-04T04:36Z,20250066007,https://data.sf.gov/d/wv5m-vpq2?row_id=20250066007
SF00357,868 LOMBARD ST,San Francisco,CA,,1910,3,F,Flats & Duplex,DataSF wv5m-vpq2 (2025 roll),2026-10-04T04:36Z,20250066008,https://data.sf.gov/d/wv5m-vpq2?row_id=20250066008
SF00358,874 LOMBARD ST,San Francisco,CA,,1913,5,TIC,TIC Bldg 4 units or less,DataSF wv5m-vpq2 (2025 roll),2026-10-04T04:36Z,20250066009,https://data.sf.gov/d/wv5m-vpq2?row_id=20250066009
SF00359,886 LOMBARD ST,San Francisco,CA,,1907,3,F,Flats & Duplex,DataSF wv5m-vpq2 (2025 roll),2026-10-04T04:36Z,20250066011,https://data.sf.gov/d/wv5m-vpq2?row_id=20250066011
SF00360,892 LOMBARD ST,San Francisco,CA,,1912,6,A5,Apartment 5 to 14 Units,DataSF wv5m-vpq2 (2025 roll),2026-10-04T04:36Z,20250066012,https://data.sf.gov/d/wv5m-vpq2?row_id=20250066012
SF00361,2324 JONES ST,San Francisco,CA,,1909,3,F,Flats & Duplex,DataSF wv5m-vpq2 (2025 roll),2026-10-04T04:36Z,20250066013,https://data.sf.gov/d/wv5m-vpq2?row_id=20250066013
SF00362,2332 JONES ST,San Francisco,CA,,1914,5,A5,Apartment 5 to 14 Units,DataSF wv5m-vpq2 (2025 roll),2026-10-04T04:36Z,20250066014,https://data.sf.gov/d/wv5m-vpq2?row_id=20250066014
SF00363,2342 JONES ST,San Francisco,CA,,1913,5,F5,Flats 5 to 14 units,DataSF wv5m-vpq2 (2025 roll),2026-10-04T04:36Z,20250066016,https://data.sf.gov/d/wv5m-vpq2?row_id=20250066016
SF00364,2348 JONES ST,San Francisco,CA,,1912,3,F,Flats & Duplex,DataSF wv5m-vpq2 (2025 roll),2026-10-04T04:36Z,20250066017,https://data.sf.gov/d/wv5m-vpq2?row_id=20250066017
SF00365,2356 JONES ST,San Francisco,CA,,1917,2,F,Flats & Duplex,DataSF wv5m-vpq2 (2025 roll),2026-10-04T04:36Z,20250066018,https://data.sf.gov/d/wv5m-vpq2?row_id=20250066018
SF00366,2360 JONES ST,San Francisco,CA,,1915,3,F,Flats & Duplex,DataSF wv5m-vpq2 (2025 roll),2026-10-04T04:36Z,20250066019,https://data.sf.gov/d/wv5m-vpq2?row_id=20250066019
SF00367,779 CHESTNUT ST,San Francisco,CA,,1912,2,F,Flats & Duplex,DataSF wv5m-vpq2 (2025 roll),2026-10-04T04:36Z,20250066020,https://data.sf.gov/d/wv5m-vpq2?row_id=20250066020
SF00368,773 CHESTNUT ST,San Francisco,CA,,1927,2,F,Flats & Duplex,DataSF wv5m-vpq2 (2025 roll),2026-10-04T04:36Z,20250066021,https://data.sf.gov/d/wv5m-vpq2?row_id=20250066021
SF00369,767 CHESTNUT ST,San Francisco,CA,,1912,3,F,Flats & Duplex,DataSF wv5m-vpq2 (2025 roll),2026-10-04T04:36Z,20250066022,https://data.sf.gov/d/wv5m-vpq2?row_id=20250066022
SF00370,715 CHESTNUT ST,San Francisco,CA,,1968,6,FS5,Flat & Store 5 to 14 units,DataSF wv5m-vpq2 (2025 roll),2026-10-04T04:36Z,20250066026,https://data.sf.gov/d/wv5m-vpq2?row_id=20250066026
SF00371,733 CHESTNUT ST,San Francisco,CA,,1958,7,TIC,TIC Bldg 4 units or less,DataSF wv5m-vpq2 (2025 roll),2026-10-04T04:36Z,20250066028,https://data.sf.gov/d/wv5m-vpq2?row_id=20250066028
SF00372,727 CHESTNUT ST,San Francisco,CA,,1912,10,A5,Apartment 5 to 14 Units,DataSF wv5m-vpq2 (2025 roll),2026-10-04T04:36Z,20250066029,https://data.sf.gov/d/wv5m-vpq2?row_id=20250066029
SF00373,801 CHESTNUT ST,San Francisco,CA,,1926,5,A5,Apartment 5 to 14 Units,DataSF wv5m-vpq2 (2025 roll),2026-10-04T04:36Z,20250067001,https://data.sf.gov/d/wv5m-vpq2?row_id=20250067001
SF00374,2355 JONES ST,San Francisco,CA,,1909,5,A5,Apartment 5 to 14 Units,DataSF wv5m-vpq2 (2025 roll),2026-10-04T04:36Z,20250067002,https://data.sf.gov/d/wv5m-vpq2?row_id=20250067002
SF00375,2345 JONES ST,San Francisco,CA,,1917,3,F,Flats & Duplex,DataSF wv5m-vpq2 (2025 roll),2026-10-04T04:36Z,20250067003,https://data.sf.gov/d/wv5m-vpq2?row_id=20250067003
SF00376,2339 JONES ST,San Francisco,CA,,1917,3,F,Flats & Duplex,DataSF wv5m-vpq2 (2025 roll),2026-10-04T04:36Z,20250067003A,https://data.sf.gov/d/wv5m-vpq2?row_id=20250067003A
SF00377,2325 JONES ST,San Francisco,CA,,1921,3,F,Flats & Duplex,DataSF wv5m-vpq2 (2025 roll),2026-10-04T04:36Z,20250067005,https://data.sf.gov/d/wv5m-vpq2?row_id=20250067005
SF00378,2317 JONES ST,San Francisco,CA,,1910,2,F,Flats & Duplex,DataSF wv5m-vpq2 (2025 roll),2026-10-04T04:36Z,20250067006,https://data.sf.gov/d/wv5m-vpq2?row_id=20250067006
SF00379,2313 JONES ST,San Francisco,CA,,1936,2,F,Flats & Duplex,DataSF wv5m-vpq2 (2025 roll),2026-10-04T04:36Z,20250067007,https://data.sf.gov/d/wv5m-vpq2?row_id=20250067007
SF00380,928 LOMBARD ST,San Francisco,CA,,1909,2,F,Flats & Duplex,DataSF wv5m-vpq2 (2025 roll),2026-10-04T04:36Z,20250067009,https://data.sf.gov/d/wv5m-vpq2?row_id=20250067009
SF00381,2320 LEAVENWORTH ST,San Francisco,CA,,1913,2,A,Apartment 4 units or less,DataSF wv5m-vpq2 (2025 roll),2026-10-04T04:36Z,20250067013G,https://data.sf.gov/d/wv5m-vpq2?row_id=20250067013G
SF00382,2355 LEAVENWORTH ST,San Francisco,CA,,1928,36,A15,Apartment 15 Units or more,DataSF wv5m-vpq2 (2025 roll),2026-10-04T04:36Z,20250068001,https://data.sf.gov/d/wv5m-vpq2?row_id=20250068001
SF00383,2347 LEAVENWORTH ST,San Francisco,CA,,1908,3,F,Flats & Duplex,DataSF wv5m-vpq2 (2025 roll),2026-10-04T04:36Z,20250068003,https://data.sf.gov/d/wv5m-vpq2?row_id=20250068003
SF00384,1000 LOMBARD ST,San Francisco,CA,,1914,3,A,Apartment 4 units or less,DataSF wv5m-vpq2 (2025 roll),2026-10-04T04:36Z,20250068006,https://data.sf.gov/d/wv5m-vpq2?row_id=20250068006
SF00385,1016 LOMBARD ST,San Francisco,CA,,1912,2,F,Flats & Duplex,DataSF wv5m-vpq2 (2025 roll),2026-10-04T04:36Z,20250068008,https://data.sf.gov/d/wv5m-vpq2?row_id=20250068008
SF00386,2 MONTCLAIR TE,San Francisco,CA,,1910,2,F,Flats & Duplex,DataSF wv5m-vpq2 (2025 roll),2026-10-04T04:36Z,20250068011,https://data.sf.gov/d/wv5m-vpq2?row_id=20250068011
SF00387,2323 HYDE ST,San Francisco,CA,,1900,2,DD,2 Dwellings on 1 Parcel 4 units or less,DataSF wv5m-vpq2 (2025 roll),2026-10-04T04:36Z,20250069005,https://data.sf.gov/d/wv5m-vpq2?row_id=20250069005
SF00388,2626 LARKIN ST,San Francisco,CA,,2013,2,DD,2 Dwellings on 1 Parcel 4 units or less,DataSF wv5m-vpq2 (2025 roll),2026-10-04T04:36Z,20250069011,https://data.sf.gov/d/wv5m-vpq2?row_id=20250069011
SF00389,2632 LARKIN ST,San Francisco,CA,,1922,8,A5,Apartment 5 to 14 Units,DataSF wv5m-vpq2 (2025 roll),2026-10-04T04:36Z,20250069012,https://data.sf.gov/d/wv5m-vpq2?row_id=20250069012
SF00390,2638 LARKIN ST,San Francisco,CA,,1900,3,F,Flats & Duplex,DataSF wv5m-vpq2 (2025 roll),2026-10-04T04:36Z,20250069013,https://data.sf.gov/d/wv5m-vpq2?row_id=20250069013
SF00391,2652 LARKIN ST,San Francisco,CA,,1900,2,F,Flats & Duplex,DataSF wv5m-vpq2 (2025 roll),2026-10-04T04:36Z,20250069015,https://data.sf.gov/d/wv5m-vpq2?row_id=20250069015
SF00392,1100 LOMBARD ST,San Francisco,CA,,1900,6,A5,Apartment 5 to 14 Units,DataSF wv5m-vpq2 (2025 roll),2026-10-04T04:36Z,20250069081,https://data.sf.gov/d/wv5m-vpq2?row_id=20250069081
SF00393,2233 LEAVENWORTH ST,San Francisco,CA,,1908,3,F,Flats & Duplex,DataSF wv5m-vpq2 (2025 roll),2026-10-04T04:36Z,20250071003,https://data.sf.gov/d/wv5m-vpq2?row_id=20250071003
SF00394,1120 GREENWICH ST,San Francisco,CA,,1940,5,A5,Apartment 5 to 14 Units,DataSF wv5m-vpq2 (2025 roll),2026-10-04T04:36Z,20250071005E,https://data.sf.gov/d/wv5m-vpq2?row_id=20250071005E
SF00395,1132 GREENWICH ST,San Francisco,CA,,1939,2,F,Flats & Duplex,DataSF wv5m-vpq2 (2025 roll),2026-10-04T04:36Z,20250071005G,https://data.sf.gov/d/wv5m-vpq2?row_id=20250071005G
SF00396,1140 GREENWICH ST,San Francisco,CA,,1948,4,A,Apartment 4 units or less,DataSF wv5m-vpq2 (2025 roll),2026-10-04T04:36Z,20250071005H,https://data.sf.gov/d/wv5m-vpq2?row_id=20250071005H
SF00397,1150 GREENWICH ST,San Francisco,CA,,1948,4,A,Apartment 4 units or less,DataSF wv5m-vpq2 (2025 roll),2026-10-04T04:36Z,20250071005I,https://data.sf.gov/d/wv5m-vpq2?row_id=20250071005I
SF00398,2200 HYDE ST,San Francisco,CA,,1911,5,A5,Apartment 5 to 14 Units,DataSF wv5m-vpq2 (2025 roll),2026-10-04T04:36Z,20250071010,https://data.sf.gov/d/wv5m-vpq2?row_id=20250071010
SF00399,2238 HYDE ST,San Francisco,CA,,1928,17,A15,Apartment 15 Units or more,DataSF wv5m-vpq2 (2025 roll),2026-10-04T04:36Z,20250071012,https://data.sf.gov/d/wv5m-vpq2?row_id=20250071012
SF00400,2264 HYDE ST,San Francisco,CA,,1914,3,F,Flats & Duplex,DataSF wv5m-vpq2 (2025 roll),2026-10-04T04:36Z,20250071015,https://data.sf.gov/d/wv5m-vpq2?row_id=20250071015
SF00401,1083 LOMBARD ST,San Francisco,CA,,1909,6,A5,Apartment 5 to 14 Units,DataSF wv5m-vpq2 (2025 roll),2026-10-04T04:36Z,20250071016,https://data.sf.gov/d/wv5m-vpq2?row_id=20250071016
SF00402,1047 LOMBARD ST,San Francisco,CA,,1948,2,F,Flats & Duplex,DataSF wv5m-vpq2 (2025 roll),2026-10-04T04:36Z,20250071021,https://data.sf.gov/d/wv5m-vpq2?row_id=20250071021
SF00403,1033 LOMBARD ST,San Francisco,CA,,1941,3,F,Flats & Duplex,DataSF wv5m-vpq2 (2025 roll),2026-10-04T04:36Z,20250071021A,https://data.sf.gov/d/wv5m-vpq2?row_id=20250071021A
SF00404,1168 GREENWICH ST,San Francisco,CA,,1975,4,A,Apartment 4 units or less,DataSF wv5m-vpq2 (2025 roll),2026-10-04T04:36Z,20250071023,https://data.sf.gov/d/wv5m-vpq2?row_id=20250071023
SF00405,1071 LOMBARD ST,San Francisco,CA,,1907,2,F,Flats & Duplex,DataSF wv5m-vpq2 (2025 roll),2026-10-04T04:36Z,20250071030,https://data.sf.gov/d/wv5m-vpq2?row_id=20250071030
SF00406,1016 GREENWICH ST,San Francisco,CA,,1908,4,F,Flats & Duplex,DataSF wv5m-vpq2 (2025 roll),2026-10-04T04:36Z,20250072003,https://data.sf.gov/d/wv5m-vpq2?row_id=20250072003
SF00407,1022 GREENWICH ST,San Francisco,CA,,1908,3,F,Flats & Duplex,DataSF wv5m-vpq2 (2025 roll),2026-10-04T04:36Z,20250072003A,https://data.sf.gov/d/wv5m-vpq2?row_id=20250072003A
SF00408,1050 GREENWICH ST,San Francisco,CA,,1907,4,A,Apartment 4 units or less,DataSF wv5m-vpq2 (2025 roll),2026-10-04T04:36Z,20250072006,https://data.sf.gov/d/wv5m-vpq2?row_id=20250072006
SF00409,2200 LEAVENWORTH ST,San Francisco,CA,,1928,36,A15,Apartment 15 Units or more,DataSF wv5m-vpq2 (2025 roll),2026-10-04T04:36Z,20250072008,https://data.sf.gov/d/wv5m-vpq2?row_id=20250072008
SF00410,2222 LEAVENWORTH ST,San Francisco,CA,,1929,24,A15,Apartment 15 Units or more,DataSF wv5m-vpq2 (2025 roll),2026-10-04T04:36Z,20250072008A,https://data.sf.gov/d/wv5m-vpq2?row_id=20250072008A
SF00411,2230 LEAVENWORTH ST,San Francisco,CA,,1929,7,A5,Apartment 5 to 14 Units,DataSF wv5m-vpq2 (2025 roll),2026-10-04T04:36Z,20250072008B,https://data.sf.gov/d/wv5m-vpq2?row_id=20250072008B
SF00412,2246 LEAVENWORTH ST,San Francisco,CA,,1912,3,F,Flats & Duplex,DataSF wv5m-vpq2 (2025 roll),2026-10-04T04:36Z,20250072010,https://data.sf.gov/d/wv5m-vpq2?row_id=20250072010
SF00413,985 LOMBARD ST,San Francisco,CA,,1908,3,F,Flats & Duplex,DataSF wv5m-vpq2 (2025 roll),2026-10-04T04:36Z,20250072015,https://data.sf.gov/d/wv5m-vpq2?row_id=20250072015
SF00414,975 LOMBARD ST,San Francisco,CA,,1907,2,F,Flats & Duplex,DataSF wv5m-vpq2 (2025 roll),2026-10-04T04:36Z,20250072016,https://data.sf.gov/d/wv5m-vpq2?row_id=20250072016
SF00415,961 LOMBARD ST,San Francisco,CA,,1910,2,F,Flats & Duplex,DataSF wv5m-vpq2 (2025 roll),2026-10-04T04:36Z,20250072018,https://data.sf.gov/d/wv5m-vpq2?row_id=20250072018
SF00416,2201 JONES ST,San Francisco,CA,,1909,6,A5,Apartment 5 to 14 Units,DataSF wv5m-vpq2 (2025 roll),2026-10-04T04:36Z,20250072022,https://data.sf.gov/d/wv5m-vpq2?row_id=20250072022
SF00417,1040 GREENWICH ST,San Francisco,CA,,1962,23,A15,Apartment 15 Units or more,DataSF wv5m-vpq2 (2025 roll),2026-10-04T04:36Z,20250072023,https://data.sf.gov/d/wv5m-vpq2?row_id=20250072023
SF00418,949 LOMBARD ST,San Francisco,CA,,1925,3,F,Flats & Duplex,DataSF wv5m-vpq2 (2025 roll),2026-10-04T04:36Z,20250072048,https://data.sf.gov/d/wv5m-vpq2?row_id=20250072048
SF00419,2153 TAYLOR ST,San Francisco,CA,,1916,3,F,Flats & Duplex,DataSF wv5m-vpq2 (2025 roll),2026-10-04T04:36Z,20250073001A,https://data.sf.gov/d/wv5m-vpq2?row_id=20250073001A
SF00420,2147 TAYLOR ST,San Francisco,CA,,1916,3,F,Flats & Duplex,DataSF wv5m-vpq2 (2025 roll),2026-10-04T04:36Z,20250073002,https://data.sf.gov/d/wv5m-vpq2?row_id=20250073002
SF00421,2141 TAYLOR ST,San Francisco,CA,,1916,3,F,Flats & Duplex,DataSF wv5m-vpq2 (2025 roll),2026-10-04T04:36Z,20250073002B,https://data.sf.gov/d/wv5m-vpq2?row_id=20250073002B
SF00422,2127 TAYLOR ST,San Francisco,CA,,1922,14,A5,Apartment 5 to 14 Units,DataSF wv5m-vpq2 (2025 roll),2026-10-04T04:36Z,20250073003,https://data.sf.gov/d/wv5m-vpq2?row_id=20250073003
SF00423,916 GREENWICH ST,San Francisco,CA,,1909,3,F,Flats & Duplex,DataSF wv5m-vpq2 (2025 roll),2026-10-04T04:36Z,20250073005,https://data.sf.gov/d/wv5m-vpq2?row_id=20250073005
SF00424,922 GREENWICH ST,San Francisco,CA,,1909,3,F,Flats & Duplex,DataSF wv5m-vpq2 (2025 roll),2026-10-04T04:36Z,20250073005A,https://data.sf.gov/d/wv5m-vpq2?row_id=20250073005A
SF00425,928 GREENWICH ST,San Francisco,CA,,1909,3,F,Flats & Duplex,DataSF wv5m-vpq2 (2025 roll),2026-10-04T04:36Z,20250073005B,https://data.sf.gov/d/wv5m-vpq2?row_id=20250073005B
SF00426,934 GREENWICH ST,San Francisco,CA,,1908,9,A5,Apartment 5 to 14 Units,DataSF wv5m-vpq2 (2025 roll),2026-10-04T04:36Z,20250073006,https://data.sf.gov/d/wv5m-vpq2?row_id=20250073006
SF00427,946 GREENWICH ST,San Francisco,CA,,1908,3,F,Flats & Duplex,DataSF wv5m-vpq2 (2025 roll),2026-10-04T04:36Z,20250073007,https://data.sf.gov/d/wv5m-vpq2?row_id=20250073007
SF00428,950 GREENWICH ST,San Francisco,CA,,1907,3,F,Flats & Duplex,DataSF wv5m-vpq2 (2025 roll),2026-10-04T04:36Z,20250073008,https://data.sf.gov/d/wv5m-vpq2?row_id=20250073008
SF00429,956 GREENWICH ST,San Francisco,CA,,1908,3,F,Flats & Duplex,DataSF wv5m-vpq2 (2025 roll),2026-10-04T04:36Z,20250073009,https://data.sf.gov/d/wv5m-vpq2?row_id=20250073009
SF00430,962 GREENWICH ST,San Francisco,CA,,1965,5,F5,Flats 5 to 14 units,DataSF wv5m-vpq2 (2025 roll),2026-10-04T04:36Z,20250073009A,https://data.sf.gov/d/wv5m-vpq2?row_id=20250073009A
SF00431,978 GREENWICH ST,San Francisco,CA,,1908,3,F,Flats & Duplex,DataSF wv5m-vpq2 (2025 roll),2026-10-04T04:36Z,20250073011,https://data.sf.gov/d/wv5m-vpq2?row_id=20250073011
SF00432,990 GREENWICH ST,San Francisco,CA,,1974,3,A,Apartment 4 units or less,DataSF wv5m-vpq2 (2025 roll),2026-10-04T04:36Z,20250073012,https://data.sf.gov/d/wv5m-vpq2?row_id=20250073012
SF00433,2214 JONES ST,San Francisco,CA,,1908,3,F,Flats & Duplex,DataSF wv5m-vpq2 (2025 roll),2026-10-04T04:36Z,20250073014,https://data.sf.gov/d/wv5m-vpq2?row_id=20250073014
SF00434,2222 JONES ST,San Francisco,CA,,1907,3,F,Flats & Duplex,DataSF wv5m-vpq2 (2025 roll),2026-10-04T04:36Z,20250073015,https://data.sf.gov/d/wv5m-vpq2?row_id=20250073015
SF00435,2228 JONES ST,San Francisco,CA,,1907,6,A5,Apartment 5 to 14 Units,DataSF wv5m-vpq2 (2025 roll),2026-10-04T04:36Z,20250073016,https://data.sf.gov/d/wv5m-vpq2?row_id=20250073016
SF00436,2238 JONES ST,San Francisco,CA,,1925,2,F,Flats & Duplex,DataSF wv5m-vpq2 (2025 roll),2026-10-04T04:36Z,20250073017,https://data.sf.gov/d/wv5m-vpq2?row_id=20250073017
SF00437,875 LOMBARD ST,San Francisco,CA,,1968,3,F,Flats & Duplex,DataSF wv5m-vpq2 (2025 roll),2026-10-04T04:36Z,20250073017A,https://data.sf.gov/d/wv5m-vpq2?row_id=20250073017A
SF00438,867 LOMBARD ST,San Francisco,CA,,1924,2,F,Flats & Duplex,DataSF wv5m-vpq2 (2025 roll),2026-10-04T04:36Z,20250073017B,https://data.sf.gov/d/wv5m-vpq2?row_id=20250073017B
SF00439,2256 JONES ST,San Francisco,CA,,1914,2,F,Flats & Duplex,DataSF wv5m-vpq2 (2025 roll),2026-10-04T04:36Z,20250073017C,https://data.sf.gov/d/wv5m-vpq2?row_id=20250073017C
SF00440,2266 JONES ST,San Francisco,CA,,1924,2,F,Flats & Duplex,DataSF wv5m-vpq2 (2025 roll),2026-10-04T04:36Z,20250073017D,https://data.sf.gov/d/wv5m-vpq2?row_id=20250073017D
SF00441,2250 JONES ST,San Francisco,CA,,1922,2,F,Flats & Duplex,DataSF wv5m-vpq2 (2025 roll),2026-10-04T04:36Z,20250073017E,https://data.sf.gov/d/wv5m-vpq2?row_id=20250073017E
SF00442,2244 JONES ST,San Francisco,CA,,1925,2,F,Flats & Duplex,DataSF wv5m-vpq2 (2025 roll),2026-10-04T04:36Z,20250073017F,https://data.sf.gov/d/wv5m-vpq2?row_id=20250073017F
SF00443,881 LOMBARD ST,San Francisco,CA,,1926,2,F,Flats & Duplex,DataSF wv5m-vpq2 (2025 roll),2026-10-04T04:36Z,20250073017G,https://data.sf.gov/d/wv5m-vpq2?row_id=20250073017G
SF00444,857 LOMBARD ST,San Francisco,CA,,1924,5,A,Apartment 4 units or less,DataSF wv5m-vpq2 (2025 roll),2026-10-04T04:36Z,20250073018,https://data.sf.gov/d/wv5m-vpq2?row_id=20250073018
SF00445,847 LOMBARD ST,San Francisco,CA,,1917,3,TIC,TIC Bldg 4 units or less,DataSF wv5m-vpq2 (2025 roll),2026-10-04T04:36Z,20250073018A,https://data.sf.gov/d/wv5m-vpq2?row_id=20250073018A
SF00446,853 LOMBARD ST,San Francisco,CA,,1925,3,F,Flats & Duplex,DataSF wv5m-vpq2 (2025 roll),2026-10-04T04:36Z,20250073018B,https://data.sf.gov/d/wv5m-vpq2?row_id=20250073018B
SF00447,841 LOMBARD ST,San Francisco,CA,,1911,3,F,Flats & Duplex,DataSF wv5m-vpq2 (2025 roll),2026-10-04T04:36Z,20250073019,https://data.sf.gov/d/wv5m-vpq2?row_id=20250073019
SF00448,835 LOMBARD ST,San Francisco,CA,,1925,3,F,Flats & Duplex,DataSF wv5m-vpq2 (2025 roll),2026-10-04T04:36Z,20250073020,https://data.sf.gov/d/wv5m-vpq2?row_id=20250073020
SF00449,827 LOMBARD ST,San Francisco,CA,,1925,3,F,Flats & Duplex,DataSF wv5m-vpq2 (2025 roll),2026-10-04T04:36Z,20250073021,https://data.sf.gov/d/wv5m-vpq2?row_id=20250073021
SF00450,819 LOMBARD ST,San Francisco,CA,,1907,6,A5,Apartment 5 to 14 Units,DataSF wv5m-vpq2 (2025 roll),2026-10-04T04:36Z,20250073022,https://data.sf.gov/d/wv5m-vpq2?row_id=20250073022
SF00451,908 GREENWICH ST,San Francisco,CA,,1925,2,F,Flats & Duplex,DataSF wv5m-vpq2 (2025 roll),2026-10-04T04:36Z,20250073024,https://data.sf.gov/d/wv5m-vpq2?row_id=20250073024
SF00452,810 GREENWICH ST,San Francisco,CA,,1907,7,A5,Apartment 5 to 14 Units,DataSF wv5m-vpq2 (2025 roll),2026-10-04T04:36Z,20250074003A,https://data.sf.gov/d/wv5m-vpq2?row_id=20250074003A
SF00453,2005 MASON ST,San Francisco,CA,,1929,4,A,Apartment 4 units or less,DataSF wv5m-vpq2 (2025 roll),2026-10-04T04:36Z,20250074003C,https://data.sf.gov/d/wv5m-vpq2?row_id=20250074003C
SF00454,801 COLUMBUS AV,San Francisco,CA,,1933,3,FS,Flat & Store 4 units or less,DataSF wv5m-vpq2 (2025 roll),2026-10-04T04:36Z,20250074003D,https://data.sf.gov/d/wv5m-vpq2?row_id=20250074003D
SF00455,800 GREENWICH ST,San Francisco,CA,,1908,2,FS,Flat & Store 4 units or less,DataSF wv5m-vpq2 (2025 roll),2026-10-04T04:36Z,20250074004,https://data.sf.gov/d/wv5m-vpq2?row_id=20250074004
SF00456,840 GREENWICH ST,San Francisco,CA,,1908,10,A5,Apartment 5 to 14 Units,DataSF wv5m-vpq2 (2025 roll),2026-10-04T04:36Z,20250074005,https://data.sf.gov/d/wv5m-vpq2?row_id=20250074005
SF00457,850 GREENWICH ST,San Francisco,CA,,1928,5,FS,Flat & Store 4 units or less,DataSF wv5m-vpq2 (2025 roll),2026-10-04T04:36Z,20250074007,https://data.sf.gov/d/wv5m-vpq2?row_id=20250074007
SF00458,856 GREENWICH ST,San Francisco,CA,,1908,2,F,Flats & Duplex,DataSF wv5m-vpq2 (2025 roll),2026-10-04T04:36Z,20250074008,https://data.sf.gov/d/wv5m-vpq2?row_id=20250074008
SF00459,860 GREENWICH ST,San Francisco,CA,,1909,6,A5,Apartment 5 to 14 Units,DataSF wv5m-vpq2 (2025 roll),2026-10-04T04:36Z,20250074009,https://data.sf.gov/d/wv5m-vpq2?row_id=20250074009
SF00460,876 GREENWICH ST,San Francisco,CA,,1909,6,A5,Apartment 5 to 14 Units,DataSF wv5m-vpq2 (2025 roll),2026-10-04T04:36Z,20250074009A,https://data.sf.gov/d/wv5m-vpq2?row_id=20250074009A
SF00461,888 GREENWICH ST,San Francisco,CA,,1909,6,A5,Apartment 5 to 14 Units,DataSF wv5m-vpq2 (2025 roll),2026-10-04T04:36Z,20250074009B,https://data.sf.gov/d/wv5m-vpq2?row_id=20250074009B
SF00462,864 GREENWICH ST,San Francisco,CA,,1909,6,A5,Apartment 5 to 14 Units,DataSF wv5m-vpq2 (2025 roll),2026-10-04T04:36Z,20250074009C,https://data.sf.gov/d/wv5m-vpq2?row_id=20250074009C
SF00463,757 LOMBARD ST,San Francisco,CA,,1912,2,FS,Flat & Store 4 units or less,DataSF wv5m-vpq2 (2025 roll),2026-10-04T04:36Z,20250074012,https://data.sf.gov/d/wv5m-vpq2?row_id=20250074012
SF00464,751 LOMBARD ST,San Francisco,CA,,1906,3,F,Flats & Duplex,DataSF wv5m-vpq2 (2025 roll),2026-10-04T04:36Z,20250074013,https://data.sf.gov/d/wv5m-vpq2?row_id=20250074013
SF00465,19 JANSEN ST,San Francisco,CA,,1908,2,F,Flats & Duplex,DataSF wv5m-vpq2 (2025 roll),2026-10-04T04:36Z,20250074018,https://data.sf.gov/d/wv5m-vpq2?row_id=20250074018
SF00466,15 JANSEN ST,San Francisco,CA,,1926,2,F,Flats & Duplex,DataSF wv5m-vpq2 (2025 roll),2026-10-04T04:36Z,20250074019,https://data.sf.gov/d/wv5m-vpq2?row_id=20250074019
SF00467,18 JANSEN ST,San Francisco,CA,,1905,3,F,Flats & Duplex,DataSF wv5m-vpq2 (2025 roll),2026-10-04T04:36Z,20250074022,https://data.sf.gov/d/wv5m-vpq2?row_id=20250074022
SF00468,845 COLUMBUS AV,San Francisco,CA,,1907,2,FS,Flat & Store 4 units or less,DataSF wv5m-vpq2 (2025 roll),2026-10-04T04:36Z,20250074026,https://data.sf.gov/d/wv5m-vpq2?row_id=20250074026
SF00469,837 COLUMBUS AV,San Francisco,CA,,1912,3,FS,Flat & Store 4 units or less,DataSF wv5m-vpq2 (2025 roll),2026-10-04T04:36Z,20250074027,https://data.sf.gov/d/wv5m-vpq2?row_id=20250074027
SF00470,809 COLUMBUS AV,San Francisco,CA,,1908,3,F,Flats & Duplex,DataSF wv5m-vpq2 (2025 roll),2026-10-04T04:36Z,20250074028,https://data.sf.gov/d/wv5m-vpq2?row_id=20250074028
SF00471,818 GREENWICH ST,San Francisco,CA,,1907,7,A5,Apartment 5 to 14 Units,DataSF wv5m-vpq2 (2025 roll),2026-10-04T04:36Z,20250074038,https://data.sf.gov/d/wv5m-vpq2?row_id=20250074038
SF00472,826 GREENWICH ST,San Francisco,CA,,1907,7,A5,Apartment 5 to 14 Units,DataSF wv5m-vpq2 (2025 roll),2026-10-04T04:36Z,20250074039,https://data.sf.gov/d/wv5m-vpq2?row_id=20250074039
SF00473,25 JANSEN ST,San Francisco,CA,,1932,2,F,Flats & Duplex,DataSF wv5m-vpq2 (2025 roll),2026-10-04T04:36Z,20250074041,https://data.sf.gov/d/wv5m-vpq2?row_id=20250074041
SF00474,2140 TAYLOR ST,San Francisco,CA,,1962,84,A15,Apartment 15 Units or more,DataSF wv5m-vpq2 (2025 roll),2026-10-04T04:36Z,20250074042,https://data.sf.gov/d/wv5m-vpq2?row_id=20250074042
SF00475,2150 TAYLOR ST,San Francisco,CA,,1958,6,A5,Apartment 5 to 14 Units,DataSF wv5m-vpq2 (2025 roll),2026-10-04T04:36Z,20250074043,https://data.sf.gov/d/wv5m-vpq2?row_id=20250074043
SF00476,2154 TAYLOR ST,San Francisco,CA,,1958,6,A5,Apartment 5 to 14 Units,DataSF wv5m-vpq2 (2025 roll),2026-10-04T04:36Z,20250074044,https://data.sf.gov/d/wv5m-vpq2?row_id=20250074044
SF00477,2160 TAYLOR ST,San Francisco,CA,,1958,6,A5,Apartment 5 to 14 Units,DataSF wv5m-vpq2 (2025 roll),2026-10-04T04:36Z,20250074045,https://data.sf.gov/d/wv5m-vpq2?row_id=20250074045
SF00478,2164 TAYLOR ST,San Francisco,CA,,1958,6,A5,Apartment 5 to 14 Units,DataSF wv5m-vpq2 (2025 roll),2026-10-04T04:36Z,20250074046,https://data.sf.gov/d/wv5m-vpq2?row_id=20250074046
SF00479,1873 STOCKTON ST,San Francisco,CA,,1917,7,FS5,Flat & Store 5 to 14 units,DataSF wv5m-vpq2 (2025 roll),2026-10-04T04:36Z,20250076001,https://data.sf.gov/d/wv5m-vpq2?row_id=20250076001
SF00480,1869 STOCKTON ST,San Francisco,CA,,1925,6,A5,Apartment 5 to 14 Units,DataSF wv5m-vpq2 (2025 roll),2026-10-04T04:36Z,20250076001A,https://data.sf.gov/d/wv5m-vpq2?row_id=20250076001A
SF00481,1843 STOCKTON ST,San Francisco,CA,,1906,2,F,Flats & Duplex,DataSF wv5m-vpq2 (2025 roll),2026-10-04T04:36Z,20250076004,https://data.sf.gov/d/wv5m-vpq2?row_id=20250076004
SF00482,1815 STOCKTON ST,San Francisco,CA,,1907,7,TIC,TIC Bldg 4 units or less,DataSF wv5m-vpq2 (2025 roll),2026-10-04T04:36Z,20250076006,https://data.sf.gov/d/wv5m-vpq2?row_id=20250076006
SF00483,1807 STOCKTON ST,San Francisco,CA,,1907,2,F,Flats & Duplex,DataSF wv5m-vpq2 (2025 roll),2026-10-04T04:36Z,20250076007,https://data.sf.gov/d/wv5m-vpq2?row_id=20250076007
SF00484,1801 STOCKTON ST,San Francisco,CA,,1907,3,F,Flats & Duplex,DataSF wv5m-vpq2 (2025 roll),2026-10-04T04:36Z,20250076008,https://data.sf.gov/d/wv5m-vpq2?row_id=20250076008
SF00485,622 GREENWICH ST,San Francisco,CA,,1908,2,F,Flats & Duplex,DataSF wv5m-vpq2 (2025 roll),2026-10-04T04:36Z,20250076009,https://data.sf.gov/d/wv5m-vpq2?row_id=20250076009
SF00486,628 GREENWICH ST,San Francisco,CA,,1908,3,F,Flats & Duplex,DataSF wv5m-vpq2 (2025 roll),2026-10-04T04:36Z,20250076010,https://data.sf.gov/d/wv5m-vpq2?row_id=20250076010
SF00487,632 GREENWICH ST,San Francisco,CA,,1909,7,F5,Flats 5 to 14 units,DataSF wv5m-vpq2 (2025 roll),2026-10-04T04:36Z,20250076011,https://data.sf.gov/d/wv5m-vpq2?row_id=20250076011
SF00488,644 GREENWICH ST,San Francisco,CA,,1924,2,F,Flats & Duplex,DataSF wv5m-vpq2 (2025 roll),2026-10-04T04:36Z,20250076012,https://data.sf.gov/d/wv5m-vpq2?row_id=20250076012
SF00489,652 GREENWICH ST,San Francisco,CA,,1906,4,A,Apartment 4 units or less,DataSF wv5m-vpq2 (2025 roll),2026-10-04T04:36Z,20250076013,https://data.sf.gov/d/wv5m-vpq2?row_id=20250076013
SF00490,658 GREENWICH ST,San Francisco,CA,,1907,6,A5,Apartment 5 to 14 Units,DataSF wv5m-vpq2 (2025 roll),2026-10-04T04:36Z,20250076014,https://data.sf.gov/d/wv5m-vpq2?row_id=20250076014
SF00491,666 GREENWICH ST,San Francisco,CA,,1907,6,A5,Apartment 5 to 14 Units,DataSF wv5m-vpq2 (2025 roll),2026-10-04T04:36Z,20250076015,https://data.sf.gov/d/wv5m-vpq2?row_id=20250076015
SF00492,678 GREENWICH ST,San Francisco,CA,,1906,2,F,Flats & Duplex,DataSF wv5m-vpq2 (2025 roll),2026-10-04T04:36Z,20250076016,https://data.sf.gov/d/wv5m-vpq2?row_id=20250076016
SF00493,1906 POWELL ST,San Francisco,CA,,1923,5,A5,Apartment 5 to 14 Units,DataSF wv5m-vpq2 (2025 roll),2026-10-04T04:36Z,20250076017,https://data.sf.gov/d/wv5m-vpq2?row_id=20250076017
SF00494,1918 POWELL ST,San Francisco,CA,,1906,3,F,Flats & Duplex,DataSF wv5m-vpq2 (2025 roll),2026-10-04T04:36Z,20250076020,https://data.sf.gov/d/wv5m-vpq2?row_id=20250076020
SF00495,1924 POWELL ST,San Francisco,CA,,1922,2,F,Flats & Duplex,DataSF wv5m-vpq2 (2025 roll),2026-10-04T04:36Z,20250076021,https://data.sf.gov/d/wv5m-vpq2?row_id=20250076021
SF00496,1930 POWELL ST,San Francisco,CA,,1912,4,F,Flats & Duplex,DataSF wv5m-vpq2 (2025 roll),2026-10-04T04:36Z,20250076022,https://data.sf.gov/d/wv5m-vpq2?row_id=20250076022
SF00497,1936 POWELL ST,San Francisco,CA,,1907,2,F,Flats & Duplex,DataSF wv5m-vpq2 (2025 roll),2026-10-04T04:36Z,20250076023,https://data.sf.gov/d/wv5m-vpq2?row_id=20250076023
SF00498,1942 POWELL ST,San Francisco,CA,,1912,5,F5,Flats 5 to 14 units,DataSF wv5m-vpq2 (2025 roll),2026-10-04T04:36Z,20250076024,https://data.sf.gov/d/wv5m-vpq2?row_id=20250076024
SF00499,1948 POWELL ST,San Francisco,CA,,1909,5,FS5,Flat & Store 5 to 14 units,DataSF wv5m-vpq2 (2025 roll),2026-10-04T04:36Z,20250076025,https://data.sf.gov/d/wv5m-vpq2?row_id=20250076025
SF00500,1956 POWELL ST,San Francisco,CA,,1915,6,A5,Apartment 5 to 14 Units,DataSF wv5m-vpq2 (2025 roll),2026-10-04T04:36Z,20250076025A,https://data.sf.gov/d/wv5m-vpq2?row_id=20250076025A
SF00501,583 LOMBARD ST0000C,San Francisco,CA,,1911,3,F,Flats & Duplex,DataSF wv5m-vpq2 (2025 roll),2026-10-04T04:36Z,20250076025B,https://data.sf.gov/d/wv5m-vpq2?row_id=20250076025B
SF00502,567 LOMBARD ST,San Francisco,CA,,1922,7,A5,Apartment 5 to 14 Units,DataSF wv5m-vpq2 (2025 roll),2026-10-04T04:36Z,20250076026,https://data.sf.gov/d/wv5m-vpq2?row_id=20250076026
SF00503,563 LOMBARD ST,San Francisco,CA,,1907,2,F,Flats & Duplex,DataSF wv5m-vpq2 (2025 roll),2026-10-04T04:36Z,20250076027,https://data.sf.gov/d/wv5m-vpq2?row_id=20250076027
SF00504,551 LOMBARD ST,San Francisco,CA,,1914,13,A5,Apartment 5 to 14 Units,DataSF wv5m-vpq2 (2025 roll),2026-10-04T04:36Z,20250076027A,https://data.sf.gov/d/wv5m-vpq2?row_id=20250076027A
SF00505,547 LOMBARD ST,San Francisco,CA,,1913,2,F,Flats & Duplex,DataSF wv5m-vpq2 (2025 roll),2026-10-04T04:36Z,20250076028,https://data.sf.gov/d/wv5m-vpq2?row_id=20250076028
SF00506,537 LOMBARD ST,San Francisco,CA,,1907,2,F,Flats & Duplex,DataSF wv5m-vpq2 (2025 roll),2026-10-04T04:36Z,20250076030,https://data.sf.gov/d/wv5m-vpq2?row_id=20250076030
SF00507,15 TUSCANY AL,San Francisco,CA,,1912,4,A,Apartment 4 units or less,DataSF wv5m-vpq2 (2025 roll),2026-10-04T04:36Z,20250076031,https://data.sf.gov/d/wv5m-vpq2?row_id=20250076031
SF00508,1 TUSCANY AL,San Francisco,CA,,1906,2,F,Flats & Duplex,DataSF wv5m-vpq2 (2025 roll),2026-10-04T04:36Z,20250076032,https://data.sf.gov/d/wv5m-vpq2?row_id=20250076032
SF00509,529 LOMBARD ST,San Francisco,CA,,1925,2,F,Flats & Duplex,DataSF wv5m-vpq2 (2025 roll),2026-10-04T04:36Z,20250076033,https://data.sf.gov/d/wv5m-vpq2?row_id=20250076033
SF00510,525 LOMBARD ST,San Francisco,CA,,1925,2,F,Flats & Duplex,DataSF wv5m-vpq2 (2025 roll),2026-10-04T04:36Z,20250076033A,https://data.sf.gov/d/wv5m-vpq2?row_id=20250076033A
SF00511,1745 GRANT AV,San Francisco,CA,,1907,4,F,Flats & Duplex,DataSF wv5m-vpq2 (2025 roll),2026-10-04T04:36Z,20250077001,https://data.sf.gov/d/wv5m-vpq2?row_id=20250077001
SF00512,1727 GRANT AV,San Francisco,CA,,1907,8,A5,Apartment 5 to 14 Units,DataSF wv5m-vpq2 (2025 roll),2026-10-04T04:36Z,20250077002,https://data.sf.gov/d/wv5m-vpq2?row_id=20250077002
SF00513,40 EDITH ST,San Francisco,CA,,1953,5,A5,Apartment 5 to 14 Units,DataSF wv5m-vpq2 (2025 roll),2026-10-04T04:36Z,20250077005,https://data.sf.gov/d/wv5m-vpq2?row_id=20250077005
SF00514,50 EDITH ST,San Francisco,CA,,1906,4,A,Apartment 4 units or less,DataSF wv5m-vpq2 (2025 roll),2026-10-04T04:36Z,20250077006,https://data.sf.gov/d/wv5m-vpq2?row_id=20250077006
SF00515,56 EDITH ST,San Francisco,CA,,1906,5,A5,Apartment 5 to 14 Units,DataSF wv5m-vpq2 (2025 roll),2026-10-04T04:36Z,20250077007,https://data.sf.gov/d/wv5m-vpq2?row_id=20250077007
SF00516,1721 GRANT AV,San Francisco,CA,,1913,4,A,Apartment 4 units or less,DataSF wv5m-vpq2 (2025 roll),2026-10-04T04:36Z,20250077008,https://data.sf.gov/d/wv5m-vpq2?row_id=20250077008
SF00517,1703 GRANT AV,San Francisco,CA,,1913,2,F,Flats & Duplex,DataSF wv5m-vpq2 (2025 roll),2026-10-04T04:36Z,20250077010,https://data.sf.gov/d/wv5m-vpq2?row_id=20250077010
SF00518,500 GREENWICH ST,San Francisco,CA,,1907,9,A5,Apartment 5 to 14 Units,DataSF wv5m-vpq2 (2025 roll),2026-10-04T04:36Z,20250077011,https://data.sf.gov/d/wv5m-vpq2?row_id=20250077011
SF00519,514 GREENWICH ST,San Francisco,CA,,1924,4,F,Flats & Duplex,DataSF wv5m-vpq2 (2025 roll),2026-10-04T04:36Z,20250077012,https://data.sf.gov/d/wv5m-vpq2?row_id=20250077012
SF00520,520 GREENWICH ST,San Francisco,CA,,1907,3,F,Flats & Duplex,DataSF wv5m-vpq2 (2025 roll),2026-10-04T04:36Z,20250077013,https://data.sf.gov/d/wv5m-vpq2?row_id=20250077013
SF00521,528 GREENWICH ST,San Francisco,CA,,1906,4,F,Flats & Duplex,DataSF wv5m-vpq2 (2025 roll),2026-10-04T04:36Z,20250077014,https://data.sf.gov/d/wv5m-vpq2?row_id=20250077014
SF00522,532 GREENWICH ST,San Francisco,CA,,1906,2,F,Flats & Duplex,DataSF wv5m-vpq2 (2025 roll),2026-10-04T04:36Z,20250077015,https://data.sf.gov/d/wv5m-vpq2?row_id=20250077015
SF00523,540 GREENWICH ST,San Francisco,CA,,1915,5,A5,Apartment 5 to 14 Units,DataSF wv5m-vpq2 (2025 roll),2026-10-04T04:36Z,20250077016,https://data.sf.gov/d/wv5m-vpq2?row_id=20250077016
SF00524,544 GREENWICH ST,San Francisco,CA,,1924,4,F,Flats & Duplex,DataSF wv5m-vpq2 (2025 roll),2026-10-04T04:36Z,20250077017,https://data.sf.gov/d/wv5m-vpq2?row_id=20250077017
SF00525,550 GREENWICH ST,San Francisco,CA,,1909,4,TIC,TIC Bldg 4 units or less,DataSF wv5m-vpq2 (2025 roll),2026-10-04T04:36Z,20250077018,https://data.sf.gov/d/wv5m-vpq2?row_id=20250077018
SF00526,558 GREENWICH ST,San Francisco,CA,,1912,2,F,Flats & Duplex,DataSF wv5m-vpq2 (2025 roll),2026-10-04T04:36Z,20250077019,https://data.sf.gov/d/wv5m-vpq2?row_id=20250077019
SF00527,562 GREENWICH ST,San Francisco,CA,,1908,3,F,Flats & Duplex,DataSF wv5m-vpq2 (2025 roll),2026-10-04T04:36Z,20250077020,https://data.sf.gov/d/wv5m-vpq2?row_id=20250077020
SF00528,568 GREENWICH ST,San Francisco,CA,,1907,6,TIC,TIC Bldg 4 units or less,DataSF wv5m-vpq2 (2025 roll),2026-10-04T04:36Z,20250077021,https://data.sf.gov/d/wv5m-vpq2?row_id=20250077021
SF00529,586 GREENWICH ST,San Francisco,CA,,1910,3,F,Flats & Duplex,DataSF wv5m-vpq2 (2025 roll),2026-10-04T04:36Z,20250077023,https://data.sf.gov/d/wv5m-vpq2?row_id=20250077023
SF00530,1800 STOCKTON ST,San Francisco,CA,,1908,4,FS,Flat & Store 4 units or less,DataSF wv5m-vpq2 (2025 roll),2026-10-04T04:36Z,20250077023A,https://data.sf.gov/d/wv5m-vpq2?row_id=20250077023A
SF00531,1816 STOCKTON ST,San Francisco,CA,,1912,3,F,Flats & Duplex,DataSF wv5m-vpq2 (2025 roll),2026-10-04T04:36Z,20250077025,https://data.sf.gov/d/wv5m-vpq2?row_id=20250077025
SF00532,1822 STOCKTON ST,San Francisco,CA,,1916,3,F,Flats & Duplex,DataSF wv5m-vpq2 (2025 roll),2026-10-04T04:36Z,20250077026,https://data.sf.gov/d/wv5m-vpq2?row_id=20250077026
SF00533,1828 STOCKTON ST,San Francisco,CA,,1913,3,F,Flats & Duplex,DataSF wv5m-vpq2 (2025 roll),2026-10-04T04:36Z,20250077027,https://data.sf.gov/d/wv5m-vpq2?row_id=20250077027
SF00534,1836 STOCKTON ST,San Francisco,CA,,1910,2,F,Flats & Duplex,DataSF wv5m-vpq2 (2025 roll),2026-10-04T04:36Z,20250077028,https://data.sf.gov/d/wv5m-vpq2?row_id=20250077028
SF00535,1848 STOCKTON ST,San Francisco,CA,,1907,6,A5,Apartment 5 to 14 Units,DataSF wv5m-vpq2 (2025 roll),2026-10-04T04:36Z,20250077030,https://data.sf.gov/d/wv5m-vpq2?row_id=20250077030
SF00536,1852 STOCKTON ST,San Francisco,CA,,1910,3,F,Flats & Duplex,DataSF wv5m-vpq2 (2025 roll),2026-10-04T04:36Z,20250077031,https://data.sf.gov/d/wv5m-vpq2?row_id=20250077031
SF00537,1858 STOCKTON ST,San Francisco,CA,,1915,2,F,Flats & Duplex,DataSF wv5m-vpq2 (2025 roll),2026-10-04T04:36Z,20250077032,https://data.sf.gov/d/wv5m-vpq2?row_id=20250077032
SF00538,1864 STOCKTON ST,San Francisco,CA,,1916,2,F,Flats & Duplex,DataSF wv5m-vpq2 (2025 roll),2026-10-04T04:36Z,20250077032A,https://data.sf.gov/d/wv5m-vpq2?row_id=20250077032A
SF00539,471 LOMBARD ST,San Francisco,CA,,1908,2,F,Flats & Duplex,DataSF wv5m-vpq2 (2025 roll),2026-10-04T04:36Z,20250077034,https://data.sf.gov/d/wv5m-vpq2?row_id=20250077034
SF00540,457 LOMBARD ST,San Francisco,CA,,1906,4,F,Flats & Duplex,DataSF wv5m-vpq2 (2025 roll),2026-10-04T04:36Z,20250077035,https://data.sf.gov/d/wv5m-vpq2?row_id=20250077035
SF00541,451 LOMBARD ST,San Francisco,CA,,1914,2,TIC,TIC Bldg 4 units or less,DataSF wv5m-vpq2 (2025 roll),2026-10-04T04:36Z,20250077036,https://data.sf.gov/d/wv5m-vpq2?row_id=20250077036
SF00542,445 LOMBARD ST,San Francisco,CA,,1910,3,F,Flats & Duplex,DataSF wv5m-vpq2 (2025 roll),2026-10-04T04:36Z,20250077037,https://data.sf.gov/d/wv5m-vpq2?row_id=20250077037
SF00543,433 LOMBARD ST,San Francisco,CA,,1909,6,A5,Apartment 5 to 14 Units,DataSF wv5m-vpq2 (2025 roll),2026-10-04T04:36Z,20250077038,https://data.sf.gov/d/wv5m-vpq2?row_id=20250077038
SF00544,423 LOMBARD ST,San Francisco,CA,,1915,4,A,Apartment 4 units or less,DataSF wv5m-vpq2 (2025 roll),2026-10-04T04:36Z,20250077039,https://data.sf.gov/d/wv5m-vpq2?row_id=20250077039
SF00545,407 LOMBARD ST,San Francisco,CA,,1959,9,A5,Apartment 5 to 14 Units,DataSF wv5m-vpq2 (2025 roll),2026-10-04T04:36Z,20250077040,https://data.sf.gov/d/wv5m-vpq2?row_id=20250077040
SF00546,403 LOMBARD ST,San Francisco,CA,,1912,2,F,Flats & Duplex,DataSF wv5m-vpq2 (2025 roll),2026-10-04T04:36Z,20250077041,https://data.sf.gov/d/wv5m-vpq2?row_id=20250077041
SF00547,281 TELEGRAPH HILL BL,San Francisco,CA,,1936,2,F,Flats & Duplex,DataSF wv5m-vpq2 (2025 roll),2026-10-04T04:36Z,20250078001B,https://data.sf.gov/d/wv5m-vpq2?row_id=20250078001B
SF00548,275 TELEGRAPH HILL BL,San Francisco,CA,,1940,6,A5,Apartment 5 to 14 Units,DataSF wv5m-vpq2 (2025 roll),2026-10-04T04:36Z,20250078001C,https://data.sf.gov/d/wv5m-vpq2?row_id=20250078001C
SF00549,225 TELEGRAPH HILL BL,San Francisco,CA,,1915,3,A,Apartment 4 units or less,DataSF wv5m-vpq2 (2025 roll),2026-10-04T04:36Z,20250078002B,https://data.sf.gov/d/wv5m-vpq2?row_id=20250078002B
SF00550,426 GREENWICH ST,San Francisco,CA,,1916,3,TIC,TIC Bldg 4 units or less,DataSF wv5m-vpq2 (2025 roll),2026-10-04T04:36Z,20250078005,https://data.sf.gov/d/wv5m-vpq2?row_id=20250078005
SF00551,71 TELEGRAPH PL,San Francisco,CA,,1916,2,F,Flats & Duplex,DataSF wv5m-vpq2 (2025 roll),2026-10-04T04:36Z,20250078005A,https://data.sf.gov/d/wv5m-vpq2?row_id=20250078005A
SF00552,434 GREENWICH ST,San Francisco,CA,,1914,5,A5,Apartment 5 to 14 Units,DataSF wv5m-vpq2 (2025 roll),2026-10-04T04:36Z,20250078006,https://data.sf.gov/d/wv5m-vpq2?row_id=20250078006
SF00553,440 GREENWICH ST,San Francisco,CA,,1907,2,F,Flats & Duplex,DataSF wv5m-vpq2 (2025 roll),2026-10-04T04:36Z,20250078007,https://data.sf.gov/d/wv5m-vpq2?row_id=20250078007
SF00554,444 GREENWICH ST,San Francisco,CA,,1908,6,A5,Apartment 5 to 14 Units,DataSF wv5m-vpq2 (2025 roll),2026-10-04T04:36Z,20250078008,https://data.sf.gov/d/wv5m-vpq2?row_id=20250078008
SF00555,456 GREENWICH ST,San Francisco,CA,,1906,2,F,Flats & Duplex,DataSF wv5m-vpq2 (2025 roll),2026-10-04T04:36Z,20250078011,https://data.sf.gov/d/wv5m-vpq2?row_id=20250078011
SF00556,460 GREENWICH ST,San Francisco,CA,,1907,3,F,Flats & Duplex,DataSF wv5m-vpq2 (2025 roll),2026-10-04T04:36Z,20250078012,https://data.sf.gov/d/wv5m-vpq2?row_id=20250078012
SF00557,45 TELEGRAPH PL,San Francisco,CA,,1908,2,F,Flats & Duplex,DataSF wv5m-vpq2 (2025 roll),2026-10-04T04:36Z,20250078017,https://data.sf.gov/d/wv5m-vpq2?row_id=20250078017
SF00558,35 TELEGRAPH PL,San Francisco,CA,,1907,2,F,Flats & Duplex,DataSF wv5m-vpq2 (2025 roll),2026-10-04T04:36Z,20250078019,https://data.sf.gov/d/wv5m-vpq2?row_id=20250078019
SF00559,26 CHILD ST,San Francisco,CA,,1907,2,F,Flats & Duplex,DataSF wv5m-vpq2 (2025 roll),2026-10-04T04:36Z,20250078020,https://data.sf.gov/d/wv5m-vpq2?row_id=20250078020
SF00560,1720 GRANT AV,San Francisco,CA,,1914,2,F,Flats & Duplex,DataSF wv5m-vpq2 (2025 roll),2026-10-04T04:36Z,20250078025,https://data.sf.gov/d/wv5m-vpq2?row_id=20250078025
SF00561,1724 GRANT AV,San Francisco,CA,,1913,2,F,Flats & Duplex,DataSF wv5m-vpq2 (2025 roll),2026-10-04T04:36Z,20250078026,https://data.sf.gov/d/wv5m-vpq2?row_id=20250078026
SF00562,1730 GRANT AV,San Francisco,CA,,1914,4,A,Apartment 4 units or less,DataSF wv5m-vpq2 (2025 roll),2026-10-04T04:36Z,20250078027,https://data.sf.gov/d/wv5m-vpq2?row_id=20250078027
SF00563,39 CHILD ST,San Francisco,CA,,1911,2,F,Flats & Duplex,DataSF wv5m-vpq2 (2025 roll),2026-10-04T04:36Z,20250078035,https://data.sf.gov/d/wv5m-vpq2?row_id=20250078035
SF00564,31 CHILD ST,San Francisco,CA,,1907,2,F,Flats & Duplex,DataSF wv5m-vpq2 (2025 roll),2026-10-04T04:36Z,20250078036,https://data.sf.gov/d/wv5m-vpq2?row_id=20250078036
SF00565,19 CHILD ST,San Francisco,CA,,1907,2,F,Flats & Duplex,DataSF wv5m-vpq2 (2025 roll),2026-10-04T04:36Z,20250078037,https://data.sf.gov/d/wv5m-vpq2?row_id=20250078037
SF00566,15 CHILD ST,San Francisco,CA,,1910,2,F,Flats & Duplex,DataSF wv5m-vpq2 (2025 roll),2026-10-04T04:36Z,20250078038,https://data.sf.gov/d/wv5m-vpq2?row_id=20250078038
SF00567,30 CHILD ST,San Francisco,CA,,1912,3,F,Flats & Duplex,DataSF wv5m-vpq2 (2025 roll),2026-10-04T04:36Z,20250078039,https://data.sf.gov/d/wv5m-vpq2?row_id=20250078039
SF00568,363 LOMBARD ST,San Francisco,CA,,1906,3,F,Flats & Duplex,DataSF wv5m-vpq2 (2025 roll),2026-10-04T04:36Z,20250078040,https://data.sf.gov/d/wv5m-vpq2?row_id=20250078040
SF00569,353 LOMBARD ST,San Francisco,CA,,1913,2,F,Flats & Duplex,DataSF wv5m-vpq2 (2025 roll),2026-10-04T04:36Z,20250078042,https://data.sf.gov/d/wv5m-vpq2?row_id=20250078042
SF00570,325 LOMBARD ST,San Francisco,CA,,1937,3,A,Apartment 4 units or less,DataSF wv5m-vpq2 (2025 roll),2026-10-04T04:36Z,20250078047,https://data.sf.gov/d/wv5m-vpq2?row_id=20250078047
SF00571,51 TELEGRAPH PL,San Francisco,CA,,1900,3,A,Apartment 4 units or less,DataSF wv5m-vpq2 (2025 roll),2026-10-04T04:36Z,20250078049,https://data.sf.gov/d/wv5m-vpq2?row_id=20250078049
SF00572,480 GREENWICH ST,San Francisco,CA,,1924,9,A5,Apartment 5 to 14 Units,DataSF wv5m-vpq2 (2025 roll),2026-10-04T04:36Z,20250078052,https://data.sf.gov/d/wv5m-vpq2?row_id=20250078052
SF00573,218 FILBERT ST,San Francisco,CA,,1900,3,F,Flats & Duplex,DataSF wv5m-vpq2 (2025 roll),2026-10-04T04:36Z,20250085006,https://data.sf.gov/d/wv5m-vpq2?row_id=20250085006
SF00574,8 NAPIER LN,San Francisco,CA,,1900,3,F,Flats & Duplex,DataSF wv5m-vpq2 (2025 roll),2026-10-04T04:36Z,20250085007,https://data.sf.gov/d/wv5m-vpq2?row_id=20250085007
SF00575,28 NAPIER LN,San Francisco,CA,,1927,2,F,Flats & Duplex,DataSF wv5m-vpq2 (2025 roll),2026-10-04T04:36Z,20250085010,https://data.sf.gov/d/wv5m-vpq2?row_id=20250085010
SF00576,25 NAPIER LN,San Francisco,CA,,1900,2,F,Flats & Duplex,DataSF wv5m-vpq2 (2025 roll),2026-10-04T04:36Z,20250085011,https://data.sf.gov/d/wv5m-vpq2?row_id=20250085011
SF00577,21 NAPIER LN,San Francisco,CA,,1900,3,A,Apartment 4 units or less,DataSF wv5m-vpq2 (2025 roll),2026-10-04T04:36Z,20250085013,https://data.sf.gov/d/wv5m-vpq2?row_id=20250085013
SF00578,20 DARRELL PL,San Francisco,CA,,1927,2,F,Flats & Duplex,DataSF wv5m-vpq2 (2025 roll),2026-10-04T04:36Z,20250085017,https://data.sf.gov/d/wv5m-vpq2?row_id=20250085017
SF00579,24 DARRELL PL,San Francisco,CA,,1928,3,A,Apartment 4 units or less,DataSF wv5m-vpq2 (2025 roll),2026-10-04T04:36Z,20250085018,https://data.sf.gov/d/wv5m-vpq2?row_id=20250085018
SF00580,1410 MONTGOMERY ST,San Francisco,CA,,1900,3,A,Apartment 4 units or less,DataSF wv5m-vpq2 (2025 roll),2026-10-04T04:36Z,20250085022,https://data.sf.gov/d/wv5m-vpq2?row_id=20250085022
SF00581,1460 MONTGOMERY ST,San Francisco,CA,,1936,5,F5,Flats 5 to 14 units,DataSF wv5m-vpq2 (2025 roll),2026-10-04T04:36Z,20250085026A,https://data.sf.gov/d/wv5m-vpq2?row_id=20250085026A
SF00582,1470 MONTGOMERY ST,San Francisco,CA,,1938,3,F,Flats & Duplex,DataSF wv5m-vpq2 (2025 roll),2026-10-04T04:36Z,20250085026B,https://data.sf.gov/d/wv5m-vpq2?row_id=20250085026B
SF00583,60 DARRELL PL,San Francisco,CA,,1957,4,F,Flats & Duplex,DataSF wv5m-vpq2 (2025 roll),2026-10-04T04:36Z,20250085026C,https://data.sf.gov/d/wv5m-vpq2?row_id=20250085026C
SF00584,42 DARRELL PL,San Francisco,CA,,1940,4,F,Flats & Duplex,DataSF wv5m-vpq2 (2025 roll),2026-10-04T04:36Z,20250085026E,https://data.sf.gov/d/wv5m-vpq2?row_id=20250085026E
SF00585,52 DARRELL PL,San Francisco,CA,,1940,3,A,Apartment 4 units or less,DataSF wv5m-vpq2 (2025 roll),2026-10-04T04:36Z,20250085026H,https://data.sf.gov/d/wv5m-vpq2?row_id=20250085026H
SF00586,237 GREENWICH ST,San Francisco,CA,,1900,6,A5,Apartment 5 to 14 Units,DataSF wv5m-vpq2 (2025 roll),2026-10-04T04:36Z,20250085027,https://data.sf.gov/d/wv5m-vpq2?row_id=20250085027
SF00587,1420 MONTGOMERY ST,San Francisco,CA,,1960,4,A,Apartment 4 units or less,DataSF wv5m-vpq2 (2025 roll),2026-10-04T04:36Z,20250085037,https://data.sf.gov/d/wv5m-vpq2?row_id=20250085037
SF00588,1445 MONTGOMERY ST,San Francisco,CA,,1915,2,F,Flats & Duplex,DataSF wv5m-vpq2 (2025 roll),2026-10-04T04:36Z,20250086001A,https://data.sf.gov/d/wv5m-vpq2?row_id=20250086001A
SF00589,1441 MONTGOMERY ST,San Francisco,CA,,1931,8,A5,Apartment 5 to 14 Units,DataSF wv5m-vpq2 (2025 roll),2026-10-04T04:36Z,20250086001C,https://data.sf.gov/d/wv5m-vpq2?row_id=20250086001C
SF00590,1409 MONTGOMERY ST,San Francisco,CA,,1900,3,A,Apartment 4 units or less,DataSF wv5m-vpq2 (2025 roll),2026-10-04T04:36Z,20250086002,https://data.sf.gov/d/wv5m-vpq2?row_id=20250086002
SF00591,1403 MONTGOMERY ST,San Francisco,CA,,1900,5,A5,Apartment 5 to 14 Units,DataSF wv5m-vpq2 (2025 roll),2026-10-04T04:36Z,20250086005,https://data.sf.gov/d/wv5m-vpq2?row_id=20250086005
SF00592,310 FILBERT ST,San Francisco,CA,,1900,2,F,Flats & Duplex,DataSF wv5m-vpq2 (2025 roll),2026-10-04T04:36Z,20250086007,https://data.sf.gov/d/wv5m-vpq2?row_id=20250086007
SF00593,450 FILBERT ST,San Francisco,CA,,1910,4,A,Apartment 4 units or less,DataSF wv5m-vpq2 (2025 roll),2026-10-04T04:36Z,20250087003,https://data.sf.gov/d/wv5m-vpq2?row_id=20250087003
SF00594,474 FILBERT ST,San Francisco,CA,,1938,2,F,Flats & Duplex,DataSF wv5m-vpq2 (2025 roll),2026-10-04T04:36Z,20250087007,https://data.sf.gov/d/wv5m-vpq2?row_id=20250087007
SF00595,480 FILBERT ST,San Francisco,CA,,1939,2,F,Flats & Duplex,DataSF wv5m-vpq2 (2025 roll),2026-10-04T04:36Z,20250087007A,https://data.sf.gov/d/wv5m-vpq2?row_id=20250087007A
SF00596,486 FILBERT ST,San Francisco,CA,,1939,2,F,Flats & Duplex,DataSF wv5m-vpq2 (2025 roll),2026-10-04T04:36Z,20250087007B,https://data.sf.gov/d/wv5m-vpq2?row_id=20250087007B
SF00597,1622 GRANT AV,San Francisco,CA,,1938,2,F,Flats & Duplex,DataSF wv5m-vpq2 (2025 roll),2026-10-04T04:36Z,20250087007D,https://data.sf.gov/d/wv5m-vpq2?row_id=20250087007D
SF00598,1628 GRANT AV,San Francisco,CA,,1938,3,F,Flats & Duplex,DataSF wv5m-vpq2 (2025 roll),2026-10-04T04:36Z,20250087007E,https://data.sf.gov/d/wv5m-vpq2?row_id=20250087007E
SF00599,1616 GRANT AV,San Francisco,CA,,1939,2,F,Flats & Duplex,DataSF wv5m-vpq2 (2025 roll),2026-10-04T04:36Z,20250087007F,https://data.sf.gov/d/wv5m-vpq2?row_id=20250087007F
SF00600,1634 GRANT AV,San Francisco,CA,,1913,3,F,Flats & Duplex,DataSF wv5m-vpq2 (2025 roll),2026-10-04T04:36Z,20250087008,https://data.sf.gov/d/wv5m-vpq2?row_id=20250087008
SF00601,1640 GRANT AV,San Francisco,CA,,1907,3,F,Flats & Duplex,DataSF wv5m-vpq2 (2025 roll),2026-10-04T04:36Z,20250087009,https://data.sf.gov/d/wv5m-vpq2?row_id=20250087009
SF00602,15 GERKE AL,San Francisco,CA,,1968,3,A,Apartment 4 units or less,DataSF wv5m-vpq2 (2025 roll),2026-10-04T04:36Z,20250087010,https://data.sf.gov/d/wv5m-vpq2?row_id=20250087010
SF00603,7 GERKE AL,San Francisco,CA,,1908,3,A,Apartment 4 units or less,DataSF wv5m-vpq2 (2025 roll),2026-10-04T04:36Z,20250087011,https://data.sf.gov/d/wv5m-vpq2?row_id=20250087011
SF00604,1650 GRANT AV,San Francisco,CA,,1907,4,A,Apartment 4 units or less,DataSF wv5m-vpq2 (2025 roll),2026-10-04T04:36Z,20250087012,https://data.sf.gov/d/wv5m-vpq2?row_id=20250087012
SF00605,1654 GRANT AV,San Francisco,CA,,1908,2,F,Flats & Duplex,DataSF wv5m-vpq2 (2025 roll),2026-10-04T04:36Z,20250087013,https://data.sf.gov/d/wv5m-vpq2?row_id=20250087013
SF00606,477 GREENWICH ST,San Francisco,CA,,1907,7,TIC,TIC Bldg 4 units or less,DataSF wv5m-vpq2 (2025 roll),2026-10-04T04:36Z,20250087015,https://data.sf.gov/d/wv5m-vpq2?row_id=20250087015
SF00607,4 GERKE AL,San Francisco,CA,,1907,4,F,Flats & Duplex,DataSF wv5m-vpq2 (2025 roll),2026-10-04T04:36Z,20250087016,https://data.sf.gov/d/wv5m-vpq2?row_id=20250087016
SF00608,465 GREENWICH ST,San Francisco,CA,,1907,3,F,Flats & Duplex,DataSF wv5m-vpq2 (2025 roll),2026-10-04T04:36Z,20250087017,https://data.sf.gov/d/wv5m-vpq2?row_id=20250087017
SF00609,459 GREENWICH ST,San Francisco,CA,,1907,8,A5,Apartment 5 to 14 Units,DataSF wv5m-vpq2 (2025 roll),2026-10-04T04:36Z,20250087018,https://data.sf.gov/d/wv5m-vpq2?row_id=20250087018
SF00610,447 GREENWICH ST,San Francisco,CA,,1926,3,F,Flats & Duplex,DataSF wv5m-vpq2 (2025 roll),2026-10-04T04:36Z,20250087020,https://data.sf.gov/d/wv5m-vpq2?row_id=20250087020
SF00611,427 GREENWICH ST,San Francisco,CA,,1907,5,A5,Apartment 5 to 14 Units,DataSF wv5m-vpq2 (2025 roll),2026-10-04T04:36Z,20250087022,https://data.sf.gov/d/wv5m-vpq2?row_id=20250087022
SF00612,425 GREENWICH ST,San Francisco,CA,,1961,7,A5,Apartment 5 to 14 Units,DataSF wv5m-vpq2 (2025 roll),2026-10-04T04:36Z,20250087023,https://data.sf.gov/d/wv5m-vpq2?row_id=20250087023
SF00613,466 FILBERT ST,San Francisco,CA,,1963,2,DA,Dwellings - Apt 4 units or less,DataSF wv5m-vpq2 (2025 roll),2026-10-04T04:36Z,20250087027,https://data.sf.gov/d/wv5m-vpq2?row_id=20250087027
SF00614,1653 GRANT AV,San Francisco,CA,,1908,17,FS15,Flat & Store 15 units +,DataSF wv5m-vpq2 (2025 roll),2026-10-04T04:36Z,20250088001,https://data.sf.gov/d/wv5m-vpq2?row_id=20250088001
SF00615,1647 GRANT AV,San Francisco,CA,,1908,4,A,Apartment 4 units or less,DataSF wv5m-vpq2 (2025 roll),2026-10-04T04:36Z,20250088002,https://data.sf.gov/d/wv5m-vpq2?row_id=20250088002
SF00616,1639 GRANT AV,San Francisco,CA,,1913,4,A,Apartment 4 units or less,DataSF wv5m-vpq2 (2025 roll),2026-10-04T04:36Z,20250088003,https://data.sf.gov/d/wv5m-vpq2?row_id=20250088003
SF00617,1635 GRANT AV,San Francisco,CA,,1908,2,F,Flats & Duplex,DataSF wv5m-vpq2 (2025 roll),2026-10-04T04:36Z,20250088004,https://data.sf.gov/d/wv5m-vpq2?row_id=20250088004
SF00618,1615 GRANT AV,San Francisco,CA,,1908,16,A15,Apartment 15 Units or more,DataSF wv5m-vpq2 (2025 roll),2026-10-04T04:36Z,20250088005,https://data.sf.gov/d/wv5m-vpq2?row_id=20250088005
SF00619,1601 GRANT AV,San Francisco,CA,,1966,15,A15,Apartment 15 Units or more,DataSF wv5m-vpq2 (2025 roll),2026-10-04T04:36Z,20250088006,https://data.sf.gov/d/wv5m-vpq2?row_id=20250088006
SF00620,544 FILBERT ST,San Francisco,CA,,1909,18,A15,Apartment 15 Units or more,DataSF wv5m-vpq2 (2025 roll),2026-10-04T04:36Z,20250088009,https://data.sf.gov/d/wv5m-vpq2?row_id=20250088009
SF00621,552 FILBERT ST,San Francisco,CA,,1923,5,F5,Flats 5 to 14 units,DataSF wv5m-vpq2 (2025 roll),2026-10-04T04:36Z,20250088010,https://data.sf.gov/d/wv5m-vpq2?row_id=20250088010
SF00622,558 FILBERT ST,San Francisco,CA,,1907,14,A5,Apartment 5 to 14 Units,DataSF wv5m-vpq2 (2025 roll),2026-10-04T04:36Z,20250088011,https://data.sf.gov/d/wv5m-vpq2?row_id=20250088011
SF00623,570 FILBERT ST,San Francisco,CA,,1907,7,A5,Apartment 5 to 14 Units,DataSF wv5m-vpq2 (2025 roll),2026-10-04T04:36Z,20250088013,https://data.sf.gov/d/wv5m-vpq2?row_id=20250088013
SF00624,578 FILBERT ST,San Francisco,CA,,1914,6,A5,Apartment 5 to 14 Units,DataSF wv5m-vpq2 (2025 roll),2026-10-04T04:36Z,20250088015,https://data.sf.gov/d/wv5m-vpq2?row_id=20250088015
SF00625,1700 STOCKTON ST,San Francisco,CA,,1915,5,FS5,Flat & Store 5 to 14 units,DataSF wv5m-vpq2 (2025 roll),2026-10-04T04:36Z,20250088016,https://data.sf.gov/d/wv5m-vpq2?row_id=20250088016
SF00626,1720 STOCKTON ST,San Francisco,CA,,1907,5,F5,Flats 5 to 14 units,DataSF wv5m-vpq2 (2025 roll),2026-10-04T04:36Z,20250088018,https://data.sf.gov/d/wv5m-vpq2?row_id=20250088018
SF00627,1726 STOCKTON ST,San Francisco,CA,,1907,3,F,Flats & Duplex,DataSF wv5m-vpq2 (2025 roll),2026-10-04T04:36Z,20250088019,https://data.sf.gov/d/wv5m-vpq2?row_id=20250088019
SF00628,1750 STOCKTON ST,San Francisco,CA,,1907,5,A5,Apartment 5 to 14 Units,DataSF wv5m-vpq2 (2025 roll),2026-10-04T04:36Z,20250088021,https://data.sf.gov/d/wv5m-vpq2?row_id=20250088021
SF00629,591 GREENWICH ST,San Francisco,CA,,1925,4,A,Apartment 4 units or less,DataSF wv5m-vpq2 (2025 roll),2026-10-04T04:36Z,20250088022,https://data.sf.gov/d/wv5m-vpq2?row_id=20250088022
SF00630,579 GREENWICH ST,San Francisco,CA,,1908,2,F,Flats & Duplex,DataSF wv5m-vpq2 (2025 roll),2026-10-04T04:36Z,20250088023,https://data.sf.gov/d/wv5m-vpq2?row_id=20250088023
SF00631,561 GREENWICH ST,San Francisco,CA,,1961,10,A5,Apartment 5 to 14 Units,DataSF wv5m-vpq2 (2025 roll),2026-10-04T04:36Z,20250088025,https://data.sf.gov/d/wv5m-vpq2?row_id=20250088025
SF00632,551 GREENWICH ST,San Francisco,CA,,1911,8,A5,Apartment 5 to 14 Units,DataSF wv5m-vpq2 (2025 roll),2026-10-04T04:36Z,20250088026,https://data.sf.gov/d/wv5m-vpq2?row_id=20250088026
SF00633,547 GREENWICH ST,San Francisco,CA,,1911,2,F,Flats & Duplex,DataSF wv5m-vpq2 (2025 roll),2026-10-04T04:36Z,20250088027,https://data.sf.gov/d/wv5m-vpq2?row_id=20250088027
SF00634,517 GREENWICH ST,San Francisco,CA,,1912,6,A5,Apartment 5 to 14 Units,DataSF wv5m-vpq2 (2025 roll),2026-10-04T04:36Z,20250088031,https://data.sf.gov/d/wv5m-vpq2?row_id=20250088031
SF00635,1 KRAMER PL,San Francisco,CA,,1907,2,F,Flats & Duplex,DataSF wv5m-vpq2 (2025 roll),2026-10-04T04:36Z,20250088034,https://data.sf.gov/d/wv5m-vpq2?row_id=20250088034
SF00636,571 GREENWICH ST,San Francisco,CA,,1907,2,F,Flats & Duplex,DataSF wv5m-vpq2 (2025 roll),2026-10-04T04:36Z,20250088035,https://data.sf.gov/d/wv5m-vpq2?row_id=20250088035
SF00637,567 GREENWICH ST,San Francisco,CA,,1907,2,F,Flats & Duplex,DataSF wv5m-vpq2 (2025 roll),2026-10-04T04:36Z,20250088037,https://data.sf.gov/d/wv5m-vpq2?row_id=20250088037
SF00638,525 GREENWICH ST,San Francisco,CA,,1914,6,A5,Apartment 5 to 14 Units,DataSF wv5m-vpq2 (2025 roll),2026-10-04T04:36Z,20250088071,https://data.sf.gov/d/wv5m-vpq2?row_id=20250088071
SF00639,1763 STOCKTON ST,San Francisco,CA,,1907,4,FS,Flat & Store 4 units or less,DataSF wv5m-vpq2 (2025 roll),2026-10-04T04:36Z,20250089001,https://data.sf.gov/d/wv5m-vpq2?row_id=20250089001
SF00640,1757 STOCKTON ST,San Francisco,CA,,1907,3,FS,Flat & Store 4 units or less,DataSF wv5m-vpq2 (2025 roll),2026-10-04T04:36Z,20250089002,https://data.sf.gov/d/wv5m-vpq2?row_id=20250089002
SF00641,1753 STOCKTON ST,San Francisco,CA,,1900,3,F,Flats & Duplex,DataSF wv5m-vpq2 (2025 roll),2026-10-04T04:36Z,20250089003,https://data.sf.gov/d/wv5m-vpq2?row_id=20250089003
SF00642,1747 STOCKTON ST,San Francisco,CA,,1922,3,F,Flats & Duplex,DataSF wv5m-vpq2 (2025 roll),2026-10-04T04:36Z,20250089004,https://data.sf.gov/d/wv5m-vpq2?row_id=20250089004
SF00643,1741 STOCKTON ST,San Francisco,CA,,1911,3,F,Flats & Duplex,DataSF wv5m-vpq2 (2025 roll),2026-10-04T04:36Z,20250089005,https://data.sf.gov/d/wv5m-vpq2?row_id=20250089005
SF00644,1735 STOCKTON ST,San Francisco,CA,,1911,7,A5,Apartment 5 to 14 Units,DataSF wv5m-vpq2 (2025 roll),2026-10-04T04:36Z,20250089006,https://data.sf.gov/d/wv5m-vpq2?row_id=20250089006
SF00645,1729 STOCKTON ST,San Francisco,CA,,1911,6,TIC,TIC Bldg 4 units or less,DataSF wv5m-vpq2 (2025 roll),2026-10-04T04:36Z,20250089007,https://data.sf.gov/d/wv5m-vpq2?row_id=20250089007
SF00646,1723 STOCKTON ST,San Francisco,CA,,1900,6,F5,Flats 5 to 14 units,DataSF wv5m-vpq2 (2025 roll),2026-10-04T04:36Z,20250089008,https://data.sf.gov/d/wv5m-vpq2?row_id=20250089008
SF00647,1717 STOCKTON ST,San Francisco,CA,,1914,4,F,Flats & Duplex,DataSF wv5m-vpq2 (2025 roll),2026-10-04T04:36Z,20250089009,https://data.sf.gov/d/wv5m-vpq2?row_id=20250089009
SF00648,1701 STOCKTON ST,San Francisco,CA,,1900,7,FS5,Flat & Store 5 to 14 units,DataSF wv5m-vpq2 (2025 roll),2026-10-04T04:36Z,20250089010,https://data.sf.gov/d/wv5m-vpq2?row_id=20250089010
SF00649,622 FILBERT ST,San Francisco,CA,,1913,3,F,Flats & Duplex,DataSF wv5m-vpq2 (2025 roll),2026-10-04T04:36Z,20250089013,https://data.sf.gov/d/wv5m-vpq2?row_id=20250089013
SF00650,630 FILBERT ST,San Francisco,CA,,1910,4,F,Flats & Duplex,DataSF wv5m-vpq2 (2025 roll),2026-10-04T04:36Z,20250089014,https://data.sf.gov/d/wv5m-vpq2?row_id=20250089014
SF00651,673 GREENWICH ST,San Francisco,CA,,1915,3,F,Flats & Duplex,DataSF wv5m-vpq2 (2025 roll),2026-10-04T04:36Z,20250089022A,https://data.sf.gov/d/wv5m-vpq2?row_id=20250089022A
SF00652,667 GREENWICH ST,San Francisco,CA,,1908,3,F,Flats & Duplex,DataSF wv5m-vpq2 (2025 roll),2026-10-04T04:36Z,20250089022B,https://data.sf.gov/d/wv5m-vpq2?row_id=20250089022B
SF00653,695 GREENWICH ST,San Francisco,CA,,1925,8,A5,Apartment 5 to 14 Units,DataSF wv5m-vpq2 (2025 roll),2026-10-04T04:36Z,20250089022C,https://data.sf.gov/d/wv5m-vpq2?row_id=20250089022C
SF00654,39 BRANT AL,San Francisco,CA,,1900,3,F,Flats & Duplex,DataSF wv5m-vpq2 (2025 roll),2026-10-04T04:36Z,20250089022E,https://data.sf.gov/d/wv5m-vpq2?row_id=20250089022E
SF00655,655 GREENWICH ST,San Francisco,CA,,1907,3,F,Flats & Duplex,DataSF wv5m-vpq2 (2025 roll),2026-10-04T04:36Z,20250089025,https://data.sf.gov/d/wv5m-vpq2?row_id=20250089025
SF00656,637 GREENWICH ST,San Francisco,CA,,1907,6,F5,Flats 5 to 14 units,DataSF wv5m-vpq2 (2025 roll),2026-10-04T04:36Z,20250089027,https://data.sf.gov/d/wv5m-vpq2?row_id=20250089027
SF00657,619 GREENWICH ST,San Francisco,CA,,1961,2,F,Flats & Duplex,DataSF wv5m-vpq2 (2025 roll),2026-10-04T04:36Z,20250089029,https://data.sf.gov/d/wv5m-vpq2?row_id=20250089029
SF00658,625 GREENWICH ST,San Francisco,CA,,1907,2,F,Flats & Duplex,DataSF wv5m-vpq2 (2025 roll),2026-10-04T04:36Z,20250089038,https://data.sf.gov/d/wv5m-vpq2?row_id=20250089038
SF00659,1861 POWELL ST,San Francisco,CA,,1907,6,FS5,Flat & Store 5 to 14 units,DataSF wv5m-vpq2 (2025 roll),2026-10-04T04:36Z,20250090001,https://data.sf.gov/d/wv5m-vpq2?row_id=20250090001
SF00660,1853 POWELL ST,San Francisco,CA,,1906,2,FS,Flat & Store 4 units or less,DataSF wv5m-vpq2 (2025 roll),2026-10-04T04:36Z,20250090002,https://data.sf.gov/d/wv5m-vpq2?row_id=20250090002
SF00661,1847 POWELL ST,San Francisco,CA,,1900,5,FS5,Flat & Store 5 to 14 units,DataSF wv5m-vpq2 (2025 roll),2026-10-04T04:36Z,20250090003,https://data.sf.gov/d/wv5m-vpq2?row_id=20250090003
SF00662,1841 POWELL ST,San Francisco,CA,,1907,7,FS5,Flat & Store 5 to 14 units,DataSF wv5m-vpq2 (2025 roll),2026-10-04T04:36Z,20250090004,https://data.sf.gov/d/wv5m-vpq2?row_id=20250090004
SF00663,1833 POWELL ST,San Francisco,CA,,1924,3,FS,Flat & Store 4 units or less,DataSF wv5m-vpq2 (2025 roll),2026-10-04T04:36Z,20250090005,https://data.sf.gov/d/wv5m-vpq2?row_id=20250090005
SF00664,1823 POWELL ST,San Francisco,CA,,1908,6,FS5,Flat & Store 5 to 14 units,DataSF wv5m-vpq2 (2025 roll),2026-10-04T04:36Z,20250090007,https://data.sf.gov/d/wv5m-vpq2?row_id=20250090007
SF00665,1811 POWELL ST,San Francisco,CA,,1907,27,A15,Apartment 15 Units or more,DataSF wv5m-vpq2 (2025 roll),2026-10-04T04:36Z,20250090008,https://data.sf.gov/d/wv5m-vpq2?row_id=20250090008
SF00666,742 FILBERT ST,San Francisco,CA,,1907,4,F,Flats & Duplex,DataSF wv5m-vpq2 (2025 roll),2026-10-04T04:36Z,20250090012,https://data.sf.gov/d/wv5m-vpq2?row_id=20250090012
SF00667,750 FILBERT ST,San Francisco,CA,,1907,6,F5,Flats 5 to 14 units,DataSF wv5m-vpq2 (2025 roll),2026-10-04T04:36Z,20250090013,https://data.sf.gov/d/wv5m-vpq2?row_id=20250090013
SF00668,770 FILBERT ST,San Francisco,CA,,1927,9,A5,Apartment 5 to 14 Units,DataSF wv5m-vpq2 (2025 roll),2026-10-04T04:36Z,20250090014,https://data.sf.gov/d/wv5m-vpq2?row_id=20250090014
SF00669,1910 MASON ST,San Francisco,CA,,1927,2,F,Flats & Duplex,DataSF wv5m-vpq2 (2025 roll),2026-10-04T04:36Z,20250090014A,https://data.sf.gov/d/wv5m-vpq2?row_id=20250090014A
SF00670,1928 MASON ST,San Francisco,CA,,1907,3,F,Flats & Duplex,DataSF wv5m-vpq2 (2025 roll),2026-10-04T04:36Z,20250090016,https://data.sf.gov/d/wv5m-vpq2?row_id=20250090016
SF00671,1934 MASON ST,San Francisco,CA,,1907,3,F,Flats & Duplex,DataSF wv5m-vpq2 (2025 roll),2026-10-04T04:36Z,20250090017,https://data.sf.gov/d/wv5m-vpq2?row_id=20250090017
SF00672,1946 MASON ST,San Francisco,CA,,1908,3,F,Flats & Duplex,DataSF wv5m-vpq2 (2025 roll),2026-10-04T04:36Z,20250090019,https://data.sf.gov/d/wv5m-vpq2?row_id=20250090019
SF00673,6 SCOTLAND ST,San Francisco,CA,,1907,2,F,Flats & Duplex,DataSF wv5m-vpq2 (2025 roll),2026-10-04T04:36Z,20250090023,https://data.sf.gov/d/wv5m-vpq2?row_id=20250090023
SF00674,753 COLUMBUS AV,San Francisco,CA,,1907,3,FS,Flat & Store 4 units or less,DataSF wv5m-vpq2 (2025 roll),2026-10-04T04:36Z,20250090025,https://data.sf.gov/d/wv5m-vpq2?row_id=20250090025
SF00675,716 COLUMBUS AV,San Francisco,CA,,1907,12,FS5,Flat & Store 5 to 14 units,DataSF wv5m-vpq2 (2025 roll),2026-10-04T04:36Z,20250090027,https://data.sf.gov/d/wv5m-vpq2?row_id=20250090027
SF00676,750 COLUMBUS AV,San Francisco,CA,,1909,8,FS5,Flat & Store 5 to 14 units,DataSF wv5m-vpq2 (2025 roll),2026-10-04T04:36Z,20250090028,https://data.sf.gov/d/wv5m-vpq2?row_id=20250090028
SF00677,776 COLUMBUS AV,San Francisco,CA,,1907,5,FS5,Flat & Store 5 to 14 units,DataSF wv5m-vpq2 (2025 roll),2026-10-04T04:36Z,20250090029,https://data.sf.gov/d/wv5m-vpq2?row_id=20250090029
SF00678,29 VIA BUFANO,San Francisco,CA,,1907,3,F,Flats & Duplex,DataSF wv5m-vpq2 (2025 roll),2026-10-04T04:36Z,20250090031,https://data.sf.gov/d/wv5m-vpq2?row_id=20250090031
SF00679,785 COLUMBUS AV,San Francisco,CA,,1906,8,FS5,Flat & Store 5 to 14 units,DataSF wv5m-vpq2 (2025 roll),2026-10-04T04:36Z,20250090033,https://data.sf.gov/d/wv5m-vpq2?row_id=20250090033
SF00680,736 FILBERT ST,San Francisco,CA,,1914,3,F,Flats & Duplex,DataSF wv5m-vpq2 (2025 roll),2026-10-04T04:36Z,20250090034,https://data.sf.gov/d/wv5m-vpq2?row_id=20250090034
SF00681,724 FILBERT ST,San Francisco,CA,,1962,4,A,Apartment 4 units or less,DataSF wv5m-vpq2 (2025 roll),2026-10-04T04:36Z,20250090035,https://data.sf.gov/d/wv5m-vpq2?row_id=20250090035
SF00682,725 COLUMBUS AV,San Francisco,CA,,1915,5,FS5,Flat & Store 5 to 14 units,DataSF wv5m-vpq2 (2025 roll),2026-10-04T04:36Z,20250090037,https://data.sf.gov/d/wv5m-vpq2?row_id=20250090037
SF00683,701 COLUMBUS AV,San Francisco,CA,,1907,7,FS5,Flat & Store 5 to 14 units,DataSF wv5m-vpq2 (2025 roll),2026-10-04T04:36Z,20250090038,https://data.sf.gov/d/wv5m-vpq2?row_id=20250090038
SF00684,1943 MASON ST,San Francisco,CA,,1907,3,F,Flats & Duplex,DataSF wv5m-vpq2 (2025 roll),2026-10-04T04:36Z,20250091002,https://data.sf.gov/d/wv5m-vpq2?row_id=20250091002
SF00685,1937 MASON ST,San Francisco,CA,,1907,3,F,Flats & Duplex,DataSF wv5m-vpq2 (2025 roll),2026-10-04T04:36Z,20250091003,https://data.sf.gov/d/wv5m-vpq2?row_id=20250091003
SF00686,1931 MASON ST,San Francisco,CA,,1907,3,F,Flats & Duplex,DataSF wv5m-vpq2 (2025 roll),2026-10-04T04:36Z,20250091004,https://data.sf.gov/d/wv5m-vpq2?row_id=20250091004
SF00687,1921 MASON ST,San Francisco,CA,,1912,3,F,Flats & Duplex,DataSF wv5m-vpq2 (2025 roll),2026-10-04T04:36Z,20250091005,https://data.sf.gov/d/wv5m-vpq2?row_id=20250091005
SF00688,1901 MASON ST,San Francisco,CA,,1909,9,A5,Apartment 5 to 14 Units,DataSF wv5m-vpq2 (2025 roll),2026-10-04T04:36Z,20250091006,https://data.sf.gov/d/wv5m-vpq2?row_id=20250091006
SF00689,810 FILBERT ST,San Francisco,CA,,1907,3,F,Flats & Duplex,DataSF wv5m-vpq2 (2025 roll),2026-10-04T04:36Z,20250091008,https://data.sf.gov/d/wv5m-vpq2?row_id=20250091008
SF00690,816 FILBERT ST,San Francisco,CA,,1907,4,F,Flats & Duplex,DataSF wv5m-vpq2 (2025 roll),2026-10-04T04:36Z,20250091009,https://data.sf.gov/d/wv5m-vpq2?row_id=20250091009
SF00691,17 VALPARAISO ST,San Francisco,CA,,1912,2,F,Flats & Duplex,DataSF wv5m-vpq2 (2025 roll),2026-10-04T04:36Z,20250091009A,https://data.sf.gov/d/wv5m-vpq2?row_id=20250091009A
SF00692,822 FILBERT ST,San Francisco,CA,,1910,3,F,Flats & Duplex,DataSF wv5m-vpq2 (2025 roll),2026-10-04T04:36Z,20250091010,https://data.sf.gov/d/wv5m-vpq2?row_id=20250091010
SF00693,23 VALPARAISO ST,San Francisco,CA,,1910,2,F,Flats & Duplex,DataSF wv5m-vpq2 (2025 roll),2026-10-04T04:36Z,20250091010A,https://data.sf.gov/d/wv5m-vpq2?row_id=20250091010A
SF00694,828 FILBERT ST,San Francisco,CA,,1907,3,F,Flats & Duplex,DataSF wv5m-vpq2 (2025 roll),2026-10-04T04:36Z,20250091011,https://data.sf.gov/d/wv5m-vpq2?row_id=20250091011
SF00695,840 FILBERT ST,San Francisco,CA,,1910,2,F,Flats & Duplex,DataSF wv5m-vpq2 (2025 roll),2026-10-04T04:36Z,20250091013,https://data.sf.gov/d/wv5m-vpq2?row_id=20250091013
SF00696,846 FILBERT ST,San Francisco,CA,,1906,2,F,Flats & Duplex,DataSF wv5m-vpq2 (2025 roll),2026-10-04T04:36Z,20250091014,https://data.sf.gov/d/wv5m-vpq2?row_id=20250091014
SF00697,852 FILBERT ST,San Francisco,CA,,1908,9,A5,Apartment 5 to 14 Units,DataSF wv5m-vpq2 (2025 roll),2026-10-04T04:36Z,20250091015,https://data.sf.gov/d/wv5m-vpq2?row_id=20250091015
SF00698,862 FILBERT ST,San Francisco,CA,,1906,2,F,Flats & Duplex,DataSF wv5m-vpq2 (2025 roll),2026-10-04T04:36Z,20250091016,https://data.sf.gov/d/wv5m-vpq2?row_id=20250091016
SF00699,870 FILBERT ST,San Francisco,CA,,1925,4,F,Flats & Duplex,DataSF wv5m-vpq2 (2025 roll),2026-10-04T04:36Z,20250091017,https://data.sf.gov/d/wv5m-vpq2?row_id=20250091017
SF00700,874 FILBERT ST,San Francisco,CA,,1909,3,F,Flats & Duplex,DataSF wv5m-vpq2 (2025 roll),2026-10-04T04:36Z,20250091018,https://data.sf.gov/d/wv5m-vpq2?row_id=20250091018
SF00701,77 VALPARAISO ST,San Francisco,CA,,1924,2,F,Flats & Duplex,DataSF wv5m-vpq2 (2025 roll),2026-10-04T04:36Z,20250091018A,https://data.sf.gov/d/wv5m-vpq2?row_id=20250091018A
SF00702,882 FILBERT ST,San Francisco,CA,,1908,2,F,Flats & Duplex,DataSF wv5m-vpq2 (2025 roll),2026-10-04T04:36Z,20250091019,https://data.sf.gov/d/wv5m-vpq2?row_id=20250091019
SF00703,890 FILBERT ST,San Francisco,CA,,1924,2,F,Flats & Duplex,DataSF wv5m-vpq2 (2025 roll),2026-10-04T04:36Z,20250091020,https://data.sf.gov/d/wv5m-vpq2?row_id=20250091020
SF00704,2004 TAYLOR ST,San Francisco,CA,,1956,3,A,Apartment 4 units or less,DataSF wv5m-vpq2 (2025 roll),2026-10-04T04:36Z,20250091021,https://data.sf.gov/d/wv5m-vpq2?row_id=20250091021
SF00705,2016 TAYLOR ST,San Francisco,CA,,1908,6,A5,Apartment 5 to 14 Units,DataSF wv5m-vpq2 (2025 roll),2026-10-04T04:36Z,20250091022,https://data.sf.gov/d/wv5m-vpq2?row_id=20250091022
SF00706,2026 TAYLOR ST,San Francisco,CA,,1908,2,F,Flats & Duplex,DataSF wv5m-vpq2 (2025 roll),2026-10-04T04:36Z,20250091023,https://data.sf.gov/d/wv5m-vpq2?row_id=20250091023
SF00707,85 VALPARAISO ST,San Francisco,CA,,1907,2,F,Flats & Duplex,DataSF wv5m-vpq2 (2025 roll),2026-10-04T04:36Z,20250091025,https://data.sf.gov/d/wv5m-vpq2?row_id=20250091025
SF00708,67 VALPARAISO ST,San Francisco,CA,,1907,3,F,Flats & Duplex,DataSF wv5m-vpq2 (2025 roll),2026-10-04T04:36Z,20250091026,https://data.sf.gov/d/wv5m-vpq2?row_id=20250091026
SF00709,53 VALPARAISO ST,San Francisco,CA,,1908,6,F5,Flats 5 to 14 units,DataSF wv5m-vpq2 (2025 roll),2026-10-04T04:36Z,20250091027,https://data.sf.gov/d/wv5m-vpq2?row_id=20250091027
SF00710,29 VALPARAISO ST,San Francisco,CA,,1907,2,F,Flats & Duplex,DataSF wv5m-vpq2 (2025 roll),2026-10-04T04:36Z,20250091029,https://data.sf.gov/d/wv5m-vpq2?row_id=20250091029
SF00711,16 VALPARAISO ST,San Francisco,CA,,1900,2,F,Flats & Duplex,DataSF wv5m-vpq2 (2025 roll),2026-10-04T04:36Z,20250091030,https://data.sf.gov/d/wv5m-vpq2?row_id=20250091030
SF00712,24 VALPARAISO ST,San Francisco,CA,,1906,3,F,Flats & Duplex,DataSF wv5m-vpq2 (2025 roll),2026-10-04T04:36Z,20250091031,https://data.sf.gov/d/wv5m-vpq2?row_id=20250091031
SF00713,28 VALPARAISO ST,San Francisco,CA,,1925,3,F,Flats & Duplex,DataSF wv5m-vpq2 (2025 roll),2026-10-04T04:36Z,20250091032,https://data.sf.gov/d/wv5m-vpq2?row_id=20250091032
SF00714,34 VALPARAISO ST,San Francisco,CA,,1912,2,F,Flats & Duplex,DataSF wv5m-vpq2 (2025 roll),2026-10-04T04:36Z,20250091033,https://data.sf.gov/d/wv5m-vpq2?row_id=20250091033
SF00715,46 VALPARAISO ST,San Francisco,CA,,1909,2,F,Flats & Duplex,DataSF wv5m-vpq2 (2025 roll),2026-10-04T04:36Z,20250091035,https://data.sf.gov/d/wv5m-vpq2?row_id=20250091035
SF00716,52 VALPARAISO ST,San Francisco,CA,,1913,2,F,Flats & Duplex,DataSF wv5m-vpq2 (2025 roll),2026-10-04T04:36Z,20250091036,https://data.sf.gov/d/wv5m-vpq2?row_id=20250091036
SF00717,72 VALPARAISO ST,San Francisco,CA,,1960,2,F,Flats & Duplex,DataSF wv5m-vpq2 (2025 roll),2026-10-04T04:36Z,20250091037,https://data.sf.gov/d/wv5m-vpq2?row_id=20250091037
SF00718,80 VALPARAISO ST,San Francisco,CA,,1907,2,F,Flats & Duplex,DataSF wv5m-vpq2 (2025 roll),2026-10-04T04:36Z,20250091038,https://data.sf.gov/d/wv5m-vpq2?row_id=20250091038
SF00719,82 VALPARAISO ST,San Francisco,CA,,1910,3,F,Flats & Duplex,DataSF wv5m-vpq2 (2025 roll),2026-10-04T04:36Z,20250091039,https://data.sf.gov/d/wv5m-vpq2?row_id=20250091039
SF00720,88 VALPARAISO ST,San Francisco,CA,,1907,4,A,Apartment 4 units or less,DataSF wv5m-vpq2 (2025 roll),2026-10-04T04:36Z,20250091040,https://data.sf.gov/d/wv5m-vpq2?row_id=20250091040
SF00721,2040 TAYLOR ST,San Francisco,CA,,1907,5,A5,Apartment 5 to 14 Units,DataSF wv5m-vpq2 (2025 roll),2026-10-04T04:36Z,20250091041,https://data.sf.gov/d/wv5m-vpq2?row_id=20250091041
SF00722,2050 TAYLOR ST,San Francisco,CA,,1907,6,A5,Apartment 5 to 14 Units,DataSF wv5m-vpq2 (2025 roll),2026-10-04T04:36Z,20250091042,https://data.sf.gov/d/wv5m-vpq2?row_id=20250091042
SF00723,891 GREENWICH ST,San Francisco,CA,,1955,2,F,Flats & Duplex,DataSF wv5m-vpq2 (2025 roll),2026-10-04T04:36Z,20250091043,https://data.sf.gov/d/wv5m-vpq2?row_id=20250091043
SF00724,869 GREENWICH ST,San Francisco,CA,,1907,2,F,Flats & Duplex,DataSF wv5m-vpq2 (2025 roll),2026-10-04T04:36Z,20250091046,https://data.sf.gov/d/wv5m-vpq2?row_id=20250091046
SF00725,863 GREENWICH ST,San Francisco,CA,,1907,2,F,Flats & Duplex,DataSF wv5m-vpq2 (2025 roll),2026-10-04T04:36Z,20250091047,https://data.sf.gov/d/wv5m-vpq2?row_id=20250091047
SF00726,62 VALPARAISO ST,San Francisco,CA,,1907,3,F,Flats & Duplex,DataSF wv5m-vpq2 (2025 roll),2026-10-04T04:36Z,20250091047A,https://data.sf.gov/d/wv5m-vpq2?row_id=20250091047A
SF00727,857 GREENWICH ST,San Francisco,CA,,1910,3,F,Flats & Duplex,DataSF wv5m-vpq2 (2025 roll),2026-10-04T04:36Z,20250091048,https://data.sf.gov/d/wv5m-vpq2?row_id=20250091048
SF00728,58 VALPARAISO ST,San Francisco,CA,,1910,2,F,Flats & Duplex,DataSF wv5m-vpq2 (2025 roll),2026-10-04T04:36Z,20250091048A,https://data.sf.gov/d/wv5m-vpq2?row_id=20250091048A
SF00729,851 GREENWICH ST,San Francisco,CA,,1907,6,A5,Apartment 5 to 14 Units,DataSF wv5m-vpq2 (2025 roll),2026-10-04T04:36Z,20250091049,https://data.sf.gov/d/wv5m-vpq2?row_id=20250091049
SF00730,839 GREENWICH ST,San Francisco,CA,,1912,4,A,Apartment 4 units or less,DataSF wv5m-vpq2 (2025 roll),2026-10-04T04:36Z,20250091051,https://data.sf.gov/d/wv5m-vpq2?row_id=20250091051
SF00731,833 GREENWICH ST,San Francisco,CA,,1912,3,F,Flats & Duplex,DataSF wv5m-vpq2 (2025 roll),2026-10-04T04:36Z,20250091052,https://data.sf.gov/d/wv5m-vpq2?row_id=20250091052
SF00732,827 GREENWICH ST,San Francisco,CA,,1907,3,F,Flats & Duplex,DataSF wv5m-vpq2 (2025 roll),2026-10-04T04:36Z,20250091053,https://data.sf.gov/d/wv5m-vpq2?row_id=20250091053
SF00733,815 GREENWICH ST,San Francisco,CA,,1962,4,FS,Flat & Store 4 units or less,DataSF wv5m-vpq2 (2025 roll),2026-10-04T04:36Z,20250091054,https://data.sf.gov/d/wv5m-vpq2?row_id=20250091054
SF00734,836 FILBERT ST,San Francisco,CA,,1910,2,F,Flats & Duplex,DataSF wv5m-vpq2 (2025 roll),2026-10-04T04:36Z,20250091055,https://data.sf.gov/d/wv5m-vpq2?row_id=20250091055
SF00735,35 VALPARAISO ST,San Francisco,CA,,1929,2,F,Flats & Duplex,DataSF wv5m-vpq2 (2025 roll),2026-10-04T04:36Z,20250091056,https://data.sf.gov/d/wv5m-vpq2?row_id=20250091056
SF00736,901 GREENWICH ST,San Francisco,CA,,1907,6,A5,Apartment 5 to 14 Units,DataSF wv5m-vpq2 (2025 roll),2026-10-04T04:36Z,20250092001,https://data.sf.gov/d/wv5m-vpq2?row_id=20250092001
SF00737,2043 TAYLOR ST,San Francisco,CA,,1907,3,F,Flats & Duplex,DataSF wv5m-vpq2 (2025 roll),2026-10-04T04:36Z,20250092003,https://data.sf.gov/d/wv5m-vpq2?row_id=20250092003
SF00738,2037 TAYLOR ST,San Francisco,CA,,1909,4,A,Apartment 4 units or less,DataSF wv5m-vpq2 (2025 roll),2026-10-04T04:36Z,20250092004,https://data.sf.gov/d/wv5m-vpq2?row_id=20250092004
SF00739,2029 TAYLOR ST,San Francisco,CA,,1915,6,F5,Flats 5 to 14 units,DataSF wv5m-vpq2 (2025 roll),2026-10-04T04:36Z,20250092005,https://data.sf.gov/d/wv5m-vpq2?row_id=20250092005
SF00740,960 FILBERT ST,San Francisco,CA,,1913,3,F,Flats & Duplex,DataSF wv5m-vpq2 (2025 roll),2026-10-04T04:36Z,20250092012,https://data.sf.gov/d/wv5m-vpq2?row_id=20250092012
SF00741,966 FILBERT ST,San Francisco,CA,,1911,3,F,Flats & Duplex,DataSF wv5m-vpq2 (2025 roll),2026-10-04T04:36Z,20250092013,https://data.sf.gov/d/wv5m-vpq2?row_id=20250092013
SF00742,972 FILBERT ST,San Francisco,CA,,1912,3,F,Flats & Duplex,DataSF wv5m-vpq2 (2025 roll),2026-10-04T04:36Z,20250092014,https://data.sf.gov/d/wv5m-vpq2?row_id=20250092014
SF00743,980 FILBERT ST,San Francisco,CA,,1911,2,F,Flats & Duplex,DataSF wv5m-vpq2 (2025 roll),2026-10-04T04:36Z,20250092015,https://data.sf.gov/d/wv5m-vpq2?row_id=20250092015
SF00744,984 FILBERT ST,San Francisco,CA,,1908,5,F5,Flats 5 to 14 units,DataSF wv5m-vpq2 (2025 roll),2026-10-04T04:36Z,20250092016,https://data.sf.gov/d/wv5m-vpq2?row_id=20250092016
SF00745,2100 JONES ST,San Francisco,CA,,1912,10,A5,Apartment 5 to 14 Units,DataSF wv5m-vpq2 (2025 roll),2026-10-04T04:36Z,20250092017,https://data.sf.gov/d/wv5m-vpq2?row_id=20250092017
SF00746,2120 JONES ST,San Francisco,CA,,1964,5,A5,Apartment 5 to 14 Units,DataSF wv5m-vpq2 (2025 roll),2026-10-04T04:36Z,20250092018,https://data.sf.gov/d/wv5m-vpq2?row_id=20250092018
SF00747,173 VALPARAISO ST,San Francisco,CA,,1930,2,F,Flats & Duplex,DataSF wv5m-vpq2 (2025 roll),2026-10-04T04:36Z,20250092019,https://data.sf.gov/d/wv5m-vpq2?row_id=20250092019
SF00748,111 VALPARAISO ST,San Francisco,CA,,1911,4,F,Flats & Duplex,DataSF wv5m-vpq2 (2025 roll),2026-10-04T04:36Z,20250092021,https://data.sf.gov/d/wv5m-vpq2?row_id=20250092021
SF00749,126 VALPARAISO ST,San Francisco,CA,,1907,6,A5,Apartment 5 to 14 Units,DataSF wv5m-vpq2 (2025 roll),2026-10-04T04:36Z,20250092023,https://data.sf.gov/d/wv5m-vpq2?row_id=20250092023
SF00750,140 VALPARAISO ST,San Francisco,CA,,1956,2,F,Flats & Duplex,DataSF wv5m-vpq2 (2025 roll),2026-10-04T04:36Z,20250092024,https://data.sf.gov/d/wv5m-vpq2?row_id=20250092024
SF00751,166 VALPARAISO ST,San Francisco,CA,,1912,3,F,Flats & Duplex,DataSF wv5m-vpq2 (2025 roll),2026-10-04T04:36Z,20250092025,https://data.sf.gov/d/wv5m-vpq2?row_id=20250092025
SF00752,2130 JONES ST,San Francisco,CA,,1908,6,A5,Apartment 5 to 14 Units,DataSF wv5m-vpq2 (2025 roll),2026-10-04T04:36Z,20250092026,https://data.sf.gov/d/wv5m-vpq2?row_id=20250092026
SF00753,2138 JONES ST,San Francisco,CA,,1907,5,A5,Apartment 5 to 14 Units,DataSF wv5m-vpq2 (2025 roll),2026-10-04T04:36Z,20250092027,https://data.sf.gov/d/wv5m-vpq2?row_id=20250092027
SF00754,2154 JONES ST,San Francisco,CA,,1935,2,F,Flats & Duplex,DataSF wv5m-vpq2 (2025 roll),2026-10-04T04:36Z,20250092028,https://data.sf.gov/d/wv5m-vpq2?row_id=20250092028
SF00755,985 GREENWICH ST,San Francisco,CA,,1908,4,A,Apartment 4 units or less,DataSF wv5m-vpq2 (2025 roll),2026-10-04T04:36Z,20250092029,https://data.sf.gov/d/wv5m-vpq2?row_id=20250092029
SF00756,969 GREENWICH ST,San Francisco,CA,,1907,3,F,Flats & Duplex,DataSF wv5m-vpq2 (2025 roll),2026-10-04T04:36Z,20250092031,https://data.sf.gov/d/wv5m-vpq2?row_id=20250092031
SF00757,963 GREENWICH ST,San Francisco,CA,,1912,3,F,Flats & Duplex,DataSF wv5m-vpq2 (2025 roll),2026-10-04T04:36Z,20250092032,https://data.sf.gov/d/wv5m-vpq2?row_id=20250092032
SF00758,945 GREENWICH ST,San Francisco,CA,,1911,4,A,Apartment 4 units or less,DataSF wv5m-vpq2 (2025 roll),2026-10-04T04:36Z,20250092034,https://data.sf.gov/d/wv5m-vpq2?row_id=20250092034
SF00759,939 GREENWICH ST,San Francisco,CA,,1929,2,F,Flats & Duplex,DataSF wv5m-vpq2 (2025 roll),2026-10-04T04:36Z,20250092035,https://data.sf.gov/d/wv5m-vpq2?row_id=20250092035
SF00760,915 GREENWICH ST,San Francisco,CA,,1908,5,F5,Flats 5 to 14 units,DataSF wv5m-vpq2 (2025 roll),2026-10-04T04:36Z,20250092038,https://data.sf.gov/d/wv5m-vpq2?row_id=20250092038
SF00761,160 VALPARAISO ST,San Francisco,CA,,1972,5,A5,Apartment 5 to 14 Units,DataSF wv5m-vpq2 (2025 roll),2026-10-04T04:36Z,20250092039,https://data.sf.gov/d/wv5m-vpq2?row_id=20250092039
SF00762,176 VALPARAISO ST,San Francisco,CA,,1907,5,A5,Apartment 5 to 14 Units,DataSF wv5m-vpq2 (2025 roll),2026-10-04T04:36Z,20250092045,https://data.sf.gov/d/wv5m-vpq2?row_id=20250092045
SF00763,2161 JONES ST,San Francisco,CA,,1909,3,F,Flats & Duplex,DataSF wv5m-vpq2 (2025 roll),2026-10-04T04:36Z,20250093002,https://data.sf.gov/d/wv5m-vpq2?row_id=20250093002
SF00764,2155 JONES ST,San Francisco,CA,,1926,2,F,Flats & Duplex,DataSF wv5m-vpq2 (2025 roll),2026-10-04T04:36Z,20250093003,https://data.sf.gov/d/wv5m-vpq2?row_id=20250093003
SF00765,2149 JONES ST,San Francisco,CA,,1927,2,F,Flats & Duplex,DataSF wv5m-vpq2 (2025 roll),2026-10-04T04:36Z,20250093004,https://data.sf.gov/d/wv5m-vpq2?row_id=20250093004
SF00766,2143 JONES ST,San Francisco,CA,,1909,2,F,Flats & Duplex,DataSF wv5m-vpq2 (2025 roll),2026-10-04T04:36Z,20250093005,https://data.sf.gov/d/wv5m-vpq2?row_id=20250093005
SF00767,2137 JONES ST,San Francisco,CA,,1907,4,F,Flats & Duplex,DataSF wv5m-vpq2 (2025 roll),2026-10-04T04:36Z,20250093005A,https://data.sf.gov/d/wv5m-vpq2?row_id=20250093005A
SF00768,2127 JONES ST,San Francisco,CA,,1928,3,F,Flats & Duplex,DataSF wv5m-vpq2 (2025 roll),2026-10-04T04:36Z,20250093006,https://data.sf.gov/d/wv5m-vpq2?row_id=20250093006
SF00769,2119 JONES ST,San Francisco,CA,,1909,6,A5,Apartment 5 to 14 Units,DataSF wv5m-vpq2 (2025 roll),2026-10-04T04:36Z,20250093007,https://data.sf.gov/d/wv5m-vpq2?row_id=20250093007
SF00770,2113 JONES ST,San Francisco,CA,,1910,4,F,Flats & Duplex,DataSF wv5m-vpq2 (2025 roll),2026-10-04T04:36Z,20250093008,https://data.sf.gov/d/wv5m-vpq2?row_id=20250093008
SF00771,2107 JONES ST,San Francisco,CA,,1907,2,F,Flats & Duplex,DataSF wv5m-vpq2 (2025 roll),2026-10-04T04:36Z,20250093009,https://data.sf.gov/d/wv5m-vpq2?row_id=20250093009
SF00772,1000 FILBERT ST,San Francisco,CA,,1912,7,A5,Apartment 5 to 14 Units,DataSF wv5m-vpq2 (2025 roll),2026-10-04T04:36Z,20250093010,https://data.sf.gov/d/wv5m-vpq2?row_id=20250093010
SF00773,1024 FILBERT ST,San Francisco,CA,,1927,3,F,Flats & Duplex,DataSF wv5m-vpq2 (2025 roll),2026-10-04T04:36Z,20250093011,https://data.sf.gov/d/wv5m-vpq2?row_id=20250093011
SF00774,1052 FILBERT ST,San Francisco,CA,,1908,3,F,Flats & Duplex,DataSF wv5m-vpq2 (2025 roll),2026-10-04T04:36Z,20250093014,https://data.sf.gov/d/wv5m-vpq2?row_id=20250093014
SF00775,1060 FILBERT ST,San Francisco,CA,,1940,4,TIA,TI Apartment,DataSF wv5m-vpq2 (2025 roll),2026-10-04T04:36Z,20250093015,https://data.sf.gov/d/wv5m-vpq2?row_id=20250093015
SF00776,1066 FILBERT ST,San Francisco,CA,,1909,3,F,Flats & Duplex,DataSF wv5m-vpq2 (2025 roll),2026-10-04T04:36Z,20250093016,https://data.sf.gov/d/wv5m-vpq2?row_id=20250093016
SF00777,1072 FILBERT ST,San Francisco,CA,,1914,2,F,Flats & Duplex,DataSF wv5m-vpq2 (2025 roll),2026-10-04T04:36Z,20250093017,https://data.sf.gov/d/wv5m-vpq2?row_id=20250093017
SF00778,2116 LEAVENWORTH ST,San Francisco,CA,,1909,3,F,Flats & Duplex,DataSF wv5m-vpq2 (2025 roll),2026-10-04T04:36Z,20250093021,https://data.sf.gov/d/wv5m-vpq2?row_id=20250093021
SF00779,2136 LEAVENWORTH ST,San Francisco,CA,,1953,2,F,Flats & Duplex,DataSF wv5m-vpq2 (2025 roll),2026-10-04T04:36Z,20250093023,https://data.sf.gov/d/wv5m-vpq2?row_id=20250093023
SF00780,2160 LEAVENWORTH ST,San Francisco,CA,,1928,17,A15,Apartment 15 Units or more,DataSF wv5m-vpq2 (2025 roll),2026-10-04T04:36Z,20250093023C,https://data.sf.gov/d/wv5m-vpq2?row_id=20250093023C
SF00781,1023 GREENWICH ST,San Francisco,CA,,1906,6,A5,Apartment 5 to 14 Units,DataSF wv5m-vpq2 (2025 roll),2026-10-04T04:36Z,20250093025,https://data.sf.gov/d/wv5m-vpq2?row_id=20250093025
SF00782,1021 GREENWICH ST,San Francisco,CA,,1908,6,A5,Apartment 5 to 14 Units,DataSF wv5m-vpq2 (2025 roll),2026-10-04T04:36Z,20250093026,https://data.sf.gov/d/wv5m-vpq2?row_id=20250093026
SF00783,2117 LEAVENWORTH ST,San Francisco,CA,,1900,2,F,Flats & Duplex,DataSF wv5m-vpq2 (2025 roll),2026-10-04T04:36Z,20250094003,https://data.sf.gov/d/wv5m-vpq2?row_id=20250094003
SF00784,1124 FILBERT ST,San Francisco,CA,,1908,2,F,Flats & Duplex,DataSF wv5m-vpq2 (2025 roll),2026-10-04T04:36Z,20250094006,https://data.sf.gov/d/wv5m-vpq2?row_id=20250094006
SF00785,1130 FILBERT ST,San Francisco,CA,,1905,4,A,Apartment 4 units or less,DataSF wv5m-vpq2 (2025 roll),2026-10-04T04:36Z,20250094007,https://data.sf.gov/d/wv5m-vpq2?row_id=20250094007
SF00786,1138 FILBERT ST,San Francisco,CA,,1914,4,A,Apartment 4 units or less,DataSF wv5m-vpq2 (2025 roll),2026-10-04T04:36Z,20250094008,https://data.sf.gov/d/wv5m-vpq2?row_id=20250094008
SF00787,1148 FILBERT ST,San Francisco,CA,,1914,2,F,Flats & Duplex,DataSF wv5m-vpq2 (2025 roll),2026-10-04T04:36Z,20250094010,https://data.sf.gov/d/wv5m-vpq2?row_id=20250094010
SF00788,1154 FILBERT ST,San Francisco,CA,,1908,3,F,Flats & Duplex,DataSF wv5m-vpq2 (2025 roll),2026-10-04T04:36Z,20250094011,https://data.sf.gov/d/wv5m-vpq2?row_id=20250094011
SF00789,1160 FILBERT ST,San Francisco,CA,,1924,2,F,Flats & Duplex,DataSF wv5m-vpq2 (2025 roll),2026-10-04T04:36Z,20250094012,https://data.sf.gov/d/wv5m-vpq2?row_id=20250094012
SF00790,1166 FILBERT ST,San Francisco,CA,,1988,2,F,Flats & Duplex,DataSF wv5m-vpq2 (2025 roll),2026-10-04T04:36Z,20250094013,https://data.sf.gov/d/wv5m-vpq2?row_id=20250094013
SF00791,1180 FILBERT ST,San Francisco,CA,,1974,14,A5,Apartment 5 to 14 Units,DataSF wv5m-vpq2 (2025 roll),2026-10-04T04:36Z,20250094014,https://data.sf.gov/d/wv5m-vpq2?row_id=20250094014
SF00792,2124 HYDE ST,San Francisco,CA,,1913,7,TIC,TIC Bldg 4 units or less,DataSF wv5m-vpq2 (2025 roll),2026-10-04T04:36Z,20250094017,https://data.sf.gov/d/wv5m-vpq2?row_id=20250094017
SF00793,2140 HYDE ST,San Francisco,CA,,1917,13,TIC,TIC Bldg 4 units or less,DataSF wv5m-vpq2 (2025 roll),2026-10-04T04:36Z,20250094018,https://data.sf.gov/d/wv5m-vpq2?row_id=20250094018
SF00794,2150 HYDE ST,San Francisco,CA,,1918,10,A5,Apartment 5 to 14 Units,DataSF wv5m-vpq2 (2025 roll),2026-10-04T04:36Z,20250094018A,https://data.sf.gov/d/wv5m-vpq2?row_id=20250094018A
SF00795,1149 GREENWICH ST,San Francisco,CA,,1907,5,A5,Apartment 5 to 14 Units,DataSF wv5m-vpq2 (2025 roll),2026-10-04T04:36Z,20250094024,https://data.sf.gov/d/wv5m-vpq2?row_id=20250094024
SF00796,2164 HYDE ST,San Francisco,CA,,1914,16,CO,Coop Units Unsegregated,DataSF wv5m-vpq2 (2025 roll),2026-10-04T04:36Z,20250094C014,https://data.sf.gov/d/wv5m-vpq2?row_id=20250094C014
SF00797,1201 GREENWICH ST,San Francisco,CA,,1923,20,A15,Apartment 15 Units or more,DataSF wv5m-vpq2 (2025 roll),2026-10-04T04:36Z,20250095001,https://data.sf.gov/d/wv5m-vpq2?row_id=20250095001
SF00798,1246 FILBERT ST,San Francisco,CA,,1937,2,F,Flats & Duplex,DataSF wv5m-vpq2 (2025 roll),2026-10-04T04:36Z,20250095008,https://data.sf.gov/d/wv5m-vpq2?row_id=20250095008
SF00799,1252 FILBERT ST,San Francisco,CA,,1908,2,F,Flats & Duplex,DataSF wv5m-vpq2 (2025 roll),2026-10-04T04:36Z,20250095009,https://data.sf.gov/d/wv5m-vpq2?row_id=20250095009
SF00800,1298 FILBERT ST,San Francisco,CA,,1908,3,F,Flats & Duplex,DataSF wv5m-vpq2 (2025 roll),2026-10-04T04:36Z,20250095014,https://data.sf.gov/d/wv5m-vpq2?row_id=20250095014
SF00801,2430 LARKIN ST,San Francisco,CA,,1956,2,F,Flats & Duplex,DataSF wv5m-vpq2 (2025 roll),2026-10-04T04:36Z,20250095019,https://data.sf.gov/d/wv5m-vpq2?row_id=20250095019
SF00802,2448 LARKIN ST,San Francisco,CA,,1900,2,TIA,TI Apartment,DataSF wv5m-vpq2 (2025 roll),2026-10-04T04:36Z,20250095022,https://data.sf.gov/d/wv5m-vpq2?row_id=20250095022
SF00803,2460 LARKIN ST,San Francisco,CA,,1917,10,A5,Apartment 5 to 14 Units,DataSF wv5m-vpq2 (2025 roll),2026-10-04T04:36Z,20250095023,https://data.sf.gov/d/wv5m-vpq2?row_id=20250095023
SF00804,1281 GREENWICH ST,San Francisco,CA,,1908,2,F,Flats & Duplex,DataSF wv5m-vpq2 (2025 roll),2026-10-04T04:36Z,20250095024,https://data.sf.gov/d/wv5m-vpq2?row_id=20250095024
SF00805,1275 GREENWICH ST,San Francisco,CA,,1926,13,A5,Apartment 5 to 14 Units,DataSF wv5m-vpq2 (2025 roll),2026-10-04T04:36Z,20250095025,https://data.sf.gov/d/wv5m-vpq2?row_id=20250095025
SF00806,1221 GREENWICH ST,San Francisco,CA,,1907,8,A5,Apartment 5 to 14 Units,DataSF wv5m-vpq2 (2025 roll),2026-10-04T04:36Z,20250095028,https://data.sf.gov/d/wv5m-vpq2?row_id=20250095028
SF00807,2041 HYDE ST,San Francisco,CA,,1921,4,A,Apartment 4 units or less,DataSF wv5m-vpq2 (2025 roll),2026-10-04T04:36Z,20250096001A,https://data.sf.gov/d/wv5m-vpq2?row_id=20250096001A
SF00808,2055 HYDE ST,San Francisco,CA,,1919,2,F,Flats & Duplex,DataSF wv5m-vpq2 (2025 roll),2026-10-04T04:36Z,20250096002,https://data.sf.gov/d/wv5m-vpq2?row_id=20250096002
SF00809,2049 HYDE ST,San Francisco,CA,,1911,3,F,Flats & Duplex,DataSF wv5m-vpq2 (2025 roll),2026-10-04T04:36Z,20250096003,https://data.sf.gov/d/wv5m-vpq2?row_id=20250096003
SF00810,2037 HYDE ST,San Francisco,CA,,1916,6,A5,Apartment 5 to 14 Units,DataSF wv5m-vpq2 (2025 roll),2026-10-04T04:36Z,20250096004,https://data.sf.gov/d/wv5m-vpq2?row_id=20250096004
SF00811,2027 HYDE ST,San Francisco,CA,,1912,8,A5,Apartment 5 to 14 Units,DataSF wv5m-vpq2 (2025 roll),2026-10-04T04:36Z,20250096005,https://data.sf.gov/d/wv5m-vpq2?row_id=20250096005
SF00812,2015 HYDE ST,San Francisco,CA,,1907,8,A5,Apartment 5 to 14 Units,DataSF wv5m-vpq2 (2025 roll),2026-10-04T04:36Z,20250096007,https://data.sf.gov/d/wv5m-vpq2?row_id=20250096007
SF00813,18 ALLEN ST,San Francisco,CA,,1908,4,A,Apartment 4 units or less,DataSF wv5m-vpq2 (2025 roll),2026-10-04T04:36Z,20250096009,https://data.sf.gov/d/wv5m-vpq2?row_id=20250096009
SF00814,28 ALLEN ST,San Francisco,CA,,1906,2,F,Flats & Duplex,DataSF wv5m-vpq2 (2025 roll),2026-10-04T04:36Z,20250096010,https://data.sf.gov/d/wv5m-vpq2?row_id=20250096010
SF00815,34 ALLEN ST,San Francisco,CA,,1910,2,F,Flats & Duplex,DataSF wv5m-vpq2 (2025 roll),2026-10-04T04:36Z,20250096011,https://data.sf.gov/d/wv5m-vpq2?row_id=20250096011
SF00816,42 ALLEN ST,San Francisco,CA,,1910,4,A,Apartment 4 units or less,DataSF wv5m-vpq2 (2025 roll),2026-10-04T04:36Z,20250096012,https://data.sf.gov/d/wv5m-vpq2?row_id=20250096012
SF00817,1200 UNION ST,San Francisco,CA,,1907,2,FS,Flat & Store 4 units or less,DataSF wv5m-vpq2 (2025 roll),2026-10-04T04:36Z,20250096016,https://data.sf.gov/d/wv5m-vpq2?row_id=20250096016
SF00818,1206 UNION ST,San Francisco,CA,,1922,3,F,Flats & Duplex,DataSF wv5m-vpq2 (2025 roll),2026-10-04T04:36Z,20250096017,https://data.sf.gov/d/wv5m-vpq2?row_id=20250096017
SF00819,1212 UNION ST,San Francisco,CA,,1907,2,F,Flats & Duplex,DataSF wv5m-vpq2 (2025 roll),2026-10-04T04:36Z,20250096018,https://data.sf.gov/d/wv5m-vpq2?row_id=20250096018
SF00820,1216 UNION ST,San Francisco,CA,,1904,2,F,Flats & Duplex,DataSF wv5m-vpq2 (2025 roll),2026-10-04T04:36Z,20250096019,https://data.sf.gov/d/wv5m-vpq2?row_id=20250096019
SF00821,1220 UNION ST,San Francisco,CA,,1907,2,F,Flats & Duplex,DataSF wv5m-vpq2 (2025 roll),2026-10-04T04:36Z,20250096020,https://data.sf.gov/d/wv5m-vpq2?row_id=20250096020
SF00822,1224 UNION ST,San Francisco,CA,,1907,3,F,Flats & Duplex,DataSF wv5m-vpq2 (2025 roll),2026-10-04T04:36Z,20250096021,https://data.sf.gov/d/wv5m-vpq2?row_id=20250096021
SF00823,1240 UNION ST,San Francisco,CA,,1908,4,A,Apartment 4 units or less,DataSF wv5m-vpq2 (2025 roll),2026-10-04T04:36Z,20250096022,https://data.sf.gov/d/wv5m-vpq2?row_id=20250096022
SF00824,1248 UNION ST,San Francisco,CA,,1908,4,A,Apartment 4 units or less,DataSF wv5m-vpq2 (2025 roll),2026-10-04T04:36Z,20250096023,https://data.sf.gov/d/wv5m-vpq2?row_id=20250096023
SF00825,1258 UNION ST,San Francisco,CA,,1907,2,F,Flats & Duplex,DataSF wv5m-vpq2 (2025 roll),2026-10-04T04:36Z,20250096024,https://data.sf.gov/d/wv5m-vpq2?row_id=20250096024
SF00826,1268 UNION ST,San Francisco,CA,,1908,9,A5,Apartment 5 to 14 Units,DataSF wv5m-vpq2 (2025 roll),2026-10-04T04:36Z,20250096025,https://data.sf.gov/d/wv5m-vpq2?row_id=20250096025
SF00827,1274 UNION ST,San Francisco,CA,,1909,6,A5,Apartment 5 to 14 Units,DataSF wv5m-vpq2 (2025 roll),2026-10-04T04:36Z,20250096026,https://data.sf.gov/d/wv5m-vpq2?row_id=20250096026
SF00828,1280 UNION ST,San Francisco,CA,,1909,6,A5,Apartment 5 to 14 Units,DataSF wv5m-vpq2 (2025 roll),2026-10-04T04:36Z,20250096027,https://data.sf.gov/d/wv5m-vpq2?row_id=20250096027
SF00829,1290 UNION ST,San Francisco,CA,,1915,2,F,Flats & Duplex,DataSF wv5m-vpq2 (2025 roll),2026-10-04T04:36Z,20250096031,https://data.sf.gov/d/wv5m-vpq2?row_id=20250096031
SF00830,1296 UNION ST,San Francisco,CA,,1908,2,FS,Flat & Store 4 units or less,DataSF wv5m-vpq2 (2025 roll),2026-10-04T04:36Z,20250096032A,https://data.sf.gov/d/wv5m-vpq2?row_id=20250096032A
SF00831,2320 LARKIN ST,San Francisco,CA,,1909,2,F,Flats & Duplex,DataSF wv5m-vpq2 (2025 roll),2026-10-04T04:36Z,20250096034,https://data.sf.gov/d/wv5m-vpq2?row_id=20250096034
SF00832,2324 LARKIN ST,San Francisco,CA,,1909,2,F,Flats & Duplex,DataSF wv5m-vpq2 (2025 roll),2026-10-04T04:36Z,20250096035,https://data.sf.gov/d/wv5m-vpq2?row_id=20250096035
SF00833,1281 FILBERT ST,San Francisco,CA,,1909,3,F,Flats & Duplex,DataSF wv5m-vpq2 (2025 roll),2026-10-04T04:36Z,20250096040,https://data.sf.gov/d/wv5m-vpq2?row_id=20250096040
SF00834,1275 FILBERT ST,San Francisco,CA,,1906,2,F,Flats & Duplex,DataSF wv5m-vpq2 (2025 roll),2026-10-04T04:36Z,20250096041,https://data.sf.gov/d/wv5m-vpq2?row_id=20250096041
SF00835,1267 FILBERT ST,San Francisco,CA,,1911,12,A5,Apartment 5 to 14 Units,DataSF wv5m-vpq2 (2025 roll),2026-10-04T04:36Z,20250096043,https://data.sf.gov/d/wv5m-vpq2?row_id=20250096043
SF00836,1259 FILBERT ST,San Francisco,CA,,1906,3,F,Flats & Duplex,DataSF wv5m-vpq2 (2025 roll),2026-10-04T04:36Z,20250096044,https://data.sf.gov/d/wv5m-vpq2?row_id=20250096044
SF00837,1247 FILBERT ST,San Francisco,CA,,1909,3,F,Flats & Duplex,DataSF wv5m-vpq2 (2025 roll),2026-10-04T04:36Z,20250096045,https://data.sf.gov/d/wv5m-vpq2?row_id=20250096045
SF00838,1245 FILBERT ST,San Francisco,CA,,1966,6,A5,Apartment 5 to 14 Units,DataSF wv5m-vpq2 (2025 roll),2026-10-04T04:36Z,20250096046,https://data.sf.gov/d/wv5m-vpq2?row_id=20250096046
SF00839,1235 FILBERT ST,San Francisco,CA,,1912,4,F,Flats & Duplex,DataSF wv5m-vpq2 (2025 roll),2026-10-04T04:36Z,20250096047,https://data.sf.gov/d/wv5m-vpq2?row_id=20250096047
SF00840,1215 FILBERT ST,San Francisco,CA,,1911,7,A5,Apartment 5 to 14 Units,DataSF wv5m-vpq2 (2025 roll),2026-10-04T04:36Z,20250096048,https://data.sf.gov/d/wv5m-vpq2?row_id=20250096048
SF00841,2330 LARKIN ST,San Francisco,CA,,1922,32,A15,Apartment 15 Units or more,DataSF wv5m-vpq2 (2025 roll),2026-10-04T04:36Z,20250096051,https://data.sf.gov/d/wv5m-vpq2?row_id=20250096051
SF00842,1101 FILBERT ST,San Francisco,CA,,1917,4,A,Apartment 4 units or less,DataSF wv5m-vpq2 (2025 roll),2026-10-04T04:36Z,20250097001,https://data.sf.gov/d/wv5m-vpq2?row_id=20250097001
SF00843,2053 LEAVENWORTH ST,San Francisco,CA,,1918,4,A,Apartment 4 units or less,DataSF wv5m-vpq2 (2025 roll),2026-10-04T04:36Z,20250097002,https://data.sf.gov/d/wv5m-vpq2?row_id=20250097002
SF00844,1120 UNION ST,San Francisco,CA,,1914,12,A5,Apartment 5 to 14 Units,DataSF wv5m-vpq2 (2025 roll),2026-10-04T04:36Z,20250097010,https://data.sf.gov/d/wv5m-vpq2?row_id=20250097010
SF00845,1136 UNION ST,San Francisco,CA,,1915,4,A,Apartment 4 units or less,DataSF wv5m-vpq2 (2025 roll),2026-10-04T04:36Z,20250097012,https://data.sf.gov/d/wv5m-vpq2?row_id=20250097012
SF00846,1150 UNION ST,San Francisco,CA,,1930,51,A15,Apartment 15 Units or more,DataSF wv5m-vpq2 (2025 roll),2026-10-04T04:36Z,20250097013,https://data.sf.gov/d/wv5m-vpq2?row_id=20250097013
SF00847,1172 UNION ST,San Francisco,CA,,1908,3,TIC,TIC Bldg 4 units or less,DataSF wv5m-vpq2 (2025 roll),2026-10-04T04:36Z,20250097017,https://data.sf.gov/d/wv5m-vpq2?row_id=20250097017
SF00848,1178 UNION ST,San Francisco,CA,,1912,11,A5,Apartment 5 to 14 Units,DataSF wv5m-vpq2 (2025 roll),2026-10-04T04:36Z,20250097018,https://data.sf.gov/d/wv5m-vpq2?row_id=20250097018
SF00849,2006 HYDE ST,San Francisco,CA,,1908,7,A5,Apartment 5 to 14 Units,DataSF wv5m-vpq2 (2025 roll),2026-10-04T04:36Z,20250097019,https://data.sf.gov/d/wv5m-vpq2?row_id=20250097019
SF00850,2016 HYDE ST,San Francisco,CA,,1907,2,F,Flats & Duplex,DataSF wv5m-vpq2 (2025 roll),2026-10-04T04:36Z,20250097022,https://data.sf.gov/d/wv5m-vpq2?row_id=20250097022
SF00851,2028 HYDE ST,San Francisco,CA,,1907,7,A5,Apartment 5 to 14 Units,DataSF wv5m-vpq2 (2025 roll),2026-10-04T04:36Z,20250097024,https://data.sf.gov/d/wv5m-vpq2?row_id=20250097024
SF00852,2038 HYDE ST,San Francisco,CA,,1913,3,F,Flats & Duplex,DataSF wv5m-vpq2 (2025 roll),2026-10-04T04:36Z,20250097026,https://data.sf.gov/d/wv5m-vpq2?row_id=20250097026
SF00853,2044 HYDE ST,San Francisco,CA,,1911,2,F,Flats & Duplex,DataSF wv5m-vpq2 (2025 roll),2026-10-04T04:36Z,20250097027,https://data.sf.gov/d/wv5m-vpq2?row_id=20250097027
SF00854,2054 HYDE ST,San Francisco,CA,,1912,9,A5,Apartment 5 to 14 Units,DataSF wv5m-vpq2 (2025 roll),2026-10-04T04:36Z,20250097028,https://data.sf.gov/d/wv5m-vpq2?row_id=20250097028
SF00855,1183 FILBERT ST,San Francisco,CA,,1907,2,F,Flats & Duplex,DataSF wv5m-vpq2 (2025 roll),2026-10-04T04:36Z,20250097029,https://data.sf.gov/d/wv5m-vpq2?row_id=20250097029
SF00856,1141 FILBERT ST,San Francisco,CA,,1914,3,F,Flats & Duplex,DataSF wv5m-vpq2 (2025 roll),2026-10-04T04:36Z,20250097035,https://data.sf.gov/d/wv5m-vpq2?row_id=20250097035
SF00857,1133 FILBERT ST,San Francisco,CA,,1908,5,F5,Flats 5 to 14 units,DataSF wv5m-vpq2 (2025 roll),2026-10-04T04:36Z,20250097036,https://data.sf.gov/d/wv5m-vpq2?row_id=20250097036
SF00858,1127 FILBERT ST,San Francisco,CA,,1929,4,F,Flats & Duplex,DataSF wv5m-vpq2 (2025 roll),2026-10-04T04:36Z,20250097037,https://data.sf.gov/d/wv5m-vpq2?row_id=20250097037
SF00859,1125 FILBERT ST,San Francisco,CA,,1914,3,A,Apartment 4 units or less,DataSF wv5m-vpq2 (2025 roll),2026-10-04T04:36Z,20250097038,https://data.sf.gov/d/wv5m-vpq2?row_id=20250097038
SF00860,1100 UNION ST,San Francisco,CA,,,20,CO,Coop Units Unsegregated,DataSF wv5m-vpq2 (2025 roll),2026-10-04T04:36Z,20250097C007,https://data.sf.gov/d/wv5m-vpq2?row_id=20250097C007
SF00861,1000 UNION ST,San Francisco,CA,,1913,31,A15,Apartment 15 Units or more,DataSF wv5m-vpq2 (2025 roll),2026-10-04T04:36Z,20250098002,https://data.sf.gov/d/wv5m-vpq2?row_id=20250098002
SF00862,1048 UNION ST,San Francisco,CA,,1918,21,A15,Apartment 15 Units or more,DataSF wv5m-vpq2 (2025 roll),2026-10-04T04:36Z,20250098005,https://data.sf.gov/d/wv5m-vpq2?row_id=20250098005
SF00863,1074 UNION ST,San Francisco,CA,,1910,14,A5,Apartment 5 to 14 Units,DataSF wv5m-vpq2 (2025 roll),2026-10-04T04:36Z,20250098006,https://data.sf.gov/d/wv5m-vpq2?row_id=20250098006
SF00864,1082 UNION ST,San Francisco,CA,,1914,13,A5,Apartment 5 to 14 Units,DataSF wv5m-vpq2 (2025 roll),2026-10-04T04:36Z,20250098007,https://data.sf.gov/d/wv5m-vpq2?row_id=20250098007
SF00865,1094 UNION ST,San Francisco,CA,,1908,5,FS5,Flat & Store 5 to 14 units,DataSF wv5m-vpq2 (2025 roll),2026-10-04T04:36Z,20250098009,https://data.sf.gov/d/wv5m-vpq2?row_id=20250098009
SF00866,2060 LEAVENWORTH ST,San Francisco,CA,,1928,11,A5,Apartment 5 to 14 Units,DataSF wv5m-vpq2 (2025 roll),2026-10-04T04:36Z,20250098013A,https://data.sf.gov/d/wv5m-vpq2?row_id=20250098013A
SF00867,1077 FILBERT ST,San Francisco,CA,,1926,3,A,Apartment 4 units or less,DataSF wv5m-vpq2 (2025 roll),2026-10-04T04:36Z,20250098014,https://data.sf.gov/d/wv5m-vpq2?row_id=20250098014
SF00868,1073 FILBERT ST,San Francisco,CA,,1924,3,F,Flats & Duplex,DataSF wv5m-vpq2 (2025 roll),2026-10-04T04:36Z,20250098014A,https://data.sf.gov/d/wv5m-vpq2?row_id=20250098014A
SF00869,1067 FILBERT ST,San Francisco,CA,,1912,4,F,Flats & Duplex,DataSF wv5m-vpq2 (2025 roll),2026-10-04T04:36Z,20250098015,https://data.sf.gov/d/wv5m-vpq2?row_id=20250098015
SF00870,1061 FILBERT ST,San Francisco,CA,,1907,6,A5,Apartment 5 to 14 Units,DataSF wv5m-vpq2 (2025 roll),2026-10-04T04:36Z,20250098016,https://data.sf.gov/d/wv5m-vpq2?row_id=20250098016
SF00871,1053 FILBERT ST,San Francisco,CA,,1909,2,F,Flats & Duplex,DataSF wv5m-vpq2 (2025 roll),2026-10-04T04:36Z,20250098017,https://data.sf.gov/d/wv5m-vpq2?row_id=20250098017
SF00872,1020 UNION ST,San Francisco,CA,,1925,29,CO,Coop Units Unsegregated,DataSF wv5m-vpq2 (2025 roll),2026-10-04T04:36Z,20250098C003,https://data.sf.gov/d/wv5m-vpq2?row_id=20250098C003
SF00873,1020 UNION ST,San Francisco,CA,,,29,CO,Coop Units Unsegregated,DataSF wv5m-vpq2 (2025 roll),2026-10-04T04:36Z,20250098C015,https://data.sf.gov/d/wv5m-vpq2?row_id=20250098C015
SF00874,915 FILBERT ST,San Francisco,CA,,1911,6,F5,Flats 5 to 14 units,DataSF wv5m-vpq2 (2025 roll),2026-10-04T04:36Z,20250099001,https://data.sf.gov/d/wv5m-vpq2?row_id=20250099001
SF00875,1953 TAYLOR ST,San Francisco,CA,,1907,2,F,Flats & Duplex,DataSF wv5m-vpq2 (2025 roll),2026-10-04T04:36Z,20250099002,https://data.sf.gov/d/wv5m-vpq2?row_id=20250099002
SF00876,1947 TAYLOR ST,San Francisco,CA,,1910,3,F,Flats & Duplex,DataSF wv5m-vpq2 (2025 roll),2026-10-04T04:36Z,20250099003,https://data.sf.gov/d/wv5m-vpq2?row_id=20250099003
SF00877,1935 TAYLOR ST,San Francisco,CA,,1929,3,F,Flats & Duplex,DataSF wv5m-vpq2 (2025 roll),2026-10-04T04:36Z,20250099003A,https://data.sf.gov/d/wv5m-vpq2?row_id=20250099003A
SF00878,1941 TAYLOR ST,San Francisco,CA,,1925,2,F,Flats & Duplex,DataSF wv5m-vpq2 (2025 roll),2026-10-04T04:36Z,20250099003B,https://data.sf.gov/d/wv5m-vpq2?row_id=20250099003B
SF00879,1901 TAYLOR ST,San Francisco,CA,,1924,6,F5,Flats 5 to 14 units,DataSF wv5m-vpq2 (2025 roll),2026-10-04T04:36Z,20250099004,https://data.sf.gov/d/wv5m-vpq2?row_id=20250099004
SF00880,912 UNION ST,San Francisco,CA,,1917,4,F,Flats & Duplex,DataSF wv5m-vpq2 (2025 roll),2026-10-04T04:36Z,20250099004B,https://data.sf.gov/d/wv5m-vpq2?row_id=20250099004B
SF00881,918 UNION ST,San Francisco,CA,,1916,3,F,Flats & Duplex,DataSF wv5m-vpq2 (2025 roll),2026-10-04T04:36Z,20250099004C,https://data.sf.gov/d/wv5m-vpq2?row_id=20250099004C
SF00882,924 UNION ST,San Francisco,CA,,1917,3,F,Flats & Duplex,DataSF wv5m-vpq2 (2025 roll),2026-10-04T04:36Z,20250099004D,https://data.sf.gov/d/wv5m-vpq2?row_id=20250099004D
SF00883,930 UNION ST,San Francisco,CA,,1927,4,F,Flats & Duplex,DataSF wv5m-vpq2 (2025 roll),2026-10-04T04:36Z,20250099004E,https://data.sf.gov/d/wv5m-vpq2?row_id=20250099004E
SF00884,940 UNION ST,San Francisco,CA,,1922,7,A5,Apartment 5 to 14 Units,DataSF wv5m-vpq2 (2025 roll),2026-10-04T04:36Z,20250099005,https://data.sf.gov/d/wv5m-vpq2?row_id=20250099005
SF00885,942 UNION ST,San Francisco,CA,,1929,3,F,Flats & Duplex,DataSF wv5m-vpq2 (2025 roll),2026-10-04T04:36Z,20250099005A,https://data.sf.gov/d/wv5m-vpq2?row_id=20250099005A
SF00886,948 UNION ST,San Francisco,CA,,1917,4,F,Flats & Duplex,DataSF wv5m-vpq2 (2025 roll),2026-10-04T04:36Z,20250099005B,https://data.sf.gov/d/wv5m-vpq2?row_id=20250099005B
SF00887,956 UNION ST,San Francisco,CA,,1932,4,F,Flats & Duplex,DataSF wv5m-vpq2 (2025 roll),2026-10-04T04:36Z,20250099005C,https://data.sf.gov/d/wv5m-vpq2?row_id=20250099005C
SF00888,962 UNION ST,San Francisco,CA,,1917,4,F,Flats & Duplex,DataSF wv5m-vpq2 (2025 roll),2026-10-04T04:36Z,20250099005D,https://data.sf.gov/d/wv5m-vpq2?row_id=20250099005D
SF00889,988 UNION ST,San Francisco,CA,,1976,7,A5,Apartment 5 to 14 Units,DataSF wv5m-vpq2 (2025 roll),2026-10-04T04:36Z,20250099009,https://data.sf.gov/d/wv5m-vpq2?row_id=20250099009
SF00890,2022 JONES ST,San Francisco,CA,,1908,5,A5,Apartment 5 to 14 Units,DataSF wv5m-vpq2 (2025 roll),2026-10-04T04:36Z,20250099011,https://data.sf.gov/d/wv5m-vpq2?row_id=20250099011
SF00891,2048 JONES ST,San Francisco,CA,,1907,8,A5,Apartment 5 to 14 Units,DataSF wv5m-vpq2 (2025 roll),2026-10-04T04:36Z,20250099012,https://data.sf.gov/d/wv5m-vpq2?row_id=20250099012
SF00892,989 FILBERT ST,San Francisco,CA,,1907,2,F,Flats & Duplex,DataSF wv5m-vpq2 (2025 roll),2026-10-04T04:36Z,20250099013,https://data.sf.gov/d/wv5m-vpq2?row_id=20250099013
SF00893,971 FILBERT ST,San Francisco,CA,,1915,6,A5,Apartment 5 to 14 Units,DataSF wv5m-vpq2 (2025 roll),2026-10-04T04:36Z,20250099015,https://data.sf.gov/d/wv5m-vpq2?row_id=20250099015
SF00894,967 FILBERT ST,San Francisco,CA,,1907,2,F,Flats & Duplex,DataSF wv5m-vpq2 (2025 roll),2026-10-04T04:36Z,20250099016,https://data.sf.gov/d/wv5m-vpq2?row_id=20250099016
SF00895,963 FILBERT ST,San Francisco,CA,,1911,4,A,Apartment 4 units or less,DataSF wv5m-vpq2 (2025 roll),2026-10-04T04:36Z,20250099017,https://data.sf.gov/d/wv5m-vpq2?row_id=20250099017
SF00896,955 FILBERT ST,San Francisco,CA,,1907,2,F,Flats & Duplex,DataSF wv5m-vpq2 (2025 roll),2026-10-04T04:36Z,20250099018,https://data.sf.gov/d/wv5m-vpq2?row_id=20250099018
SF00897,949 FILBERT ST,San Francisco,CA,,1927,6,A5,Apartment 5 to 14 Units,DataSF wv5m-vpq2 (2025 roll),2026-10-04T04:36Z,20250099019,https://data.sf.gov/d/wv5m-vpq2?row_id=20250099019
SF00898,945 FILBERT ST,San Francisco,CA,,1947,2,F,Flats & Duplex,DataSF wv5m-vpq2 (2025 roll),2026-10-04T04:36Z,20250099019A,https://data.sf.gov/d/wv5m-vpq2?row_id=20250099019A
SF00899,927 FILBERT ST,San Francisco,CA,,1926,2,F,Flats & Duplex,DataSF wv5m-vpq2 (2025 roll),2026-10-04T04:36Z,20250099021,https://data.sf.gov/d/wv5m-vpq2?row_id=20250099021
SF00900,923 FILBERT ST,San Francisco,CA,,1924,2,F,Flats & Duplex,DataSF wv5m-vpq2 (2025 roll),2026-10-04T04:36Z,20250099022,https://data.sf.gov/d/wv5m-vpq2?row_id=20250099022
SF00901,17 MARION PL,San Francisco,CA,,1907,3,F,Flats & Duplex,DataSF wv5m-vpq2 (2025 roll),2026-10-04T04:36Z,20250099023,https://data.sf.gov/d/wv5m-vpq2?row_id=20250099023
SF00902,1857 MASON ST,San Francisco,CA,,1908,7,A5,Apartment 5 to 14 Units,DataSF wv5m-vpq2 (2025 roll),2026-10-04T04:36Z,20250100001,https://data.sf.gov/d/wv5m-vpq2?row_id=20250100001
SF00903,1851 MASON ST,San Francisco,CA,,1908,2,F,Flats & Duplex,DataSF wv5m-vpq2 (2025 roll),2026-10-04T04:36Z,20250100002,https://data.sf.gov/d/wv5m-vpq2?row_id=20250100002
SF00904,1845 MASON ST,San Francisco,CA,,1908,3,F,Flats & Duplex,DataSF wv5m-vpq2 (2025 roll),2026-10-04T04:36Z,20250100003,https://data.sf.gov/d/wv5m-vpq2?row_id=20250100003
SF00905,1839 MASON ST,San Francisco,CA,,1908,3,F,Flats & Duplex,DataSF wv5m-vpq2 (2025 roll),2026-10-04T04:36Z,20250100004,https://data.sf.gov/d/wv5m-vpq2?row_id=20250100004
SF00906,1833 MASON ST,San Francisco,CA,,1909,2,F,Flats & Duplex,DataSF wv5m-vpq2 (2025 roll),2026-10-04T04:36Z,20250100005,https://data.sf.gov/d/wv5m-vpq2?row_id=20250100005
SF00907,1827 MASON ST,San Francisco,CA,,1916,3,F,Flats & Duplex,DataSF wv5m-vpq2 (2025 roll),2026-10-04T04:36Z,20250100006,https://data.sf.gov/d/wv5m-vpq2?row_id=20250100006
SF00908,14 KENT ST,San Francisco,CA,,1930,4,F,Flats & Duplex,DataSF wv5m-vpq2 (2025 roll),2026-10-04T04:36Z,20250100007A,https://data.sf.gov/d/wv5m-vpq2?row_id=20250100007A
SF00909,24 KENT ST,San Francisco,CA,,1909,2,F,Flats & Duplex,DataSF wv5m-vpq2 (2025 roll),2026-10-04T04:36Z,20250100008,https://data.sf.gov/d/wv5m-vpq2?row_id=20250100008
SF00910,1807 MASON ST,San Francisco,CA,,1906,3,F,Flats & Duplex,DataSF wv5m-vpq2 (2025 roll),2026-10-04T04:36Z,20250100011,https://data.sf.gov/d/wv5m-vpq2?row_id=20250100011
SF00911,806 UNION ST,San Francisco,CA,,1908,4,FS,Flat & Store 4 units or less,DataSF wv5m-vpq2 (2025 roll),2026-10-04T04:36Z,20250100012,https://data.sf.gov/d/wv5m-vpq2?row_id=20250100012
SF00912,822 UNION ST,San Francisco,CA,,1907,2,F,Flats & Duplex,DataSF wv5m-vpq2 (2025 roll),2026-10-04T04:36Z,20250100014,https://data.sf.gov/d/wv5m-vpq2?row_id=20250100014
SF00913,830 UNION ST,San Francisco,CA,,1949,5,A5,Apartment 5 to 14 Units,DataSF wv5m-vpq2 (2025 roll),2026-10-04T04:36Z,20250100015,https://data.sf.gov/d/wv5m-vpq2?row_id=20250100015
SF00914,852 UNION ST,San Francisco,CA,,1910,3,F,Flats & Duplex,DataSF wv5m-vpq2 (2025 roll),2026-10-04T04:36Z,20250100017,https://data.sf.gov/d/wv5m-vpq2?row_id=20250100017
SF00915,858 UNION ST,San Francisco,CA,,1907,4,F,Flats & Duplex,DataSF wv5m-vpq2 (2025 roll),2026-10-04T04:36Z,20250100018,https://data.sf.gov/d/wv5m-vpq2?row_id=20250100018
SF00916,15 ALADDIN TE,San Francisco,CA,,1907,2,F,Flats & Duplex,DataSF wv5m-vpq2 (2025 roll),2026-10-04T04:36Z,20250100019A,https://data.sf.gov/d/wv5m-vpq2?row_id=20250100019A
SF00917,878 UNION ST,San Francisco,CA,,1914,4,F,Flats & Duplex,DataSF wv5m-vpq2 (2025 roll),2026-10-04T04:36Z,20250100021,https://data.sf.gov/d/wv5m-vpq2?row_id=20250100021
SF00918,33 ALADDIN TE,San Francisco,CA,,1907,2,F,Flats & Duplex,DataSF wv5m-vpq2 (2025 roll),2026-10-04T04:36Z,20250100021B,https://data.sf.gov/d/wv5m-vpq2?row_id=20250100021B
SF00919,888 UNION ST,San Francisco,CA,,1910,7,A5,Apartment 5 to 14 Units,DataSF wv5m-vpq2 (2025 roll),2026-10-04T04:36Z,20250100022,https://data.sf.gov/d/wv5m-vpq2?row_id=20250100022
SF00920,1916 TAYLOR ST,San Francisco,CA,,1910,2,F,Flats & Duplex,DataSF wv5m-vpq2 (2025 roll),2026-10-04T04:36Z,20250100022A,https://data.sf.gov/d/wv5m-vpq2?row_id=20250100022A
SF00921,1920 TAYLOR ST,San Francisco,CA,,1911,3,F,Flats & Duplex,DataSF wv5m-vpq2 (2025 roll),2026-10-04T04:36Z,20250100023,https://data.sf.gov/d/wv5m-vpq2?row_id=20250100023
SF00922,22 ALADDIN TE,San Francisco,CA,,1939,2,F,Flats & Duplex,DataSF wv5m-vpq2 (2025 roll),2026-10-04T04:36Z,20250100025,https://data.sf.gov/d/wv5m-vpq2?row_id=20250100025
SF00923,28 ALADDIN TE,San Francisco,CA,,1911,2,F,Flats & Duplex,DataSF wv5m-vpq2 (2025 roll),2026-10-04T04:36Z,20250100026,https://data.sf.gov/d/wv5m-vpq2?row_id=20250100026
SF00924,1932 TAYLOR ST,San Francisco,CA,,1925,4,A,Apartment 4 units or less,DataSF wv5m-vpq2 (2025 roll),2026-10-04T04:36Z,20250100027,https://data.sf.gov/d/wv5m-vpq2?row_id=20250100027
SF00925,1944 TAYLOR ST,San Francisco,CA,,1926,2,F,Flats & Duplex,DataSF wv5m-vpq2 (2025 roll),2026-10-04T04:36Z,20250100027A,https://data.sf.gov/d/wv5m-vpq2?row_id=20250100027A
SF00926,1950 TAYLOR ST,San Francisco,CA,,1912,7,A5,Apartment 5 to 14 Units,DataSF wv5m-vpq2 (2025 roll),2026-10-04T04:36Z,20250100028,https://data.sf.gov/d/wv5m-vpq2?row_id=20250100028
SF00927,887 FILBERT ST,San Francisco,CA,,1911,3,F,Flats & Duplex,DataSF wv5m-vpq2 (2025 roll),2026-10-04T04:36Z,20250100029,https://data.sf.gov/d/wv5m-vpq2?row_id=20250100029
SF00928,881 FILBERT ST,San Francisco,CA,,1912,6,A5,Apartment 5 to 14 Units,DataSF wv5m-vpq2 (2025 roll),2026-10-04T04:36Z,20250100030,https://data.sf.gov/d/wv5m-vpq2?row_id=20250100030
SF00929,877 FILBERT ST,San Francisco,CA,,1907,3,F,Flats & Duplex,DataSF wv5m-vpq2 (2025 roll),2026-10-04T04:36Z,20250100031,https://data.sf.gov/d/wv5m-vpq2?row_id=20250100031
SF00930,843 FILBERT ST,San Francisco,CA,,1935,2,F,Flats & Duplex,DataSF wv5m-vpq2 (2025 roll),2026-10-04T04:36Z,20250100036,https://data.sf.gov/d/wv5m-vpq2?row_id=20250100036
SF00931,847 FILBERT ST,San Francisco,CA,,1934,2,F,Flats & Duplex,DataSF wv5m-vpq2 (2025 roll),2026-10-04T04:36Z,20250100036A,https://data.sf.gov/d/wv5m-vpq2?row_id=20250100036A
SF00932,837 FILBERT ST,San Francisco,CA,,1936,2,TIC,TIC Bldg 4 units or less,DataSF wv5m-vpq2 (2025 roll),2026-10-04T04:36Z,20250100037,https://data.sf.gov/d/wv5m-vpq2?row_id=20250100037
SF00933,831 FILBERT ST,San Francisco,CA,,1940,2,F,Flats & Duplex,DataSF wv5m-vpq2 (2025 roll),2026-10-04T04:36Z,20250100037A,https://data.sf.gov/d/wv5m-vpq2?row_id=20250100037A
SF00934,825 FILBERT ST,San Francisco,CA,,1909,5,F5,Flats 5 to 14 units,DataSF wv5m-vpq2 (2025 roll),2026-10-04T04:36Z,20250100038,https://data.sf.gov/d/wv5m-vpq2?row_id=20250100038
SF00935,811 FILBERT ST,San Francisco,CA,,1909,3,F,Flats & Duplex,DataSF wv5m-vpq2 (2025 roll),2026-10-04T04:36Z,20250100040,https://data.sf.gov/d/wv5m-vpq2?row_id=20250100040
SF00936,840 UNION ST,San Francisco,CA,,1959,2,F,Flats & Duplex,DataSF wv5m-vpq2 (2025 roll),2026-10-04T04:36Z,20250100043,https://data.sf.gov/d/wv5m-vpq2?row_id=20250100043
SF00937,0000 0850AUNION ST0000,San Francisco,CA,,1907,5,A,Apartment 4 units or less,DataSF wv5m-vpq2 (2025 roll),2026-10-04T04:36Z,20250100044,https://data.sf.gov/d/wv5m-vpq2?row_id=20250100044
SF00938,865 FILBERT ST,San Francisco,CA,,1932,8,A5,Apartment 5 to 14 Units,DataSF wv5m-vpq2 (2025 roll),2026-10-04T04:36Z,20250100045,https://data.sf.gov/d/wv5m-vpq2?row_id=20250100045
SF00939,2 ALADDIN TE,San Francisco,CA,,1907,2,F,Flats & Duplex,DataSF wv5m-vpq2 (2025 roll),2026-10-04T04:36Z,20250100091,https://data.sf.gov/d/wv5m-vpq2?row_id=20250100091
SF00940,1701 POWELL ST,San Francisco,CA,,1908,8,FS5,Flat & Store 5 to 14 units,DataSF wv5m-vpq2 (2025 roll),2026-10-04T04:36Z,20250101005A,https://data.sf.gov/d/wv5m-vpq2?row_id=20250101005A
SF00941,728 UNION ST,San Francisco,CA,,1907,2,F,Flats & Duplex,DataSF wv5m-vpq2 (2025 roll),2026-10-04T04:36Z,20250101006,https://data.sf.gov/d/wv5m-vpq2?row_id=20250101006
SF00942,732 UNION ST,San Francisco,CA,,1907,3,F,Flats & Duplex,DataSF wv5m-vpq2 (2025 roll),2026-10-04T04:36Z,20250101007,https://data.sf.gov/d/wv5m-vpq2?row_id=20250101007
SF00943,738 UNION ST,San Francisco,CA,,1908,5,F5,Flats 5 to 14 units,DataSF wv5m-vpq2 (2025 roll),2026-10-04T04:36Z,20250101007A,https://data.sf.gov/d/wv5m-vpq2?row_id=20250101007A
SF00944,744 UNION ST,San Francisco,CA,,,6,TIC,TIC Bldg 4 units or less,DataSF wv5m-vpq2 (2025 roll),2026-10-04T04:36Z,20250101008,https://data.sf.gov/d/wv5m-vpq2?row_id=20250101008
SF00945,746 UNION ST,San Francisco,CA,,1909,3,F,Flats & Duplex,DataSF wv5m-vpq2 (2025 roll),2026-10-04T04:36Z,20250101009,https://data.sf.gov/d/wv5m-vpq2?row_id=20250101009
SF00946,760 UNION ST,San Francisco,CA,,1911,5,F5,Flats 5 to 14 units,DataSF wv5m-vpq2 (2025 roll),2026-10-04T04:36Z,20250101011,https://data.sf.gov/d/wv5m-vpq2?row_id=20250101011
SF00947,766 UNION ST,San Francisco,CA,,1908,5,A5,Apartment 5 to 14 Units,DataSF wv5m-vpq2 (2025 roll),2026-10-04T04:36Z,20250101012,https://data.sf.gov/d/wv5m-vpq2?row_id=20250101012
SF00948,772 UNION ST,San Francisco,CA,,1994,3,F,Flats & Duplex,DataSF wv5m-vpq2 (2025 roll),2026-10-04T04:36Z,20250101013,https://data.sf.gov/d/wv5m-vpq2?row_id=20250101013
SF00949,776 UNION ST,San Francisco,CA,,1912,2,F,Flats & Duplex,DataSF wv5m-vpq2 (2025 roll),2026-10-04T04:36Z,20250101014,https://data.sf.gov/d/wv5m-vpq2?row_id=20250101014
SF00950,1806 MASON ST,San Francisco,CA,,1907,6,A5,Apartment 5 to 14 Units,DataSF wv5m-vpq2 (2025 roll),2026-10-04T04:36Z,20250101017,https://data.sf.gov/d/wv5m-vpq2?row_id=20250101017
SF00951,1814 MASON ST,San Francisco,CA,,1911,6,F5,Flats 5 to 14 units,DataSF wv5m-vpq2 (2025 roll),2026-10-04T04:36Z,20250101018,https://data.sf.gov/d/wv5m-vpq2?row_id=20250101018
SF00952,1820 MASON ST,San Francisco,CA,,1911,4,F,Flats & Duplex,DataSF wv5m-vpq2 (2025 roll),2026-10-04T04:36Z,20250101019,https://data.sf.gov/d/wv5m-vpq2?row_id=20250101019
SF00953,1826 MASON ST,San Francisco,CA,,1913,5,TIC,TIC Bldg 4 units or less,DataSF wv5m-vpq2 (2025 roll),2026-10-04T04:36Z,20250101020,https://data.sf.gov/d/wv5m-vpq2?row_id=20250101020
SF00954,1834 MASON ST,San Francisco,CA,,1909,6,TIC,TIC Bldg 4 units or less,DataSF wv5m-vpq2 (2025 roll),2026-10-04T04:36Z,20250101021,https://data.sf.gov/d/wv5m-vpq2?row_id=20250101021
SF00955,1842 MASON ST,San Francisco,CA,,1908,6,F5,Flats 5 to 14 units,DataSF wv5m-vpq2 (2025 roll),2026-10-04T04:36Z,20250101022,https://data.sf.gov/d/wv5m-vpq2?row_id=20250101022
SF00956,1848 MASON ST,San Francisco,CA,,1908,3,TIC,TIC Bldg 4 units or less,DataSF wv5m-vpq2 (2025 roll),2026-10-04T04:36Z,20250101023,https://data.sf.gov/d/wv5m-vpq2?row_id=20250101023
SF00957,1854 MASON ST,San Francisco,CA,,1906,6,A5,Apartment 5 to 14 Units,DataSF wv5m-vpq2 (2025 roll),2026-10-04T04:36Z,20250101024,https://data.sf.gov/d/wv5m-vpq2?row_id=20250101024
SF00958,763 FILBERT ST,San Francisco,CA,,1908,3,F,Flats & Duplex,DataSF wv5m-vpq2 (2025 roll),2026-10-04T04:36Z,20250101025,https://data.sf.gov/d/wv5m-vpq2?row_id=20250101025
SF00959,755 FILBERT ST,San Francisco,CA,,1911,3,F,Flats & Duplex,DataSF wv5m-vpq2 (2025 roll),2026-10-04T04:36Z,20250101026,https://data.sf.gov/d/wv5m-vpq2?row_id=20250101026
SF00960,1535 GRANT AV,San Francisco,CA,,1907,2,F,Flats & Duplex,DataSF wv5m-vpq2 (2025 roll),2026-10-04T04:36Z,20250103003,https://data.sf.gov/d/wv5m-vpq2?row_id=20250103003
SF00961,1519 GRANT AV,San Francisco,CA,,1912,3,FS,Flat & Store 4 units or less,DataSF wv5m-vpq2 (2025 roll),2026-10-04T04:36Z,20250103005,https://data.sf.gov/d/wv5m-vpq2?row_id=20250103005
SF00962,20 CADELL PL,San Francisco,CA,,1912,3,F,Flats & Duplex,DataSF wv5m-vpq2 (2025 roll),2026-10-04T04:36Z,20250103005A,https://data.sf.gov/d/wv5m-vpq2?row_id=20250103005A
SF00963,18 CADELL PL,San Francisco,CA,,1892,4,FS,Flat & Store 4 units or less,DataSF wv5m-vpq2 (2025 roll),2026-10-04T04:36Z,20250103006,https://data.sf.gov/d/wv5m-vpq2?row_id=20250103006
SF00964,536 UNION ST,San Francisco,CA,,1907,5,FS5,Flat & Store 5 to 14 units,DataSF wv5m-vpq2 (2025 roll),2026-10-04T04:36Z,20250103010,https://data.sf.gov/d/wv5m-vpq2?row_id=20250103010
SF00965,544 UNION ST,San Francisco,CA,,1909,3,FS,Flat & Store 4 units or less,DataSF wv5m-vpq2 (2025 roll),2026-10-04T04:36Z,20250103011,https://data.sf.gov/d/wv5m-vpq2?row_id=20250103011
SF00966,550 UNION ST,San Francisco,CA,,1916,6,A5,Apartment 5 to 14 Units,DataSF wv5m-vpq2 (2025 roll),2026-10-04T04:36Z,20250103012,https://data.sf.gov/d/wv5m-vpq2?row_id=20250103012
SF00967,558 UNION ST,San Francisco,CA,,1916,6,A5,Apartment 5 to 14 Units,DataSF wv5m-vpq2 (2025 roll),2026-10-04T04:36Z,20250103012A,https://data.sf.gov/d/wv5m-vpq2?row_id=20250103012A
SF00968,570 UNION ST,San Francisco,CA,,1965,17,A15,Apartment 15 Units or more,DataSF wv5m-vpq2 (2025 roll),2026-10-04T04:36Z,20250103013,https://data.sf.gov/d/wv5m-vpq2?row_id=20250103013
SF00969,577 FILBERT ST,San Francisco,CA,,1906,3,F,Flats & Duplex,DataSF wv5m-vpq2 (2025 roll),2026-10-04T04:36Z,20250103019,https://data.sf.gov/d/wv5m-vpq2?row_id=20250103019
SF00970,571 FILBERT ST,San Francisco,CA,,1908,3,F,Flats & Duplex,DataSF wv5m-vpq2 (2025 roll),2026-10-04T04:36Z,20250103020,https://data.sf.gov/d/wv5m-vpq2?row_id=20250103020
SF00971,565 FILBERT ST,San Francisco,CA,,1906,3,F,Flats & Duplex,DataSF wv5m-vpq2 (2025 roll),2026-10-04T04:36Z,20250103021,https://data.sf.gov/d/wv5m-vpq2?row_id=20250103021
SF00972,557 FILBERT ST,San Francisco,CA,,1908,4,A,Apartment 4 units or less,DataSF wv5m-vpq2 (2025 roll),2026-10-04T04:36Z,20250103022,https://data.sf.gov/d/wv5m-vpq2?row_id=20250103022
SF00973,551 FILBERT ST,San Francisco,CA,,1910,4,TIC,TIC Bldg 4 units or less,DataSF wv5m-vpq2 (2025 roll),2026-10-04T04:36Z,20250103023,https://data.sf.gov/d/wv5m-vpq2?row_id=20250103023
SF00974,149 JASPER PL,San Francisco,CA,,1907,6,A5,Apartment 5 to 14 Units,DataSF wv5m-vpq2 (2025 roll),2026-10-04T04:36Z,20250103024,https://data.sf.gov/d/wv5m-vpq2?row_id=20250103024
SF00975,139 JASPER PL,San Francisco,CA,,1907,4,A,Apartment 4 units or less,DataSF wv5m-vpq2 (2025 roll),2026-10-04T04:36Z,20250103025,https://data.sf.gov/d/wv5m-vpq2?row_id=20250103025
SF00976,131 JASPER PL,San Francisco,CA,,1907,4,A,Apartment 4 units or less,DataSF wv5m-vpq2 (2025 roll),2026-10-04T04:36Z,20250103026,https://data.sf.gov/d/wv5m-vpq2?row_id=20250103026
SF00977,127 JASPER PL,San Francisco,CA,,1907,2,F,Flats & Duplex,DataSF wv5m-vpq2 (2025 roll),2026-10-04T04:36Z,20250103027,https://data.sf.gov/d/wv5m-vpq2?row_id=20250103027
SF00978,121 JASPER PL,San Francisco,CA,,1907,2,F,Flats & Duplex,DataSF wv5m-vpq2 (2025 roll),2026-10-04T04:36Z,20250103028,https://data.sf.gov/d/wv5m-vpq2?row_id=20250103028
SF00979,114 JASPER PL,San Francisco,CA,,1907,6,A5,Apartment 5 to 14 Units,DataSF wv5m-vpq2 (2025 roll),2026-10-04T04:36Z,20250103029,https://data.sf.gov/d/wv5m-vpq2?row_id=20250103029
SF00980,122 JASPER PL,San Francisco,CA,,1911,6,A5,Apartment 5 to 14 Units,DataSF wv5m-vpq2 (2025 roll),2026-10-04T04:36Z,20250103030,https://data.sf.gov/d/wv5m-vpq2?row_id=20250103030
SF00981,134 JASPER PL,San Francisco,CA,,1911,2,F,Flats & Duplex,DataSF wv5m-vpq2 (2025 roll),2026-10-04T04:36Z,20250103031,https://data.sf.gov/d/wv5m-vpq2?row_id=20250103031
SF00982,140 JASPER PL,San Francisco,CA,,1911,2,F,Flats & Duplex,DataSF wv5m-vpq2 (2025 roll),2026-10-04T04:36Z,20250103032,https://data.sf.gov/d/wv5m-vpq2?row_id=20250103032
SF00983,152 JASPER PL,San Francisco,CA,,1907,6,A5,Apartment 5 to 14 Units,DataSF wv5m-vpq2 (2025 roll),2026-10-04T04:36Z,20250103033,https://data.sf.gov/d/wv5m-vpq2?row_id=20250103033
SF00984,537 FILBERT ST,San Francisco,CA,,1912,5,A5,Apartment 5 to 14 Units,DataSF wv5m-vpq2 (2025 roll),2026-10-04T04:36Z,20250103034,https://data.sf.gov/d/wv5m-vpq2?row_id=20250103034
SF00985,525 FILBERT ST,San Francisco,CA,,1908,6,A5,Apartment 5 to 14 Units,DataSF wv5m-vpq2 (2025 roll),2026-10-04T04:36Z,20250103035,https://data.sf.gov/d/wv5m-vpq2?row_id=20250103035
SF00986,15 CADELL PL,San Francisco,CA,,1911,2,F,Flats & Duplex,DataSF wv5m-vpq2 (2025 roll),2026-10-04T04:36Z,20250103037,https://data.sf.gov/d/wv5m-vpq2?row_id=20250103037
SF00987,519 FILBERT ST,San Francisco,CA,,1907,2,F,Flats & Duplex,DataSF wv5m-vpq2 (2025 roll),2026-10-04T04:36Z,20250103038,https://data.sf.gov/d/wv5m-vpq2?row_id=20250103038
SF00988,1539 GRANT AV,San Francisco,CA,,1906,6,A5,Apartment 5 to 14 Units,DataSF wv5m-vpq2 (2025 roll),2026-10-04T04:36Z,20250103039,https://data.sf.gov/d/wv5m-vpq2?row_id=20250103039
SF00989,25 CADELL PL,San Francisco,CA,,1965,2,F,Flats & Duplex,DataSF wv5m-vpq2 (2025 roll),2026-10-04T04:36Z,20250103041,https://data.sf.gov/d/wv5m-vpq2?row_id=20250103041
SF00990,1459 KEARNY ST,San Francisco,CA,,1906,9,A5,Apartment 5 to 14 Units,DataSF wv5m-vpq2 (2025 roll),2026-10-04T04:36Z,20250104001,https://data.sf.gov/d/wv5m-vpq2?row_id=20250104001
SF00991,1443 KEARNY ST,San Francisco,CA,,1915,2,F,Flats & Duplex,DataSF wv5m-vpq2 (2025 roll),2026-10-04T04:36Z,20250104004,https://data.sf.gov/d/wv5m-vpq2?row_id=20250104004
SF00992,1439 KEARNY ST,San Francisco,CA,,1906,2,F,Flats & Duplex,DataSF wv5m-vpq2 (2025 roll),2026-10-04T04:36Z,20250104005,https://data.sf.gov/d/wv5m-vpq2?row_id=20250104005
SF00993,1435 KEARNY ST,San Francisco,CA,,1906,5,F5,Flats 5 to 14 units,DataSF wv5m-vpq2 (2025 roll),2026-10-04T04:36Z,20250104006,https://data.sf.gov/d/wv5m-vpq2?row_id=20250104006
SF00994,1425 KEARNY ST,San Francisco,CA,,1913,12,A5,Apartment 5 to 14 Units,DataSF wv5m-vpq2 (2025 roll),2026-10-04T04:36Z,20250104007,https://data.sf.gov/d/wv5m-vpq2?row_id=20250104007
SF00995,1413 KEARNY ST,San Francisco,CA,,1906,6,A5,Apartment 5 to 14 Units,DataSF wv5m-vpq2 (2025 roll),2026-10-04T04:36Z,20250104008,https://data.sf.gov/d/wv5m-vpq2?row_id=20250104008
SF00996,1401 KEARNY ST,San Francisco,CA,,1907,11,A5,Apartment 5 to 14 Units,DataSF wv5m-vpq2 (2025 roll),2026-10-04T04:36Z,20250104009,https://data.sf.gov/d/wv5m-vpq2?row_id=20250104009
SF00997,2 GENOA PL,San Francisco,CA,,1907,6,A5,Apartment 5 to 14 Units,DataSF wv5m-vpq2 (2025 roll),2026-10-04T04:36Z,20250104010,https://data.sf.gov/d/wv5m-vpq2?row_id=20250104010
SF00998,418 UNION ST,San Francisco,CA,,1906,4,F,Flats & Duplex,DataSF wv5m-vpq2 (2025 roll),2026-10-04T04:36Z,20250104011,https://data.sf.gov/d/wv5m-vpq2?row_id=20250104011
SF00999,424 UNION ST,San Francisco,CA,,1907,6,A5,Apartment 5 to 14 Units,DataSF wv5m-vpq2 (2025 roll),2026-10-04T04:36Z,20250104012,https://data.sf.gov/d/wv5m-vpq2?row_id=20250104012
SF01000,434 UNION ST,San Francisco,CA,,1907,3,F,Flats & Duplex,DataSF wv5m-vpq2 (2025 roll),2026-10-04T04:36Z,20250104013,https://data.sf.gov/d/wv5m-vpq2?row_id=20250104013
SF01001,438 UNION ST,San Francisco,CA,,1907,3,F,Flats & Duplex,DataSF wv5m-vpq2 (2025 roll),2026-10-04T04:36Z,20250104014,https://data.sf.gov/d/wv5m-vpq2?row_id=20250104014
SF01002,100 VARENNES ST,San Francisco,CA,,1907,5,A5,Apartment 5 to 14 Units,DataSF wv5m-vpq2 (2025 roll),2026-10-04T04:36Z,20250104015,https://data.sf.gov/d/wv5m-vpq2?row_id=20250104015
SF01003,444 UNION ST,San Francisco,CA,,1907,5,FS5,Flat & Store 5 to 14 units,DataSF wv5m-vpq2 (2025 roll),2026-10-04T04:36Z,20250104016,https://data.sf.gov/d/wv5m-vpq2?row_id=20250104016
SF01004,460 UNION ST,San Francisco,CA,,1908,6,A5,Apartment 5 to 14 Units,DataSF wv5m-vpq2 (2025 roll),2026-10-04T04:36Z,20250104019,https://data.sf.gov/d/wv5m-vpq2?row_id=20250104019
SF01005,472 UNION ST,San Francisco,CA,,1900,6,A5,Apartment 5 to 14 Units,DataSF wv5m-vpq2 (2025 roll),2026-10-04T04:36Z,20250104021,https://data.sf.gov/d/wv5m-vpq2?row_id=20250104021
SF01006,478 UNION ST,San Francisco,CA,,1923,5,FS5,Flat & Store 5 to 14 units,DataSF wv5m-vpq2 (2025 roll),2026-10-04T04:36Z,20250104022,https://data.sf.gov/d/wv5m-vpq2?row_id=20250104022
SF01007,486 UNION ST,San Francisco,CA,,1912,6,FS5,Flat & Store 5 to 14 units,DataSF wv5m-vpq2 (2025 roll),2026-10-04T04:36Z,20250104023,https://data.sf.gov/d/wv5m-vpq2?row_id=20250104023
SF01008,1500 GRANT AV,San Francisco,CA,,1907,3,F,Flats & Duplex,DataSF wv5m-vpq2 (2025 roll),2026-10-04T04:36Z,20250104024,https://data.sf.gov/d/wv5m-vpq2?row_id=20250104024
SF01009,1522 GRANT AV,San Francisco,CA,,1907,5,F5,Flats 5 to 14 units,DataSF wv5m-vpq2 (2025 roll),2026-10-04T04:36Z,20250104027,https://data.sf.gov/d/wv5m-vpq2?row_id=20250104027
SF01010,8 NOBLES AL,San Francisco,CA,,1907,7,A5,Apartment 5 to 14 Units,DataSF wv5m-vpq2 (2025 roll),2026-10-04T04:36Z,20250104027A,https://data.sf.gov/d/wv5m-vpq2?row_id=20250104027A
SF01011,2 BOB KAUFMAN AL,San Francisco,CA,,1907,2,F,Flats & Duplex,DataSF wv5m-vpq2 (2025 roll),2026-10-04T04:36Z,20250104028,https://data.sf.gov/d/wv5m-vpq2?row_id=20250104028
SF01012,1528 GRANT AV,San Francisco,CA,,1904,3,F,Flats & Duplex,DataSF wv5m-vpq2 (2025 roll),2026-10-04T04:36Z,20250104029,https://data.sf.gov/d/wv5m-vpq2?row_id=20250104029
SF01013,1534 GRANT AV,San Francisco,CA,,1906,3,F,Flats & Duplex,DataSF wv5m-vpq2 (2025 roll),2026-10-04T04:36Z,20250104030,https://data.sf.gov/d/wv5m-vpq2?row_id=20250104030
SF01014,1546 GRANT AV,San Francisco,CA,,1905,5,A5,Apartment 5 to 14 Units,DataSF wv5m-vpq2 (2025 roll),2026-10-04T04:36Z,20250104032,https://data.sf.gov/d/wv5m-vpq2?row_id=20250104032
SF01015,1552 GRANT AV,San Francisco,CA,,1907,3,F,Flats & Duplex,DataSF wv5m-vpq2 (2025 roll),2026-10-04T04:36Z,20250104033,https://data.sf.gov/d/wv5m-vpq2?row_id=20250104033
SF01016,1558 GRANT AV,San Francisco,CA,,1904,5,FS5,Flat & Store 5 to 14 units,DataSF wv5m-vpq2 (2025 roll),2026-10-04T04:36Z,20250104034,https://data.sf.gov/d/wv5m-vpq2?row_id=20250104034
SF01017,6 BOB KAUFMAN AL,San Francisco,CA,,1907,2,F,Flats & Duplex,DataSF wv5m-vpq2 (2025 roll),2026-10-04T04:36Z,20250104035,https://data.sf.gov/d/wv5m-vpq2?row_id=20250104035
SF01018,10 BOB KAUFMAN AL,San Francisco,CA,,1907,5,A5,Apartment 5 to 14 Units,DataSF wv5m-vpq2 (2025 roll),2026-10-04T04:36Z,20250104036,https://data.sf.gov/d/wv5m-vpq2?row_id=20250104036
SF01019,28 BOB KAUFMAN AL,San Francisco,CA,,1915,6,A5,Apartment 5 to 14 Units,DataSF wv5m-vpq2 (2025 roll),2026-10-04T04:36Z,20250104037,https://data.sf.gov/d/wv5m-vpq2?row_id=20250104037
SF01020,457 FILBERT ST,San Francisco,CA,,1907,4,A,Apartment 4 units or less,DataSF wv5m-vpq2 (2025 roll),2026-10-04T04:36Z,20250104039,https://data.sf.gov/d/wv5m-vpq2?row_id=20250104039
SF01021,449 FILBERT ST,San Francisco,CA,,1906,6,A5,Apartment 5 to 14 Units,DataSF wv5m-vpq2 (2025 roll),2026-10-04T04:36Z,20250104040,https://data.sf.gov/d/wv5m-vpq2?row_id=20250104040
SF01022,153 VARENNES ST,San Francisco,CA,,1902,4,A,Apartment 4 units or less,DataSF wv5m-vpq2 (2025 roll),2026-10-04T04:36Z,20250104041,https://data.sf.gov/d/wv5m-vpq2?row_id=20250104041
SF01023,147 VARENNES ST,San Francisco,CA,,1906,2,A,Apartment 4 units or less,DataSF wv5m-vpq2 (2025 roll),2026-10-04T04:36Z,20250104042,https://data.sf.gov/d/wv5m-vpq2?row_id=20250104042
SF01024,143 VARENNES ST,San Francisco,CA,,1907,2,F,Flats & Duplex,DataSF wv5m-vpq2 (2025 roll),2026-10-04T04:36Z,20250104043,https://data.sf.gov/d/wv5m-vpq2?row_id=20250104043
SF01025,133 VARENNES ST,San Francisco,CA,,1907,6,A5,Apartment 5 to 14 Units,DataSF wv5m-vpq2 (2025 roll),2026-10-04T04:36Z,20250104044,https://data.sf.gov/d/wv5m-vpq2?row_id=20250104044
SF01026,127 VARENNES ST,San Francisco,CA,,1907,3,A,Apartment 4 units or less,DataSF wv5m-vpq2 (2025 roll),2026-10-04T04:36Z,20250104045,https://data.sf.gov/d/wv5m-vpq2?row_id=20250104045
SF01027,121 VARENNES ST,San Francisco,CA,,1906,6,A5,Apartment 5 to 14 Units,DataSF wv5m-vpq2 (2025 roll),2026-10-04T04:36Z,20250104046,https://data.sf.gov/d/wv5m-vpq2?row_id=20250104046
SF01028,114 VARENNES ST,San Francisco,CA,,1907,3,F,Flats & Duplex,DataSF wv5m-vpq2 (2025 roll),2026-10-04T04:36Z,20250104047,https://data.sf.gov/d/wv5m-vpq2?row_id=20250104047
SF01029,120 VARENNES ST,San Francisco,CA,,1904,2,F,Flats & Duplex,DataSF wv5m-vpq2 (2025 roll),2026-10-04T04:36Z,20250104048,https://data.sf.gov/d/wv5m-vpq2?row_id=20250104048
SF01030,126 VARENNES ST,San Francisco,CA,,1903,2,F,Flats & Duplex,DataSF wv5m-vpq2 (2025 roll),2026-10-04T04:36Z,20250104049,https://data.sf.gov/d/wv5m-vpq2?row_id=20250104049
SF01031,140 VARENNES ST,San Francisco,CA,,1906,5,A5,Apartment 5 to 14 Units,DataSF wv5m-vpq2 (2025 roll),2026-10-04T04:36Z,20250104051,https://data.sf.gov/d/wv5m-vpq2?row_id=20250104051
SF01032,443 FILBERT ST,San Francisco,CA,,1907,2,F,Flats & Duplex,DataSF wv5m-vpq2 (2025 roll),2026-10-04T04:36Z,20250104053,https://data.sf.gov/d/wv5m-vpq2?row_id=20250104053
SF01033,439 FILBERT ST,San Francisco,CA,,1907,2,F,Flats & Duplex,DataSF wv5m-vpq2 (2025 roll),2026-10-04T04:36Z,20250104054,https://data.sf.gov/d/wv5m-vpq2?row_id=20250104054
SF01034,433 FILBERT ST,San Francisco,CA,,1924,2,F,Flats & Duplex,DataSF wv5m-vpq2 (2025 roll),2026-10-04T04:36Z,20250104055,https://data.sf.gov/d/wv5m-vpq2?row_id=20250104055
SF01035,427 FILBERT ST,San Francisco,CA,,1922,2,F,Flats & Duplex,DataSF wv5m-vpq2 (2025 roll),2026-10-04T04:36Z,20250104055A,https://data.sf.gov/d/wv5m-vpq2?row_id=20250104055A
SF01036,417 FILBERT ST,San Francisco,CA,,1907,6,A5,Apartment 5 to 14 Units,DataSF wv5m-vpq2 (2025 roll),2026-10-04T04:36Z,20250104056,https://data.sf.gov/d/wv5m-vpq2?row_id=20250104056
SF01037,39 GENOA PL,San Francisco,CA,,1906,3,F,Flats & Duplex,DataSF wv5m-vpq2 (2025 roll),2026-10-04T04:36Z,20250104057,https://data.sf.gov/d/wv5m-vpq2?row_id=20250104057
SF01038,130 VARENNES ST,San Francisco,CA,,1906,3,A,Apartment 4 units or less,DataSF wv5m-vpq2 (2025 roll),2026-10-04T04:36Z,20250104062,https://data.sf.gov/d/wv5m-vpq2?row_id=20250104062
SF01039,27 GENOA PL,San Francisco,CA,,1907,3,A,Apartment 4 units or less,DataSF wv5m-vpq2 (2025 roll),2026-10-04T04:36Z,20250104063,https://data.sf.gov/d/wv5m-vpq2?row_id=20250104063
SF01040,56 GENOA PL,San Francisco,CA,,1912,2,F,Flats & Duplex,DataSF wv5m-vpq2 (2025 roll),2026-10-04T04:36Z,20250104064,https://data.sf.gov/d/wv5m-vpq2?row_id=20250104064
SF01041,152 VARENNES ST,San Francisco,CA,,1907,4,A,Apartment 4 units or less,DataSF wv5m-vpq2 (2025 roll),2026-10-04T04:36Z,20250104068,https://data.sf.gov/d/wv5m-vpq2?row_id=20250104068
SF01042,55 GENOA PL,San Francisco,CA,,1959,6,A5,Apartment 5 to 14 Units,DataSF wv5m-vpq2 (2025 roll),2026-10-04T04:36Z,20250104069,https://data.sf.gov/d/wv5m-vpq2?row_id=20250104069
SF01043,471 FILBERT ST,San Francisco,CA,,1906,3,F,Flats & Duplex,DataSF wv5m-vpq2 (2025 roll),2026-10-04T04:36Z,20250104070,https://data.sf.gov/d/wv5m-vpq2?row_id=20250104070
SF01044,467 FILBERT ST,San Francisco,CA,,1964,2,F,Flats & Duplex,DataSF wv5m-vpq2 (2025 roll),2026-10-04T04:36Z,20250104071,https://data.sf.gov/d/wv5m-vpq2?row_id=20250104071
SF01045,454 UNION ST,San Francisco,CA,,1911,3,F,Flats & Duplex,DataSF wv5m-vpq2 (2025 roll),2026-10-04T04:36Z,20250104087,https://data.sf.gov/d/wv5m-vpq2?row_id=20250104087
SF01046,1321 MONTGOMERY ST,San Francisco,CA,,1900,2,F,Flats & Duplex,DataSF wv5m-vpq2 (2025 roll),2026-10-04T04:36Z,20250105002,https://data.sf.gov/d/wv5m-vpq2?row_id=20250105002
SF01047,102 ALTA ST,San Francisco,CA,,1972,3,A,Apartment 4 units or less,DataSF wv5m-vpq2 (2025 roll),2026-10-04T04:36Z,20250105005,https://data.sf.gov/d/wv5m-vpq2?row_id=20250105005
SF01048,110 ALTA ST,San Francisco,CA,,1900,3,A,Apartment 4 units or less,DataSF wv5m-vpq2 (2025 roll),2026-10-04T04:36Z,20250105006,https://data.sf.gov/d/wv5m-vpq2?row_id=20250105006
SF01049,103 ALTA ST,San Francisco,CA,,1909,2,F,Flats & Duplex,DataSF wv5m-vpq2 (2025 roll),2026-10-04T04:36Z,20250105009,https://data.sf.gov/d/wv5m-vpq2?row_id=20250105009
SF01050,1313 MONTGOMERY ST,San Francisco,CA,,1900,6,A5,Apartment 5 to 14 Units,DataSF wv5m-vpq2 (2025 roll),2026-10-04T04:36Z,20250105010,https://data.sf.gov/d/wv5m-vpq2?row_id=20250105010
SF01051,1309 MONTGOMERY ST,San Francisco,CA,,1900,3,F,Flats & Duplex,DataSF wv5m-vpq2 (2025 roll),2026-10-04T04:36Z,20250105011,https://data.sf.gov/d/wv5m-vpq2?row_id=20250105011
SF01052,1305 MONTGOMERY ST,San Francisco,CA,,1900,4,A,Apartment 4 units or less,DataSF wv5m-vpq2 (2025 roll),2026-10-04T04:36Z,20250105013,https://data.sf.gov/d/wv5m-vpq2?row_id=20250105013
SF01053,1301 MONTGOMERY ST,San Francisco,CA,,1900,4,F,Flats & Duplex,DataSF wv5m-vpq2 (2025 roll),2026-10-04T04:36Z,20250105014,https://data.sf.gov/d/wv5m-vpq2?row_id=20250105014
SF01054,310 UNION ST,San Francisco,CA,,1900,2,F,Flats & Duplex,DataSF wv5m-vpq2 (2025 roll),2026-10-04T04:36Z,20250105016,https://data.sf.gov/d/wv5m-vpq2?row_id=20250105016
SF01055,324 UNION ST,San Francisco,CA,,1911,3,F,Flats & Duplex,DataSF wv5m-vpq2 (2025 roll),2026-10-04T04:36Z,20250105017,https://data.sf.gov/d/wv5m-vpq2?row_id=20250105017
SF01056,330 UNION ST,San Francisco,CA,,1914,3,F,Flats & Duplex,DataSF wv5m-vpq2 (2025 roll),2026-10-04T04:36Z,20250105018,https://data.sf.gov/d/wv5m-vpq2?row_id=20250105018
SF01057,350 UNION ST,San Francisco,CA,,1965,90,A15,Apartment 15 Units or more,DataSF wv5m-vpq2 (2025 roll),2026-10-04T04:36Z,20250105019,https://data.sf.gov/d/wv5m-vpq2?row_id=20250105019
SF01058,364 UNION ST,San Francisco,CA,,1904,3,F,Flats & Duplex,DataSF wv5m-vpq2 (2025 roll),2026-10-04T04:36Z,20250105020,https://data.sf.gov/d/wv5m-vpq2?row_id=20250105020
SF01059,370 UNION ST,San Francisco,CA,,1906,2,F,Flats & Duplex,DataSF wv5m-vpq2 (2025 roll),2026-10-04T04:36Z,20250105021,https://data.sf.gov/d/wv5m-vpq2?row_id=20250105021
SF01060,376 UNION ST,San Francisco,CA,,1907,7,F5,Flats 5 to 14 units,DataSF wv5m-vpq2 (2025 roll),2026-10-04T04:36Z,20250105022,https://data.sf.gov/d/wv5m-vpq2?row_id=20250105022
SF01061,382 UNION ST,San Francisco,CA,,1913,3,F,Flats & Duplex,DataSF wv5m-vpq2 (2025 roll),2026-10-04T04:36Z,20250105023,https://data.sf.gov/d/wv5m-vpq2?row_id=20250105023
SF01062,388 UNION ST,San Francisco,CA,,1906,3,F,Flats & Duplex,DataSF wv5m-vpq2 (2025 roll),2026-10-04T04:36Z,20250105024,https://data.sf.gov/d/wv5m-vpq2?row_id=20250105024
SF01063,1402 KEARNY ST,San Francisco,CA,,1906,7,A5,Apartment 5 to 14 Units,DataSF wv5m-vpq2 (2025 roll),2026-10-04T04:36Z,20250105025,https://data.sf.gov/d/wv5m-vpq2?row_id=20250105025
SF01064,1406 KEARNY ST,San Francisco,CA,,1907,2,A,Apartment 4 units or less,DataSF wv5m-vpq2 (2025 roll),2026-10-04T04:36Z,20250105026,https://data.sf.gov/d/wv5m-vpq2?row_id=20250105026
SF01065,1422 KEARNY ST,San Francisco,CA,,1940,4,DD5,2 Dwellings on 1 Parcel 5 to 14 units,DataSF wv5m-vpq2 (2025 roll),2026-10-04T04:36Z,20250105027,https://data.sf.gov/d/wv5m-vpq2?row_id=20250105027
SF01066,1454 KEARNY ST,San Francisco,CA,,1915,2,F,Flats & Duplex,DataSF wv5m-vpq2 (2025 roll),2026-10-04T04:36Z,20250105031,https://data.sf.gov/d/wv5m-vpq2?row_id=20250105031
SF01067,381 FILBERT ST,San Francisco,CA,,1907,2,F,Flats & Duplex,DataSF wv5m-vpq2 (2025 roll),2026-10-04T04:36Z,20250105033,https://data.sf.gov/d/wv5m-vpq2?row_id=20250105033
SF01068,331 FILBERT ST,San Francisco,CA,,1955,3,A,Apartment 4 units or less,DataSF wv5m-vpq2 (2025 roll),2026-10-04T04:36Z,20250105045,https://data.sf.gov/d/wv5m-vpq2?row_id=20250105045
SF01069,325 FILBERT ST,San Francisco,CA,,1900,2,F,Flats & Duplex,DataSF wv5m-vpq2 (2025 roll),2026-10-04T04:36Z,20250105045B,https://data.sf.gov/d/wv5m-vpq2?row_id=20250105045B
SF01070,109 TELEGRAPH HILL BL,San Francisco,CA,,1960,3,F,Flats & Duplex,DataSF wv5m-vpq2 (2025 roll),2026-10-04T04:36Z,20250105049,https://data.sf.gov/d/wv5m-vpq2?row_id=20250105049
SF01071,307 FILBERT ST,San Francisco,CA,,1966,3,A,Apartment 4 units or less,DataSF wv5m-vpq2 (2025 roll),2026-10-04T04:36Z,20250105050,https://data.sf.gov/d/wv5m-vpq2?row_id=20250105050
SF01072,100 ALTA ST,San Francisco,CA,,1951,7,A5,Apartment 5 to 14 Units,DataSF wv5m-vpq2 (2025 roll),2026-10-04T04:36Z,20250105051,https://data.sf.gov/d/wv5m-vpq2?row_id=20250105051
SF01073,288 UNION ST,San Francisco,CA,,,3,TIC,TIC Bldg 4 units or less,DataSF wv5m-vpq2 (2025 roll),2026-10-04T04:36Z,20250106014,https://data.sf.gov/d/wv5m-vpq2?row_id=20250106014
SF01074,296 UNION ST,San Francisco,CA,,1974,5,A5,Apartment 5 to 14 Units,DataSF wv5m-vpq2 (2025 roll),2026-10-04T04:36Z,20250106016A,https://data.sf.gov/d/wv5m-vpq2?row_id=20250106016A
SF01075,1308 MONTGOMERY ST,San Francisco,CA,,1900,2,F,Flats & Duplex,DataSF wv5m-vpq2 (2025 roll),2026-10-04T04:36Z,20250106017A,https://data.sf.gov/d/wv5m-vpq2?row_id=20250106017A
SF01076,1310 MONTGOMERY ST,San Francisco,CA,,1890,3,F,Flats & Duplex,DataSF wv5m-vpq2 (2025 roll),2026-10-04T04:36Z,20250106017B,https://data.sf.gov/d/wv5m-vpq2?row_id=20250106017B
SF01077,1306 MONTGOMERY ST,San Francisco,CA,,1969,5,A5,Apartment 5 to 14 Units,DataSF wv5m-vpq2 (2025 roll),2026-10-04T04:36Z,20250106017C,https://data.sf.gov/d/wv5m-vpq2?row_id=20250106017C
SF01078,31 ALTA ST,San Francisco,CA,,1900,2,F,Flats & Duplex,DataSF wv5m-vpq2 (2025 roll),2026-10-04T04:36Z,20250106018,https://data.sf.gov/d/wv5m-vpq2?row_id=20250106018
SF01079,27 ALTA ST,San Francisco,CA,,1959,3,A,Apartment 4 units or less,DataSF wv5m-vpq2 (2025 roll),2026-10-04T04:36Z,20250106020,https://data.sf.gov/d/wv5m-vpq2?row_id=20250106020
SF01080,25 ALTA ST,San Francisco,CA,,1895,2,F,Flats & Duplex,DataSF wv5m-vpq2 (2025 roll),2026-10-04T04:36Z,20250106021,https://data.sf.gov/d/wv5m-vpq2?row_id=20250106021
SF01081,60 ALTA ST,San Francisco,CA,,1935,3,F,Flats & Duplex,DataSF wv5m-vpq2 (2025 roll),2026-10-04T04:36Z,20250106026,https://data.sf.gov/d/wv5m-vpq2?row_id=20250106026
SF01082,279 FILBERT ST,San Francisco,CA,,1949,3,F,Flats & Duplex,DataSF wv5m-vpq2 (2025 roll),2026-10-04T04:36Z,20250106031,https://data.sf.gov/d/wv5m-vpq2?row_id=20250106031
SF01083,273 FILBERT ST,San Francisco,CA,,1912,5,A5,Apartment 5 to 14 Units,DataSF wv5m-vpq2 (2025 roll),2026-10-04T04:36Z,20250106032,https://data.sf.gov/d/wv5m-vpq2?row_id=20250106032
SF01084,267 FILBERT ST,San Francisco,CA,,1941,2,F,Flats & Duplex,DataSF wv5m-vpq2 (2025 roll),2026-10-04T04:36Z,20250106033,https://data.sf.gov/d/wv5m-vpq2?row_id=20250106033
SF01085,50 ALTA ST,San Francisco,CA,,1955,6,A5,Apartment 5 to 14 Units,DataSF wv5m-vpq2 (2025 roll),2026-10-04T04:36Z,20250106034,https://data.sf.gov/d/wv5m-vpq2?row_id=20250106034
SF01086,40 ALTA ST,San Francisco,CA,,1955,6,A5,Apartment 5 to 14 Units,DataSF wv5m-vpq2 (2025 roll),2026-10-04T04:36Z,20250106034D,https://data.sf.gov/d/wv5m-vpq2?row_id=20250106034D
SF01087,34 ALTA ST,San Francisco,CA,,1956,4,A,Apartment 4 units or less,DataSF wv5m-vpq2 (2025 roll),2026-10-04T04:36Z,20250106034E,https://data.sf.gov/d/wv5m-vpq2?row_id=20250106034E
SF01088,80 ALTA ST,San Francisco,CA,,1961,12,A5,Apartment 5 to 14 Units,DataSF wv5m-vpq2 (2025 roll),2026-10-04T04:36Z,20250106036,https://data.sf.gov/d/wv5m-vpq2?row_id=20250106036
SF01089,218 UNION ST,San Francisco,CA,,1963,7,A5,Apartment 5 to 14 Units,DataSF wv5m-vpq2 (2025 roll),2026-10-04T04:36Z,20250106038,https://data.sf.gov/d/wv5m-vpq2?row_id=20250106038
SF01090,272 GREEN ST,San Francisco,CA,,1926,2,F,Flats & Duplex,DataSF wv5m-vpq2 (2025 roll),2026-10-04T04:36Z,20250113014,https://data.sf.gov/d/wv5m-vpq2?row_id=20250113014
SF01091,280 GREEN ST,San Francisco,CA,,1926,6,A5,Apartment 5 to 14 Units,DataSF wv5m-vpq2 (2025 roll),2026-10-04T04:36Z,20250113015,https://data.sf.gov/d/wv5m-vpq2?row_id=20250113015
SF01092,290 GREEN ST,San Francisco,CA,,1927,9,A5,Apartment 5 to 14 Units,DataSF wv5m-vpq2 (2025 roll),2026-10-04T04:36Z,20250113016A,https://data.sf.gov/d/wv5m-vpq2?row_id=20250113016A
SF01093,1230 MONTGOMERY ST,San Francisco,CA,,1919,4,F,Flats & Duplex,DataSF wv5m-vpq2 (2025 roll),2026-10-04T04:36Z,20250113017B,https://data.sf.gov/d/wv5m-vpq2?row_id=20250113017B
SF01094,1252 MONTGOMERY ST,San Francisco,CA,,1900,2,F,Flats & Duplex,DataSF wv5m-vpq2 (2025 roll),2026-10-04T04:36Z,20250113019,https://data.sf.gov/d/wv5m-vpq2?row_id=20250113019
SF01095,1254 MONTGOMERY ST,San Francisco,CA,,1900,6,A5,Apartment 5 to 14 Units,DataSF wv5m-vpq2 (2025 roll),2026-10-04T04:36Z,20250113020,https://data.sf.gov/d/wv5m-vpq2?row_id=20250113020
SF01096,287 UNION ST,San Francisco,CA,,1900,4,A,Apartment 4 units or less,DataSF wv5m-vpq2 (2025 roll),2026-10-04T04:36Z,20250113023,https://data.sf.gov/d/wv5m-vpq2?row_id=20250113023
SF01097,265 UNION ST,San Francisco,CA,,1962,7,A5,Apartment 5 to 14 Units,DataSF wv5m-vpq2 (2025 roll),2026-10-04T04:36Z,20250113024,https://data.sf.gov/d/wv5m-vpq2?row_id=20250113024
SF01098,66 CALHOUN TE,San Francisco,CA,,1939,2,F,Flats & Duplex,DataSF wv5m-vpq2 (2025 roll),2026-10-04T04:36Z,20250113034,https://data.sf.gov/d/wv5m-vpq2?row_id=20250113034
SF01099,291 UNION ST,San Francisco,CA,,1900,2,F,Flats & Duplex,DataSF wv5m-vpq2 (2025 roll),2026-10-04T04:36Z,20250113044,https://data.sf.gov/d/wv5m-vpq2?row_id=20250113044
SF01100,1216 MONTGOMERY ST,San Francisco,CA,,1916,4,A,Apartment 4 units or less,DataSF wv5m-vpq2 (2025 roll),2026-10-04T04:36Z,20250113045,https://data.sf.gov/d/wv5m-vpq2?row_id=20250113045
SF01101,1228 MONTGOMERY ST,San Francisco,CA,,1929,6,A5,Apartment 5 to 14 Units,DataSF wv5m-vpq2 (2025 roll),2026-10-04T04:36Z,20250113046,https://data.sf.gov/d/wv5m-vpq2?row_id=20250113046
SF01102,301 UNION ST,San Francisco,CA,,1914,6,A5,Apartment 5 to 14 Units,DataSF wv5m-vpq2 (2025 roll),2026-10-04T04:36Z,20250114001,https://data.sf.gov/d/wv5m-vpq2?row_id=20250114001
SF01103,1257 MONTGOMERY ST,San Francisco,CA,,1940,3,F,Flats & Duplex,DataSF wv5m-vpq2 (2025 roll),2026-10-04T04:36Z,20250114002,https://data.sf.gov/d/wv5m-vpq2?row_id=20250114002
SF01104,1233 MONTGOMERY ST,San Francisco,CA,,1932,4,A,Apartment 4 units or less,DataSF wv5m-vpq2 (2025 roll),2026-10-04T04:36Z,20250114005,https://data.sf.gov/d/wv5m-vpq2?row_id=20250114005
SF01105,6 MONTAGUE PL,San Francisco,CA,,1900,2,F,Flats & Duplex,DataSF wv5m-vpq2 (2025 roll),2026-10-04T04:36Z,20250114007,https://data.sf.gov/d/wv5m-vpq2?row_id=20250114007
SF01106,5 MONTAGUE PL,San Francisco,CA,,1906,3,F,Flats & Duplex,DataSF wv5m-vpq2 (2025 roll),2026-10-04T04:36Z,20250114008,https://data.sf.gov/d/wv5m-vpq2?row_id=20250114008
SF01107,300 GREEN ST,San Francisco,CA,,1923,8,A5,Apartment 5 to 14 Units,DataSF wv5m-vpq2 (2025 roll),2026-10-04T04:36Z,20250114011,https://data.sf.gov/d/wv5m-vpq2?row_id=20250114011
SF01108,304 GREEN ST,San Francisco,CA,,1918,2,F,Flats & Duplex,DataSF wv5m-vpq2 (2025 roll),2026-10-04T04:36Z,20250114012,https://data.sf.gov/d/wv5m-vpq2?row_id=20250114012
SF01109,306 GREEN ST,San Francisco,CA,,1955,2,F,Flats & Duplex,DataSF wv5m-vpq2 (2025 roll),2026-10-04T04:36Z,20250114013,https://data.sf.gov/d/wv5m-vpq2?row_id=20250114013
SF01110,14 CASTLE ST,San Francisco,CA,,1932,2,F,Flats & Duplex,DataSF wv5m-vpq2 (2025 roll),2026-10-04T04:36Z,20250114017A,https://data.sf.gov/d/wv5m-vpq2?row_id=20250114017A
SF01111,350 GREEN ST,San Francisco,CA,,1931,4,A,Apartment 4 units or less,DataSF wv5m-vpq2 (2025 roll),2026-10-04T04:36Z,20250114018,https://data.sf.gov/d/wv5m-vpq2?row_id=20250114018
SF01112,360 GREEN ST,San Francisco,CA,,1907,8,A5,Apartment 5 to 14 Units,DataSF wv5m-vpq2 (2025 roll),2026-10-04T04:36Z,20250114019,https://data.sf.gov/d/wv5m-vpq2?row_id=20250114019
SF01113,4 WINDSOR PL,San Francisco,CA,,1906,6,F5,Flats 5 to 14 units,DataSF wv5m-vpq2 (2025 roll),2026-10-04T04:36Z,20250114020,https://data.sf.gov/d/wv5m-vpq2?row_id=20250114020
SF01114,24 WINDSOR PL,San Francisco,CA,,1906,4,F,Flats & Duplex,DataSF wv5m-vpq2 (2025 roll),2026-10-04T04:36Z,20250114021,https://data.sf.gov/d/wv5m-vpq2?row_id=20250114021
SF01115,370 GREEN ST,San Francisco,CA,,1911,6,A5,Apartment 5 to 14 Units,DataSF wv5m-vpq2 (2025 roll),2026-10-04T04:36Z,20250114022,https://data.sf.gov/d/wv5m-vpq2?row_id=20250114022
SF01116,376 GREEN ST,San Francisco,CA,,1907,3,F,Flats & Duplex,DataSF wv5m-vpq2 (2025 roll),2026-10-04T04:36Z,20250114023,https://data.sf.gov/d/wv5m-vpq2?row_id=20250114023
SF01117,1300 KEARNY ST,San Francisco,CA,,1906,2,F,Flats & Duplex,DataSF wv5m-vpq2 (2025 roll),2026-10-04T04:36Z,20250114025,https://data.sf.gov/d/wv5m-vpq2?row_id=20250114025
SF01118,1310 KEARNY ST,San Francisco,CA,,1911,5,A5,Apartment 5 to 14 Units,DataSF wv5m-vpq2 (2025 roll),2026-10-04T04:36Z,20250114026,https://data.sf.gov/d/wv5m-vpq2?row_id=20250114026
SF01119,1322 KEARNY ST,San Francisco,CA,,1920,4,F,Flats & Duplex,DataSF wv5m-vpq2 (2025 roll),2026-10-04T04:36Z,20250114028,https://data.sf.gov/d/wv5m-vpq2?row_id=20250114028
SF01120,1328 KEARNY ST,San Francisco,CA,,1923,3,F,Flats & Duplex,DataSF wv5m-vpq2 (2025 roll),2026-10-04T04:36Z,20250114028A,https://data.sf.gov/d/wv5m-vpq2?row_id=20250114028A
SF01121,1334 KEARNY ST,San Francisco,CA,,1917,3,F,Flats & Duplex,DataSF wv5m-vpq2 (2025 roll),2026-10-04T04:36Z,20250114028B,https://data.sf.gov/d/wv5m-vpq2?row_id=20250114028B
SF01122,1340 KEARNY ST,San Francisco,CA,,1916,6,F5,Flats 5 to 14 units,DataSF wv5m-vpq2 (2025 roll),2026-10-04T04:36Z,20250114028C,https://data.sf.gov/d/wv5m-vpq2?row_id=20250114028C
SF01123,1350 KEARNY ST,San Francisco,CA,,1989,3,F,Flats & Duplex,DataSF wv5m-vpq2 (2025 roll),2026-10-04T04:36Z,20250114029,https://data.sf.gov/d/wv5m-vpq2?row_id=20250114029
SF01124,1354 KEARNY ST,San Francisco,CA,,1905,3,A,Apartment 4 units or less,DataSF wv5m-vpq2 (2025 roll),2026-10-04T04:36Z,20250114030,https://data.sf.gov/d/wv5m-vpq2?row_id=20250114030
SF01125,1360 KEARNY ST,San Francisco,CA,,1910,6,A5,Apartment 5 to 14 Units,DataSF wv5m-vpq2 (2025 roll),2026-10-04T04:36Z,20250114031,https://data.sf.gov/d/wv5m-vpq2?row_id=20250114031
SF01126,387 UNION ST,San Francisco,CA,,1910,6,A5,Apartment 5 to 14 Units,DataSF wv5m-vpq2 (2025 roll),2026-10-04T04:36Z,20250114032,https://data.sf.gov/d/wv5m-vpq2?row_id=20250114032
SF01127,381 UNION ST,San Francisco,CA,,1913,5,F5,Flats 5 to 14 units,DataSF wv5m-vpq2 (2025 roll),2026-10-04T04:36Z,20250114033,https://data.sf.gov/d/wv5m-vpq2?row_id=20250114033
SF01128,351 UNION ST,San Francisco,CA,,1907,2,F,Flats & Duplex,DataSF wv5m-vpq2 (2025 roll),2026-10-04T04:36Z,20250114037,https://data.sf.gov/d/wv5m-vpq2?row_id=20250114037
SF01129,33 CASTLE ST,San Francisco,CA,,1905,2,F,Flats & Duplex,DataSF wv5m-vpq2 (2025 roll),2026-10-04T04:36Z,20250114041,https://data.sf.gov/d/wv5m-vpq2?row_id=20250114041
SF01130,27 CASTLE ST,San Francisco,CA,,1907,2,F,Flats & Duplex,DataSF wv5m-vpq2 (2025 roll),2026-10-04T04:36Z,20250114042,https://data.sf.gov/d/wv5m-vpq2?row_id=20250114042
SF01131,23 CASTLE ST,San Francisco,CA,,1909,2,F,Flats & Duplex,DataSF wv5m-vpq2 (2025 roll),2026-10-04T04:36Z,20250114043,https://data.sf.gov/d/wv5m-vpq2?row_id=20250114043
SF01132,15 CASTLE ST,San Francisco,CA,,1906,3,A,Apartment 4 units or less,DataSF wv5m-vpq2 (2025 roll),2026-10-04T04:36Z,20250114044,https://data.sf.gov/d/wv5m-vpq2?row_id=20250114044
SF01133,24 CASTLE ST,San Francisco,CA,,1907,2,F,Flats & Duplex,DataSF wv5m-vpq2 (2025 roll),2026-10-04T04:36Z,20250114045,https://data.sf.gov/d/wv5m-vpq2?row_id=20250114045
SF01134,26 CASTLE ST,San Francisco,CA,,1907,2,F,Flats & Duplex,DataSF wv5m-vpq2 (2025 roll),2026-10-04T04:36Z,20250114046,https://data.sf.gov/d/wv5m-vpq2?row_id=20250114046
SF01135,30 CASTLE ST,San Francisco,CA,,1907,2,F,Flats & Duplex,DataSF wv5m-vpq2 (2025 roll),2026-10-04T04:36Z,20250114047,https://data.sf.gov/d/wv5m-vpq2?row_id=20250114047
SF01136,34 CASTLE ST,San Francisco,CA,,1907,2,F,Flats & Duplex,DataSF wv5m-vpq2 (2025 roll),2026-10-04T04:36Z,20250114048,https://data.sf.gov/d/wv5m-vpq2?row_id=20250114048
SF01137,44 CASTLE ST,San Francisco,CA,,1906,3,F,Flats & Duplex,DataSF wv5m-vpq2 (2025 roll),2026-10-04T04:36Z,20250114049,https://data.sf.gov/d/wv5m-vpq2?row_id=20250114049
SF01138,50 CASTLE ST,San Francisco,CA,,1906,3,F,Flats & Duplex,DataSF wv5m-vpq2 (2025 roll),2026-10-04T04:36Z,20250114050,https://data.sf.gov/d/wv5m-vpq2?row_id=20250114050
SF01139,341 UNION ST,San Francisco,CA,,1906,5,FS5,Flat & Store 5 to 14 units,DataSF wv5m-vpq2 (2025 roll),2026-10-04T04:36Z,20250114052,https://data.sf.gov/d/wv5m-vpq2?row_id=20250114052
SF01140,325 UNION ST,San Francisco,CA,,1905,3,F,Flats & Duplex,DataSF wv5m-vpq2 (2025 roll),2026-10-04T04:36Z,20250114055,https://data.sf.gov/d/wv5m-vpq2?row_id=20250114055
SF01141,319 UNION ST,San Francisco,CA,,1912,3,F,Flats & Duplex,DataSF wv5m-vpq2 (2025 roll),2026-10-04T04:36Z,20250114056,https://data.sf.gov/d/wv5m-vpq2?row_id=20250114056
SF01142,1255 MONTGOMERY ST,San Francisco,CA,,1906,4,A,Apartment 4 units or less,DataSF wv5m-vpq2 (2025 roll),2026-10-04T04:36Z,20250114058,https://data.sf.gov/d/wv5m-vpq2?row_id=20250114058
SF01143,1351 KEARNY ST,San Francisco,CA,,1909,3,F,Flats & Duplex,DataSF wv5m-vpq2 (2025 roll),2026-10-04T04:36Z,20250115002,https://data.sf.gov/d/wv5m-vpq2?row_id=20250115002
SF01144,1339 KEARNY ST,San Francisco,CA,,1913,5,F5,Flats 5 to 14 units,DataSF wv5m-vpq2 (2025 roll),2026-10-04T04:36Z,20250115004,https://data.sf.gov/d/wv5m-vpq2?row_id=20250115004
SF01145,1333 KEARNY ST,San Francisco,CA,,1906,4,F,Flats & Duplex,DataSF wv5m-vpq2 (2025 roll),2026-10-04T04:36Z,20250115005,https://data.sf.gov/d/wv5m-vpq2?row_id=20250115005
SF01146,1321 KEARNY ST,San Francisco,CA,,1906,5,F5,Flats 5 to 14 units,DataSF wv5m-vpq2 (2025 roll),2026-10-04T04:36Z,20250115007,https://data.sf.gov/d/wv5m-vpq2?row_id=20250115007
SF01147,1315 KEARNY ST,San Francisco,CA,,1907,3,F,Flats & Duplex,DataSF wv5m-vpq2 (2025 roll),2026-10-04T04:36Z,20250115008,https://data.sf.gov/d/wv5m-vpq2?row_id=20250115008
SF01148,14 SONOMA ST,San Francisco,CA,,1912,2,F,Flats & Duplex,DataSF wv5m-vpq2 (2025 roll),2026-10-04T04:36Z,20250115008A,https://data.sf.gov/d/wv5m-vpq2?row_id=20250115008A
SF01149,1309 KEARNY ST,San Francisco,CA,,1907,5,A5,Apartment 5 to 14 Units,DataSF wv5m-vpq2 (2025 roll),2026-10-04T04:36Z,20250115009,https://data.sf.gov/d/wv5m-vpq2?row_id=20250115009
SF01150,406 GREEN ST,San Francisco,CA,,1907,3,F,Flats & Duplex,DataSF wv5m-vpq2 (2025 roll),2026-10-04T04:36Z,20250115010,https://data.sf.gov/d/wv5m-vpq2?row_id=20250115010
SF01151,412 GREEN ST,San Francisco,CA,,1906,8,TIC,TIC Bldg 4 units or less,DataSF wv5m-vpq2 (2025 roll),2026-10-04T04:36Z,20250115011,https://data.sf.gov/d/wv5m-vpq2?row_id=20250115011
SF01152,2 SONOMA ST,San Francisco,CA,,1916,5,A5,Apartment 5 to 14 Units,DataSF wv5m-vpq2 (2025 roll),2026-10-04T04:36Z,20250115012,https://data.sf.gov/d/wv5m-vpq2?row_id=20250115012
SF01153,422 GREEN ST,San Francisco,CA,,1911,2,F,Flats & Duplex,DataSF wv5m-vpq2 (2025 roll),2026-10-04T04:36Z,20250115013,https://data.sf.gov/d/wv5m-vpq2?row_id=20250115013
SF01154,434 GREEN ST,San Francisco,CA,,1906,3,F,Flats & Duplex,DataSF wv5m-vpq2 (2025 roll),2026-10-04T04:36Z,20250115014,https://data.sf.gov/d/wv5m-vpq2?row_id=20250115014
SF01155,440 GREEN ST,San Francisco,CA,,1907,2,F,Flats & Duplex,DataSF wv5m-vpq2 (2025 roll),2026-10-04T04:36Z,20250115015,https://data.sf.gov/d/wv5m-vpq2?row_id=20250115015
SF01156,450 GREEN ST,San Francisco,CA,,1907,4,A,Apartment 4 units or less,DataSF wv5m-vpq2 (2025 roll),2026-10-04T04:36Z,20250115016,https://data.sf.gov/d/wv5m-vpq2?row_id=20250115016
SF01157,456 GREEN ST,San Francisco,CA,,1906,5,A5,Apartment 5 to 14 Units,DataSF wv5m-vpq2 (2025 roll),2026-10-04T04:36Z,20250115017,https://data.sf.gov/d/wv5m-vpq2?row_id=20250115017
SF01158,462 GREEN ST,San Francisco,CA,,1906,6,A5,Apartment 5 to 14 Units,DataSF wv5m-vpq2 (2025 roll),2026-10-04T04:36Z,20250115018,https://data.sf.gov/d/wv5m-vpq2?row_id=20250115018
SF01159,1400 GRANT AV,San Francisco,CA,,1907,44,A15,Apartment 15 Units or more,DataSF wv5m-vpq2 (2025 roll),2026-10-04T04:36Z,20250115019,https://data.sf.gov/d/wv5m-vpq2?row_id=20250115019
SF01160,1436 GRANT AV,San Francisco,CA,,1913,11,A5,Apartment 5 to 14 Units,DataSF wv5m-vpq2 (2025 roll),2026-10-04T04:36Z,20250115020,https://data.sf.gov/d/wv5m-vpq2?row_id=20250115020
SF01161,1450 GRANT AV,San Francisco,CA,,1909,5,A5,Apartment 5 to 14 Units,DataSF wv5m-vpq2 (2025 roll),2026-10-04T04:36Z,20250115021,https://data.sf.gov/d/wv5m-vpq2?row_id=20250115021
SF01162,471 UNION ST,San Francisco,CA,,1913,5,A5,Apartment 5 to 14 Units,DataSF wv5m-vpq2 (2025 roll),2026-10-04T04:36Z,20250115022,https://data.sf.gov/d/wv5m-vpq2?row_id=20250115022
SF01163,465 UNION ST,San Francisco,CA,,1913,5,A5,Apartment 5 to 14 Units,DataSF wv5m-vpq2 (2025 roll),2026-10-04T04:36Z,20250115023,https://data.sf.gov/d/wv5m-vpq2?row_id=20250115023
SF01164,453 UNION ST,San Francisco,CA,,1910,7,A5,Apartment 5 to 14 Units,DataSF wv5m-vpq2 (2025 roll),2026-10-04T04:36Z,20250115024,https://data.sf.gov/d/wv5m-vpq2?row_id=20250115024
SF01165,49 VARENNES ST,San Francisco,CA,,1906,3,F,Flats & Duplex,DataSF wv5m-vpq2 (2025 roll),2026-10-04T04:36Z,20250115026,https://data.sf.gov/d/wv5m-vpq2?row_id=20250115026
SF01166,37 VARENNES ST,San Francisco,CA,,1908,3,F,Flats & Duplex,DataSF wv5m-vpq2 (2025 roll),2026-10-04T04:36Z,20250115029,https://data.sf.gov/d/wv5m-vpq2?row_id=20250115029
SF01167,31 VARENNES ST,San Francisco,CA,,1986,3,F,Flats & Duplex,DataSF wv5m-vpq2 (2025 roll),2026-10-04T04:36Z,20250115030,https://data.sf.gov/d/wv5m-vpq2?row_id=20250115030
SF01168,23 VARENNES ST,San Francisco,CA,,1906,3,F,Flats & Duplex,DataSF wv5m-vpq2 (2025 roll),2026-10-04T04:36Z,20250115031,https://data.sf.gov/d/wv5m-vpq2?row_id=20250115031
SF01169,7 VARENNES ST,San Francisco,CA,,1908,6,A5,Apartment 5 to 14 Units,DataSF wv5m-vpq2 (2025 roll),2026-10-04T04:36Z,20250115032,https://data.sf.gov/d/wv5m-vpq2?row_id=20250115032
SF01170,14 VARENNES ST,San Francisco,CA,,1911,3,F,Flats & Duplex,DataSF wv5m-vpq2 (2025 roll),2026-10-04T04:36Z,20250115033,https://data.sf.gov/d/wv5m-vpq2?row_id=20250115033
SF01171,20 VARENNES ST,San Francisco,CA,,1914,3,F,Flats & Duplex,DataSF wv5m-vpq2 (2025 roll),2026-10-04T04:36Z,20250115034,https://data.sf.gov/d/wv5m-vpq2?row_id=20250115034
SF01172,26 VARENNES ST,San Francisco,CA,,1907,3,F,Flats & Duplex,DataSF wv5m-vpq2 (2025 roll),2026-10-04T04:36Z,20250115035,https://data.sf.gov/d/wv5m-vpq2?row_id=20250115035
SF01173,32 VARENNES ST,San Francisco,CA,,1906,6,TIC,TIC Bldg 4 units or less,DataSF wv5m-vpq2 (2025 roll),2026-10-04T04:36Z,20250115036,https://data.sf.gov/d/wv5m-vpq2?row_id=20250115036
SF01174,42 VARENNES ST,San Francisco,CA,,1907,3,F,Flats & Duplex,DataSF wv5m-vpq2 (2025 roll),2026-10-04T04:36Z,20250115038,https://data.sf.gov/d/wv5m-vpq2?row_id=20250115038
SF01175,46 VARENNES ST,San Francisco,CA,,1906,3,F,Flats & Duplex,DataSF wv5m-vpq2 (2025 roll),2026-10-04T04:36Z,20250115039,https://data.sf.gov/d/wv5m-vpq2?row_id=20250115039
SF01176,52 VARENNES ST,San Francisco,CA,,1906,3,F,Flats & Duplex,DataSF wv5m-vpq2 (2025 roll),2026-10-04T04:36Z,20250115040,https://data.sf.gov/d/wv5m-vpq2?row_id=20250115040
SF01177,439 UNION ST,San Francisco,CA,,1908,5,A5,Apartment 5 to 14 Units,DataSF wv5m-vpq2 (2025 roll),2026-10-04T04:36Z,20250115042,https://data.sf.gov/d/wv5m-vpq2?row_id=20250115042
SF01178,435 UNION ST,San Francisco,CA,,1906,3,F,Flats & Duplex,DataSF wv5m-vpq2 (2025 roll),2026-10-04T04:36Z,20250115043,https://data.sf.gov/d/wv5m-vpq2?row_id=20250115043
SF01179,17 SONOMA ST,San Francisco,CA,,1907,3,F,Flats & Duplex,DataSF wv5m-vpq2 (2025 roll),2026-10-04T04:36Z,20250115046,https://data.sf.gov/d/wv5m-vpq2?row_id=20250115046
SF01180,15 SONOMA ST,San Francisco,CA,,1907,3,A,Apartment 4 units or less,DataSF wv5m-vpq2 (2025 roll),2026-10-04T04:36Z,20250115047,https://data.sf.gov/d/wv5m-vpq2?row_id=20250115047
SF01181,9 SONOMA ST,San Francisco,CA,,1906,6,A5,Apartment 5 to 14 Units,DataSF wv5m-vpq2 (2025 roll),2026-10-04T04:36Z,20250115048,https://data.sf.gov/d/wv5m-vpq2?row_id=20250115048
SF01182,7 SONOMA ST,San Francisco,CA,,1906,3,F,Flats & Duplex,DataSF wv5m-vpq2 (2025 roll),2026-10-04T04:36Z,20250115049,https://data.sf.gov/d/wv5m-vpq2?row_id=20250115049
SF01183,5 SONOMA ST,San Francisco,CA,,1906,3,A,Apartment 4 units or less,DataSF wv5m-vpq2 (2025 roll),2026-10-04T04:36Z,20250115050,https://data.sf.gov/d/wv5m-vpq2?row_id=20250115050
SF01184,3 SONOMA ST,San Francisco,CA,,1909,3,A,Apartment 4 units or less,DataSF wv5m-vpq2 (2025 roll),2026-10-04T04:36Z,20250115051,https://data.sf.gov/d/wv5m-vpq2?row_id=20250115051
SF01185,421 UNION ST,San Francisco,CA,,1906,9,A5,Apartment 5 to 14 Units,DataSF wv5m-vpq2 (2025 roll),2026-10-04T04:36Z,20250115052,https://data.sf.gov/d/wv5m-vpq2?row_id=20250115052
SF01186,405 UNION ST,San Francisco,CA,,1958,4,A,Apartment 4 units or less,DataSF wv5m-vpq2 (2025 roll),2026-10-04T04:36Z,20250115053,https://data.sf.gov/d/wv5m-vpq2?row_id=20250115053
SF01187,423 UNION ST,San Francisco,CA,,1906,6,FS5,Flat & Store 5 to 14 units,DataSF wv5m-vpq2 (2025 roll),2026-10-04T04:36Z,20250115054,https://data.sf.gov/d/wv5m-vpq2?row_id=20250115054
SF01188,52 SONOMA ST,San Francisco,CA,,1907,2,F,Flats & Duplex,DataSF wv5m-vpq2 (2025 roll),2026-10-04T04:36Z,20250115070,https://data.sf.gov/d/wv5m-vpq2?row_id=20250115070
SF01189,1347 KEARNY ST,San Francisco,CA,,1907,2,F,Flats & Duplex,DataSF wv5m-vpq2 (2025 roll),2026-10-04T04:36Z,20250115071,https://data.sf.gov/d/wv5m-vpq2?row_id=20250115071
SF01190,28 SONOMA ST,San Francisco,CA,,1906,2,F,Flats & Duplex,DataSF wv5m-vpq2 (2025 roll),2026-10-04T04:36Z,20250115084,https://data.sf.gov/d/wv5m-vpq2?row_id=20250115084
SF01191,1327 KEARNY ST,San Francisco,CA,,1906,2,F,Flats & Duplex,DataSF wv5m-vpq2 (2025 roll),2026-10-04T04:36Z,20250115085,https://data.sf.gov/d/wv5m-vpq2?row_id=20250115085
SF01192,501 UNION ST,San Francisco,CA,,1906,8,A5,Apartment 5 to 14 Units,DataSF wv5m-vpq2 (2025 roll),2026-10-04T04:36Z,20250116001,https://data.sf.gov/d/wv5m-vpq2?row_id=20250116001
SF01193,1461 GRANT AV,San Francisco,CA,,1906,4,FS,Flat & Store 4 units or less,DataSF wv5m-vpq2 (2025 roll),2026-10-04T04:36Z,20250116002,https://data.sf.gov/d/wv5m-vpq2?row_id=20250116002
SF01194,1453 GRANT AV,San Francisco,CA,,1907,6,FS5,Flat & Store 5 to 14 units,DataSF wv5m-vpq2 (2025 roll),2026-10-04T04:36Z,20250116003,https://data.sf.gov/d/wv5m-vpq2?row_id=20250116003
SF01195,1445 GRANT AV,San Francisco,CA,,1913,5,FS5,Flat & Store 5 to 14 units,DataSF wv5m-vpq2 (2025 roll),2026-10-04T04:36Z,20250116004,https://data.sf.gov/d/wv5m-vpq2?row_id=20250116004
SF01196,1441 GRANT AV,San Francisco,CA,,1915,3,FS,Flat & Store 4 units or less,DataSF wv5m-vpq2 (2025 roll),2026-10-04T04:36Z,20250116005,https://data.sf.gov/d/wv5m-vpq2?row_id=20250116005
SF01197,30 BANNAM PL,San Francisco,CA,,1907,2,F,Flats & Duplex,DataSF wv5m-vpq2 (2025 roll),2026-10-04T04:36Z,20250116006,https://data.sf.gov/d/wv5m-vpq2?row_id=20250116006
SF01198,1435 GRANT AV,San Francisco,CA,,1907,2,FS,Flat & Store 4 units or less,DataSF wv5m-vpq2 (2025 roll),2026-10-04T04:36Z,20250116007,https://data.sf.gov/d/wv5m-vpq2?row_id=20250116007
SF01199,1427 GRANT AV,San Francisco,CA,,1907,3,FS,Flat & Store 4 units or less,DataSF wv5m-vpq2 (2025 roll),2026-10-04T04:36Z,20250116008,https://data.sf.gov/d/wv5m-vpq2?row_id=20250116008
SF01200,1421 GRANT AV,San Francisco,CA,,1907,4,A,Apartment 4 units or less,DataSF wv5m-vpq2 (2025 roll),2026-10-04T04:36Z,20250116009,https://data.sf.gov/d/wv5m-vpq2?row_id=20250116009
SF01201,1415 GRANT AV,San Francisco,CA,,1910,3,FS,Flat & Store 4 units or less,DataSF wv5m-vpq2 (2025 roll),2026-10-04T04:36Z,20250116010,https://data.sf.gov/d/wv5m-vpq2?row_id=20250116010
SF01202,1401 GRANT AV,San Francisco,CA,,1906,6,FS5,Flat & Store 5 to 14 units,DataSF wv5m-vpq2 (2025 roll),2026-10-04T04:36Z,20250116011,https://data.sf.gov/d/wv5m-vpq2?row_id=20250116011
SF01203,510 GREEN ST,San Francisco,CA,,1910,3,FS,Flat & Store 4 units or less,DataSF wv5m-vpq2 (2025 roll),2026-10-04T04:36Z,20250116012,https://data.sf.gov/d/wv5m-vpq2?row_id=20250116012
SF01204,516 GREEN ST,San Francisco,CA,,1907,6,FS5,Flat & Store 5 to 14 units,DataSF wv5m-vpq2 (2025 roll),2026-10-04T04:36Z,20250116013,https://data.sf.gov/d/wv5m-vpq2?row_id=20250116013
SF01205,526 GREEN ST,San Francisco,CA,,1908,5,FS5,Flat & Store 5 to 14 units,DataSF wv5m-vpq2 (2025 roll),2026-10-04T04:36Z,20250116014,https://data.sf.gov/d/wv5m-vpq2?row_id=20250116014
SF01206,532 GREEN ST,San Francisco,CA,,1907,4,A,Apartment 4 units or less,DataSF wv5m-vpq2 (2025 roll),2026-10-04T04:36Z,20250116015,https://data.sf.gov/d/wv5m-vpq2?row_id=20250116015
SF01207,538 GREEN ST,San Francisco,CA,,1913,3,FS,Flat & Store 4 units or less,DataSF wv5m-vpq2 (2025 roll),2026-10-04T04:36Z,20250116016,https://data.sf.gov/d/wv5m-vpq2?row_id=20250116016
SF01208,544 GREEN ST,San Francisco,CA,,1907,7,A5,Apartment 5 to 14 Units,DataSF wv5m-vpq2 (2025 roll),2026-10-04T04:36Z,20250116017,https://data.sf.gov/d/wv5m-vpq2?row_id=20250116017
SF01209,560 GREEN ST,San Francisco,CA,,1907,3,FS,Flat & Store 4 units or less,DataSF wv5m-vpq2 (2025 roll),2026-10-04T04:36Z,20250116019,https://data.sf.gov/d/wv5m-vpq2?row_id=20250116019
SF01210,1534 STOCKTON ST,San Francisco,CA,,1907,3,FS,Flat & Store 4 units or less,DataSF wv5m-vpq2 (2025 roll),2026-10-04T04:36Z,20250116021,https://data.sf.gov/d/wv5m-vpq2?row_id=20250116021
SF01211,1562 STOCKTON ST,San Francisco,CA,,1907,6,FS5,Flat & Store 5 to 14 units,DataSF wv5m-vpq2 (2025 roll),2026-10-04T04:36Z,20250116026,https://data.sf.gov/d/wv5m-vpq2?row_id=20250116026
SF01212,36 VIA FERLINGHETTI,San Francisco,CA,,1906,2,F,Flats & Duplex,DataSF wv5m-vpq2 (2025 roll),2026-10-04T04:36Z,20250116027,https://data.sf.gov/d/wv5m-vpq2?row_id=20250116027
SF01213,40 VIA FERLINGHETTI,San Francisco,CA,,1907,4,A,Apartment 4 units or less,DataSF wv5m-vpq2 (2025 roll),2026-10-04T04:36Z,20250116028,https://data.sf.gov/d/wv5m-vpq2?row_id=20250116028
SF01214,567 UNION ST,San Francisco,CA,,1910,6,A5,Apartment 5 to 14 Units,DataSF wv5m-vpq2 (2025 roll),2026-10-04T04:36Z,20250116030,https://data.sf.gov/d/wv5m-vpq2?row_id=20250116030
SF01215,561 UNION ST,San Francisco,CA,,1914,4,A,Apartment 4 units or less,DataSF wv5m-vpq2 (2025 roll),2026-10-04T04:36Z,20250116031,https://data.sf.gov/d/wv5m-vpq2?row_id=20250116031
SF01216,555 UNION ST,San Francisco,CA,,1908,5,A5,Apartment 5 to 14 Units,DataSF wv5m-vpq2 (2025 roll),2026-10-04T04:36Z,20250116032,https://data.sf.gov/d/wv5m-vpq2?row_id=20250116032
SF01217,547 UNION ST,San Francisco,CA,,1908,3,F,Flats & Duplex,DataSF wv5m-vpq2 (2025 roll),2026-10-04T04:36Z,20250116033,https://data.sf.gov/d/wv5m-vpq2?row_id=20250116033
SF01218,49 JASPER PL,San Francisco,CA,,1908,3,F,Flats & Duplex,DataSF wv5m-vpq2 (2025 roll),2026-10-04T04:36Z,20250116034,https://data.sf.gov/d/wv5m-vpq2?row_id=20250116034
SF01219,43 JASPER PL,San Francisco,CA,,1910,3,F,Flats & Duplex,DataSF wv5m-vpq2 (2025 roll),2026-10-04T04:36Z,20250116035,https://data.sf.gov/d/wv5m-vpq2?row_id=20250116035
SF01220,37 JASPER PL,San Francisco,CA,,1911,3,F,Flats & Duplex,DataSF wv5m-vpq2 (2025 roll),2026-10-04T04:36Z,20250116036,https://data.sf.gov/d/wv5m-vpq2?row_id=20250116036
SF01221,31 JASPER PL,San Francisco,CA,,1911,3,F,Flats & Duplex,DataSF wv5m-vpq2 (2025 roll),2026-10-04T04:36Z,20250116037,https://data.sf.gov/d/wv5m-vpq2?row_id=20250116037
SF01222,25 JASPER PL,San Francisco,CA,,1908,3,F,Flats & Duplex,DataSF wv5m-vpq2 (2025 roll),2026-10-04T04:36Z,20250116038,https://data.sf.gov/d/wv5m-vpq2?row_id=20250116038
SF01223,19 JASPER PL,San Francisco,CA,,1909,3,F,Flats & Duplex,DataSF wv5m-vpq2 (2025 roll),2026-10-04T04:36Z,20250116039,https://data.sf.gov/d/wv5m-vpq2?row_id=20250116039
SF01224,24 JASPER PL,San Francisco,CA,,1906,9,A5,Apartment 5 to 14 Units,DataSF wv5m-vpq2 (2025 roll),2026-10-04T04:36Z,20250116040,https://data.sf.gov/d/wv5m-vpq2?row_id=20250116040
SF01225,36 JASPER PL,San Francisco,CA,,1913,3,F,Flats & Duplex,DataSF wv5m-vpq2 (2025 roll),2026-10-04T04:36Z,20250116041,https://data.sf.gov/d/wv5m-vpq2?row_id=20250116041
SF01226,42 JASPER PL,San Francisco,CA,,1900,3,A,Apartment 4 units or less,DataSF wv5m-vpq2 (2025 roll),2026-10-04T04:36Z,20250116042,https://data.sf.gov/d/wv5m-vpq2?row_id=20250116042
SF01227,539 UNION ST,San Francisco,CA,,1909,6,A5,Apartment 5 to 14 Units,DataSF wv5m-vpq2 (2025 roll),2026-10-04T04:36Z,20250116043,https://data.sf.gov/d/wv5m-vpq2?row_id=20250116043
SF01228,533 UNION ST,San Francisco,CA,,1906,8,A5,Apartment 5 to 14 Units,DataSF wv5m-vpq2 (2025 roll),2026-10-04T04:36Z,20250116044,https://data.sf.gov/d/wv5m-vpq2?row_id=20250116044
SF01229,527 UNION ST,San Francisco,CA,,1906,4,F,Flats & Duplex,DataSF wv5m-vpq2 (2025 roll),2026-10-04T04:36Z,20250116045,https://data.sf.gov/d/wv5m-vpq2?row_id=20250116045
SF01230,517 UNION ST,San Francisco,CA,,1906,7,A5,Apartment 5 to 14 Units,DataSF wv5m-vpq2 (2025 roll),2026-10-04T04:36Z,20250116046,https://data.sf.gov/d/wv5m-vpq2?row_id=20250116046
SF01231,49 BANNAM PL,San Francisco,CA,,1907,3,A,Apartment 4 units or less,DataSF wv5m-vpq2 (2025 roll),2026-10-04T04:36Z,20250116047,https://data.sf.gov/d/wv5m-vpq2?row_id=20250116047
SF01232,43 BANNAM PL,San Francisco,CA,,1914,3,F,Flats & Duplex,DataSF wv5m-vpq2 (2025 roll),2026-10-04T04:36Z,20250116048,https://data.sf.gov/d/wv5m-vpq2?row_id=20250116048
SF01233,37 BANNAM PL,San Francisco,CA,,1907,3,F,Flats & Duplex,DataSF wv5m-vpq2 (2025 roll),2026-10-04T04:36Z,20250116049,https://data.sf.gov/d/wv5m-vpq2?row_id=20250116049
SF01234,31 BANNAM PL,San Francisco,CA,,1906,3,F,Flats & Duplex,DataSF wv5m-vpq2 (2025 roll),2026-10-04T04:36Z,20250116050,https://data.sf.gov/d/wv5m-vpq2?row_id=20250116050
SF01235,19 BANNAM PL,San Francisco,CA,,1908,6,A5,Apartment 5 to 14 Units,DataSF wv5m-vpq2 (2025 roll),2026-10-04T04:36Z,20250116051,https://data.sf.gov/d/wv5m-vpq2?row_id=20250116051
SF01236,15 BANNAM PL,San Francisco,CA,,1909,2,F,Flats & Duplex,DataSF wv5m-vpq2 (2025 roll),2026-10-04T04:36Z,20250116052,https://data.sf.gov/d/wv5m-vpq2?row_id=20250116052
SF01237,1552 STOCKTON ST,San Francisco,CA,,1966,2,FS,Flat & Store 4 units or less,DataSF wv5m-vpq2 (2025 roll),2026-10-04T04:36Z,20250116053,https://data.sf.gov/d/wv5m-vpq2?row_id=20250116053
SF01238,1556 STOCKTON ST,San Francisco,CA,,1908,3,F,Flats & Duplex,DataSF wv5m-vpq2 (2025 roll),2026-10-04T04:36Z,20250116054,https://data.sf.gov/d/wv5m-vpq2?row_id=20250116054
SF01239,501 COLUMBUS AV,San Francisco,CA,,1907,32,A15,Apartment 15 Units or more,DataSF wv5m-vpq2 (2025 roll),2026-10-04T04:36Z,20250117005,https://data.sf.gov/d/wv5m-vpq2?row_id=20250117005
SF01240,644 GREEN ST,San Francisco,CA,,1907,6,A5,Apartment 5 to 14 Units,DataSF wv5m-vpq2 (2025 roll),2026-10-04T04:36Z,20250117007,https://data.sf.gov/d/wv5m-vpq2?row_id=20250117007
SF01241,656 GREEN ST,San Francisco,CA,,1909,5,A5,Apartment 5 to 14 Units,DataSF wv5m-vpq2 (2025 roll),2026-10-04T04:36Z,20250117008,https://data.sf.gov/d/wv5m-vpq2?row_id=20250117008
SF01242,662 GREEN ST,San Francisco,CA,,1913,6,F5,Flats 5 to 14 units,DataSF wv5m-vpq2 (2025 roll),2026-10-04T04:36Z,20250117009,https://data.sf.gov/d/wv5m-vpq2?row_id=20250117009
SF01243,1600 POWELL ST,San Francisco,CA,,1912,5,FS5,Flat & Store 5 to 14 units,DataSF wv5m-vpq2 (2025 roll),2026-10-04T04:36Z,20250117011,https://data.sf.gov/d/wv5m-vpq2?row_id=20250117011
SF01244,1608 POWELL ST,San Francisco,CA,,1912,3,F,Flats & Duplex,DataSF wv5m-vpq2 (2025 roll),2026-10-04T04:36Z,20250117012,https://data.sf.gov/d/wv5m-vpq2?row_id=20250117012
SF01245,1614 POWELL ST,San Francisco,CA,,1912,6,A5,Apartment 5 to 14 Units,DataSF wv5m-vpq2 (2025 roll),2026-10-04T04:36Z,20250117013,https://data.sf.gov/d/wv5m-vpq2?row_id=20250117013
SF01246,1620 POWELL ST,San Francisco,CA,,1912,3,FS,Flat & Store 4 units or less,DataSF wv5m-vpq2 (2025 roll),2026-10-04T04:36Z,20250117014,https://data.sf.gov/d/wv5m-vpq2?row_id=20250117014
SF01247,1626 POWELL ST,San Francisco,CA,,1911,3,FS,Flat & Store 4 units or less,DataSF wv5m-vpq2 (2025 roll),2026-10-04T04:36Z,20250117015,https://data.sf.gov/d/wv5m-vpq2?row_id=20250117015
SF01248,1636 POWELL ST,San Francisco,CA,,1914,36,A15,Apartment 15 Units or more,DataSF wv5m-vpq2 (2025 roll),2026-10-04T04:36Z,20250117016,https://data.sf.gov/d/wv5m-vpq2?row_id=20250117016
SF01249,563 COLUMBUS AV,San Francisco,CA,,1911,3,FS,Flat & Store 4 units or less,DataSF wv5m-vpq2 (2025 roll),2026-10-04T04:36Z,20250117018,https://data.sf.gov/d/wv5m-vpq2?row_id=20250117018
SF01250,549 COLUMBUS AV,San Francisco,CA,,1911,3,A,Apartment 4 units or less,DataSF wv5m-vpq2 (2025 roll),2026-10-04T04:36Z,20250117019,https://data.sf.gov/d/wv5m-vpq2?row_id=20250117019
SF01251,552 COLUMBUS AV,San Francisco,CA,,1909,7,FA5,1 Flat & 1 Apt - 1 Parcel 5 to 14 units,DataSF wv5m-vpq2 (2025 roll),2026-10-04T04:36Z,20250117020,https://data.sf.gov/d/wv5m-vpq2?row_id=20250117020
SF01252,548 COLUMBUS AV,San Francisco,CA,,1906,2,FS,Flat & Store 4 units or less,DataSF wv5m-vpq2 (2025 roll),2026-10-04T04:36Z,20250117021,https://data.sf.gov/d/wv5m-vpq2?row_id=20250117021
SF01253,701 UNION ST,San Francisco,CA,,1924,9,A5,Apartment 5 to 14 Units,DataSF wv5m-vpq2 (2025 roll),2026-10-04T04:36Z,20250118001,https://data.sf.gov/d/wv5m-vpq2?row_id=20250118001
SF01254,1655 POWELL ST,San Francisco,CA,,1908,5,A5,Apartment 5 to 14 Units,DataSF wv5m-vpq2 (2025 roll),2026-10-04T04:36Z,20250118002,https://data.sf.gov/d/wv5m-vpq2?row_id=20250118002
SF01255,1647 POWELL ST,San Francisco,CA,,1924,2,F,Flats & Duplex,DataSF wv5m-vpq2 (2025 roll),2026-10-04T04:36Z,20250118003,https://data.sf.gov/d/wv5m-vpq2?row_id=20250118003
SF01256,1621 POWELL ST,San Francisco,CA,,1907,2,F,Flats & Duplex,DataSF wv5m-vpq2 (2025 roll),2026-10-04T04:36Z,20250118006,https://data.sf.gov/d/wv5m-vpq2?row_id=20250118006
SF01257,1615 POWELL ST,San Francisco,CA,,1906,5,A5,Apartment 5 to 14 Units,DataSF wv5m-vpq2 (2025 roll),2026-10-04T04:36Z,20250118007,https://data.sf.gov/d/wv5m-vpq2?row_id=20250118007
SF01258,1609 POWELL ST,San Francisco,CA,,1908,2,FS,Flat & Store 4 units or less,DataSF wv5m-vpq2 (2025 roll),2026-10-04T04:36Z,20250118008,https://data.sf.gov/d/wv5m-vpq2?row_id=20250118008
SF01259,706 GREEN ST,San Francisco,CA,,1907,2,FS,Flat & Store 4 units or less,DataSF wv5m-vpq2 (2025 roll),2026-10-04T04:36Z,20250118009,https://data.sf.gov/d/wv5m-vpq2?row_id=20250118009
SF01260,718 GREEN ST,San Francisco,CA,,1907,3,F,Flats & Duplex,DataSF wv5m-vpq2 (2025 roll),2026-10-04T04:36Z,20250118010,https://data.sf.gov/d/wv5m-vpq2?row_id=20250118010
SF01261,726 GREEN ST,San Francisco,CA,,1909,6,A5,Apartment 5 to 14 Units,DataSF wv5m-vpq2 (2025 roll),2026-10-04T04:36Z,20250118011,https://data.sf.gov/d/wv5m-vpq2?row_id=20250118011
SF01262,734 GREEN ST,San Francisco,CA,,1907,10,A5,Apartment 5 to 14 Units,DataSF wv5m-vpq2 (2025 roll),2026-10-04T04:36Z,20250118012,https://data.sf.gov/d/wv5m-vpq2?row_id=20250118012
SF01263,742 GREEN ST,San Francisco,CA,,1907,3,F,Flats & Duplex,DataSF wv5m-vpq2 (2025 roll),2026-10-04T04:36Z,20250118013,https://data.sf.gov/d/wv5m-vpq2?row_id=20250118013
SF01264,10 AUGUST AL,San Francisco,CA,,1907,4,A,Apartment 4 units or less,DataSF wv5m-vpq2 (2025 roll),2026-10-04T04:36Z,20250118015,https://data.sf.gov/d/wv5m-vpq2?row_id=20250118015
SF01265,42 AUGUST AL,San Francisco,CA,,1912,2,F,Flats & Duplex,DataSF wv5m-vpq2 (2025 roll),2026-10-04T04:36Z,20250118016,https://data.sf.gov/d/wv5m-vpq2?row_id=20250118016
SF01266,14 AUGUST AL,San Francisco,CA,,1925,2,F,Flats & Duplex,DataSF wv5m-vpq2 (2025 roll),2026-10-04T04:36Z,20250118017,https://data.sf.gov/d/wv5m-vpq2?row_id=20250118017
SF01267,9 AUGUST AL,San Francisco,CA,,1966,15,A15,Apartment 15 Units or more,DataSF wv5m-vpq2 (2025 roll),2026-10-04T04:36Z,20250118018,https://data.sf.gov/d/wv5m-vpq2?row_id=20250118018
SF01268,748 GREEN ST,San Francisco,CA,,1915,3,F,Flats & Duplex,DataSF wv5m-vpq2 (2025 roll),2026-10-04T04:36Z,20250118019,https://data.sf.gov/d/wv5m-vpq2?row_id=20250118019
SF01269,756 GREEN ST,San Francisco,CA,,1910,2,F,Flats & Duplex,DataSF wv5m-vpq2 (2025 roll),2026-10-04T04:36Z,20250118020,https://data.sf.gov/d/wv5m-vpq2?row_id=20250118020
SF01270,760 GREEN ST,San Francisco,CA,,1907,4,A,Apartment 4 units or less,DataSF wv5m-vpq2 (2025 roll),2026-10-04T04:36Z,20250118021,https://data.sf.gov/d/wv5m-vpq2?row_id=20250118021
SF01271,768 GREEN ST,San Francisco,CA,,1910,3,F,Flats & Duplex,DataSF wv5m-vpq2 (2025 roll),2026-10-04T04:36Z,20250118022,https://data.sf.gov/d/wv5m-vpq2?row_id=20250118022
SF01272,780 GREEN ST,San Francisco,CA,,1907,3,F,Flats & Duplex,DataSF wv5m-vpq2 (2025 roll),2026-10-04T04:36Z,20250118024,https://data.sf.gov/d/wv5m-vpq2?row_id=20250118024
SF01273,786 GREEN ST,San Francisco,CA,,1926,2,F,Flats & Duplex,DataSF wv5m-vpq2 (2025 roll),2026-10-04T04:36Z,20250118025,https://data.sf.gov/d/wv5m-vpq2?row_id=20250118025
SF01274,796 GREEN ST,San Francisco,CA,,1925,3,F,Flats & Duplex,DataSF wv5m-vpq2 (2025 roll),2026-10-04T04:36Z,20250118026,https://data.sf.gov/d/wv5m-vpq2?row_id=20250118026
SF01275,1724 MASON ST,San Francisco,CA,,1907,4,A,Apartment 4 units or less,DataSF wv5m-vpq2 (2025 roll),2026-10-04T04:36Z,20250118027,https://data.sf.gov/d/wv5m-vpq2?row_id=20250118027
SF01276,1734 MASON ST,San Francisco,CA,,1908,6,A5,Apartment 5 to 14 Units,DataSF wv5m-vpq2 (2025 roll),2026-10-04T04:36Z,20250118028,https://data.sf.gov/d/wv5m-vpq2?row_id=20250118028
SF01277,1742 MASON ST,San Francisco,CA,,1908,3,F,Flats & Duplex,DataSF wv5m-vpq2 (2025 roll),2026-10-04T04:36Z,20250118029,https://data.sf.gov/d/wv5m-vpq2?row_id=20250118029
SF01278,11 WINTER PL,San Francisco,CA,,1966,4,A,Apartment 4 units or less,DataSF wv5m-vpq2 (2025 roll),2026-10-04T04:36Z,20250118030,https://data.sf.gov/d/wv5m-vpq2?row_id=20250118030
SF01279,5 WINTER PL,San Francisco,CA,,1912,3,F,Flats & Duplex,DataSF wv5m-vpq2 (2025 roll),2026-10-04T04:36Z,20250118031,https://data.sf.gov/d/wv5m-vpq2?row_id=20250118031
SF01280,791 UNION ST,San Francisco,CA,,1970,2,F,Flats & Duplex,DataSF wv5m-vpq2 (2025 roll),2026-10-04T04:36Z,20250118035,https://data.sf.gov/d/wv5m-vpq2?row_id=20250118035
SF01281,785 UNION ST,San Francisco,CA,,1909,2,F,Flats & Duplex,DataSF wv5m-vpq2 (2025 roll),2026-10-04T04:36Z,20250118036,https://data.sf.gov/d/wv5m-vpq2?row_id=20250118036
SF01282,777 UNION ST,San Francisco,CA,,1907,2,FS,Flat & Store 4 units or less,DataSF wv5m-vpq2 (2025 roll),2026-10-04T04:36Z,20250118037,https://data.sf.gov/d/wv5m-vpq2?row_id=20250118037
SF01283,771 UNION ST,San Francisco,CA,,1913,3,F,Flats & Duplex,DataSF wv5m-vpq2 (2025 roll),2026-10-04T04:36Z,20250118038,https://data.sf.gov/d/wv5m-vpq2?row_id=20250118038
SF01284,767 UNION ST,San Francisco,CA,,1907,2,F,Flats & Duplex,DataSF wv5m-vpq2 (2025 roll),2026-10-04T04:36Z,20250118039,https://data.sf.gov/d/wv5m-vpq2?row_id=20250118039
SF01285,755 UNION ST,San Francisco,CA,,1907,5,A5,Apartment 5 to 14 Units,DataSF wv5m-vpq2 (2025 roll),2026-10-04T04:36Z,20250118040,https://data.sf.gov/d/wv5m-vpq2?row_id=20250118040
SF01286,751 UNION ST,San Francisco,CA,,1909,2,F,Flats & Duplex,DataSF wv5m-vpq2 (2025 roll),2026-10-04T04:36Z,20250118040A,https://data.sf.gov/d/wv5m-vpq2?row_id=20250118040A
SF01287,741 UNION ST,San Francisco,CA,,1908,5,A5,Apartment 5 to 14 Units,DataSF wv5m-vpq2 (2025 roll),2026-10-04T04:36Z,20250118041,https://data.sf.gov/d/wv5m-vpq2?row_id=20250118041
SF01288,725 UNION ST,San Francisco,CA,,1914,6,A5,Apartment 5 to 14 Units,DataSF wv5m-vpq2 (2025 roll),2026-10-04T04:36Z,20250118043,https://data.sf.gov/d/wv5m-vpq2?row_id=20250118043
SF01289,717 UNION ST,San Francisco,CA,,1910,7,A5,Apartment 5 to 14 Units,DataSF wv5m-vpq2 (2025 roll),2026-10-04T04:36Z,20250118044,https://data.sf.gov/d/wv5m-vpq2?row_id=20250118044
SF01290,1753 MASON ST,San Francisco,CA,,1906,15,FS15,Flat & Store 15 units +,DataSF wv5m-vpq2 (2025 roll),2026-10-04T04:36Z,20250119001,https://data.sf.gov/d/wv5m-vpq2?row_id=20250119001
SF01291,829 UNION ST,San Francisco,CA,,1909,4,A,Apartment 4 units or less,DataSF wv5m-vpq2 (2025 roll),2026-10-04T04:36Z,20250119002,https://data.sf.gov/d/wv5m-vpq2?row_id=20250119002
SF01292,1743 MASON ST,San Francisco,CA,,1911,3,F,Flats & Duplex,DataSF wv5m-vpq2 (2025 roll),2026-10-04T04:36Z,20250119003,https://data.sf.gov/d/wv5m-vpq2?row_id=20250119003
SF01293,1737 MASON ST,San Francisco,CA,,1911,6,F5,Flats 5 to 14 units,DataSF wv5m-vpq2 (2025 roll),2026-10-04T04:36Z,20250119004,https://data.sf.gov/d/wv5m-vpq2?row_id=20250119004
SF01294,1731 MASON ST,San Francisco,CA,,1908,2,F,Flats & Duplex,DataSF wv5m-vpq2 (2025 roll),2026-10-04T04:36Z,20250119005,https://data.sf.gov/d/wv5m-vpq2?row_id=20250119005
SF01295,1725 MASON ST,San Francisco,CA,,1922,2,F,Flats & Duplex,DataSF wv5m-vpq2 (2025 roll),2026-10-04T04:36Z,20250119006,https://data.sf.gov/d/wv5m-vpq2?row_id=20250119006
SF01296,1717 MASON ST,San Francisco,CA,,1927,8,A5,Apartment 5 to 14 Units,DataSF wv5m-vpq2 (2025 roll),2026-10-04T04:36Z,20250119007,https://data.sf.gov/d/wv5m-vpq2?row_id=20250119007
SF01297,1711 MASON ST,San Francisco,CA,,1923,3,A,Apartment 4 units or less,DataSF wv5m-vpq2 (2025 roll),2026-10-04T04:36Z,20250119008,https://data.sf.gov/d/wv5m-vpq2?row_id=20250119008
SF01298,802 GREEN ST,San Francisco,CA,,1908,6,A5,Apartment 5 to 14 Units,DataSF wv5m-vpq2 (2025 roll),2026-10-04T04:36Z,20250119009,https://data.sf.gov/d/wv5m-vpq2?row_id=20250119009
SF01299,812 GREEN ST,San Francisco,CA,,1908,3,F,Flats & Duplex,DataSF wv5m-vpq2 (2025 roll),2026-10-04T04:36Z,20250119010,https://data.sf.gov/d/wv5m-vpq2?row_id=20250119010
SF01300,818 GREEN ST,San Francisco,CA,,1911,3,F,Flats & Duplex,DataSF wv5m-vpq2 (2025 roll),2026-10-04T04:36Z,20250119011,https://data.sf.gov/d/wv5m-vpq2?row_id=20250119011
SF01301,828 GREEN ST,San Francisco,CA,,1907,3,F,Flats & Duplex,DataSF wv5m-vpq2 (2025 roll),2026-10-04T04:36Z,20250119013,https://data.sf.gov/d/wv5m-vpq2?row_id=20250119013
SF01302,834 GREEN ST,San Francisco,CA,,1911,6,F5,Flats 5 to 14 units,DataSF wv5m-vpq2 (2025 roll),2026-10-04T04:36Z,20250119014,https://data.sf.gov/d/wv5m-vpq2?row_id=20250119014
SF01303,844 GREEN ST,San Francisco,CA,,1916,3,F,Flats & Duplex,DataSF wv5m-vpq2 (2025 roll),2026-10-04T04:36Z,20250119016,https://data.sf.gov/d/wv5m-vpq2?row_id=20250119016
SF01304,854 GREEN ST,San Francisco,CA,,,2,F,Flats & Duplex,DataSF wv5m-vpq2 (2025 roll),2026-10-04T04:36Z,20250119017,https://data.sf.gov/d/wv5m-vpq2?row_id=20250119017
SF01305,866 GREEN ST,San Francisco,CA,,1955,9,A5,Apartment 5 to 14 Units,DataSF wv5m-vpq2 (2025 roll),2026-10-04T04:36Z,20250119019,https://data.sf.gov/d/wv5m-vpq2?row_id=20250119019
SF01306,874 GREEN ST,San Francisco,CA,,1924,3,F,Flats & Duplex,DataSF wv5m-vpq2 (2025 roll),2026-10-04T04:36Z,20250119021,https://data.sf.gov/d/wv5m-vpq2?row_id=20250119021
SF01307,890 GREEN ST,San Francisco,CA,,1908,5,TIC,TIC Bldg 4 units or less,DataSF wv5m-vpq2 (2025 roll),2026-10-04T04:36Z,20250119024,https://data.sf.gov/d/wv5m-vpq2?row_id=20250119024
SF01308,1812 TAYLOR ST,San Francisco,CA,,1930,2,F,Flats & Duplex,DataSF wv5m-vpq2 (2025 roll),2026-10-04T04:36Z,20250119025,https://data.sf.gov/d/wv5m-vpq2?row_id=20250119025
SF01309,1818 TAYLOR ST,San Francisco,CA,,1912,4,F,Flats & Duplex,DataSF wv5m-vpq2 (2025 roll),2026-10-04T04:36Z,20250119026,https://data.sf.gov/d/wv5m-vpq2?row_id=20250119026
SF01310,1824 TAYLOR ST,San Francisco,CA,,1914,3,TIC,TIC Bldg 4 units or less,DataSF wv5m-vpq2 (2025 roll),2026-10-04T04:36Z,20250119027,https://data.sf.gov/d/wv5m-vpq2?row_id=20250119027
SF01311,1838 TAYLOR ST,San Francisco,CA,,1911,3,F,Flats & Duplex,DataSF wv5m-vpq2 (2025 roll),2026-10-04T04:36Z,20250119029,https://data.sf.gov/d/wv5m-vpq2?row_id=20250119029
SF01312,1846 TAYLOR ST,San Francisco,CA,,1924,2,F,Flats & Duplex,DataSF wv5m-vpq2 (2025 roll),2026-10-04T04:36Z,20250119030,https://data.sf.gov/d/wv5m-vpq2?row_id=20250119030
SF01313,893 UNION ST,San Francisco,CA,,1916,3,F,Flats & Duplex,DataSF wv5m-vpq2 (2025 roll),2026-10-04T04:36Z,20250119030A,https://data.sf.gov/d/wv5m-vpq2?row_id=20250119030A
SF01314,887 UNION ST,San Francisco,CA,,1917,2,F,Flats & Duplex,DataSF wv5m-vpq2 (2025 roll),2026-10-04T04:36Z,20250119031,https://data.sf.gov/d/wv5m-vpq2?row_id=20250119031
SF01315,881 UNION ST,San Francisco,CA,,1913,4,A,Apartment 4 units or less,DataSF wv5m-vpq2 (2025 roll),2026-10-04T04:36Z,20250119032,https://data.sf.gov/d/wv5m-vpq2?row_id=20250119032
SF01316,873 UNION ST,San Francisco,CA,,1912,3,TIC,TIC Bldg 4 units or less,DataSF wv5m-vpq2 (2025 roll),2026-10-04T04:36Z,20250119033,https://data.sf.gov/d/wv5m-vpq2?row_id=20250119033
SF01317,869 UNION ST,San Francisco,CA,,1912,2,F,Flats & Duplex,DataSF wv5m-vpq2 (2025 roll),2026-10-04T04:36Z,20250119034,https://data.sf.gov/d/wv5m-vpq2?row_id=20250119034
SF01318,859 UNION ST,San Francisco,CA,,1909,10,A5,Apartment 5 to 14 Units,DataSF wv5m-vpq2 (2025 roll),2026-10-04T04:36Z,20250119035,https://data.sf.gov/d/wv5m-vpq2?row_id=20250119035
SF01319,851 UNION ST,San Francisco,CA,,1908,9,A5,Apartment 5 to 14 Units,DataSF wv5m-vpq2 (2025 roll),2026-10-04T04:36Z,20250119036,https://data.sf.gov/d/wv5m-vpq2?row_id=20250119036
SF01320,845 UNION ST,San Francisco,CA,,1906,3,F,Flats & Duplex,DataSF wv5m-vpq2 (2025 roll),2026-10-04T04:36Z,20250119037,https://data.sf.gov/d/wv5m-vpq2?row_id=20250119037
SF01321,835 UNION ST,San Francisco,CA,,1909,4,TIC,TIC Bldg 4 units or less,DataSF wv5m-vpq2 (2025 roll),2026-10-04T04:36Z,20250119038A,https://data.sf.gov/d/wv5m-vpq2?row_id=20250119038A
SF01322,819 UNION ST,San Francisco,CA,,1909,5,A5,Apartment 5 to 14 Units,DataSF wv5m-vpq2 (2025 roll),2026-10-04T04:36Z,20250119039,https://data.sf.gov/d/wv5m-vpq2?row_id=20250119039
SF01323,980 GREEN ST,San Francisco,CA,,1954,6,A5,Apartment 5 to 14 Units,DataSF wv5m-vpq2 (2025 roll),2026-10-04T04:36Z,20250120008,https://data.sf.gov/d/wv5m-vpq2?row_id=20250120008
SF01324,982 GREEN ST,San Francisco,CA,,1900,3,A,Apartment 4 units or less,DataSF wv5m-vpq2 (2025 roll),2026-10-04T04:36Z,20250120008A,https://data.sf.gov/d/wv5m-vpq2?row_id=20250120008A
SF01325,66 MACONDRAY LN,San Francisco,CA,,1907,3,A,Apartment 4 units or less,DataSF wv5m-vpq2 (2025 roll),2026-10-04T04:36Z,20250120013,https://data.sf.gov/d/wv5m-vpq2?row_id=20250120013
SF01326,80 MACONDRAY LN,San Francisco,CA,,1937,3,A,Apartment 4 units or less,DataSF wv5m-vpq2 (2025 roll),2026-10-04T04:36Z,20250120014A,https://data.sf.gov/d/wv5m-vpq2?row_id=20250120014A
SF01327,1950 JONES ST,San Francisco,CA,,1908,6,A5,Apartment 5 to 14 Units,DataSF wv5m-vpq2 (2025 roll),2026-10-04T04:36Z,20250120015,https://data.sf.gov/d/wv5m-vpq2?row_id=20250120015
SF01328,959 UNION ST,San Francisco,CA,,1908,4,A,Apartment 4 units or less,DataSF wv5m-vpq2 (2025 roll),2026-10-04T04:36Z,20250120020,https://data.sf.gov/d/wv5m-vpq2?row_id=20250120020
SF01329,953 UNION ST,San Francisco,CA,,1907,3,TIC,TIC Bldg 4 units or less,DataSF wv5m-vpq2 (2025 roll),2026-10-04T04:36Z,20250120021,https://data.sf.gov/d/wv5m-vpq2?row_id=20250120021
SF01330,927 UNION ST,San Francisco,CA,,1908,2,F,Flats & Duplex,DataSF wv5m-vpq2 (2025 roll),2026-10-04T04:36Z,20250120025,https://data.sf.gov/d/wv5m-vpq2?row_id=20250120025
SF01331,919 UNION ST,San Francisco,CA,,1904,3,F,Flats & Duplex,DataSF wv5m-vpq2 (2025 roll),2026-10-04T04:36Z,20250120026,https://data.sf.gov/d/wv5m-vpq2?row_id=20250120026
SF01332,15 MACONDRAY LN,San Francisco,CA,,1900,2,F,Flats & Duplex,DataSF wv5m-vpq2 (2025 roll),2026-10-04T04:36Z,20250120029,https://data.sf.gov/d/wv5m-vpq2?row_id=20250120029
SF01333,1955 JONES ST,San Francisco,CA,,1931,6,A5,Apartment 5 to 14 Units,DataSF wv5m-vpq2 (2025 roll),2026-10-04T04:36Z,20250121001,https://data.sf.gov/d/wv5m-vpq2?row_id=20250121001
SF01334,1011 UNION ST,San Francisco,CA,,1949,6,A5,Apartment 5 to 14 Units,DataSF wv5m-vpq2 (2025 roll),2026-10-04T04:36Z,20250121002,https://data.sf.gov/d/wv5m-vpq2?row_id=20250121002
SF01335,1931 JONES ST,San Francisco,CA,,1924,8,TIC,TIC Bldg 4 units or less,DataSF wv5m-vpq2 (2025 roll),2026-10-04T04:36Z,20250121003,https://data.sf.gov/d/wv5m-vpq2?row_id=20250121003
SF01336,1000 GREEN ST,San Francisco,CA,,1950,62,A15,Apartment 15 Units or more,DataSF wv5m-vpq2 (2025 roll),2026-10-04T04:36Z,20250121004,https://data.sf.gov/d/wv5m-vpq2?row_id=20250121004
SF01337,1020 GREEN ST,San Francisco,CA,,1907,2,F,Flats & Duplex,DataSF wv5m-vpq2 (2025 roll),2026-10-04T04:36Z,20250121004A,https://data.sf.gov/d/wv5m-vpq2?row_id=20250121004A
SF01338,1030 GREEN ST,San Francisco,CA,,1915,5,A5,Apartment 5 to 14 Units,DataSF wv5m-vpq2 (2025 roll),2026-10-04T04:36Z,20250121005,https://data.sf.gov/d/wv5m-vpq2?row_id=20250121005
SF01339,1918 LEAVENWORTH ST,San Francisco,CA,,1916,6,A5,Apartment 5 to 14 Units,DataSF wv5m-vpq2 (2025 roll),2026-10-04T04:36Z,20250121012,https://data.sf.gov/d/wv5m-vpq2?row_id=20250121012
SF01340,1950 LEAVENWORTH ST,San Francisco,CA,,1913,3,F,Flats & Duplex,DataSF wv5m-vpq2 (2025 roll),2026-10-04T04:36Z,20250121015,https://data.sf.gov/d/wv5m-vpq2?row_id=20250121015
SF01341,1083 UNION ST,San Francisco,CA,,1912,6,A5,Apartment 5 to 14 Units,DataSF wv5m-vpq2 (2025 roll),2026-10-04T04:36Z,20250121016,https://data.sf.gov/d/wv5m-vpq2?row_id=20250121016
SF01342,1073 UNION ST,San Francisco,CA,,1924,3,F,Flats & Duplex,DataSF wv5m-vpq2 (2025 roll),2026-10-04T04:36Z,20250121017,https://data.sf.gov/d/wv5m-vpq2?row_id=20250121017
SF01343,1067 UNION ST,San Francisco,CA,,1908,5,F5,Flats 5 to 14 units,DataSF wv5m-vpq2 (2025 roll),2026-10-04T04:36Z,20250121018,https://data.sf.gov/d/wv5m-vpq2?row_id=20250121018
SF01344,126 MACONDRAY LN,San Francisco,CA,,1908,4,F,Flats & Duplex,DataSF wv5m-vpq2 (2025 roll),2026-10-04T04:36Z,20250121019,https://data.sf.gov/d/wv5m-vpq2?row_id=20250121019
SF01345,1035 UNION ST,San Francisco,CA,,1913,3,F,Flats & Duplex,DataSF wv5m-vpq2 (2025 roll),2026-10-04T04:36Z,20250121021,https://data.sf.gov/d/wv5m-vpq2?row_id=20250121021
SF01346,1029 UNION ST,San Francisco,CA,,1908,2,F,Flats & Duplex,DataSF wv5m-vpq2 (2025 roll),2026-10-04T04:36Z,20250121022,https://data.sf.gov/d/wv5m-vpq2?row_id=20250121022
SF01347,1025 UNION ST,San Francisco,CA,,1908,2,F,Flats & Duplex,DataSF wv5m-vpq2 (2025 roll),2026-10-04T04:36Z,20250121023,https://data.sf.gov/d/wv5m-vpq2?row_id=20250121023
SF01348,1019 UNION ST,San Francisco,CA,,1923,7,A5,Apartment 5 to 14 Units,DataSF wv5m-vpq2 (2025 roll),2026-10-04T04:36Z,20250121024,https://data.sf.gov/d/wv5m-vpq2?row_id=20250121024
SF01349,1938 LEAVENWORTH ST,San Francisco,CA,,1916,3,F,Flats & Duplex,DataSF wv5m-vpq2 (2025 roll),2026-10-04T04:36Z,20250121025,https://data.sf.gov/d/wv5m-vpq2?row_id=20250121025
SF01350,1944 LEAVENWORTH ST,San Francisco,CA,,1914,3,F,Flats & Duplex,DataSF wv5m-vpq2 (2025 roll),2026-10-04T04:36Z,20250121026,https://data.sf.gov/d/wv5m-vpq2?row_id=20250121026
SF01351,1059 UNION ST,San Francisco,CA,,1986,16,A15,Apartment 15 Units or more,DataSF wv5m-vpq2 (2025 roll),2026-10-04T04:36Z,20250121032,https://data.sf.gov/d/wv5m-vpq2?row_id=20250121032
SF01352,1955 LEAVENWORTH ST,San Francisco,CA,,1924,15,A15,Apartment 15 Units or more,DataSF wv5m-vpq2 (2025 roll),2026-10-04T04:36Z,20250122001,https://data.sf.gov/d/wv5m-vpq2?row_id=20250122001
SF01353,1941 LEAVENWORTH ST,San Francisco,CA,,1908,2,F,Flats & Duplex,DataSF wv5m-vpq2 (2025 roll),2026-10-04T04:36Z,20250122002,https://data.sf.gov/d/wv5m-vpq2?row_id=20250122002
SF01354,1122 GREEN ST,San Francisco,CA,,1900,2,F,Flats & Duplex,DataSF wv5m-vpq2 (2025 roll),2026-10-04T04:36Z,20250122006,https://data.sf.gov/d/wv5m-vpq2?row_id=20250122006
SF01355,1132 GREEN ST,San Francisco,CA,,1912,2,F,Flats & Duplex,DataSF wv5m-vpq2 (2025 roll),2026-10-04T04:36Z,20250122008,https://data.sf.gov/d/wv5m-vpq2?row_id=20250122008
SF01356,1142 GREEN ST,San Francisco,CA,,1913,5,A5,Apartment 5 to 14 Units,DataSF wv5m-vpq2 (2025 roll),2026-10-04T04:36Z,20250122010,https://data.sf.gov/d/wv5m-vpq2?row_id=20250122010
SF01357,1152 GREEN ST,San Francisco,CA,,1908,4,A,Apartment 4 units or less,DataSF wv5m-vpq2 (2025 roll),2026-10-04T04:36Z,20250122010A,https://data.sf.gov/d/wv5m-vpq2?row_id=20250122010A
SF01358,1906 HYDE ST,San Francisco,CA,,1908,7,A5,Apartment 5 to 14 Units,DataSF wv5m-vpq2 (2025 roll),2026-10-04T04:36Z,20250122014,https://data.sf.gov/d/wv5m-vpq2?row_id=20250122014
SF01359,22 DELGADO PL,San Francisco,CA,,1961,4,A,Apartment 4 units or less,DataSF wv5m-vpq2 (2025 roll),2026-10-04T04:36Z,20250122015,https://data.sf.gov/d/wv5m-vpq2?row_id=20250122015
SF01360,18 DELGADO PL,San Francisco,CA,,1910,2,F,Flats & Duplex,DataSF wv5m-vpq2 (2025 roll),2026-10-04T04:36Z,20250122016,https://data.sf.gov/d/wv5m-vpq2?row_id=20250122016
SF01361,1916 HYDE ST,San Francisco,CA,,1923,4,FS,Flat & Store 4 units or less,DataSF wv5m-vpq2 (2025 roll),2026-10-04T04:36Z,20250122018,https://data.sf.gov/d/wv5m-vpq2?row_id=20250122018
SF01362,1922 HYDE ST,San Francisco,CA,,1910,3,F,Flats & Duplex,DataSF wv5m-vpq2 (2025 roll),2026-10-04T04:36Z,20250122019,https://data.sf.gov/d/wv5m-vpq2?row_id=20250122019
SF01363,1930 HYDE ST,San Francisco,CA,,1909,15,A15,Apartment 15 Units or more,DataSF wv5m-vpq2 (2025 roll),2026-10-04T04:36Z,20250122020,https://data.sf.gov/d/wv5m-vpq2?row_id=20250122020
SF01364,1173 UNION ST,San Francisco,CA,,1909,2,F,Flats & Duplex,DataSF wv5m-vpq2 (2025 roll),2026-10-04T04:36Z,20250122024,https://data.sf.gov/d/wv5m-vpq2?row_id=20250122024
SF01365,1159 UNION ST,San Francisco,CA,,1925,6,A5,Apartment 5 to 14 Units,DataSF wv5m-vpq2 (2025 roll),2026-10-04T04:36Z,20250122025,https://data.sf.gov/d/wv5m-vpq2?row_id=20250122025
SF01366,7 SHARP PL,San Francisco,CA,,1955,4,A,Apartment 4 units or less,DataSF wv5m-vpq2 (2025 roll),2026-10-04T04:36Z,20250122026,https://data.sf.gov/d/wv5m-vpq2?row_id=20250122026
SF01367,1145 UNION ST,San Francisco,CA,,1926,21,A15,Apartment 15 Units or more,DataSF wv5m-vpq2 (2025 roll),2026-10-04T04:36Z,20250122027A,https://data.sf.gov/d/wv5m-vpq2?row_id=20250122027A
SF01368,1129 UNION ST,San Francisco,CA,,1918,6,A5,Apartment 5 to 14 Units,DataSF wv5m-vpq2 (2025 roll),2026-10-04T04:36Z,20250122027C,https://data.sf.gov/d/wv5m-vpq2?row_id=20250122027C
SF01369,1125 UNION ST,San Francisco,CA,,1922,6,A5,Apartment 5 to 14 Units,DataSF wv5m-vpq2 (2025 roll),2026-10-04T04:36Z,20250122027D,https://data.sf.gov/d/wv5m-vpq2?row_id=20250122027D
SF01370,1115 UNION ST,San Francisco,CA,,1948,3,A,Apartment 4 units or less,DataSF wv5m-vpq2 (2025 roll),2026-10-04T04:36Z,20250122028,https://data.sf.gov/d/wv5m-vpq2?row_id=20250122028
SF01371,1954 HYDE ST,San Francisco,CA,,1911,13,A5,Apartment 5 to 14 Units,DataSF wv5m-vpq2 (2025 roll),2026-10-04T04:36Z,20250122029,https://data.sf.gov/d/wv5m-vpq2?row_id=20250122029
SF01372,1203 UNION ST,San Francisco,CA,,1910,4,FS,Flat & Store 4 units or less,DataSF wv5m-vpq2 (2025 roll),2026-10-04T04:36Z,20250123001,https://data.sf.gov/d/wv5m-vpq2?row_id=20250123001
SF01373,46 RUSSELL ST,San Francisco,CA,,1906,2,F,Flats & Duplex,DataSF wv5m-vpq2 (2025 roll),2026-10-04T04:36Z,20250123007,https://data.sf.gov/d/wv5m-vpq2?row_id=20250123007
SF01374,70 RUSSELL ST,San Francisco,CA,,1916,2,F,Flats & Duplex,DataSF wv5m-vpq2 (2025 roll),2026-10-04T04:36Z,20250123011,https://data.sf.gov/d/wv5m-vpq2?row_id=20250123011
SF01375,57 RUSSELL ST,San Francisco,CA,,1907,2,F,Flats & Duplex,DataSF wv5m-vpq2 (2025 roll),2026-10-04T04:36Z,20250123013,https://data.sf.gov/d/wv5m-vpq2?row_id=20250123013
SF01376,51 RUSSELL ST,San Francisco,CA,,1908,2,F,Flats & Duplex,DataSF wv5m-vpq2 (2025 roll),2026-10-04T04:36Z,20250123014,https://data.sf.gov/d/wv5m-vpq2?row_id=20250123014
SF01377,47 RUSSELL ST,San Francisco,CA,,1907,2,F,Flats & Duplex,DataSF wv5m-vpq2 (2025 roll),2026-10-04T04:36Z,20250123015,https://data.sf.gov/d/wv5m-vpq2?row_id=20250123015
SF01378,37 RUSSELL ST,San Francisco,CA,,1918,2,F,Flats & Duplex,DataSF wv5m-vpq2 (2025 roll),2026-10-04T04:36Z,20250123017,https://data.sf.gov/d/wv5m-vpq2?row_id=20250123017
SF01379,15 RUSSELL ST,San Francisco,CA,,1908,3,F,Flats & Duplex,DataSF wv5m-vpq2 (2025 roll),2026-10-04T04:36Z,20250123020,https://data.sf.gov/d/wv5m-vpq2?row_id=20250123020
SF01380,1931 HYDE ST,San Francisco,CA,,1910,3,F,Flats & Duplex,DataSF wv5m-vpq2 (2025 roll),2026-10-04T04:36Z,20250123021,https://data.sf.gov/d/wv5m-vpq2?row_id=20250123021
SF01381,1919 HYDE ST,San Francisco,CA,,1913,6,A5,Apartment 5 to 14 Units,DataSF wv5m-vpq2 (2025 roll),2026-10-04T04:36Z,20250123022,https://data.sf.gov/d/wv5m-vpq2?row_id=20250123022
SF01382,1913 HYDE ST,San Francisco,CA,,1907,3,F,Flats & Duplex,DataSF wv5m-vpq2 (2025 roll),2026-10-04T04:36Z,20250123024,https://data.sf.gov/d/wv5m-vpq2?row_id=20250123024
SF01383,1907 HYDE ST,San Francisco,CA,,1914,2,F,Flats & Duplex,DataSF wv5m-vpq2 (2025 roll),2026-10-04T04:36Z,20250123025,https://data.sf.gov/d/wv5m-vpq2?row_id=20250123025
SF01384,1901 HYDE ST,San Francisco,CA,,1911,2,FS,Flat & Store 4 units or less,DataSF wv5m-vpq2 (2025 roll),2026-10-04T04:36Z,20250123026,https://data.sf.gov/d/wv5m-vpq2?row_id=20250123026
SF01385,1216 GREEN ST,San Francisco,CA,,1911,2,F,Flats & Duplex,DataSF wv5m-vpq2 (2025 roll),2026-10-04T04:36Z,20250123027,https://data.sf.gov/d/wv5m-vpq2?row_id=20250123027
SF01386,1220 GREEN ST,San Francisco,CA,,1906,2,F,Flats & Duplex,DataSF wv5m-vpq2 (2025 roll),2026-10-04T04:36Z,20250123028,https://data.sf.gov/d/wv5m-vpq2?row_id=20250123028
SF01387,1224 GREEN ST,San Francisco,CA,,1908,2,F,Flats & Duplex,DataSF wv5m-vpq2 (2025 roll),2026-10-04T04:36Z,20250123029,https://data.sf.gov/d/wv5m-vpq2?row_id=20250123029
SF01388,1230 GREEN ST,San Francisco,CA,,1911,3,A,Apartment 4 units or less,DataSF wv5m-vpq2 (2025 roll),2026-10-04T04:36Z,20250123030,https://data.sf.gov/d/wv5m-vpq2?row_id=20250123030
SF01389,1240 GREEN ST,San Francisco,CA,,1910,2,F,Flats & Duplex,DataSF wv5m-vpq2 (2025 roll),2026-10-04T04:36Z,20250123032,https://data.sf.gov/d/wv5m-vpq2?row_id=20250123032
SF01390,1244 GREEN ST,San Francisco,CA,,1908,2,F,Flats & Duplex,DataSF wv5m-vpq2 (2025 roll),2026-10-04T04:36Z,20250123033,https://data.sf.gov/d/wv5m-vpq2?row_id=20250123033
SF01391,1250 GREEN ST,San Francisco,CA,,1908,2,F,Flats & Duplex,DataSF wv5m-vpq2 (2025 roll),2026-10-04T04:36Z,20250123034,https://data.sf.gov/d/wv5m-vpq2?row_id=20250123034
SF01392,1254 GREEN ST,San Francisco,CA,,1911,2,F,Flats & Duplex,DataSF wv5m-vpq2 (2025 roll),2026-10-04T04:36Z,20250123035,https://data.sf.gov/d/wv5m-vpq2?row_id=20250123035
SF01393,1260 GREEN ST,San Francisco,CA,,1913,2,F,Flats & Duplex,DataSF wv5m-vpq2 (2025 roll),2026-10-04T04:36Z,20250123036,https://data.sf.gov/d/wv5m-vpq2?row_id=20250123036
SF01394,69 RUSSELL ST,San Francisco,CA,,1905,2,F,Flats & Duplex,DataSF wv5m-vpq2 (2025 roll),2026-10-04T04:36Z,20250123036A,https://data.sf.gov/d/wv5m-vpq2?row_id=20250123036A
SF01395,1272 GREEN ST,San Francisco,CA,,1912,6,A5,Apartment 5 to 14 Units,DataSF wv5m-vpq2 (2025 roll),2026-10-04T04:36Z,20250123038,https://data.sf.gov/d/wv5m-vpq2?row_id=20250123038
SF01396,1280 GREEN ST,San Francisco,CA,,1912,4,A,Apartment 4 units or less,DataSF wv5m-vpq2 (2025 roll),2026-10-04T04:36Z,20250123039,https://data.sf.gov/d/wv5m-vpq2?row_id=20250123039
SF01397,1288 GREEN ST,San Francisco,CA,,1913,3,F,Flats & Duplex,DataSF wv5m-vpq2 (2025 roll),2026-10-04T04:36Z,20250123040,https://data.sf.gov/d/wv5m-vpq2?row_id=20250123040
SF01398,2200 LARKIN ST,San Francisco,CA,,1911,9,A5,Apartment 5 to 14 Units,DataSF wv5m-vpq2 (2025 roll),2026-10-04T04:36Z,20250123041,https://data.sf.gov/d/wv5m-vpq2?row_id=20250123041
SF01399,2216 LARKIN ST,San Francisco,CA,,1932,2,F,Flats & Duplex,DataSF wv5m-vpq2 (2025 roll),2026-10-04T04:36Z,20250123042,https://data.sf.gov/d/wv5m-vpq2?row_id=20250123042
SF01400,2222 LARKIN ST,San Francisco,CA,,1909,3,F,Flats & Duplex,DataSF wv5m-vpq2 (2025 roll),2026-10-04T04:36Z,20250123043,https://data.sf.gov/d/wv5m-vpq2?row_id=20250123043
SF01401,2232 LARKIN ST,San Francisco,CA,,1962,5,A5,Apartment 5 to 14 Units,DataSF wv5m-vpq2 (2025 roll),2026-10-04T04:36Z,20250123045,https://data.sf.gov/d/wv5m-vpq2?row_id=20250123045
SF01402,2240 LARKIN ST,San Francisco,CA,,1963,12,A5,Apartment 5 to 14 Units,DataSF wv5m-vpq2 (2025 roll),2026-10-04T04:36Z,20250123046,https://data.sf.gov/d/wv5m-vpq2?row_id=20250123046
SF01403,2250 LARKIN ST,San Francisco,CA,,1909,3,A,Apartment 4 units or less,DataSF wv5m-vpq2 (2025 roll),2026-10-04T04:36Z,20250123047,https://data.sf.gov/d/wv5m-vpq2?row_id=20250123047
SF01404,1291 UNION ST,San Francisco,CA,,1911,2,F,Flats & Duplex,DataSF wv5m-vpq2 (2025 roll),2026-10-04T04:36Z,20250123048,https://data.sf.gov/d/wv5m-vpq2?row_id=20250123048
SF01405,1283 UNION ST,San Francisco,CA,,1915,4,F,Flats & Duplex,DataSF wv5m-vpq2 (2025 roll),2026-10-04T04:36Z,20250123049,https://data.sf.gov/d/wv5m-vpq2?row_id=20250123049
SF01406,1267 UNION ST,San Francisco,CA,,1908,4,F,Flats & Duplex,DataSF wv5m-vpq2 (2025 roll),2026-10-04T04:36Z,20250123052,https://data.sf.gov/d/wv5m-vpq2?row_id=20250123052
SF01407,1251 UNION ST,San Francisco,CA,,1908,3,F,Flats & Duplex,DataSF wv5m-vpq2 (2025 roll),2026-10-04T04:36Z,20250123057,https://data.sf.gov/d/wv5m-vpq2?row_id=20250123057
SF01408,1243 UNION ST,San Francisco,CA,,1906,2,F,Flats & Duplex,DataSF wv5m-vpq2 (2025 roll),2026-10-04T04:36Z,20250123058,https://data.sf.gov/d/wv5m-vpq2?row_id=20250123058
SF01409,1239 UNION ST,San Francisco,CA,,1908,2,F,Flats & Duplex,DataSF wv5m-vpq2 (2025 roll),2026-10-04T04:36Z,20250123059,https://data.sf.gov/d/wv5m-vpq2?row_id=20250123059
SF01410,1233 UNION ST,San Francisco,CA,,1907,3,F,Flats & Duplex,DataSF wv5m-vpq2 (2025 roll),2026-10-04T04:36Z,20250123060,https://data.sf.gov/d/wv5m-vpq2?row_id=20250123060
SF01411,1221 UNION ST,San Francisco,CA,,1908,8,A5,Apartment 5 to 14 Units,DataSF wv5m-vpq2 (2025 roll),2026-10-04T04:36Z,20250123062,https://data.sf.gov/d/wv5m-vpq2?row_id=20250123062
SF01412,1201 GREEN ST,San Francisco,CA,,1911,10,A5,Apartment 5 to 14 Units,DataSF wv5m-vpq2 (2025 roll),2026-10-04T04:36Z,20250124001,https://data.sf.gov/d/wv5m-vpq2?row_id=20250124001
SF01413,1861 HYDE ST,San Francisco,CA,,1910,6,A5,Apartment 5 to 14 Units,DataSF wv5m-vpq2 (2025 roll),2026-10-04T04:36Z,20250124002,https://data.sf.gov/d/wv5m-vpq2?row_id=20250124002
SF01414,1853 HYDE ST,San Francisco,CA,,1908,3,F,Flats & Duplex,DataSF wv5m-vpq2 (2025 roll),2026-10-04T04:36Z,20250124003,https://data.sf.gov/d/wv5m-vpq2?row_id=20250124003
SF01415,1847 HYDE ST,San Francisco,CA,,1906,3,F,Flats & Duplex,DataSF wv5m-vpq2 (2025 roll),2026-10-04T04:36Z,20250124004,https://data.sf.gov/d/wv5m-vpq2?row_id=20250124004
SF01416,1841 HYDE ST,San Francisco,CA,,1913,5,A5,Apartment 5 to 14 Units,DataSF wv5m-vpq2 (2025 roll),2026-10-04T04:36Z,20250124005,https://data.sf.gov/d/wv5m-vpq2?row_id=20250124005
SF01417,1837 HYDE ST,San Francisco,CA,,1907,2,F,Flats & Duplex,DataSF wv5m-vpq2 (2025 roll),2026-10-04T04:36Z,20250124006,https://data.sf.gov/d/wv5m-vpq2?row_id=20250124006
SF01418,1316 VALLEJO ST,San Francisco,CA,,1908,6,A5,Apartment 5 to 14 Units,DataSF wv5m-vpq2 (2025 roll),2026-10-04T04:36Z,20250124009,https://data.sf.gov/d/wv5m-vpq2?row_id=20250124009
SF01419,1328 VALLEJO ST,San Francisco,CA,,1914,2,F,Flats & Duplex,DataSF wv5m-vpq2 (2025 roll),2026-10-04T04:36Z,20250124010,https://data.sf.gov/d/wv5m-vpq2?row_id=20250124010
SF01420,1334 VALLEJO ST,San Francisco,CA,,1910,3,F,Flats & Duplex,DataSF wv5m-vpq2 (2025 roll),2026-10-04T04:36Z,20250124011,https://data.sf.gov/d/wv5m-vpq2?row_id=20250124011
SF01421,1340 VALLEJO ST,San Francisco,CA,,1911,6,A5,Apartment 5 to 14 Units,DataSF wv5m-vpq2 (2025 roll),2026-10-04T04:36Z,20250124012,https://data.sf.gov/d/wv5m-vpq2?row_id=20250124012
SF01422,35 WHITE ST,San Francisco,CA,,1909,2,F,Flats & Duplex,DataSF wv5m-vpq2 (2025 roll),2026-10-04T04:36Z,20250124021,https://data.sf.gov/d/wv5m-vpq2?row_id=20250124021
SF01423,21 WHITE ST,San Francisco,CA,,1910,2,F,Flats & Duplex,DataSF wv5m-vpq2 (2025 roll),2026-10-04T04:36Z,20250124023,https://data.sf.gov/d/wv5m-vpq2?row_id=20250124023
SF01424,15 WHITE ST,San Francisco,CA,,1912,3,F,Flats & Duplex,DataSF wv5m-vpq2 (2025 roll),2026-10-04T04:36Z,20250124024,https://data.sf.gov/d/wv5m-vpq2?row_id=20250124024
SF01425,1348 VALLEJO ST,San Francisco,CA,,1912,3,F,Flats & Duplex,DataSF wv5m-vpq2 (2025 roll),2026-10-04T04:36Z,20250124025,https://data.sf.gov/d/wv5m-vpq2?row_id=20250124025
SF01426,2100 LARKIN ST,San Francisco,CA,,1910,6,FS5,Flat & Store 5 to 14 units,DataSF wv5m-vpq2 (2025 roll),2026-10-04T04:36Z,20250124028,https://data.sf.gov/d/wv5m-vpq2?row_id=20250124028
SF01427,2106 LARKIN ST,San Francisco,CA,,1925,2,F,Flats & Duplex,DataSF wv5m-vpq2 (2025 roll),2026-10-04T04:36Z,20250124029,https://data.sf.gov/d/wv5m-vpq2?row_id=20250124029
SF01428,2120 LARKIN ST,San Francisco,CA,,1928,18,A15,Apartment 15 Units or more,DataSF wv5m-vpq2 (2025 roll),2026-10-04T04:36Z,20250124030,https://data.sf.gov/d/wv5m-vpq2?row_id=20250124030
SF01429,2128 LARKIN ST,San Francisco,CA,,1910,3,F,Flats & Duplex,DataSF wv5m-vpq2 (2025 roll),2026-10-04T04:36Z,20250124030A,https://data.sf.gov/d/wv5m-vpq2?row_id=20250124030A
SF01430,2134 LARKIN ST,San Francisco,CA,,1912,2,F,Flats & Duplex,DataSF wv5m-vpq2 (2025 roll),2026-10-04T04:36Z,20250124031,https://data.sf.gov/d/wv5m-vpq2?row_id=20250124031
SF01431,2140 LARKIN ST,San Francisco,CA,,1912,2,F,Flats & Duplex,DataSF wv5m-vpq2 (2025 roll),2026-10-04T04:36Z,20250124031A,https://data.sf.gov/d/wv5m-vpq2?row_id=20250124031A
SF01432,2146 LARKIN ST,San Francisco,CA,,1906,3,F,Flats & Duplex,DataSF wv5m-vpq2 (2025 roll),2026-10-04T04:36Z,20250124032,https://data.sf.gov/d/wv5m-vpq2?row_id=20250124032
SF01433,2152 LARKIN ST,San Francisco,CA,,1909,2,DD,2 Dwellings on 1 Parcel 4 units or less,DataSF wv5m-vpq2 (2025 roll),2026-10-04T04:36Z,20250124033,https://data.sf.gov/d/wv5m-vpq2?row_id=20250124033
SF01434,1287 GREEN ST,San Francisco,CA,,1907,6,A5,Apartment 5 to 14 Units,DataSF wv5m-vpq2 (2025 roll),2026-10-04T04:36Z,20250124034,https://data.sf.gov/d/wv5m-vpq2?row_id=20250124034
SF01435,1281 GREEN ST,San Francisco,CA,,1910,3,F,Flats & Duplex,DataSF wv5m-vpq2 (2025 roll),2026-10-04T04:36Z,20250124035,https://data.sf.gov/d/wv5m-vpq2?row_id=20250124035
SF01436,1269 GREEN ST,San Francisco,CA,,1908,6,A5,Apartment 5 to 14 Units,DataSF wv5m-vpq2 (2025 roll),2026-10-04T04:36Z,20250124036,https://data.sf.gov/d/wv5m-vpq2?row_id=20250124036
SF01437,1257 GREEN ST,San Francisco,CA,,1923,2,F,Flats & Duplex,DataSF wv5m-vpq2 (2025 roll),2026-10-04T04:36Z,20250124038,https://data.sf.gov/d/wv5m-vpq2?row_id=20250124038
SF01438,1245 GREEN ST,San Francisco,CA,,1910,3,F,Flats & Duplex,DataSF wv5m-vpq2 (2025 roll),2026-10-04T04:36Z,20250124040,https://data.sf.gov/d/wv5m-vpq2?row_id=20250124040
SF01439,1241 GREEN ST,San Francisco,CA,,1908,2,F,Flats & Duplex,DataSF wv5m-vpq2 (2025 roll),2026-10-04T04:36Z,20250124041,https://data.sf.gov/d/wv5m-vpq2?row_id=20250124041
SF01440,1235 GREEN ST,San Francisco,CA,,1930,2,F,Flats & Duplex,DataSF wv5m-vpq2 (2025 roll),2026-10-04T04:36Z,20250124042,https://data.sf.gov/d/wv5m-vpq2?row_id=20250124042
SF01441,1229 GREEN ST,San Francisco,CA,,1915,3,F,Flats & Duplex,DataSF wv5m-vpq2 (2025 roll),2026-10-04T04:36Z,20250124043,https://data.sf.gov/d/wv5m-vpq2?row_id=20250124043
SF01442,1821 HYDE ST,San Francisco,CA,,1968,5,A5,Apartment 5 to 14 Units,DataSF wv5m-vpq2 (2025 roll),2026-10-04T04:36Z,20250124046,https://data.sf.gov/d/wv5m-vpq2?row_id=20250124046
SF01443,1801 HYDE ST,San Francisco,CA,,1922,12,A5,Apartment 5 to 14 Units,DataSF wv5m-vpq2 (2025 roll),2026-10-04T04:36Z,20250124047,https://data.sf.gov/d/wv5m-vpq2?row_id=20250124047
SF01444,1827 HYDE ST,San Francisco,CA,,1912,4,F,Flats & Duplex,DataSF wv5m-vpq2 (2025 roll),2026-10-04T04:36Z,20250124048,https://data.sf.gov/d/wv5m-vpq2?row_id=20250124048
SF01445,1251 GREEN ST,San Francisco,CA,,1910,3,F,Flats & Duplex,DataSF wv5m-vpq2 (2025 roll),2026-10-04T04:36Z,20250124063,https://data.sf.gov/d/wv5m-vpq2?row_id=20250124063
SF01446,1825 LEAVENWORTH ST,San Francisco,CA,,1915,7,A5,Apartment 5 to 14 Units,DataSF wv5m-vpq2 (2025 roll),2026-10-04T04:36Z,20250125005,https://data.sf.gov/d/wv5m-vpq2?row_id=20250125005
SF01447,1811 LEAVENWORTH ST,San Francisco,CA,,1916,7,TIA,TI Apartment,DataSF wv5m-vpq2 (2025 roll),2026-10-04T04:36Z,20250125005A,https://data.sf.gov/d/wv5m-vpq2?row_id=20250125005A
SF01448,1224 VALLEJO ST,San Francisco,CA,,1957,6,A5,Apartment 5 to 14 Units,DataSF wv5m-vpq2 (2025 roll),2026-10-04T04:36Z,20250125005B,https://data.sf.gov/d/wv5m-vpq2?row_id=20250125005B
SF01449,1801 LEAVENWORTH ST,San Francisco,CA,,1923,14,A5,Apartment 5 to 14 Units,DataSF wv5m-vpq2 (2025 roll),2026-10-04T04:36Z,20250125005C,https://data.sf.gov/d/wv5m-vpq2?row_id=20250125005C
SF01450,1815 LEAVENWORTH ST,San Francisco,CA,,1916,6,A5,Apartment 5 to 14 Units,DataSF wv5m-vpq2 (2025 roll),2026-10-04T04:36Z,20250125005D,https://data.sf.gov/d/wv5m-vpq2?row_id=20250125005D
SF01451,1234 VALLEJO ST,San Francisco,CA,,1952,3,F,Flats & Duplex,DataSF wv5m-vpq2 (2025 roll),2026-10-04T04:36Z,20250125006,https://data.sf.gov/d/wv5m-vpq2?row_id=20250125006
SF01452,1242 VALLEJO ST,San Francisco,CA,,1940,3,F,Flats & Duplex,DataSF wv5m-vpq2 (2025 roll),2026-10-04T04:36Z,20250125006A,https://data.sf.gov/d/wv5m-vpq2?row_id=20250125006A
SF01453,1250 VALLEJO ST,San Francisco,CA,,1918,12,A5,Apartment 5 to 14 Units,DataSF wv5m-vpq2 (2025 roll),2026-10-04T04:36Z,20250125007,https://data.sf.gov/d/wv5m-vpq2?row_id=20250125007
SF01454,1266 VALLEJO ST,San Francisco,CA,,1955,3,A,Apartment 4 units or less,DataSF wv5m-vpq2 (2025 roll),2026-10-04T04:36Z,20250125009,https://data.sf.gov/d/wv5m-vpq2?row_id=20250125009
SF01455,1294 VALLEJO ST,San Francisco,CA,,1913,6,A5,Apartment 5 to 14 Units,DataSF wv5m-vpq2 (2025 roll),2026-10-04T04:36Z,20250125011,https://data.sf.gov/d/wv5m-vpq2?row_id=20250125011
SF01456,1806 HYDE ST,San Francisco,CA,,1977,2,F,Flats & Duplex,DataSF wv5m-vpq2 (2025 roll),2026-10-04T04:36Z,20250125012,https://data.sf.gov/d/wv5m-vpq2?row_id=20250125012
SF01457,1810 HYDE ST,San Francisco,CA,,1907,2,A5,Apartment 5 to 14 Units,DataSF wv5m-vpq2 (2025 roll),2026-10-04T04:36Z,20250125013,https://data.sf.gov/d/wv5m-vpq2?row_id=20250125013
SF01458,1814 HYDE ST,San Francisco,CA,,1907,3,A5,Apartment 5 to 14 Units,DataSF wv5m-vpq2 (2025 roll),2026-10-04T04:36Z,20250125013A,https://data.sf.gov/d/wv5m-vpq2?row_id=20250125013A
SF01459,1818 HYDE ST,San Francisco,CA,,1907,6,A5,Apartment 5 to 14 Units,DataSF wv5m-vpq2 (2025 roll),2026-10-04T04:36Z,20250125014,https://data.sf.gov/d/wv5m-vpq2?row_id=20250125014
SF01460,1175 GREEN ST,San Francisco,CA,,1909,3,F,Flats & Duplex,DataSF wv5m-vpq2 (2025 roll),2026-10-04T04:36Z,20250125017,https://data.sf.gov/d/wv5m-vpq2?row_id=20250125017
SF01461,1159 GREEN ST,San Francisco,CA,,1915,6,TIC,TIC Bldg 4 units or less,DataSF wv5m-vpq2 (2025 roll),2026-10-04T04:36Z,20250125019,https://data.sf.gov/d/wv5m-vpq2?row_id=20250125019
SF01462,1111 GREEN ST,San Francisco,CA,,1909,11,A5,Apartment 5 to 14 Units,DataSF wv5m-vpq2 (2025 roll),2026-10-04T04:36Z,20250125021,https://data.sf.gov/d/wv5m-vpq2?row_id=20250125021
SF01463,1844 HYDE ST,San Francisco,CA,,1910,3,F,Flats & Duplex,DataSF wv5m-vpq2 (2025 roll),2026-10-04T04:36Z,20250125023,https://data.sf.gov/d/wv5m-vpq2?row_id=20250125023
SF01464,1896 HYDE ST,San Francisco,CA,,1906,11,FS5,Flat & Store 5 to 14 units,DataSF wv5m-vpq2 (2025 roll),2026-10-04T04:36Z,20250125024,https://data.sf.gov/d/wv5m-vpq2?row_id=20250125024
SF01465,1859 JONES ST,San Francisco,CA,,1939,2,F,Flats & Duplex,DataSF wv5m-vpq2 (2025 roll),2026-10-04T04:36Z,20250126001,https://data.sf.gov/d/wv5m-vpq2?row_id=20250126001
SF01466,1827 JONES ST,San Francisco,CA,,1910,2,F,Flats & Duplex,DataSF wv5m-vpq2 (2025 roll),2026-10-04T04:36Z,20250126003,https://data.sf.gov/d/wv5m-vpq2?row_id=20250126003
SF01467,1815 JONES ST,San Francisco,CA,,1923,4,A,Apartment 4 units or less,DataSF wv5m-vpq2 (2025 roll),2026-10-04T04:36Z,20250126005,https://data.sf.gov/d/wv5m-vpq2?row_id=20250126005
SF01468,1801 JONES ST,San Francisco,CA,,1913,2,F,Flats & Duplex,DataSF wv5m-vpq2 (2025 roll),2026-10-04T04:36Z,20250126007,https://data.sf.gov/d/wv5m-vpq2?row_id=20250126007
SF01469,1126 VALLEJO ST,San Francisco,CA,,1907,3,F,Flats & Duplex,DataSF wv5m-vpq2 (2025 roll),2026-10-04T04:36Z,20250126009,https://data.sf.gov/d/wv5m-vpq2?row_id=20250126009
SF01470,1132 VALLEJO ST,San Francisco,CA,,1910,2,F,Flats & Duplex,DataSF wv5m-vpq2 (2025 roll),2026-10-04T04:36Z,20250126010,https://data.sf.gov/d/wv5m-vpq2?row_id=20250126010
SF01471,1140 VALLEJO ST,San Francisco,CA,,1908,3,F,Flats & Duplex,DataSF wv5m-vpq2 (2025 roll),2026-10-04T04:36Z,20250126011,https://data.sf.gov/d/wv5m-vpq2?row_id=20250126011
SF01472,1146 VALLEJO ST,San Francisco,CA,,1925,2,F,Flats & Duplex,DataSF wv5m-vpq2 (2025 roll),2026-10-04T04:36Z,20250126012,https://data.sf.gov/d/wv5m-vpq2?row_id=20250126012
SF01473,1150 VALLEJO ST,San Francisco,CA,,1907,2,F,Flats & Duplex,DataSF wv5m-vpq2 (2025 roll),2026-10-04T04:36Z,20250126013,https://data.sf.gov/d/wv5m-vpq2?row_id=20250126013
SF01474,1162 VALLEJO ST,San Francisco,CA,,1917,2,F,Flats & Duplex,DataSF wv5m-vpq2 (2025 roll),2026-10-04T04:36Z,20250126015,https://data.sf.gov/d/wv5m-vpq2?row_id=20250126015
SF01475,1176 VALLEJO ST,San Francisco,CA,,1907,2,F,Flats & Duplex,DataSF wv5m-vpq2 (2025 roll),2026-10-04T04:36Z,20250126017,https://data.sf.gov/d/wv5m-vpq2?row_id=20250126017
SF01476,1180 VALLEJO ST,San Francisco,CA,,1907,3,F,Flats & Duplex,DataSF wv5m-vpq2 (2025 roll),2026-10-04T04:36Z,20250126018,https://data.sf.gov/d/wv5m-vpq2?row_id=20250126018
SF01477,1186 VALLEJO ST,San Francisco,CA,,1916,3,F,Flats & Duplex,DataSF wv5m-vpq2 (2025 roll),2026-10-04T04:36Z,20250126019,https://data.sf.gov/d/wv5m-vpq2?row_id=20250126019
SF01478,1828 LEAVENWORTH ST,San Francisco,CA,,1916,2,F,Flats & Duplex,DataSF wv5m-vpq2 (2025 roll),2026-10-04T04:36Z,20250126021,https://data.sf.gov/d/wv5m-vpq2?row_id=20250126021
SF01479,1039 GREEN ST,San Francisco,CA,,1900,2,F,Flats & Duplex,DataSF wv5m-vpq2 (2025 roll),2026-10-04T04:36Z,20250126026,https://data.sf.gov/d/wv5m-vpq2?row_id=20250126026
SF01480,1034 VALLEJO ST,San Francisco,CA,,1906,2,F,Flats & Duplex,DataSF wv5m-vpq2 (2025 roll),2026-10-04T04:36Z,20250127006,https://data.sf.gov/d/wv5m-vpq2?row_id=20250127006
SF01481,8 RUSSIAN HILL PL,San Francisco,CA,,1957,4,TIA,TI Apartment,DataSF wv5m-vpq2 (2025 roll),2026-10-04T04:36Z,20250127011,https://data.sf.gov/d/wv5m-vpq2?row_id=20250127011
SF01482,1725 TAYLOR ST,San Francisco,CA,,1963,20,A15,Apartment 15 Units or more,DataSF wv5m-vpq2 (2025 roll),2026-10-04T04:36Z,20250127024,https://data.sf.gov/d/wv5m-vpq2?row_id=20250127024
SF01483,1657 MASON ST,San Francisco,CA,,1907,2,F,Flats & Duplex,DataSF wv5m-vpq2 (2025 roll),2026-10-04T04:36Z,20250128001,https://data.sf.gov/d/wv5m-vpq2?row_id=20250128001
SF01484,1651 MASON ST,San Francisco,CA,,1907,4,F,Flats & Duplex,DataSF wv5m-vpq2 (2025 roll),2026-10-04T04:36Z,20250128002,https://data.sf.gov/d/wv5m-vpq2?row_id=20250128002
SF01485,1643 MASON ST,San Francisco,CA,,1907,2,F,Flats & Duplex,DataSF wv5m-vpq2 (2025 roll),2026-10-04T04:36Z,20250128003A,https://data.sf.gov/d/wv5m-vpq2?row_id=20250128003A
SF01486,1615 MASON ST,San Francisco,CA,,1907,2,F,Flats & Duplex,DataSF wv5m-vpq2 (2025 roll),2026-10-04T04:36Z,20250128006,https://data.sf.gov/d/wv5m-vpq2?row_id=20250128006
SF01487,922 VALLEJO ST,San Francisco,CA,,1906,2,F,Flats & Duplex,DataSF wv5m-vpq2 (2025 roll),2026-10-04T04:36Z,20250128010,https://data.sf.gov/d/wv5m-vpq2?row_id=20250128010
SF01488,926 VALLEJO ST,San Francisco,CA,,1911,3,F,Flats & Duplex,DataSF wv5m-vpq2 (2025 roll),2026-10-04T04:36Z,20250128011,https://data.sf.gov/d/wv5m-vpq2?row_id=20250128011
SF01489,944 VALLEJO ST,San Francisco,CA,,1906,5,A5,Apartment 5 to 14 Units,DataSF wv5m-vpq2 (2025 roll),2026-10-04T04:36Z,20250128013,https://data.sf.gov/d/wv5m-vpq2?row_id=20250128013
SF01490,950 VALLEJO ST,San Francisco,CA,,1911,3,F,Flats & Duplex,DataSF wv5m-vpq2 (2025 roll),2026-10-04T04:36Z,20250128014,https://data.sf.gov/d/wv5m-vpq2?row_id=20250128014
SF01491,899 GREEN ST,San Francisco,CA,,1923,37,A15,Apartment 15 Units or more,DataSF wv5m-vpq2 (2025 roll),2026-10-04T04:36Z,20250128020,https://data.sf.gov/d/wv5m-vpq2?row_id=20250128020
SF01492,906 VALLEJO ST,San Francisco,CA,,1912,3,F,Flats & Duplex,DataSF wv5m-vpq2 (2025 roll),2026-10-04T04:36Z,20250128022,https://data.sf.gov/d/wv5m-vpq2?row_id=20250128022
SF01493,908 VALLEJO ST,San Francisco,CA,,1924,6,A5,Apartment 5 to 14 Units,DataSF wv5m-vpq2 (2025 roll),2026-10-04T04:36Z,20250128023,https://data.sf.gov/d/wv5m-vpq2?row_id=20250128023
SF01494,1555 POWELL ST,San Francisco,CA,,1907,11,A5,Apartment 5 to 14 Units,DataSF wv5m-vpq2 (2025 roll),2026-10-04T04:36Z,20250129001,https://data.sf.gov/d/wv5m-vpq2?row_id=20250129001
SF01495,1551 POWELL ST,San Francisco,CA,,1907,2,F,Flats & Duplex,DataSF wv5m-vpq2 (2025 roll),2026-10-04T04:36Z,20250129002,https://data.sf.gov/d/wv5m-vpq2?row_id=20250129002
SF01496,1549 1547APOWELL ST0000,San Francisco,CA,,1907,2,F,Flats & Duplex,DataSF wv5m-vpq2 (2025 roll),2026-10-04T04:36Z,20250129002A,https://data.sf.gov/d/wv5m-vpq2?row_id=20250129002A
SF01497,0000 1541BPOWELL ST0000,San Francisco,CA,,1923,4,A,Apartment 4 units or less,DataSF wv5m-vpq2 (2025 roll),2026-10-04T04:36Z,20250129002D,https://data.sf.gov/d/wv5m-vpq2?row_id=20250129002D
SF01498,1533 POWELL ST,San Francisco,CA,,1910,2,FS,Flat & Store 4 units or less,DataSF wv5m-vpq2 (2025 roll),2026-10-04T04:36Z,20250129003,https://data.sf.gov/d/wv5m-vpq2?row_id=20250129003
SF01499,1529 POWELL ST,San Francisco,CA,,1907,2,FS,Flat & Store 4 units or less,DataSF wv5m-vpq2 (2025 roll),2026-10-04T04:36Z,20250129004,https://data.sf.gov/d/wv5m-vpq2?row_id=20250129004
SF01500,1525 POWELL ST,San Francisco,CA,,1946,2,F,Flats & Duplex,DataSF wv5m-vpq2 (2025 roll),2026-10-04T04:36Z,20250129005,https://data.sf.gov/d/wv5m-vpq2?row_id=20250129005
SF01501,1519 POWELL ST,San Francisco,CA,,1907,2,FS,Flat & Store 4 units or less,DataSF wv5m-vpq2 (2025 roll),2026-10-04T04:36Z,20250129006,https://data.sf.gov/d/wv5m-vpq2?row_id=20250129006
SF01502,1501 POWELL ST,San Francisco,CA,,1908,9,A5,Apartment 5 to 14 Units,DataSF wv5m-vpq2 (2025 roll),2026-10-04T04:36Z,20250129007,https://data.sf.gov/d/wv5m-vpq2?row_id=20250129007
SF01503,810 VALLEJO ST,San Francisco,CA,,1908,9,A5,Apartment 5 to 14 Units,DataSF wv5m-vpq2 (2025 roll),2026-10-04T04:36Z,20250129008,https://data.sf.gov/d/wv5m-vpq2?row_id=20250129008
SF01504,824 VALLEJO ST,San Francisco,CA,,1909,3,F,Flats & Duplex,DataSF wv5m-vpq2 (2025 roll),2026-10-04T04:36Z,20250129009,https://data.sf.gov/d/wv5m-vpq2?row_id=20250129009
SF01505,828 VALLEJO ST,San Francisco,CA,,1910,2,F,Flats & Duplex,DataSF wv5m-vpq2 (2025 roll),2026-10-04T04:36Z,20250129010,https://data.sf.gov/d/wv5m-vpq2?row_id=20250129010
SF01506,832 VALLEJO ST,San Francisco,CA,,1907,6,F5,Flats 5 to 14 units,DataSF wv5m-vpq2 (2025 roll),2026-10-04T04:36Z,20250129011,https://data.sf.gov/d/wv5m-vpq2?row_id=20250129011
SF01507,838 VALLEJO ST,San Francisco,CA,,1907,10,F5,Flats 5 to 14 units,DataSF wv5m-vpq2 (2025 roll),2026-10-04T04:36Z,20250129012,https://data.sf.gov/d/wv5m-vpq2?row_id=20250129012
SF01508,850 VALLEJO ST,San Francisco,CA,,1907,3,F,Flats & Duplex,DataSF wv5m-vpq2 (2025 roll),2026-10-04T04:36Z,20250129013,https://data.sf.gov/d/wv5m-vpq2?row_id=20250129013
SF01509,850 VALLEJO ST,San Francisco,CA,,1907,2,F,Flats & Duplex,DataSF wv5m-vpq2 (2025 roll),2026-10-04T04:36Z,20250129013B,https://data.sf.gov/d/wv5m-vpq2?row_id=20250129013B
SF01510,862 VALLEJO ST,San Francisco,CA,,1907,5,F5,Flats 5 to 14 units,DataSF wv5m-vpq2 (2025 roll),2026-10-04T04:36Z,20250129014,https://data.sf.gov/d/wv5m-vpq2?row_id=20250129014
SF01511,868 VALLEJO ST,San Francisco,CA,,1910,2,F,Flats & Duplex,DataSF wv5m-vpq2 (2025 roll),2026-10-04T04:36Z,20250129015,https://data.sf.gov/d/wv5m-vpq2?row_id=20250129015
SF01512,874 VALLEJO ST,San Francisco,CA,,1911,2,F,Flats & Duplex,DataSF wv5m-vpq2 (2025 roll),2026-10-04T04:36Z,20250129016,https://data.sf.gov/d/wv5m-vpq2?row_id=20250129016
SF01513,880 VALLEJO ST,San Francisco,CA,,1912,6,A5,Apartment 5 to 14 Units,DataSF wv5m-vpq2 (2025 roll),2026-10-04T04:36Z,20250129017,https://data.sf.gov/d/wv5m-vpq2?row_id=20250129017
SF01514,1600 MASON ST,San Francisco,CA,,1928,12,A5,Apartment 5 to 14 Units,DataSF wv5m-vpq2 (2025 roll),2026-10-04T04:36Z,20250129018,https://data.sf.gov/d/wv5m-vpq2?row_id=20250129018
SF01515,1618 MASON ST,San Francisco,CA,,1912,28,A15,Apartment 15 Units or more,DataSF wv5m-vpq2 (2025 roll),2026-10-04T04:36Z,20250129019,https://data.sf.gov/d/wv5m-vpq2?row_id=20250129019
SF01516,1620 MASON ST,San Francisco,CA,,1965,6,A5,Apartment 5 to 14 Units,DataSF wv5m-vpq2 (2025 roll),2026-10-04T04:36Z,20250129020,https://data.sf.gov/d/wv5m-vpq2?row_id=20250129020
SF01517,1638 MASON ST,San Francisco,CA,,1914,5,A5,Apartment 5 to 14 Units,DataSF wv5m-vpq2 (2025 roll),2026-10-04T04:36Z,20250129023,https://data.sf.gov/d/wv5m-vpq2?row_id=20250129023
SF01518,1652 MASON ST,San Francisco,CA,,1925,4,A,Apartment 4 units or less,DataSF wv5m-vpq2 (2025 roll),2026-10-04T04:36Z,20250129024,https://data.sf.gov/d/wv5m-vpq2?row_id=20250129024
SF01519,1660 MASON ST,San Francisco,CA,,1908,9,A5,Apartment 5 to 14 Units,DataSF wv5m-vpq2 (2025 roll),2026-10-04T04:36Z,20250129025,https://data.sf.gov/d/wv5m-vpq2?row_id=20250129025
SF01520,785 GREEN ST,San Francisco,CA,,1927,2,F,Flats & Duplex,DataSF wv5m-vpq2 (2025 roll),2026-10-04T04:36Z,20250129026,https://data.sf.gov/d/wv5m-vpq2?row_id=20250129026
SF01521,781 GREEN ST,San Francisco,CA,,1908,2,F,Flats & Duplex,DataSF wv5m-vpq2 (2025 roll),2026-10-04T04:36Z,20250129028,https://data.sf.gov/d/wv5m-vpq2?row_id=20250129028
SF01522,755 GREEN ST,San Francisco,CA,,1966,30,A15,Apartment 15 Units or more,DataSF wv5m-vpq2 (2025 roll),2026-10-04T04:36Z,20250129029,https://data.sf.gov/d/wv5m-vpq2?row_id=20250129029
SF01523,745 GREEN ST,San Francisco,CA,,1908,4,F,Flats & Duplex,DataSF wv5m-vpq2 (2025 roll),2026-10-04T04:36Z,20250129030,https://data.sf.gov/d/wv5m-vpq2?row_id=20250129030
SF01524,735 GREEN ST,San Francisco,CA,,1920,5,DD5,2 Dwellings on 1 Parcel 5 to 14 units,DataSF wv5m-vpq2 (2025 roll),2026-10-04T04:36Z,20250129031,https://data.sf.gov/d/wv5m-vpq2?row_id=20250129031
SF01525,731 GREEN ST,San Francisco,CA,,1906,2,F,Flats & Duplex,DataSF wv5m-vpq2 (2025 roll),2026-10-04T04:36Z,20250129032,https://data.sf.gov/d/wv5m-vpq2?row_id=20250129032
SF01526,725 GREEN ST,San Francisco,CA,,1908,2,F,Flats & Duplex,DataSF wv5m-vpq2 (2025 roll),2026-10-04T04:36Z,20250129033,https://data.sf.gov/d/wv5m-vpq2?row_id=20250129033
SF01527,719 GREEN ST,San Francisco,CA,,1907,2,F,Flats & Duplex,DataSF wv5m-vpq2 (2025 roll),2026-10-04T04:36Z,20250129034,https://data.sf.gov/d/wv5m-vpq2?row_id=20250129034
SF01528,25 CARD AL,San Francisco,CA,,1907,3,F,Flats & Duplex,DataSF wv5m-vpq2 (2025 roll),2026-10-04T04:36Z,20250130005,https://data.sf.gov/d/wv5m-vpq2?row_id=20250130005
SF01529,722 VALLEJO ST,San Francisco,CA,,1908,3,F,Flats & Duplex,DataSF wv5m-vpq2 (2025 roll),2026-10-04T04:36Z,20250130011,https://data.sf.gov/d/wv5m-vpq2?row_id=20250130011
SF01530,728 VALLEJO ST,San Francisco,CA,,1915,3,F,Flats & Duplex,DataSF wv5m-vpq2 (2025 roll),2026-10-04T04:36Z,20250130011A,https://data.sf.gov/d/wv5m-vpq2?row_id=20250130011A
SF01531,51 CARD AL,San Francisco,CA,,1905,12,A5,Apartment 5 to 14 Units,DataSF wv5m-vpq2 (2025 roll),2026-10-04T04:36Z,20250130014,https://data.sf.gov/d/wv5m-vpq2?row_id=20250130014
SF01532,776 VALLEJO ST,San Francisco,CA,,1922,3,A,Apartment 4 units or less,DataSF wv5m-vpq2 (2025 roll),2026-10-04T04:36Z,20250130020,https://data.sf.gov/d/wv5m-vpq2?row_id=20250130020
SF01533,782 VALLEJO ST,San Francisco,CA,,1907,4,A,Apartment 4 units or less,DataSF wv5m-vpq2 (2025 roll),2026-10-04T04:36Z,20250130021,https://data.sf.gov/d/wv5m-vpq2?row_id=20250130021
SF01534,1516 POWELL ST,San Francisco,CA,,1915,4,A,Apartment 4 units or less,DataSF wv5m-vpq2 (2025 roll),2026-10-04T04:36Z,20250130023,https://data.sf.gov/d/wv5m-vpq2?row_id=20250130023
SF01535,1544 POWELL ST,San Francisco,CA,,1922,8,A5,Apartment 5 to 14 Units,DataSF wv5m-vpq2 (2025 roll),2026-10-04T04:36Z,20250130026,https://data.sf.gov/d/wv5m-vpq2?row_id=20250130026
SF01536,1554 POWELL ST,San Francisco,CA,,1907,2,F,Flats & Duplex,DataSF wv5m-vpq2 (2025 roll),2026-10-04T04:36Z,20250130027,https://data.sf.gov/d/wv5m-vpq2?row_id=20250130027
SF01537,1558 POWELL ST,San Francisco,CA,,1988,3,FS,Flat & Store 4 units or less,DataSF wv5m-vpq2 (2025 roll),2026-10-04T04:36Z,20250130028,https://data.sf.gov/d/wv5m-vpq2?row_id=20250130028
SF01538,679 GREEN ST,San Francisco,CA,,1909,6,A5,Apartment 5 to 14 Units,DataSF wv5m-vpq2 (2025 roll),2026-10-04T04:36Z,20250130031,https://data.sf.gov/d/wv5m-vpq2?row_id=20250130031
SF01539,667 GREEN ST,San Francisco,CA,,1911,5,F5,Flats 5 to 14 units,DataSF wv5m-vpq2 (2025 roll),2026-10-04T04:36Z,20250130032,https://data.sf.gov/d/wv5m-vpq2?row_id=20250130032
SF01540,635 GREEN ST,San Francisco,CA,,1907,5,F5,Flats 5 to 14 units,DataSF wv5m-vpq2 (2025 roll),2026-10-04T04:36Z,20250130037,https://data.sf.gov/d/wv5m-vpq2?row_id=20250130037
SF01541,1363 GRANT AV,San Francisco,CA,,1906,8,FS5,Flat & Store 5 to 14 units,DataSF wv5m-vpq2 (2025 roll),2026-10-04T04:36Z,20250131001,https://data.sf.gov/d/wv5m-vpq2?row_id=20250131001
SF01542,1345 GRANT AV,San Francisco,CA,,1907,11,A5,Apartment 5 to 14 Units,DataSF wv5m-vpq2 (2025 roll),2026-10-04T04:36Z,20250131002,https://data.sf.gov/d/wv5m-vpq2?row_id=20250131002
SF01543,1331 GRANT AV,San Francisco,CA,,1907,5,FS5,Flat & Store 5 to 14 units,DataSF wv5m-vpq2 (2025 roll),2026-10-04T04:36Z,20250131004,https://data.sf.gov/d/wv5m-vpq2?row_id=20250131004
SF01544,1317 GRANT AV,San Francisco,CA,,1908,3,FS,Flat & Store 4 units or less,DataSF wv5m-vpq2 (2025 roll),2026-10-04T04:36Z,20250131006,https://data.sf.gov/d/wv5m-vpq2?row_id=20250131006
SF01545,1309 GRANT AV,San Francisco,CA,,1907,3,A,Apartment 4 units or less,DataSF wv5m-vpq2 (2025 roll),2026-10-04T04:36Z,20250131007,https://data.sf.gov/d/wv5m-vpq2?row_id=20250131007
SF01546,545 GREEN ST,San Francisco,CA,,1908,6,A5,Apartment 5 to 14 Units,DataSF wv5m-vpq2 (2025 roll),2026-10-04T04:36Z,20250131020,https://data.sf.gov/d/wv5m-vpq2?row_id=20250131020
SF01547,511 GREEN ST,San Francisco,CA,,1916,2,FS,Flat & Store 4 units or less,DataSF wv5m-vpq2 (2025 roll),2026-10-04T04:36Z,20250131025,https://data.sf.gov/d/wv5m-vpq2?row_id=20250131025
SF01548,1255 KEARNY ST,San Francisco,CA,,1907,2,F,Flats & Duplex,DataSF wv5m-vpq2 (2025 roll),2026-10-04T04:36Z,20250132001,https://data.sf.gov/d/wv5m-vpq2?row_id=20250132001
SF01549,44 SAN ANTONIO PL,San Francisco,CA,,1955,2,TIC,TIC Bldg 4 units or less,DataSF wv5m-vpq2 (2025 roll),2026-10-04T04:36Z,20250132001B,https://data.sf.gov/d/wv5m-vpq2?row_id=20250132001B
SF01550,1251 KEARNY ST,San Francisco,CA,,1907,2,F,Flats & Duplex,DataSF wv5m-vpq2 (2025 roll),2026-10-04T04:36Z,20250132001H,https://data.sf.gov/d/wv5m-vpq2?row_id=20250132001H
SF01551,1223 KEARNY ST,San Francisco,CA,,1959,9,A5,Apartment 5 to 14 Units,DataSF wv5m-vpq2 (2025 roll),2026-10-04T04:36Z,20250132003,https://data.sf.gov/d/wv5m-vpq2?row_id=20250132003
SF01552,1219 KEARNY ST,San Francisco,CA,,1910,5,A5,Apartment 5 to 14 Units,DataSF wv5m-vpq2 (2025 roll),2026-10-04T04:36Z,20250132004,https://data.sf.gov/d/wv5m-vpq2?row_id=20250132004
SF01553,506 VALLEJO ST,San Francisco,CA,,1908,3,TIC,TIC Bldg 4 units or less,DataSF wv5m-vpq2 (2025 roll),2026-10-04T04:36Z,20250132006,https://data.sf.gov/d/wv5m-vpq2?row_id=20250132006
SF01554,512 VALLEJO ST,San Francisco,CA,,1906,3,F,Flats & Duplex,DataSF wv5m-vpq2 (2025 roll),2026-10-04T04:36Z,20250132007,https://data.sf.gov/d/wv5m-vpq2?row_id=20250132007
SF01555,524 VALLEJO ST,San Francisco,CA,,1907,4,F,Flats & Duplex,DataSF wv5m-vpq2 (2025 roll),2026-10-04T04:36Z,20250132009,https://data.sf.gov/d/wv5m-vpq2?row_id=20250132009
SF01556,534 VALLEJO ST,San Francisco,CA,,1912,4,A,Apartment 4 units or less,DataSF wv5m-vpq2 (2025 roll),2026-10-04T04:36Z,20250132010A,https://data.sf.gov/d/wv5m-vpq2?row_id=20250132010A
SF01557,540 VALLEJO ST,San Francisco,CA,,1907,2,F,Flats & Duplex,DataSF wv5m-vpq2 (2025 roll),2026-10-04T04:36Z,20250132011,https://data.sf.gov/d/wv5m-vpq2?row_id=20250132011
SF01558,546 VALLEJO ST,San Francisco,CA,,1906,3,F,Flats & Duplex,DataSF wv5m-vpq2 (2025 roll),2026-10-04T04:36Z,20250132012,https://data.sf.gov/d/wv5m-vpq2?row_id=20250132012
SF01559,7 SAN ANTONIO PL,San Francisco,CA,,1906,7,A5,Apartment 5 to 14 Units,DataSF wv5m-vpq2 (2025 roll),2026-10-04T04:36Z,20250132013,https://data.sf.gov/d/wv5m-vpq2?row_id=20250132013
SF01560,15 SAN ANTONIO PL,San Francisco,CA,,1975,9,A5,Apartment 5 to 14 Units,DataSF wv5m-vpq2 (2025 roll),2026-10-04T04:36Z,20250132014,https://data.sf.gov/d/wv5m-vpq2?row_id=20250132014
SF01561,0000 0451AGREEN ST0000,San Francisco,CA,,1907,2,F,Flats & Duplex,DataSF wv5m-vpq2 (2025 roll),2026-10-04T04:36Z,20250132015,https://data.sf.gov/d/wv5m-vpq2?row_id=20250132015
SF01562,39 POLLARD PL,San Francisco,CA,,1910,2,F,Flats & Duplex,DataSF wv5m-vpq2 (2025 roll),2026-10-04T04:36Z,20250132016,https://data.sf.gov/d/wv5m-vpq2?row_id=20250132016
SF01563,552 VALLEJO ST,San Francisco,CA,,1906,6,A5,Apartment 5 to 14 Units,DataSF wv5m-vpq2 (2025 roll),2026-10-04T04:36Z,20250132021,https://data.sf.gov/d/wv5m-vpq2?row_id=20250132021
SF01564,570 VALLEJO ST,San Francisco,CA,,1983,2,F,Flats & Duplex,DataSF wv5m-vpq2 (2025 roll),2026-10-04T04:36Z,20250132023,https://data.sf.gov/d/wv5m-vpq2?row_id=20250132023
SF01565,572 VALLEJO ST,San Francisco,CA,,1910,3,FS,Flat & Store 4 units or less,DataSF wv5m-vpq2 (2025 roll),2026-10-04T04:36Z,20250132024,https://data.sf.gov/d/wv5m-vpq2?row_id=20250132024
SF01566,22 MARGRAVE PL,San Francisco,CA,,1910,8,A5,Apartment 5 to 14 Units,DataSF wv5m-vpq2 (2025 roll),2026-10-04T04:36Z,20250132025,https://data.sf.gov/d/wv5m-vpq2?row_id=20250132025
SF01567,1300 GRANT AV,San Francisco,CA,,1907,14,FS5,Flat & Store 5 to 14 units,DataSF wv5m-vpq2 (2025 roll),2026-10-04T04:36Z,20250132028,https://data.sf.gov/d/wv5m-vpq2?row_id=20250132028
SF01568,1336 GRANT AV,San Francisco,CA,,1907,12,FS5,Flat & Store 5 to 14 units,DataSF wv5m-vpq2 (2025 roll),2026-10-04T04:36Z,20250132029,https://data.sf.gov/d/wv5m-vpq2?row_id=20250132029
SF01569,481 GREEN ST,San Francisco,CA,,1958,4,A,Apartment 4 units or less,DataSF wv5m-vpq2 (2025 roll),2026-10-04T04:36Z,20250132032,https://data.sf.gov/d/wv5m-vpq2?row_id=20250132032
SF01570,475 GREEN ST,San Francisco,CA,,1906,3,A,Apartment 4 units or less,DataSF wv5m-vpq2 (2025 roll),2026-10-04T04:36Z,20250132033,https://data.sf.gov/d/wv5m-vpq2?row_id=20250132033
SF01571,457 GREEN ST,San Francisco,CA,,1906,4,F,Flats & Duplex,DataSF wv5m-vpq2 (2025 roll),2026-10-04T04:36Z,20250132038,https://data.sf.gov/d/wv5m-vpq2?row_id=20250132038
SF01572,453 GREEN ST,San Francisco,CA,,1907,2,F,Flats & Duplex,DataSF wv5m-vpq2 (2025 roll),2026-10-04T04:36Z,20250132040,https://data.sf.gov/d/wv5m-vpq2?row_id=20250132040
SF01573,447 GREEN ST,San Francisco,CA,,1907,3,F,Flats & Duplex,DataSF wv5m-vpq2 (2025 roll),2026-10-04T04:36Z,20250132041,https://data.sf.gov/d/wv5m-vpq2?row_id=20250132041
SF01574,441 GREEN ST,San Francisco,CA,,1906,2,F,Flats & Duplex,DataSF wv5m-vpq2 (2025 roll),2026-10-04T04:36Z,20250132042,https://data.sf.gov/d/wv5m-vpq2?row_id=20250132042
SF01575,435 GREEN ST,San Francisco,CA,,1953,6,A5,Apartment 5 to 14 Units,DataSF wv5m-vpq2 (2025 roll),2026-10-04T04:36Z,20250132043,https://data.sf.gov/d/wv5m-vpq2?row_id=20250132043
SF01576,421 GREEN ST,San Francisco,CA,,1907,6,A5,Apartment 5 to 14 Units,DataSF wv5m-vpq2 (2025 roll),2026-10-04T04:36Z,20250132044,https://data.sf.gov/d/wv5m-vpq2?row_id=20250132044
SF01577,566 VALLEJO ST,San Francisco,CA,,1955,29,A15,Apartment 15 Units or more,DataSF wv5m-vpq2 (2025 roll),2026-10-04T04:36Z,20250132046,https://data.sf.gov/d/wv5m-vpq2?row_id=20250132046
SF01578,20 SAN ANTONIO PL,San Francisco,CA,,1958,8,A5,Apartment 5 to 14 Units,DataSF wv5m-vpq2 (2025 roll),2026-10-04T04:36Z,20250132047,https://data.sf.gov/d/wv5m-vpq2?row_id=20250132047
SF01579,1 SAN ANTONIO PL,San Francisco,CA,,1961,12,A5,Apartment 5 to 14 Units,DataSF wv5m-vpq2 (2025 roll),2026-10-04T04:36Z,20250132048,https://data.sf.gov/d/wv5m-vpq2?row_id=20250132048
SF01580,1350 GRANT AV,San Francisco,CA,,1907,12,FS5,Flat & Store 5 to 14 units,DataSF wv5m-vpq2 (2025 roll),2026-10-04T04:36Z,20250132051,https://data.sf.gov/d/wv5m-vpq2?row_id=20250132051
SF01581,483 GREEN ST,San Francisco,CA,,1910,3,F,Flats & Duplex,DataSF wv5m-vpq2 (2025 roll),2026-10-04T04:36Z,20250132052,https://data.sf.gov/d/wv5m-vpq2?row_id=20250132052
SF01582,1245 KEARNY ST,San Francisco,CA,,1972,16,A15,Apartment 15 Units or more,DataSF wv5m-vpq2 (2025 roll),2026-10-04T04:36Z,20250132053,https://data.sf.gov/d/wv5m-vpq2?row_id=20250132053
SF01583,301 GREEN ST,San Francisco,CA,,1907,4,A,Apartment 4 units or less,DataSF wv5m-vpq2 (2025 roll),2026-10-04T04:36Z,20250133001,https://data.sf.gov/d/wv5m-vpq2?row_id=20250133001
SF01584,1155 MONTGOMERY ST,San Francisco,CA,,1910,3,F,Flats & Duplex,DataSF wv5m-vpq2 (2025 roll),2026-10-04T04:36Z,20250133002,https://data.sf.gov/d/wv5m-vpq2?row_id=20250133002
SF01585,1141 MONTGOMERY ST,San Francisco,CA,,1912,6,A5,Apartment 5 to 14 Units,DataSF wv5m-vpq2 (2025 roll),2026-10-04T04:36Z,20250133005,https://data.sf.gov/d/wv5m-vpq2?row_id=20250133005
SF01586,1137 MONTGOMERY ST,San Francisco,CA,,1924,6,A5,Apartment 5 to 14 Units,DataSF wv5m-vpq2 (2025 roll),2026-10-04T04:36Z,20250133006,https://data.sf.gov/d/wv5m-vpq2?row_id=20250133006
SF01587,1131 MONTGOMERY ST,San Francisco,CA,,1906,2,F,Flats & Duplex,DataSF wv5m-vpq2 (2025 roll),2026-10-04T04:36Z,20250133006A,https://data.sf.gov/d/wv5m-vpq2?row_id=20250133006A
SF01588,1121 MONTGOMERY ST,San Francisco,CA,,1907,2,F,Flats & Duplex,DataSF wv5m-vpq2 (2025 roll),2026-10-04T04:36Z,20250133007,https://data.sf.gov/d/wv5m-vpq2?row_id=20250133007
SF01589,1115 MONTGOMERY ST,San Francisco,CA,,1910,4,F,Flats & Duplex,DataSF wv5m-vpq2 (2025 roll),2026-10-04T04:36Z,20250133008,https://data.sf.gov/d/wv5m-vpq2?row_id=20250133008
SF01590,1109 MONTGOMERY ST,San Francisco,CA,,1912,3,F,Flats & Duplex,DataSF wv5m-vpq2 (2025 roll),2026-10-04T04:36Z,20250133010,https://data.sf.gov/d/wv5m-vpq2?row_id=20250133010
SF01591,414 VALLEJO ST,San Francisco,CA,,1906,2,F,Flats & Duplex,DataSF wv5m-vpq2 (2025 roll),2026-10-04T04:36Z,20250133012,https://data.sf.gov/d/wv5m-vpq2?row_id=20250133012
SF01592,430 VALLEJO ST,San Francisco,CA,,1912,2,F,Flats & Duplex,DataSF wv5m-vpq2 (2025 roll),2026-10-04T04:36Z,20250133014,https://data.sf.gov/d/wv5m-vpq2?row_id=20250133014
SF01593,440 VALLEJO ST,San Francisco,CA,,1912,4,F,Flats & Duplex,DataSF wv5m-vpq2 (2025 roll),2026-10-04T04:36Z,20250133016,https://data.sf.gov/d/wv5m-vpq2?row_id=20250133016
SF01594,446 VALLEJO ST,San Francisco,CA,,1915,6,F5,Flats 5 to 14 units,DataSF wv5m-vpq2 (2025 roll),2026-10-04T04:36Z,20250133017,https://data.sf.gov/d/wv5m-vpq2?row_id=20250133017
SF01595,450 VALLEJO ST,San Francisco,CA,,1912,5,TIC,TIC Bldg 4 units or less,DataSF wv5m-vpq2 (2025 roll),2026-10-04T04:36Z,20250133018,https://data.sf.gov/d/wv5m-vpq2?row_id=20250133018
SF01596,456 VALLEJO ST,San Francisco,CA,,1910,4,TIC,TIC Bldg 4 units or less,DataSF wv5m-vpq2 (2025 roll),2026-10-04T04:36Z,20250133019,https://data.sf.gov/d/wv5m-vpq2?row_id=20250133019
SF01597,460 VALLEJO ST,San Francisco,CA,,1907,2,F,Flats & Duplex,DataSF wv5m-vpq2 (2025 roll),2026-10-04T04:36Z,20250133020,https://data.sf.gov/d/wv5m-vpq2?row_id=20250133020
SF01598,470 VALLEJO ST,San Francisco,CA,,1910,2,F,Flats & Duplex,DataSF wv5m-vpq2 (2025 roll),2026-10-04T04:36Z,20250133022,https://data.sf.gov/d/wv5m-vpq2?row_id=20250133022
SF01599,474 VALLEJO ST,San Francisco,CA,,1926,5,A5,Apartment 5 to 14 Units,DataSF wv5m-vpq2 (2025 roll),2026-10-04T04:36Z,20250133023,https://data.sf.gov/d/wv5m-vpq2?row_id=20250133023
SF01600,1236 KEARNY ST,San Francisco,CA,,1915,6,A5,Apartment 5 to 14 Units,DataSF wv5m-vpq2 (2025 roll),2026-10-04T04:36Z,20250133025B,https://data.sf.gov/d/wv5m-vpq2?row_id=20250133025B
SF01601,1224 KEARNY ST,San Francisco,CA,,2003,2,F,Flats & Duplex,DataSF wv5m-vpq2 (2025 roll),2026-10-04T04:36Z,20250133025D,https://data.sf.gov/d/wv5m-vpq2?row_id=20250133025D
SF01602,1244 KEARNY ST,San Francisco,CA,,1913,6,TIA,TI Apartment,DataSF wv5m-vpq2 (2025 roll),2026-10-04T04:36Z,20250133026,https://data.sf.gov/d/wv5m-vpq2?row_id=20250133026
SF01603,1252 KEARNY ST,San Francisco,CA,,1915,3,F,Flats & Duplex,DataSF wv5m-vpq2 (2025 roll),2026-10-04T04:36Z,20250133027,https://data.sf.gov/d/wv5m-vpq2?row_id=20250133027
SF01604,1260 KEARNY ST,San Francisco,CA,,1910,5,A5,Apartment 5 to 14 Units,DataSF wv5m-vpq2 (2025 roll),2026-10-04T04:36Z,20250133028,https://data.sf.gov/d/wv5m-vpq2?row_id=20250133028
SF01605,383 GREEN ST,San Francisco,CA,,1913,6,A5,Apartment 5 to 14 Units,DataSF wv5m-vpq2 (2025 roll),2026-10-04T04:36Z,20250133029,https://data.sf.gov/d/wv5m-vpq2?row_id=20250133029
SF01606,12 RENO PL,San Francisco,CA,,1907,2,F,Flats & Duplex,DataSF wv5m-vpq2 (2025 roll),2026-10-04T04:36Z,20250133033,https://data.sf.gov/d/wv5m-vpq2?row_id=20250133033
SF01607,10 RENO PL,San Francisco,CA,,1907,7,A5,Apartment 5 to 14 Units,DataSF wv5m-vpq2 (2025 roll),2026-10-04T04:36Z,20250133034,https://data.sf.gov/d/wv5m-vpq2?row_id=20250133034
SF01608,369 GREEN ST,San Francisco,CA,,1908,6,TIC,TIC Bldg 4 units or less,DataSF wv5m-vpq2 (2025 roll),2026-10-04T04:36Z,20250133036,https://data.sf.gov/d/wv5m-vpq2?row_id=20250133036
SF01609,359 GREEN ST,San Francisco,CA,,1954,12,A5,Apartment 5 to 14 Units,DataSF wv5m-vpq2 (2025 roll),2026-10-04T04:36Z,20250133038,https://data.sf.gov/d/wv5m-vpq2?row_id=20250133038
SF01610,355 GREEN ST,San Francisco,CA,,1932,3,A,Apartment 4 units or less,DataSF wv5m-vpq2 (2025 roll),2026-10-04T04:36Z,20250133039,https://data.sf.gov/d/wv5m-vpq2?row_id=20250133039
SF01611,327 GREEN ST,San Francisco,CA,,1916,4,A,Apartment 4 units or less,DataSF wv5m-vpq2 (2025 roll),2026-10-04T04:36Z,20250133040,https://data.sf.gov/d/wv5m-vpq2?row_id=20250133040
SF01612,325 GREEN ST,San Francisco,CA,,1916,6,A5,Apartment 5 to 14 Units,DataSF wv5m-vpq2 (2025 roll),2026-10-04T04:36Z,20250133040A,https://data.sf.gov/d/wv5m-vpq2?row_id=20250133040A
SF01613,480 VALLEJO ST,San Francisco,CA,,1907,12,A5,Apartment 5 to 14 Units,DataSF wv5m-vpq2 (2025 roll),2026-10-04T04:36Z,20250133042,https://data.sf.gov/d/wv5m-vpq2?row_id=20250133042
SF01614,345 GREEN ST,San Francisco,CA,,1951,12,A5,Apartment 5 to 14 Units,DataSF wv5m-vpq2 (2025 roll),2026-10-04T04:36Z,20250133043,https://data.sf.gov/d/wv5m-vpq2?row_id=20250133043
SF01615,335 GREEN ST,San Francisco,CA,,1949,2,F,Flats & Duplex,DataSF wv5m-vpq2 (2025 roll),2026-10-04T04:36Z,20250133044,https://data.sf.gov/d/wv5m-vpq2?row_id=20250133044
SF01616,334 VALLEJO ST,San Francisco,CA,,1909,6,A5,Apartment 5 to 14 Units,DataSF wv5m-vpq2 (2025 roll),2026-10-04T04:36Z,20250134003,https://data.sf.gov/d/wv5m-vpq2?row_id=20250134003
SF01617,342 VALLEJO ST,San Francisco,CA,,1910,4,A,Apartment 4 units or less,DataSF wv5m-vpq2 (2025 roll),2026-10-04T04:36Z,20250134004,https://data.sf.gov/d/wv5m-vpq2?row_id=20250134004
SF01618,358 VALLEJO ST,San Francisco,CA,,1907,4,F,Flats & Duplex,DataSF wv5m-vpq2 (2025 roll),2026-10-04T04:36Z,20250134006,https://data.sf.gov/d/wv5m-vpq2?row_id=20250134006
SF01619,362 VALLEJO ST,San Francisco,CA,,1910,2,F,Flats & Duplex,DataSF wv5m-vpq2 (2025 roll),2026-10-04T04:36Z,20250134007,https://data.sf.gov/d/wv5m-vpq2?row_id=20250134007
SF01620,372 VALLEJO ST,San Francisco,CA,,1910,6,A5,Apartment 5 to 14 Units,DataSF wv5m-vpq2 (2025 roll),2026-10-04T04:36Z,20250134009,https://data.sf.gov/d/wv5m-vpq2?row_id=20250134009
SF01621,14 HODGES AL,San Francisco,CA,,1924,2,F,Flats & Duplex,DataSF wv5m-vpq2 (2025 roll),2026-10-04T04:36Z,20250134010,https://data.sf.gov/d/wv5m-vpq2?row_id=20250134010
SF01622,378 VALLEJO ST,San Francisco,CA,,1907,3,F,Flats & Duplex,DataSF wv5m-vpq2 (2025 roll),2026-10-04T04:36Z,20250134014,https://data.sf.gov/d/wv5m-vpq2?row_id=20250134014
SF01623,17 HODGES AL,San Francisco,CA,,1907,2,F,Flats & Duplex,DataSF wv5m-vpq2 (2025 roll),2026-10-04T04:36Z,20250134015,https://data.sf.gov/d/wv5m-vpq2?row_id=20250134015
SF01624,384 VALLEJO ST,San Francisco,CA,,1907,6,F5,Flats 5 to 14 units,DataSF wv5m-vpq2 (2025 roll),2026-10-04T04:36Z,20250134016,https://data.sf.gov/d/wv5m-vpq2?row_id=20250134016
SF01625,1100 MONTGOMERY ST,San Francisco,CA,,1912,6,F5,Flats 5 to 14 units,DataSF wv5m-vpq2 (2025 roll),2026-10-04T04:36Z,20250134017,https://data.sf.gov/d/wv5m-vpq2?row_id=20250134017
SF01626,1114 MONTGOMERY ST,San Francisco,CA,,1909,3,F,Flats & Duplex,DataSF wv5m-vpq2 (2025 roll),2026-10-04T04:36Z,20250134018,https://data.sf.gov/d/wv5m-vpq2?row_id=20250134018
SF01627,1120 MONTGOMERY ST,San Francisco,CA,,1906,6,A5,Apartment 5 to 14 Units,DataSF wv5m-vpq2 (2025 roll),2026-10-04T04:36Z,20250134019,https://data.sf.gov/d/wv5m-vpq2?row_id=20250134019
SF01628,1128 MONTGOMERY ST,San Francisco,CA,,1908,5,F5,Flats 5 to 14 units,DataSF wv5m-vpq2 (2025 roll),2026-10-04T04:36Z,20250134020,https://data.sf.gov/d/wv5m-vpq2?row_id=20250134020
SF01629,1134 MONTGOMERY ST,San Francisco,CA,,1912,7,A5,Apartment 5 to 14 Units,DataSF wv5m-vpq2 (2025 roll),2026-10-04T04:36Z,20250134021,https://data.sf.gov/d/wv5m-vpq2?row_id=20250134021
SF01630,1140 MONTGOMERY ST,San Francisco,CA,,1910,2,F,Flats & Duplex,DataSF wv5m-vpq2 (2025 roll),2026-10-04T04:36Z,20250134022,https://data.sf.gov/d/wv5m-vpq2?row_id=20250134022
SF01631,1142 MONTGOMERY ST,San Francisco,CA,,1907,6,A5,Apartment 5 to 14 Units,DataSF wv5m-vpq2 (2025 roll),2026-10-04T04:36Z,20250134024,https://data.sf.gov/d/wv5m-vpq2?row_id=20250134024
SF01632,1148 MONTGOMERY ST,San Francisco,CA,,1906,6,TIC,TIC Bldg 4 units or less,DataSF wv5m-vpq2 (2025 roll),2026-10-04T04:36Z,20250134025,https://data.sf.gov/d/wv5m-vpq2?row_id=20250134025
SF01633,1158 MONTGOMERY ST,San Francisco,CA,,1912,14,A5,Apartment 5 to 14 Units,DataSF wv5m-vpq2 (2025 roll),2026-10-04T04:36Z,20250134026,https://data.sf.gov/d/wv5m-vpq2?row_id=20250134026
SF01634,267 GREEN ST,San Francisco,CA,,1913,21,A15,Apartment 15 Units or more,DataSF wv5m-vpq2 (2025 roll),2026-10-04T04:36Z,20250134027,https://data.sf.gov/d/wv5m-vpq2?row_id=20250134027
SF01635,150 BROADWAY,San Francisco,CA,,2008,87,A15,Apartment 15 Units or more,DataSF wv5m-vpq2 (2025 roll),2026-10-04T04:36Z,20250141011,https://data.sf.gov/d/wv5m-vpq2?row_id=20250141011
SF01636,1024 MONTGOMERY ST,San Francisco,CA,,1908,3,F,Flats & Duplex,DataSF wv5m-vpq2 (2025 roll),2026-10-04T04:36Z,20250143010,https://data.sf.gov/d/wv5m-vpq2?row_id=20250143010
SF01637,1030 MONTGOMERY ST,San Francisco,CA,,1907,4,F,Flats & Duplex,DataSF wv5m-vpq2 (2025 roll),2026-10-04T04:36Z,20250143011,https://data.sf.gov/d/wv5m-vpq2?row_id=20250143011
SF01638,1034 MONTGOMERY ST,San Francisco,CA,,1906,5,A5,Apartment 5 to 14 Units,DataSF wv5m-vpq2 (2025 roll),2026-10-04T04:36Z,20250143012,https://data.sf.gov/d/wv5m-vpq2?row_id=20250143012
SF01639,1042 MONTGOMERY ST,San Francisco,CA,,1906,5,A5,Apartment 5 to 14 Units,DataSF wv5m-vpq2 (2025 roll),2026-10-04T04:36Z,20250143012A,https://data.sf.gov/d/wv5m-vpq2?row_id=20250143012A
SF01640,1050 MONTGOMERY ST,San Francisco,CA,,1906,2,F,Flats & Duplex,DataSF wv5m-vpq2 (2025 roll),2026-10-04T04:36Z,20250143013,https://data.sf.gov/d/wv5m-vpq2?row_id=20250143013
SF01641,1052 MONTGOMERY ST,San Francisco,CA,,1906,2,F,Flats & Duplex,DataSF wv5m-vpq2 (2025 roll),2026-10-04T04:36Z,20250143014,https://data.sf.gov/d/wv5m-vpq2?row_id=20250143014
SF01642,1090 MONTGOMERY ST,San Francisco,CA,,1959,13,A5,Apartment 5 to 14 Units,DataSF wv5m-vpq2 (2025 roll),2026-10-04T04:36Z,20250143015,https://data.sf.gov/d/wv5m-vpq2?row_id=20250143015
SF01643,136 BARTOL ST,San Francisco,CA,,1913,2,F,Flats & Duplex,DataSF wv5m-vpq2 (2025 roll),2026-10-04T04:36Z,20250143018,https://data.sf.gov/d/wv5m-vpq2?row_id=20250143018
SF01644,375 VALLEJO ST,San Francisco,CA,,1900,3,F,Flats & Duplex,DataSF wv5m-vpq2 (2025 roll),2026-10-04T04:36Z,20250143019,https://data.sf.gov/d/wv5m-vpq2?row_id=20250143019
SF01645,349 VALLEJO ST,San Francisco,CA,,1907,4,FS,Flat & Store 4 units or less,DataSF wv5m-vpq2 (2025 roll),2026-10-04T04:36Z,20250143024,https://data.sf.gov/d/wv5m-vpq2?row_id=20250143024
SF01646,31 PRESCOTT CT,San Francisco,CA,,1910,2,F,Flats & Duplex,DataSF wv5m-vpq2 (2025 roll),2026-10-04T04:36Z,20250143027,https://data.sf.gov/d/wv5m-vpq2?row_id=20250143027
SF01647,35 PRESCOTT CT,San Francisco,CA,,1910,2,F,Flats & Duplex,DataSF wv5m-vpq2 (2025 roll),2026-10-04T04:36Z,20250143028,https://data.sf.gov/d/wv5m-vpq2?row_id=20250143028
SF01648,26 PRESCOTT CT,San Francisco,CA,,1907,5,A5,Apartment 5 to 14 Units,DataSF wv5m-vpq2 (2025 roll),2026-10-04T04:36Z,20250143031,https://data.sf.gov/d/wv5m-vpq2?row_id=20250143031
SF01649,347 VALLEJO ST,San Francisco,CA,,1907,4,F,Flats & Duplex,DataSF wv5m-vpq2 (2025 roll),2026-10-04T04:36Z,20250143033,https://data.sf.gov/d/wv5m-vpq2?row_id=20250143033
SF01650,335 VALLEJO ST,San Francisco,CA,,1907,6,F5,Flats 5 to 14 units,DataSF wv5m-vpq2 (2025 roll),2026-10-04T04:36Z,20250143034,https://data.sf.gov/d/wv5m-vpq2?row_id=20250143034
SF01651,365 VALLEJO ST,San Francisco,CA,,1978,9,A5,Apartment 5 to 14 Units,DataSF wv5m-vpq2 (2025 roll),2026-10-04T04:36Z,20250143035,https://data.sf.gov/d/wv5m-vpq2?row_id=20250143035
SF01652,357 VALLEJO ST,San Francisco,CA,,1906,6,TIA,TI Apartment,DataSF wv5m-vpq2 (2025 roll),2026-10-04T04:36Z,20250143036,https://data.sf.gov/d/wv5m-vpq2?row_id=20250143036
SF01653,29 PRESCOTT CT,San Francisco,CA,,1978,5,A5,Apartment 5 to 14 Units,DataSF wv5m-vpq2 (2025 roll),2026-10-04T04:36Z,20250143037,https://data.sf.gov/d/wv5m-vpq2?row_id=20250143037
SF01654,1065 MONTGOMERY ST,San Francisco,CA,,1907,3,F,Flats & Duplex,DataSF wv5m-vpq2 (2025 roll),2026-10-04T04:36Z,20250144001,https://data.sf.gov/d/wv5m-vpq2?row_id=20250144001
SF01655,1059 MONTGOMERY ST,San Francisco,CA,,1907,2,F,Flats & Duplex,DataSF wv5m-vpq2 (2025 roll),2026-10-04T04:36Z,20250144002,https://data.sf.gov/d/wv5m-vpq2?row_id=20250144002
SF01656,1053 MONTGOMERY ST,San Francisco,CA,,1907,3,F,Flats & Duplex,DataSF wv5m-vpq2 (2025 roll),2026-10-04T04:36Z,20250144003,https://data.sf.gov/d/wv5m-vpq2?row_id=20250144003
SF01657,1047 MONTGOMERY ST,San Francisco,CA,,1907,3,F,Flats & Duplex,DataSF wv5m-vpq2 (2025 roll),2026-10-04T04:36Z,20250144004,https://data.sf.gov/d/wv5m-vpq2?row_id=20250144004
SF01658,1041 MONTGOMERY ST,San Francisco,CA,,1908,3,F,Flats & Duplex,DataSF wv5m-vpq2 (2025 roll),2026-10-04T04:36Z,20250144005,https://data.sf.gov/d/wv5m-vpq2?row_id=20250144005
SF01659,1035 MONTGOMERY ST,San Francisco,CA,,1908,3,F,Flats & Duplex,DataSF wv5m-vpq2 (2025 roll),2026-10-04T04:36Z,20250144006,https://data.sf.gov/d/wv5m-vpq2?row_id=20250144006
SF01660,426 BROADWAY,San Francisco,CA,,1909,14,A5,Apartment 5 to 14 Units,DataSF wv5m-vpq2 (2025 roll),2026-10-04T04:36Z,20250144009,https://data.sf.gov/d/wv5m-vpq2?row_id=20250144009
SF01661,432 BROADWAY,San Francisco,CA,,1907,4,FS,Flat & Store 4 units or less,DataSF wv5m-vpq2 (2025 roll),2026-10-04T04:36Z,20250144010,https://data.sf.gov/d/wv5m-vpq2?row_id=20250144010
SF01662,456 BROADWAY,San Francisco,CA,,1906,4,FS,Flat & Store 4 units or less,DataSF wv5m-vpq2 (2025 roll),2026-10-04T04:36Z,20250144013,https://data.sf.gov/d/wv5m-vpq2?row_id=20250144013
SF01663,462 BROADWAY,San Francisco,CA,,1907,2,FS,Flat & Store 4 units or less,DataSF wv5m-vpq2 (2025 roll),2026-10-04T04:36Z,20250144014,https://data.sf.gov/d/wv5m-vpq2?row_id=20250144014
SF01664,4 DUNNE'S AL,San Francisco,CA,,1933,3,A,Apartment 4 units or less,DataSF wv5m-vpq2 (2025 roll),2026-10-04T04:36Z,20250144021,https://data.sf.gov/d/wv5m-vpq2?row_id=20250144021
SF01665,1136 KEARNY ST,San Francisco,CA,,1959,5,A5,Apartment 5 to 14 Units,DataSF wv5m-vpq2 (2025 roll),2026-10-04T04:36Z,20250144023,https://data.sf.gov/d/wv5m-vpq2?row_id=20250144023
SF01666,1142 KEARNY ST,San Francisco,CA,,1907,6,A5,Apartment 5 to 14 Units,DataSF wv5m-vpq2 (2025 roll),2026-10-04T04:36Z,20250144024,https://data.sf.gov/d/wv5m-vpq2?row_id=20250144024
SF01667,1154 KEARNY ST,San Francisco,CA,,1909,11,A5,Apartment 5 to 14 Units,DataSF wv5m-vpq2 (2025 roll),2026-10-04T04:36Z,20250144025,https://data.sf.gov/d/wv5m-vpq2?row_id=20250144025
SF01668,471 VALLEJO ST,San Francisco,CA,,1906,8,A5,Apartment 5 to 14 Units,DataSF wv5m-vpq2 (2025 roll),2026-10-04T04:36Z,20250144027,https://data.sf.gov/d/wv5m-vpq2?row_id=20250144027
SF01669,413 VALLEJO ST,San Francisco,CA,,1906,3,F,Flats & Duplex,DataSF wv5m-vpq2 (2025 roll),2026-10-04T04:36Z,20250144029,https://data.sf.gov/d/wv5m-vpq2?row_id=20250144029
SF01670,409 VALLEJO ST,San Francisco,CA,,1906,2,F,Flats & Duplex,DataSF wv5m-vpq2 (2025 roll),2026-10-04T04:36Z,20250144031,https://data.sf.gov/d/wv5m-vpq2?row_id=20250144031
SF01671,1165 KEARNY ST,San Francisco,CA,,1913,2,F,Flats & Duplex,DataSF wv5m-vpq2 (2025 roll),2026-10-04T04:36Z,20250145001,https://data.sf.gov/d/wv5m-vpq2?row_id=20250145001
SF01672,1151 KEARNY ST,San Francisco,CA,,1907,7,A5,Apartment 5 to 14 Units,DataSF wv5m-vpq2 (2025 roll),2026-10-04T04:36Z,20250145002,https://data.sf.gov/d/wv5m-vpq2?row_id=20250145002
SF01673,1143 KEARNY ST,San Francisco,CA,,1907,9,A5,Apartment 5 to 14 Units,DataSF wv5m-vpq2 (2025 roll),2026-10-04T04:36Z,20250145003,https://data.sf.gov/d/wv5m-vpq2?row_id=20250145003
SF01674,1135 KEARNY ST,San Francisco,CA,,1906,5,A5,Apartment 5 to 14 Units,DataSF wv5m-vpq2 (2025 roll),2026-10-04T04:36Z,20250145004,https://data.sf.gov/d/wv5m-vpq2?row_id=20250145004
SF01675,1127 KEARNY ST,San Francisco,CA,,1907,10,A5,Apartment 5 to 14 Units,DataSF wv5m-vpq2 (2025 roll),2026-10-04T04:36Z,20250145005,https://data.sf.gov/d/wv5m-vpq2?row_id=20250145005
SF01676,1123 KEARNY ST,San Francisco,CA,,1907,5,A5,Apartment 5 to 14 Units,DataSF wv5m-vpq2 (2025 roll),2026-10-04T04:36Z,20250145006,https://data.sf.gov/d/wv5m-vpq2?row_id=20250145006
SF01677,1119 KEARNY ST,San Francisco,CA,,1906,3,F,Flats & Duplex,DataSF wv5m-vpq2 (2025 roll),2026-10-04T04:36Z,20250145007,https://data.sf.gov/d/wv5m-vpq2?row_id=20250145007
SF01678,1224 GRANT AV,San Francisco,CA,,1907,2,FS,Flat & Store 4 units or less,DataSF wv5m-vpq2 (2025 roll),2026-10-04T04:36Z,20250145014,https://data.sf.gov/d/wv5m-vpq2?row_id=20250145014
SF01679,67 FRESNO ST,San Francisco,CA,,1907,9,A5,Apartment 5 to 14 Units,DataSF wv5m-vpq2 (2025 roll),2026-10-04T04:36Z,20250145017,https://data.sf.gov/d/wv5m-vpq2?row_id=20250145017
SF01680,31 ROMOLO ST,San Francisco,CA,,1911,6,A5,Apartment 5 to 14 Units,DataSF wv5m-vpq2 (2025 roll),2026-10-04T04:36Z,20250145020,https://data.sf.gov/d/wv5m-vpq2?row_id=20250145020
SF01681,20 ROMOLO ST,San Francisco,CA,,1907,15,A5,Apartment 5 to 14 Units,DataSF wv5m-vpq2 (2025 roll),2026-10-04T04:36Z,20250145023,https://data.sf.gov/d/wv5m-vpq2?row_id=20250145023
SF01682,15 FRESNO ST,San Francisco,CA,,1900,2,F,Flats & Duplex,DataSF wv5m-vpq2 (2025 roll),2026-10-04T04:36Z,20250145026,https://data.sf.gov/d/wv5m-vpq2?row_id=20250145026
SF01683,72 FRESNO ST,San Francisco,CA,,1906,3,F,Flats & Duplex,DataSF wv5m-vpq2 (2025 roll),2026-10-04T04:36Z,20250145028,https://data.sf.gov/d/wv5m-vpq2?row_id=20250145028
SF01684,80 FRESNO ST,San Francisco,CA,,1917,5,FS5,Flat & Store 5 to 14 units,DataSF wv5m-vpq2 (2025 roll),2026-10-04T04:36Z,20250145033,https://data.sf.gov/d/wv5m-vpq2?row_id=20250145033
SF01685,571 VALLEJO ST,San Francisco,CA,,1912,3,F,Flats & Duplex,DataSF wv5m-vpq2 (2025 roll),2026-10-04T04:36Z,20250145034,https://data.sf.gov/d/wv5m-vpq2?row_id=20250145034
SF01686,549 VALLEJO ST,San Francisco,CA,,1907,3,F,Flats & Duplex,DataSF wv5m-vpq2 (2025 roll),2026-10-04T04:36Z,20250145037,https://data.sf.gov/d/wv5m-vpq2?row_id=20250145037
SF01687,541 VALLEJO ST,San Francisco,CA,,1906,3,F,Flats & Duplex,DataSF wv5m-vpq2 (2025 roll),2026-10-04T04:36Z,20250145038,https://data.sf.gov/d/wv5m-vpq2?row_id=20250145038
SF01688,535 VALLEJO ST,San Francisco,CA,,1906,4,F,Flats & Duplex,DataSF wv5m-vpq2 (2025 roll),2026-10-04T04:36Z,20250145038A,https://data.sf.gov/d/wv5m-vpq2?row_id=20250145038A
SF01689,529 VALLEJO ST,San Francisco,CA,,1913,4,A,Apartment 4 units or less,DataSF wv5m-vpq2 (2025 roll),2026-10-04T04:36Z,20250145039,https://data.sf.gov/d/wv5m-vpq2?row_id=20250145039
SF01690,523 VALLEJO ST,San Francisco,CA,,1907,4,F,Flats & Duplex,DataSF wv5m-vpq2 (2025 roll),2026-10-04T04:36Z,20250145040,https://data.sf.gov/d/wv5m-vpq2?row_id=20250145040
SF01691,517 VALLEJO ST,San Francisco,CA,,1913,6,A5,Apartment 5 to 14 Units,DataSF wv5m-vpq2 (2025 roll),2026-10-04T04:36Z,20250145042,https://data.sf.gov/d/wv5m-vpq2?row_id=20250145042
SF01692,511 VALLEJO ST,San Francisco,CA,,1913,6,A5,Apartment 5 to 14 Units,DataSF wv5m-vpq2 (2025 roll),2026-10-04T04:36Z,20250145043,https://data.sf.gov/d/wv5m-vpq2?row_id=20250145043
SF01693,612 BROADWAY,San Francisco,CA,,1913,4,F,Flats & Duplex,DataSF wv5m-vpq2 (2025 roll),2026-10-04T04:36Z,20250146003,https://data.sf.gov/d/wv5m-vpq2?row_id=20250146003
SF01694,678 BROADWAY,San Francisco,CA,,1906,5,FS5,Flat & Store 5 to 14 units,DataSF wv5m-vpq2 (2025 roll),2026-10-04T04:36Z,20250146010,https://data.sf.gov/d/wv5m-vpq2?row_id=20250146010
SF01695,1328 STOCKTON ST,San Francisco,CA,,1911,13,A5,Apartment 5 to 14 Units,DataSF wv5m-vpq2 (2025 roll),2026-10-04T04:36Z,20250146013,https://data.sf.gov/d/wv5m-vpq2?row_id=20250146013
SF01696,15 KENNETH REXROTH PL,San Francisco,CA,,1906,2,F,Flats & Duplex,DataSF wv5m-vpq2 (2025 roll),2026-10-04T04:36Z,20250146022,https://data.sf.gov/d/wv5m-vpq2?row_id=20250146022
SF01697,2 KENNETH REXROTH PL,San Francisco,CA,,1911,3,F,Flats & Duplex,DataSF wv5m-vpq2 (2025 roll),2026-10-04T04:36Z,20250146024,https://data.sf.gov/d/wv5m-vpq2?row_id=20250146024
SF01698,353 COLUMBUS AV,San Francisco,CA,,1910,6,A5,Apartment 5 to 14 Units,DataSF wv5m-vpq2 (2025 roll),2026-10-04T04:36Z,20250146026,https://data.sf.gov/d/wv5m-vpq2?row_id=20250146026
SF01699,303 COLUMBUS AV,San Francisco,CA,,1907,2,FS,Flat & Store 4 units or less,DataSF wv5m-vpq2 (2025 roll),2026-10-04T04:36Z,20250146030,https://data.sf.gov/d/wv5m-vpq2?row_id=20250146030
SF01700,716 BROADWAY,San Francisco,CA,,1907,3,FS,Flat & Store 4 units or less,DataSF wv5m-vpq2 (2025 roll),2026-10-04T04:36Z,20250147007,https://data.sf.gov/d/wv5m-vpq2?row_id=20250147007
SF01701,724 BROADWAY,San Francisco,CA,,1909,3,A,Apartment 4 units or less,DataSF wv5m-vpq2 (2025 roll),2026-10-04T04:36Z,20250147008,https://data.sf.gov/d/wv5m-vpq2?row_id=20250147008
SF01702,744 BROADWAY,San Francisco,CA,,1907,5,FS5,Flat & Store 5 to 14 units,DataSF wv5m-vpq2 (2025 roll),2026-10-04T04:36Z,20250147009,https://data.sf.gov/d/wv5m-vpq2?row_id=20250147009
SF01703,748 BROADWAY,San Francisco,CA,,1907,5,FS5,Flat & Store 5 to 14 units,DataSF wv5m-vpq2 (2025 roll),2026-10-04T04:36Z,20250147010,https://data.sf.gov/d/wv5m-vpq2?row_id=20250147010
SF01704,1400 POWELL ST,San Francisco,CA,,1912,6,FS5,Flat & Store 5 to 14 units,DataSF wv5m-vpq2 (2025 roll),2026-10-04T04:36Z,20250147012,https://data.sf.gov/d/wv5m-vpq2?row_id=20250147012
SF01705,1416 POWELL ST,San Francisco,CA,,1907,8,A5,Apartment 5 to 14 Units,DataSF wv5m-vpq2 (2025 roll),2026-10-04T04:36Z,20250147014,https://data.sf.gov/d/wv5m-vpq2?row_id=20250147014
SF01706,1466 POWELL ST,San Francisco,CA,,1908,72,A15,Apartment 15 Units or more,DataSF wv5m-vpq2 (2025 roll),2026-10-04T04:36Z,20250147015A,https://data.sf.gov/d/wv5m-vpq2?row_id=20250147015A
SF01707,18 TURK MURPHY LN,San Francisco,CA,,2021,6,A5,Apartment 5 to 14 Units,DataSF wv5m-vpq2 (2025 roll),2026-10-04T04:36Z,20250147022,https://data.sf.gov/d/wv5m-vpq2?row_id=20250147022
SF01708,729 VALLEJO ST,San Francisco,CA,,1906,3,FS,Flat & Store 4 units or less,DataSF wv5m-vpq2 (2025 roll),2026-10-04T04:36Z,20250147026,https://data.sf.gov/d/wv5m-vpq2?row_id=20250147026
SF01709,723 VALLEJO ST,San Francisco,CA,,1906,5,FS5,Flat & Store 5 to 14 units,DataSF wv5m-vpq2 (2025 roll),2026-10-04T04:36Z,20250147027,https://data.sf.gov/d/wv5m-vpq2?row_id=20250147027
SF01710,1419 POWELL ST,San Francisco,CA,,1906,3,FS,Flat & Store 4 units or less,DataSF wv5m-vpq2 (2025 roll),2026-10-04T04:36Z,20250148005,https://data.sf.gov/d/wv5m-vpq2?row_id=20250148005
SF01711,1413 POWELL ST,San Francisco,CA,,1907,3,FS,Flat & Store 4 units or less,DataSF wv5m-vpq2 (2025 roll),2026-10-04T04:36Z,20250148006,https://data.sf.gov/d/wv5m-vpq2?row_id=20250148006
SF01712,1401 POWELL ST,San Francisco,CA,,1907,7,FS5,Flat & Store 5 to 14 units,DataSF wv5m-vpq2 (2025 roll),2026-10-04T04:36Z,20250148007,https://data.sf.gov/d/wv5m-vpq2?row_id=20250148007
SF01713,858 BROADWAY,San Francisco,CA,,1907,6,A5,Apartment 5 to 14 Units,DataSF wv5m-vpq2 (2025 roll),2026-10-04T04:36Z,20250148009,https://data.sf.gov/d/wv5m-vpq2?row_id=20250148009
SF01714,870 BROADWAY,San Francisco,CA,,1907,6,A5,Apartment 5 to 14 Units,DataSF wv5m-vpq2 (2025 roll),2026-10-04T04:36Z,20250148010,https://data.sf.gov/d/wv5m-vpq2?row_id=20250148010
SF01715,886 BROADWAY,San Francisco,CA,,1908,4,A,Apartment 4 units or less,DataSF wv5m-vpq2 (2025 roll),2026-10-04T04:36Z,20250148011,https://data.sf.gov/d/wv5m-vpq2?row_id=20250148011
SF01716,1500 MASON ST,San Francisco,CA,,1908,6,FS5,Flat & Store 5 to 14 units,DataSF wv5m-vpq2 (2025 roll),2026-10-04T04:36Z,20250148012,https://data.sf.gov/d/wv5m-vpq2?row_id=20250148012
SF01717,1530 MASON ST,San Francisco,CA,,1908,2,F,Flats & Duplex,DataSF wv5m-vpq2 (2025 roll),2026-10-04T04:36Z,20250148014,https://data.sf.gov/d/wv5m-vpq2?row_id=20250148014
SF01718,1536 MASON ST,San Francisco,CA,,1907,2,F,Flats & Duplex,DataSF wv5m-vpq2 (2025 roll),2026-10-04T04:36Z,20250148016,https://data.sf.gov/d/wv5m-vpq2?row_id=20250148016
SF01719,1540 MASON ST,San Francisco,CA,,1914,6,A5,Apartment 5 to 14 Units,DataSF wv5m-vpq2 (2025 roll),2026-10-04T04:36Z,20250148017,https://data.sf.gov/d/wv5m-vpq2?row_id=20250148017
SF01720,1560 MASON ST,San Francisco,CA,,1907,8,FS5,Flat & Store 5 to 14 units,DataSF wv5m-vpq2 (2025 roll),2026-10-04T04:36Z,20250148018,https://data.sf.gov/d/wv5m-vpq2?row_id=20250148018
SF01721,871 VALLEJO ST,San Francisco,CA,,1911,7,A5,Apartment 5 to 14 Units,DataSF wv5m-vpq2 (2025 roll),2026-10-04T04:36Z,20250148020,https://data.sf.gov/d/wv5m-vpq2?row_id=20250148020
SF01722,859 VALLEJO ST,San Francisco,CA,,1926,9,A5,Apartment 5 to 14 Units,DataSF wv5m-vpq2 (2025 roll),2026-10-04T04:36Z,20250148022,https://data.sf.gov/d/wv5m-vpq2?row_id=20250148022
SF01723,849 VALLEJO ST,San Francisco,CA,,1906,3,F,Flats & Duplex,DataSF wv5m-vpq2 (2025 roll),2026-10-04T04:36Z,20250148023,https://data.sf.gov/d/wv5m-vpq2?row_id=20250148023
SF01724,843 VALLEJO ST,San Francisco,CA,,1911,6,F5,Flats 5 to 14 units,DataSF wv5m-vpq2 (2025 roll),2026-10-04T04:36Z,20250148024,https://data.sf.gov/d/wv5m-vpq2?row_id=20250148024
SF01725,837 VALLEJO ST,San Francisco,CA,,1912,5,F5,Flats 5 to 14 units,DataSF wv5m-vpq2 (2025 roll),2026-10-04T04:36Z,20250148025,https://data.sf.gov/d/wv5m-vpq2?row_id=20250148025
SF01726,829 VALLEJO ST,San Francisco,CA,,1908,4,F,Flats & Duplex,DataSF wv5m-vpq2 (2025 roll),2026-10-04T04:36Z,20250148026,https://data.sf.gov/d/wv5m-vpq2?row_id=20250148026
SF01727,821 VALLEJO ST,San Francisco,CA,,1908,6,A5,Apartment 5 to 14 Units,DataSF wv5m-vpq2 (2025 roll),2026-10-04T04:36Z,20250148027,https://data.sf.gov/d/wv5m-vpq2?row_id=20250148027
SF01728,801 VALLEJO ST,San Francisco,CA,,1907,8,A5,Apartment 5 to 14 Units,DataSF wv5m-vpq2 (2025 roll),2026-10-04T04:36Z,20250148028,https://data.sf.gov/d/wv5m-vpq2?row_id=20250148028
SF01729,1455 POWELL ST,San Francisco,CA,,1908,5,FS5,Flat & Store 5 to 14 units,DataSF wv5m-vpq2 (2025 roll),2026-10-04T04:36Z,20250148030,https://data.sf.gov/d/wv5m-vpq2?row_id=20250148030
SF01730,1443 POWELL ST,San Francisco,CA,,1911,35,A15,Apartment 15 Units or more,DataSF wv5m-vpq2 (2025 roll),2026-10-04T04:36Z,20250148031,https://data.sf.gov/d/wv5m-vpq2?row_id=20250148031
SF01731,901 VALLEJO ST,San Francisco,CA,,1909,6,A5,Apartment 5 to 14 Units,DataSF wv5m-vpq2 (2025 roll),2026-10-04T04:36Z,20250149001,https://data.sf.gov/d/wv5m-vpq2?row_id=20250149001
SF01732,1561 MASON ST,San Francisco,CA,,1907,2,F,Flats & Duplex,DataSF wv5m-vpq2 (2025 roll),2026-10-04T04:36Z,20250149002,https://data.sf.gov/d/wv5m-vpq2?row_id=20250149002
SF01733,1553 MASON ST,San Francisco,CA,,1906,3,F,Flats & Duplex,DataSF wv5m-vpq2 (2025 roll),2026-10-04T04:36Z,20250149003,https://data.sf.gov/d/wv5m-vpq2?row_id=20250149003
SF01734,1547 MASON ST,San Francisco,CA,,1907,3,F,Flats & Duplex,DataSF wv5m-vpq2 (2025 roll),2026-10-04T04:36Z,20250149004,https://data.sf.gov/d/wv5m-vpq2?row_id=20250149004
SF01735,1541 MASON ST,San Francisco,CA,,1947,2,F,Flats & Duplex,DataSF wv5m-vpq2 (2025 roll),2026-10-04T04:36Z,20250149004A,https://data.sf.gov/d/wv5m-vpq2?row_id=20250149004A
SF01736,1537 MASON ST,San Francisco,CA,,1908,2,F,Flats & Duplex,DataSF wv5m-vpq2 (2025 roll),2026-10-04T04:36Z,20250149005,https://data.sf.gov/d/wv5m-vpq2?row_id=20250149005
SF01737,1529 MASON ST,San Francisco,CA,,1912,3,F,Flats & Duplex,DataSF wv5m-vpq2 (2025 roll),2026-10-04T04:36Z,20250149006,https://data.sf.gov/d/wv5m-vpq2?row_id=20250149006
SF01738,1519 MASON ST,San Francisco,CA,,1908,3,F,Flats & Duplex,DataSF wv5m-vpq2 (2025 roll),2026-10-04T04:36Z,20250149007,https://data.sf.gov/d/wv5m-vpq2?row_id=20250149007
SF01739,1501 MASON ST,San Francisco,CA,,1907,10,FS5,Flat & Store 5 to 14 units,DataSF wv5m-vpq2 (2025 roll),2026-10-04T04:36Z,20250149008,https://data.sf.gov/d/wv5m-vpq2?row_id=20250149008
SF01740,934 BROADWAY,San Francisco,CA,,1910,5,F5,Flats 5 to 14 units,DataSF wv5m-vpq2 (2025 roll),2026-10-04T04:36Z,20250149011,https://data.sf.gov/d/wv5m-vpq2?row_id=20250149011
SF01741,940 BROADWAY,San Francisco,CA,,1911,3,F,Flats & Duplex,DataSF wv5m-vpq2 (2025 roll),2026-10-04T04:36Z,20250149012,https://data.sf.gov/d/wv5m-vpq2?row_id=20250149012
SF01742,946 BROADWAY,San Francisco,CA,,1913,3,F,Flats & Duplex,DataSF wv5m-vpq2 (2025 roll),2026-10-04T04:36Z,20250149013,https://data.sf.gov/d/wv5m-vpq2?row_id=20250149013
SF01743,960 BROADWAY,San Francisco,CA,,1913,5,FS5,Flat & Store 5 to 14 units,DataSF wv5m-vpq2 (2025 roll),2026-10-04T04:36Z,20250149015,https://data.sf.gov/d/wv5m-vpq2?row_id=20250149015
SF01744,9680 BROADWAY,San Francisco,CA,,1909,3,F,Flats & Duplex,DataSF wv5m-vpq2 (2025 roll),2026-10-04T04:36Z,20250149016,https://data.sf.gov/d/wv5m-vpq2?row_id=20250149016
SF01745,988 BROADWAY,San Francisco,CA,,1922,6,A5,Apartment 5 to 14 Units,DataSF wv5m-vpq2 (2025 roll),2026-10-04T04:36Z,20250149018,https://data.sf.gov/d/wv5m-vpq2?row_id=20250149018
SF01746,1610 TAYLOR ST,San Francisco,CA,,1963,5,A5,Apartment 5 to 14 Units,DataSF wv5m-vpq2 (2025 roll),2026-10-04T04:36Z,20250149018A,https://data.sf.gov/d/wv5m-vpq2?row_id=20250149018A
SF01747,1616 TAYLOR ST,San Francisco,CA,,1923,11,A5,Apartment 5 to 14 Units,DataSF wv5m-vpq2 (2025 roll),2026-10-04T04:36Z,20250149019,https://data.sf.gov/d/wv5m-vpq2?row_id=20250149019
SF01748,1644 TAYLOR ST,San Francisco,CA,,1913,17,A15,Apartment 15 Units or more,DataSF wv5m-vpq2 (2025 roll),2026-10-04T04:36Z,20250149021,https://data.sf.gov/d/wv5m-vpq2?row_id=20250149021
SF01749,933 VALLEJO ST,San Francisco,CA,,1908,3,F,Flats & Duplex,DataSF wv5m-vpq2 (2025 roll),2026-10-04T04:36Z,20250149027B,https://data.sf.gov/d/wv5m-vpq2?row_id=20250149027B
SF01750,927 VALLEJO ST,San Francisco,CA,,1909,3,F,Flats & Duplex,DataSF wv5m-vpq2 (2025 roll),2026-10-04T04:36Z,20250149028,https://data.sf.gov/d/wv5m-vpq2?row_id=20250149028
SF01751,925 VALLEJO ST,San Francisco,CA,,1907,4,A,Apartment 4 units or less,DataSF wv5m-vpq2 (2025 roll),2026-10-04T04:36Z,20250149028A,https://data.sf.gov/d/wv5m-vpq2?row_id=20250149028A
SF01752,919 VALLEJO ST,San Francisco,CA,,1911,4,A,Apartment 4 units or less,DataSF wv5m-vpq2 (2025 roll),2026-10-04T04:36Z,20250149029,https://data.sf.gov/d/wv5m-vpq2?row_id=20250149029
SF01753,7 FALLON PL,San Francisco,CA,,1923,3,F,Flats & Duplex,DataSF wv5m-vpq2 (2025 roll),2026-10-04T04:36Z,20250149030,https://data.sf.gov/d/wv5m-vpq2?row_id=20250149030
SF01754,1652 TAYLOR ST,San Francisco,CA,,1900,7,A5,Apartment 5 to 14 Units,DataSF wv5m-vpq2 (2025 roll),2026-10-04T04:36Z,20250149032,https://data.sf.gov/d/wv5m-vpq2?row_id=20250149032
SF01755,1629 TAYLOR ST,San Francisco,CA,,1909,2,F,Flats & Duplex,DataSF wv5m-vpq2 (2025 roll),2026-10-04T04:36Z,20250150004,https://data.sf.gov/d/wv5m-vpq2?row_id=20250150004
SF01756,1075 VALLEJO ST,San Francisco,CA,,1908,2,F,Flats & Duplex,DataSF wv5m-vpq2 (2025 roll),2026-10-04T04:36Z,20250150016,https://data.sf.gov/d/wv5m-vpq2?row_id=20250150016
SF01757,1019 VALLEJO ST,San Francisco,CA,,1900,4,F,Flats & Duplex,DataSF wv5m-vpq2 (2025 roll),2026-10-04T04:36Z,20250150022,https://data.sf.gov/d/wv5m-vpq2?row_id=20250150022
SF01758,1013 VALLEJO ST,San Francisco,CA,,1900,3,F,Flats & Duplex,DataSF wv5m-vpq2 (2025 roll),2026-10-04T04:36Z,20250150023,https://data.sf.gov/d/wv5m-vpq2?row_id=20250150023
SF01759,1637 TAYLOR ST,San Francisco,CA,,1907,3,F,Flats & Duplex,DataSF wv5m-vpq2 (2025 roll),2026-10-04T04:36Z,20250150027,https://data.sf.gov/d/wv5m-vpq2?row_id=20250150027
SF01760,1763 JONES ST,San Francisco,CA,,1907,2,DD,2 Dwellings on 1 Parcel 4 units or less,DataSF wv5m-vpq2 (2025 roll),2026-10-04T04:36Z,20250151001,https://data.sf.gov/d/wv5m-vpq2?row_id=20250151001
SF01761,1755 JONES ST,San Francisco,CA,,1925,2,F,Flats & Duplex,DataSF wv5m-vpq2 (2025 roll),2026-10-04T04:36Z,20250151002,https://data.sf.gov/d/wv5m-vpq2?row_id=20250151002
SF01762,1741 JONES ST,San Francisco,CA,,1912,2,F,Flats & Duplex,DataSF wv5m-vpq2 (2025 roll),2026-10-04T04:36Z,20250151004,https://data.sf.gov/d/wv5m-vpq2?row_id=20250151004
SF01763,1737 JONES ST,San Francisco,CA,,1908,2,F,Flats & Duplex,DataSF wv5m-vpq2 (2025 roll),2026-10-04T04:36Z,20250151005,https://data.sf.gov/d/wv5m-vpq2?row_id=20250151005
SF01764,1733 JONES ST,San Francisco,CA,,1916,3,F,Flats & Duplex,DataSF wv5m-vpq2 (2025 roll),2026-10-04T04:36Z,20250151006,https://data.sf.gov/d/wv5m-vpq2?row_id=20250151006
SF01765,1717 JONES ST,San Francisco,CA,,1914,4,A,Apartment 4 units or less,DataSF wv5m-vpq2 (2025 roll),2026-10-04T04:36Z,20250151008,https://data.sf.gov/d/wv5m-vpq2?row_id=20250151008
SF01766,1112 BROADWAY,San Francisco,CA,,1907,2,F,Flats & Duplex,DataSF wv5m-vpq2 (2025 roll),2026-10-04T04:36Z,20250151012,https://data.sf.gov/d/wv5m-vpq2?row_id=20250151012
SF01767,1124 BROADWAY,San Francisco,CA,,1907,2,F,Flats & Duplex,DataSF wv5m-vpq2 (2025 roll),2026-10-04T04:36Z,20250151014,https://data.sf.gov/d/wv5m-vpq2?row_id=20250151014
SF01768,1130 BROADWAY,San Francisco,CA,,1967,3,F,Flats & Duplex,DataSF wv5m-vpq2 (2025 roll),2026-10-04T04:36Z,20250151015,https://data.sf.gov/d/wv5m-vpq2?row_id=20250151015
SF01769,1136 BROADWAY,San Francisco,CA,,1916,2,F,Flats & Duplex,DataSF wv5m-vpq2 (2025 roll),2026-10-04T04:36Z,20250151016,https://data.sf.gov/d/wv5m-vpq2?row_id=20250151016
SF01770,33 GLOVER ST,San Francisco,CA,,1916,3,F,Flats & Duplex,DataSF wv5m-vpq2 (2025 roll),2026-10-04T04:36Z,20250151016A,https://data.sf.gov/d/wv5m-vpq2?row_id=20250151016A
SF01771,1160 BROADWAY,San Francisco,CA,,1909,2,F,Flats & Duplex,DataSF wv5m-vpq2 (2025 roll),2026-10-04T04:36Z,20250151020,https://data.sf.gov/d/wv5m-vpq2?row_id=20250151020
SF01772,1168 BROADWAY,San Francisco,CA,,1909,2,F,Flats & Duplex,DataSF wv5m-vpq2 (2025 roll),2026-10-04T04:36Z,20250151021,https://data.sf.gov/d/wv5m-vpq2?row_id=20250151021
SF01773,1172 BROADWAY,San Francisco,CA,,1907,2,F,Flats & Duplex,DataSF wv5m-vpq2 (2025 roll),2026-10-04T04:36Z,20250151022,https://data.sf.gov/d/wv5m-vpq2?row_id=20250151022
SF01774,1180 BROADWAY,San Francisco,CA,,1968,2,F,Flats & Duplex,DataSF wv5m-vpq2 (2025 roll),2026-10-04T04:36Z,20250151024,https://data.sf.gov/d/wv5m-vpq2?row_id=20250151024
SF01775,1196 BROADWAY,San Francisco,CA,,1924,12,A5,Apartment 5 to 14 Units,DataSF wv5m-vpq2 (2025 roll),2026-10-04T04:36Z,20250151025,https://data.sf.gov/d/wv5m-vpq2?row_id=20250151025
SF01776,1720 LEAVENWORTH ST,San Francisco,CA,,1925,12,A5,Apartment 5 to 14 Units,DataSF wv5m-vpq2 (2025 roll),2026-10-04T04:36Z,20250151027,https://data.sf.gov/d/wv5m-vpq2?row_id=20250151027
SF01777,1732 LEAVENWORTH ST,San Francisco,CA,,1908,3,F,Flats & Duplex,DataSF wv5m-vpq2 (2025 roll),2026-10-04T04:36Z,20250151028,https://data.sf.gov/d/wv5m-vpq2?row_id=20250151028
SF01778,75 GLOVER ST,San Francisco,CA,,1907,3,F,Flats & Duplex,DataSF wv5m-vpq2 (2025 roll),2026-10-04T04:36Z,20250151030,https://data.sf.gov/d/wv5m-vpq2?row_id=20250151030
SF01779,69 GLOVER ST,San Francisco,CA,,1907,2,F,Flats & Duplex,DataSF wv5m-vpq2 (2025 roll),2026-10-04T04:36Z,20250151031,https://data.sf.gov/d/wv5m-vpq2?row_id=20250151031
SF01780,57 GLOVER ST,San Francisco,CA,,1909,3,F,Flats & Duplex,DataSF wv5m-vpq2 (2025 roll),2026-10-04T04:36Z,20250151033,https://data.sf.gov/d/wv5m-vpq2?row_id=20250151033
SF01781,51 GLOVER ST,San Francisco,CA,,1925,2,F,Flats & Duplex,DataSF wv5m-vpq2 (2025 roll),2026-10-04T04:36Z,20250151034,https://data.sf.gov/d/wv5m-vpq2?row_id=20250151034
SF01782,27 GLOVER ST,San Francisco,CA,,1988,2,F,Flats & Duplex,DataSF wv5m-vpq2 (2025 roll),2026-10-04T04:36Z,20250151036,https://data.sf.gov/d/wv5m-vpq2?row_id=20250151036
SF01783,20 GLOVER ST,San Francisco,CA,,1909,2,F,Flats & Duplex,DataSF wv5m-vpq2 (2025 roll),2026-10-04T04:36Z,20250151039,https://data.sf.gov/d/wv5m-vpq2?row_id=20250151039
SF01784,26 GLOVER ST,San Francisco,CA,,1908,4,A,Apartment 4 units or less,DataSF wv5m-vpq2 (2025 roll),2026-10-04T04:36Z,20250151040,https://data.sf.gov/d/wv5m-vpq2?row_id=20250151040
SF01785,30 GLOVER ST,San Francisco,CA,,1907,2,F,Flats & Duplex,DataSF wv5m-vpq2 (2025 roll),2026-10-04T04:36Z,20250151041,https://data.sf.gov/d/wv5m-vpq2?row_id=20250151041
SF01786,48 GLOVER ST,San Francisco,CA,,1967,2,F,Flats & Duplex,DataSF wv5m-vpq2 (2025 roll),2026-10-04T04:36Z,20250151044,https://data.sf.gov/d/wv5m-vpq2?row_id=20250151044
SF01787,62 GLOVER ST,San Francisco,CA,,1909,2,F,Flats & Duplex,DataSF wv5m-vpq2 (2025 roll),2026-10-04T04:36Z,20250151046,https://data.sf.gov/d/wv5m-vpq2?row_id=20250151046
SF01788,68 GLOVER ST,San Francisco,CA,,1908,2,F,Flats & Duplex,DataSF wv5m-vpq2 (2025 roll),2026-10-04T04:36Z,20250151047,https://data.sf.gov/d/wv5m-vpq2?row_id=20250151047
SF01789,1734 LEAVENWORTH ST,San Francisco,CA,,1933,2,F,Flats & Duplex,DataSF wv5m-vpq2 (2025 roll),2026-10-04T04:36Z,20250151050,https://data.sf.gov/d/wv5m-vpq2?row_id=20250151050
SF01790,1740 LEAVENWORTH ST,San Francisco,CA,,1926,2,F,Flats & Duplex,DataSF wv5m-vpq2 (2025 roll),2026-10-04T04:36Z,20250151051,https://data.sf.gov/d/wv5m-vpq2?row_id=20250151051
SF01791,1746 LEAVENWORTH ST,San Francisco,CA,,1909,2,F,Flats & Duplex,DataSF wv5m-vpq2 (2025 roll),2026-10-04T04:36Z,20250151052,https://data.sf.gov/d/wv5m-vpq2?row_id=20250151052
SF01792,1750 LEAVENWORTH ST,San Francisco,CA,,1907,2,F,Flats & Duplex,DataSF wv5m-vpq2 (2025 roll),2026-10-04T04:36Z,20250151053,https://data.sf.gov/d/wv5m-vpq2?row_id=20250151053
SF01793,1754 LEAVENWORTH ST,San Francisco,CA,,1909,2,F,Flats & Duplex,DataSF wv5m-vpq2 (2025 roll),2026-10-04T04:36Z,20250151054,https://data.sf.gov/d/wv5m-vpq2?row_id=20250151054
SF01794,1760 LEAVENWORTH ST,San Francisco,CA,,1912,2,FS,Flat & Store 4 units or less,DataSF wv5m-vpq2 (2025 roll),2026-10-04T04:36Z,20250151055,https://data.sf.gov/d/wv5m-vpq2?row_id=20250151055
SF01795,1183 VALLEJO ST,San Francisco,CA,,1907,3,F,Flats & Duplex,DataSF wv5m-vpq2 (2025 roll),2026-10-04T04:36Z,20250151056,https://data.sf.gov/d/wv5m-vpq2?row_id=20250151056
SF01796,1175 VALLEJO ST,San Francisco,CA,,1909,3,F,Flats & Duplex,DataSF wv5m-vpq2 (2025 roll),2026-10-04T04:36Z,20250151058,https://data.sf.gov/d/wv5m-vpq2?row_id=20250151058
SF01797,1163 VALLEJO ST,San Francisco,CA,,1913,2,F,Flats & Duplex,DataSF wv5m-vpq2 (2025 roll),2026-10-04T04:36Z,20250151060,https://data.sf.gov/d/wv5m-vpq2?row_id=20250151060
SF01798,1133 VALLEJO ST,San Francisco,CA,,1907,2,F,Flats & Duplex,DataSF wv5m-vpq2 (2025 roll),2026-10-04T04:36Z,20250151065,https://data.sf.gov/d/wv5m-vpq2?row_id=20250151065
SF01799,1127 VALLEJO ST,San Francisco,CA,,1907,3,F,Flats & Duplex,DataSF wv5m-vpq2 (2025 roll),2026-10-04T04:36Z,20250151066,https://data.sf.gov/d/wv5m-vpq2?row_id=20250151066
SF01800,1121 VALLEJO ST,San Francisco,CA,,1906,2,F,Flats & Duplex,DataSF wv5m-vpq2 (2025 roll),2026-10-04T04:36Z,20250151067,https://data.sf.gov/d/wv5m-vpq2?row_id=20250151067
SF01801,1765 LEAVENWORTH ST,San Francisco,CA,,1907,2,F,Flats & Duplex,DataSF wv5m-vpq2 (2025 roll),2026-10-04T04:36Z,20250152001,https://data.sf.gov/d/wv5m-vpq2?row_id=20250152001
SF01802,1215 VALLEJO ST,San Francisco,CA,,1908,2,F,Flats & Duplex,DataSF wv5m-vpq2 (2025 roll),2026-10-04T04:36Z,20250152002A,https://data.sf.gov/d/wv5m-vpq2?row_id=20250152002A
SF01803,1737 LEAVENWORTH ST,San Francisco,CA,,1908,2,F,Flats & Duplex,DataSF wv5m-vpq2 (2025 roll),2026-10-04T04:36Z,20250152004,https://data.sf.gov/d/wv5m-vpq2?row_id=20250152004
SF01804,1733 LEAVENWORTH ST,San Francisco,CA,,1907,2,FS,Flat & Store 4 units or less,DataSF wv5m-vpq2 (2025 roll),2026-10-04T04:36Z,20250152005,https://data.sf.gov/d/wv5m-vpq2?row_id=20250152005
SF01805,24 WALDO AL,San Francisco,CA,,1909,4,A,Apartment 4 units or less,DataSF wv5m-vpq2 (2025 roll),2026-10-04T04:36Z,20250152005A,https://data.sf.gov/d/wv5m-vpq2?row_id=20250152005A
SF01806,1727 LEAVENWORTH ST,San Francisco,CA,,1925,2,F,Flats & Duplex,DataSF wv5m-vpq2 (2025 roll),2026-10-04T04:36Z,20250152006,https://data.sf.gov/d/wv5m-vpq2?row_id=20250152006
SF01807,1717 LEAVENWORTH ST,San Francisco,CA,,1908,6,A5,Apartment 5 to 14 Units,DataSF wv5m-vpq2 (2025 roll),2026-10-04T04:36Z,20250152007,https://data.sf.gov/d/wv5m-vpq2?row_id=20250152007
SF01808,1711 LEAVENWORTH ST,San Francisco,CA,,1916,15,A15,Apartment 15 Units or more,DataSF wv5m-vpq2 (2025 roll),2026-10-04T04:36Z,20250152007A,https://data.sf.gov/d/wv5m-vpq2?row_id=20250152007A
SF01809,1701 LEAVENWORTH ST,San Francisco,CA,,1900,2,F,Flats & Duplex,DataSF wv5m-vpq2 (2025 roll),2026-10-04T04:36Z,20250152008,https://data.sf.gov/d/wv5m-vpq2?row_id=20250152008
SF01810,1220 BROADWAY,San Francisco,CA,,1958,2,F,Flats & Duplex,DataSF wv5m-vpq2 (2025 roll),2026-10-04T04:36Z,20250152009,https://data.sf.gov/d/wv5m-vpq2?row_id=20250152009
SF01811,1226 BROADWAY,San Francisco,CA,,1907,4,A,Apartment 4 units or less,DataSF wv5m-vpq2 (2025 roll),2026-10-04T04:36Z,20250152010,https://data.sf.gov/d/wv5m-vpq2?row_id=20250152010
SF01812,1230 BROADWAY,San Francisco,CA,,1924,6,A5,Apartment 5 to 14 Units,DataSF wv5m-vpq2 (2025 roll),2026-10-04T04:36Z,20250152010A,https://data.sf.gov/d/wv5m-vpq2?row_id=20250152010A
SF01813,1234 BROADWAY,San Francisco,CA,,1909,6,A5,Apartment 5 to 14 Units,DataSF wv5m-vpq2 (2025 roll),2026-10-04T04:36Z,20250152011,https://data.sf.gov/d/wv5m-vpq2?row_id=20250152011
SF01814,1240 BROADWAY,San Francisco,CA,,1900,3,F,Flats & Duplex,DataSF wv5m-vpq2 (2025 roll),2026-10-04T04:36Z,20250152012,https://data.sf.gov/d/wv5m-vpq2?row_id=20250152012
SF01815,1246 BROADWAY,San Francisco,CA,,1927,2,F,Flats & Duplex,DataSF wv5m-vpq2 (2025 roll),2026-10-04T04:36Z,20250152013,https://data.sf.gov/d/wv5m-vpq2?row_id=20250152013
SF01816,1252 BROADWAY,San Francisco,CA,,1996,3,F,Flats & Duplex,DataSF wv5m-vpq2 (2025 roll),2026-10-04T04:36Z,20250152014,https://data.sf.gov/d/wv5m-vpq2?row_id=20250152014
SF01817,1260 BROADWAY,San Francisco,CA,,1928,18,A15,Apartment 15 Units or more,DataSF wv5m-vpq2 (2025 roll),2026-10-04T04:36Z,20250152015,https://data.sf.gov/d/wv5m-vpq2?row_id=20250152015
SF01818,1272 BROADWAY,San Francisco,CA,,1906,2,F,Flats & Duplex,DataSF wv5m-vpq2 (2025 roll),2026-10-04T04:36Z,20250152016,https://data.sf.gov/d/wv5m-vpq2?row_id=20250152016
SF01819,1274 BROADWAY,San Francisco,CA,,1911,3,F,Flats & Duplex,DataSF wv5m-vpq2 (2025 roll),2026-10-04T04:36Z,20250152017,https://data.sf.gov/d/wv5m-vpq2?row_id=20250152017
SF01820,1706 HYDE ST,San Francisco,CA,,1907,3,F,Flats & Duplex,DataSF wv5m-vpq2 (2025 roll),2026-10-04T04:36Z,20250152020,https://data.sf.gov/d/wv5m-vpq2?row_id=20250152020
SF01821,1718 HYDE ST,San Francisco,CA,,1907,6,A5,Apartment 5 to 14 Units,DataSF wv5m-vpq2 (2025 roll),2026-10-04T04:36Z,20250152022,https://data.sf.gov/d/wv5m-vpq2?row_id=20250152022
SF01822,1730 HYDE ST,San Francisco,CA,,1922,9,A5,Apartment 5 to 14 Units,DataSF wv5m-vpq2 (2025 roll),2026-10-04T04:36Z,20250152023,https://data.sf.gov/d/wv5m-vpq2?row_id=20250152023
SF01823,1732 HYDE ST,San Francisco,CA,,1958,4,A,Apartment 4 units or less,DataSF wv5m-vpq2 (2025 roll),2026-10-04T04:36Z,20250152024,https://data.sf.gov/d/wv5m-vpq2?row_id=20250152024
SF01824,1734 HYDE ST,San Francisco,CA,,1907,2,F,Flats & Duplex,DataSF wv5m-vpq2 (2025 roll),2026-10-04T04:36Z,20250152025,https://data.sf.gov/d/wv5m-vpq2?row_id=20250152025
SF01825,1746 HYDE ST,San Francisco,CA,,1907,6,A5,Apartment 5 to 14 Units,DataSF wv5m-vpq2 (2025 roll),2026-10-04T04:36Z,20250152026,https://data.sf.gov/d/wv5m-vpq2?row_id=20250152026
SF01826,1760 HYDE ST,San Francisco,CA,,1912,7,A5,Apartment 5 to 14 Units,DataSF wv5m-vpq2 (2025 roll),2026-10-04T04:36Z,20250152027,https://data.sf.gov/d/wv5m-vpq2?row_id=20250152027
SF01827,1271 VALLEJO ST,San Francisco,CA,,1911,4,A,Apartment 4 units or less,DataSF wv5m-vpq2 (2025 roll),2026-10-04T04:36Z,20250152029,https://data.sf.gov/d/wv5m-vpq2?row_id=20250152029
SF01828,1259 VALLEJO ST,San Francisco,CA,,1916,3,F,Flats & Duplex,DataSF wv5m-vpq2 (2025 roll),2026-10-04T04:36Z,20250152032,https://data.sf.gov/d/wv5m-vpq2?row_id=20250152032
SF01829,1249 VALLEJO ST,San Francisco,CA,,1951,4,F,Flats & Duplex,DataSF wv5m-vpq2 (2025 roll),2026-10-04T04:36Z,20250152034,https://data.sf.gov/d/wv5m-vpq2?row_id=20250152034
SF01830,1243 VALLEJO ST,San Francisco,CA,,1922,2,F,Flats & Duplex,DataSF wv5m-vpq2 (2025 roll),2026-10-04T04:36Z,20250152035,https://data.sf.gov/d/wv5m-vpq2?row_id=20250152035
SF01831,1235 VALLEJO ST,San Francisco,CA,,1911,6,F5,Flats 5 to 14 units,DataSF wv5m-vpq2 (2025 roll),2026-10-04T04:36Z,20250152036,https://data.sf.gov/d/wv5m-vpq2?row_id=20250152036
SF01832,1229 VALLEJO ST,San Francisco,CA,,,4,A,Apartment 4 units or less,DataSF wv5m-vpq2 (2025 roll),2026-10-04T04:36Z,20250152037,https://data.sf.gov/d/wv5m-vpq2?row_id=20250152037
SF01833,1221 VALLEJO ST,San Francisco,CA,,1927,2,F,Flats & Duplex,DataSF wv5m-vpq2 (2025 roll),2026-10-04T04:36Z,20250152038,https://data.sf.gov/d/wv5m-vpq2?row_id=20250152038
SF01834,1767 HYDE ST,San Francisco,CA,,1908,7,A5,Apartment 5 to 14 Units,DataSF wv5m-vpq2 (2025 roll),2026-10-04T04:36Z,20250153001,https://data.sf.gov/d/wv5m-vpq2?row_id=20250153001
SF01835,1755 HYDE ST,San Francisco,CA,,1907,3,F,Flats & Duplex,DataSF wv5m-vpq2 (2025 roll),2026-10-04T04:36Z,20250153002,https://data.sf.gov/d/wv5m-vpq2?row_id=20250153002
SF01836,1749 HYDE ST,San Francisco,CA,,1907,3,F,Flats & Duplex,DataSF wv5m-vpq2 (2025 roll),2026-10-04T04:36Z,20250153003,https://data.sf.gov/d/wv5m-vpq2?row_id=20250153003
SF01837,1745 HYDE ST,San Francisco,CA,,1907,2,F,Flats & Duplex,DataSF wv5m-vpq2 (2025 roll),2026-10-04T04:36Z,20250153004,https://data.sf.gov/d/wv5m-vpq2?row_id=20250153004
SF01838,1737 HYDE ST,San Francisco,CA,,1940,2,F,Flats & Duplex,DataSF wv5m-vpq2 (2025 roll),2026-10-04T04:36Z,20250153005,https://data.sf.gov/d/wv5m-vpq2?row_id=20250153005
SF01839,1735 HYDE ST,San Francisco,CA,,1916,5,A5,Apartment 5 to 14 Units,DataSF wv5m-vpq2 (2025 roll),2026-10-04T04:36Z,20250153006,https://data.sf.gov/d/wv5m-vpq2?row_id=20250153006
SF01840,1725 HYDE ST,San Francisco,CA,,1911,7,TIC,TIC Bldg 4 units or less,DataSF wv5m-vpq2 (2025 roll),2026-10-04T04:36Z,20250153007,https://data.sf.gov/d/wv5m-vpq2?row_id=20250153007
SF01841,1711 HYDE ST,San Francisco,CA,,1910,4,A,Apartment 4 units or less,DataSF wv5m-vpq2 (2025 roll),2026-10-04T04:36Z,20250153009,https://data.sf.gov/d/wv5m-vpq2?row_id=20250153009
SF01842,1705 HYDE ST,San Francisco,CA,,1908,5,F5,Flats 5 to 14 units,DataSF wv5m-vpq2 (2025 roll),2026-10-04T04:36Z,20250153011,https://data.sf.gov/d/wv5m-vpq2?row_id=20250153011
SF01843,1701 HYDE ST,San Francisco,CA,,1908,4,FS,Flat & Store 4 units or less,DataSF wv5m-vpq2 (2025 roll),2026-10-04T04:36Z,20250153012,https://data.sf.gov/d/wv5m-vpq2?row_id=20250153012
SF01844,1316 BROADWAY,San Francisco,CA,,1910,3,F,Flats & Duplex,DataSF wv5m-vpq2 (2025 roll),2026-10-04T04:36Z,20250153013,https://data.sf.gov/d/wv5m-vpq2?row_id=20250153013
SF01845,1324 BROADWAY,San Francisco,CA,,1924,12,A5,Apartment 5 to 14 Units,DataSF wv5m-vpq2 (2025 roll),2026-10-04T04:36Z,20250153014,https://data.sf.gov/d/wv5m-vpq2?row_id=20250153014
SF01846,1334 BROADWAY,San Francisco,CA,,1913,2,F,Flats & Duplex,DataSF wv5m-vpq2 (2025 roll),2026-10-04T04:36Z,20250153016,https://data.sf.gov/d/wv5m-vpq2?row_id=20250153016
SF01847,1346 BROADWAY,San Francisco,CA,,1913,3,F,Flats & Duplex,DataSF wv5m-vpq2 (2025 roll),2026-10-04T04:36Z,20250153017,https://data.sf.gov/d/wv5m-vpq2?row_id=20250153017
SF01848,1350 BROADWAY,San Francisco,CA,,1913,3,F,Flats & Duplex,DataSF wv5m-vpq2 (2025 roll),2026-10-04T04:36Z,20250153017A,https://data.sf.gov/d/wv5m-vpq2?row_id=20250153017A
SF01849,1356 BROADWAY,San Francisco,CA,,1914,2,F,Flats & Duplex,DataSF wv5m-vpq2 (2025 roll),2026-10-04T04:36Z,20250153018,https://data.sf.gov/d/wv5m-vpq2?row_id=20250153018
SF01850,1364 BROADWAY,San Francisco,CA,,1914,3,F,Flats & Duplex,DataSF wv5m-vpq2 (2025 roll),2026-10-04T04:36Z,20250153018A,https://data.sf.gov/d/wv5m-vpq2?row_id=20250153018A
SF01851,1368 BROADWAY,San Francisco,CA,,1910,3,F,Flats & Duplex,DataSF wv5m-vpq2 (2025 roll),2026-10-04T04:36Z,20250153019,https://data.sf.gov/d/wv5m-vpq2?row_id=20250153019
SF01852,1374 BROADWAY,San Francisco,CA,,1915,4,F,Flats & Duplex,DataSF wv5m-vpq2 (2025 roll),2026-10-04T04:36Z,20250153020,https://data.sf.gov/d/wv5m-vpq2?row_id=20250153020
SF01853,1390 BROADWAY,San Francisco,CA,,1924,12,A5,Apartment 5 to 14 Units,DataSF wv5m-vpq2 (2025 roll),2026-10-04T04:36Z,20250153021,https://data.sf.gov/d/wv5m-vpq2?row_id=20250153021
SF01854,2008 LARKIN ST,San Francisco,CA,,1910,2,F,Flats & Duplex,DataSF wv5m-vpq2 (2025 roll),2026-10-04T04:36Z,20250153022A,https://data.sf.gov/d/wv5m-vpq2?row_id=20250153022A
SF01855,2028 LARKIN ST,San Francisco,CA,,1907,3,F,Flats & Duplex,DataSF wv5m-vpq2 (2025 roll),2026-10-04T04:36Z,20250153024,https://data.sf.gov/d/wv5m-vpq2?row_id=20250153024
SF01856,2032 LARKIN ST,San Francisco,CA,,1909,3,F,Flats & Duplex,DataSF wv5m-vpq2 (2025 roll),2026-10-04T04:36Z,20250153025,https://data.sf.gov/d/wv5m-vpq2?row_id=20250153025
SF01857,2040 LARKIN ST,San Francisco,CA,,1909,3,F,Flats & Duplex,DataSF wv5m-vpq2 (2025 roll),2026-10-04T04:36Z,20250153026,https://data.sf.gov/d/wv5m-vpq2?row_id=20250153026
SF01858,1397 VALLEJO ST,San Francisco,CA,,1922,3,F,Flats & Duplex,DataSF wv5m-vpq2 (2025 roll),2026-10-04T04:36Z,20250153027,https://data.sf.gov/d/wv5m-vpq2?row_id=20250153027
SF01859,1391 VALLEJO ST,San Francisco,CA,,1909,2,F,Flats & Duplex,DataSF wv5m-vpq2 (2025 roll),2026-10-04T04:36Z,20250153028,https://data.sf.gov/d/wv5m-vpq2?row_id=20250153028
SF01860,1385 VALLEJO ST,San Francisco,CA,,1907,2,F,Flats & Duplex,DataSF wv5m-vpq2 (2025 roll),2026-10-04T04:36Z,20250153029,https://data.sf.gov/d/wv5m-vpq2?row_id=20250153029
SF01861,1379 VALLEJO ST,San Francisco,CA,,1924,5,A5,Apartment 5 to 14 Units,DataSF wv5m-vpq2 (2025 roll),2026-10-04T04:36Z,20250153030,https://data.sf.gov/d/wv5m-vpq2?row_id=20250153030
SF01862,1373 VALLEJO ST,San Francisco,CA,,1907,2,F,Flats & Duplex,DataSF wv5m-vpq2 (2025 roll),2026-10-04T04:36Z,20250153031,https://data.sf.gov/d/wv5m-vpq2?row_id=20250153031
SF01863,1367 VALLEJO ST,San Francisco,CA,,1907,3,F,Flats & Duplex,DataSF wv5m-vpq2 (2025 roll),2026-10-04T04:36Z,20250153032,https://data.sf.gov/d/wv5m-vpq2?row_id=20250153032
SF01864,1363 VALLEJO ST,San Francisco,CA,,1909,2,F,Flats & Duplex,DataSF wv5m-vpq2 (2025 roll),2026-10-04T04:36Z,20250153033,https://data.sf.gov/d/wv5m-vpq2?row_id=20250153033
SF01865,1359 VALLEJO ST,San Francisco,CA,,1909,2,F,Flats & Duplex,DataSF wv5m-vpq2 (2025 roll),2026-10-04T04:36Z,20250153034,https://data.sf.gov/d/wv5m-vpq2?row_id=20250153034
SF01866,1353 VALLEJO ST,San Francisco,CA,,1909,2,F,Flats & Duplex,DataSF wv5m-vpq2 (2025 roll),2026-10-04T04:36Z,20250153035,https://data.sf.gov/d/wv5m-vpq2?row_id=20250153035
SF01867,1347 VALLEJO ST,San Francisco,CA,,1909,3,F,Flats & Duplex,DataSF wv5m-vpq2 (2025 roll),2026-10-04T04:36Z,20250153036,https://data.sf.gov/d/wv5m-vpq2?row_id=20250153036
SF01868,1335 VALLEJO ST,San Francisco,CA,,1908,2,F,Flats & Duplex,DataSF wv5m-vpq2 (2025 roll),2026-10-04T04:36Z,20250153038,https://data.sf.gov/d/wv5m-vpq2?row_id=20250153038
SF01869,1329 VALLEJO ST,San Francisco,CA,,1916,2,F,Flats & Duplex,DataSF wv5m-vpq2 (2025 roll),2026-10-04T04:36Z,20250153039,https://data.sf.gov/d/wv5m-vpq2?row_id=20250153039
SF01870,1325 VALLEJO ST,San Francisco,CA,,1909,2,F,Flats & Duplex,DataSF wv5m-vpq2 (2025 roll),2026-10-04T04:36Z,20250153040,https://data.sf.gov/d/wv5m-vpq2?row_id=20250153040
SF01871,1655 HYDE ST,San Francisco,CA,,1954,5,A5,Apartment 5 to 14 Units,DataSF wv5m-vpq2 (2025 roll),2026-10-04T04:36Z,20250154002,https://data.sf.gov/d/wv5m-vpq2?row_id=20250154002
SF01872,1645 HYDE ST,San Francisco,CA,,1911,6,A5,Apartment 5 to 14 Units,DataSF wv5m-vpq2 (2025 roll),2026-10-04T04:36Z,20250154003,https://data.sf.gov/d/wv5m-vpq2?row_id=20250154003
SF01873,1637 HYDE ST,San Francisco,CA,,1925,7,A5,Apartment 5 to 14 Units,DataSF wv5m-vpq2 (2025 roll),2026-10-04T04:36Z,20250154004,https://data.sf.gov/d/wv5m-vpq2?row_id=20250154004
SF01874,1601 HYDE ST,San Francisco,CA,,1909,7,A5,Apartment 5 to 14 Units,DataSF wv5m-vpq2 (2025 roll),2026-10-04T04:36Z,20250154007,https://data.sf.gov/d/wv5m-vpq2?row_id=20250154007
SF01875,1406 PACIFIC AV,San Francisco,CA,,1925,6,A5,Apartment 5 to 14 Units,DataSF wv5m-vpq2 (2025 roll),2026-10-04T04:36Z,20250154008,https://data.sf.gov/d/wv5m-vpq2?row_id=20250154008
SF01876,1414 PACIFIC AV,San Francisco,CA,,1913,7,A5,Apartment 5 to 14 Units,DataSF wv5m-vpq2 (2025 roll),2026-10-04T04:36Z,20250154009,https://data.sf.gov/d/wv5m-vpq2?row_id=20250154009
SF01877,1418 PACIFIC AV,San Francisco,CA,,1909,4,F,Flats & Duplex,DataSF wv5m-vpq2 (2025 roll),2026-10-04T04:36Z,20250154010,https://data.sf.gov/d/wv5m-vpq2?row_id=20250154010
SF01878,1424 PACIFIC AV,San Francisco,CA,,1900,2,F,Flats & Duplex,DataSF wv5m-vpq2 (2025 roll),2026-10-04T04:36Z,20250154011,https://data.sf.gov/d/wv5m-vpq2?row_id=20250154011
SF01879,1430 PACIFIC AV,San Francisco,CA,,1914,8,A5,Apartment 5 to 14 Units,DataSF wv5m-vpq2 (2025 roll),2026-10-04T04:36Z,20250154012,https://data.sf.gov/d/wv5m-vpq2?row_id=20250154012
SF01880,1436 PACIFIC AV,San Francisco,CA,,1904,7,FS5,Flat & Store 5 to 14 units,DataSF wv5m-vpq2 (2025 roll),2026-10-04T04:36Z,20250154013,https://data.sf.gov/d/wv5m-vpq2?row_id=20250154013
SF01881,1448 PACIFIC AV,San Francisco,CA,,1927,11,A5,Apartment 5 to 14 Units,DataSF wv5m-vpq2 (2025 roll),2026-10-04T04:36Z,20250154014,https://data.sf.gov/d/wv5m-vpq2?row_id=20250154014
SF01882,1450 PACIFIC AV,San Francisco,CA,,1904,2,F,Flats & Duplex,DataSF wv5m-vpq2 (2025 roll),2026-10-04T04:36Z,20250154015,https://data.sf.gov/d/wv5m-vpq2?row_id=20250154015
SF01883,1456 PACIFIC AV,San Francisco,CA,,1900,2,F,Flats & Duplex,DataSF wv5m-vpq2 (2025 roll),2026-10-04T04:36Z,20250154016,https://data.sf.gov/d/wv5m-vpq2?row_id=20250154016
SF01884,1472 PACIFIC AV,San Francisco,CA,,1968,3,A,Apartment 4 units or less,DataSF wv5m-vpq2 (2025 roll),2026-10-04T04:36Z,20250154018,https://data.sf.gov/d/wv5m-vpq2?row_id=20250154018
SF01885,1478 PACIFIC AV,San Francisco,CA,,2002,2,DA,Dwellings - Apt 4 units or less,DataSF wv5m-vpq2 (2025 roll),2026-10-04T04:36Z,20250154020,https://data.sf.gov/d/wv5m-vpq2?row_id=20250154020
SF01886,1492 PACIFIC AV,San Francisco,CA,,1907,16,A15,Apartment 15 Units or more,DataSF wv5m-vpq2 (2025 roll),2026-10-04T04:36Z,20250154021,https://data.sf.gov/d/wv5m-vpq2?row_id=20250154021
SF01887,1918 LARKIN ST,San Francisco,CA,,1925,2,F,Flats & Duplex,DataSF wv5m-vpq2 (2025 roll),2026-10-04T04:36Z,20250154021A,https://data.sf.gov/d/wv5m-vpq2?row_id=20250154021A
SF01888,1922 LARKIN ST,San Francisco,CA,,1922,3,F,Flats & Duplex,DataSF wv5m-vpq2 (2025 roll),2026-10-04T04:36Z,20250154022,https://data.sf.gov/d/wv5m-vpq2?row_id=20250154022
SF01889,1928 LARKIN ST,San Francisco,CA,,1923,2,F,Flats & Duplex,DataSF wv5m-vpq2 (2025 roll),2026-10-04T04:36Z,20250154023A,https://data.sf.gov/d/wv5m-vpq2?row_id=20250154023A
SF01890,1952 LARKIN ST,San Francisco,CA,,1900,3,F,Flats & Duplex,DataSF wv5m-vpq2 (2025 roll),2026-10-04T04:36Z,20250154025,https://data.sf.gov/d/wv5m-vpq2?row_id=20250154025
SF01891,1958 LARKIN ST,San Francisco,CA,,1911,3,F,Flats & Duplex,DataSF wv5m-vpq2 (2025 roll),2026-10-04T04:36Z,20250154026,https://data.sf.gov/d/wv5m-vpq2?row_id=20250154026
SF01892,1964 LARKIN ST,San Francisco,CA,,1911,3,F,Flats & Duplex,DataSF wv5m-vpq2 (2025 roll),2026-10-04T04:36Z,20250154027,https://data.sf.gov/d/wv5m-vpq2?row_id=20250154027
SF01893,1357 BROADWAY,San Francisco,CA,,1900,4,A,Apartment 4 units or less,DataSF wv5m-vpq2 (2025 roll),2026-10-04T04:36Z,20250154030,https://data.sf.gov/d/wv5m-vpq2?row_id=20250154030
SF01894,1351 BROADWAY,San Francisco,CA,,1910,3,F,Flats & Duplex,DataSF wv5m-vpq2 (2025 roll),2026-10-04T04:36Z,20250154031,https://data.sf.gov/d/wv5m-vpq2?row_id=20250154031
SF01895,25 MORRELL ST,San Francisco,CA,,1923,2,TIA,TI Apartment,DataSF wv5m-vpq2 (2025 roll),2026-10-04T04:36Z,20250154033,https://data.sf.gov/d/wv5m-vpq2?row_id=20250154033
SF01896,38 MORRELL ST,San Francisco,CA,,1900,3,F,Flats & Duplex,DataSF wv5m-vpq2 (2025 roll),2026-10-04T04:36Z,20250154036,https://data.sf.gov/d/wv5m-vpq2?row_id=20250154036
SF01897,44 MORRELL ST,San Francisco,CA,,1906,2,F,Flats & Duplex,DataSF wv5m-vpq2 (2025 roll),2026-10-04T04:36Z,20250154037,https://data.sf.gov/d/wv5m-vpq2?row_id=20250154037
SF01898,58 MORRELL ST,San Francisco,CA,,1955,2,F,Flats & Duplex,DataSF wv5m-vpq2 (2025 roll),2026-10-04T04:36Z,20250154038,https://data.sf.gov/d/wv5m-vpq2?row_id=20250154038
SF01899,1333 BROADWAY,San Francisco,CA,,1955,2,F,Flats & Duplex,DataSF wv5m-vpq2 (2025 roll),2026-10-04T04:36Z,20250154039,https://data.sf.gov/d/wv5m-vpq2?row_id=20250154039
SF01900,1371 BROADWAY,San Francisco,CA,,1955,3,F,Flats & Duplex,DataSF wv5m-vpq2 (2025 roll),2026-10-04T04:36Z,20250154044,https://data.sf.gov/d/wv5m-vpq2?row_id=20250154044
SF01901,1367 BROADWAY,San Francisco,CA,,1955,2,F,Flats & Duplex,DataSF wv5m-vpq2 (2025 roll),2026-10-04T04:36Z,20250154045,https://data.sf.gov/d/wv5m-vpq2?row_id=20250154045
SF01902,1665 LEAVENWORTH ST,San Francisco,CA,,1907,2,FS,Flat & Store 4 units or less,DataSF wv5m-vpq2 (2025 roll),2026-10-04T04:36Z,20250155001,https://data.sf.gov/d/wv5m-vpq2?row_id=20250155001
SF01903,1661 LEAVENWORTH ST,San Francisco,CA,,1913,6,A5,Apartment 5 to 14 Units,DataSF wv5m-vpq2 (2025 roll),2026-10-04T04:36Z,20250155002,https://data.sf.gov/d/wv5m-vpq2?row_id=20250155002
SF01904,1649 LEAVENWORTH ST,San Francisco,CA,,1922,2,F,Flats & Duplex,DataSF wv5m-vpq2 (2025 roll),2026-10-04T04:36Z,20250155004,https://data.sf.gov/d/wv5m-vpq2?row_id=20250155004
SF01905,1643 LEAVENWORTH ST,San Francisco,CA,,1902,2,F,Flats & Duplex,DataSF wv5m-vpq2 (2025 roll),2026-10-04T04:36Z,20250155005,https://data.sf.gov/d/wv5m-vpq2?row_id=20250155005
SF01906,1639 LEAVENWORTH ST,San Francisco,CA,,1911,2,F,Flats & Duplex,DataSF wv5m-vpq2 (2025 roll),2026-10-04T04:36Z,20250155006,https://data.sf.gov/d/wv5m-vpq2?row_id=20250155006
SF01907,1635 LEAVENWORTH ST,San Francisco,CA,,1911,2,F,Flats & Duplex,DataSF wv5m-vpq2 (2025 roll),2026-10-04T04:36Z,20250155007,https://data.sf.gov/d/wv5m-vpq2?row_id=20250155007
SF01908,1625 LEAVENWORTH ST,San Francisco,CA,,1917,27,A15,Apartment 15 Units or more,DataSF wv5m-vpq2 (2025 roll),2026-10-04T04:36Z,20250155008,https://data.sf.gov/d/wv5m-vpq2?row_id=20250155008
SF01909,1308 PACIFIC AV,San Francisco,CA,,1959,8,A5,Apartment 5 to 14 Units,DataSF wv5m-vpq2 (2025 roll),2026-10-04T04:36Z,20250155010,https://data.sf.gov/d/wv5m-vpq2?row_id=20250155010
SF01910,1314 PACIFIC AV,San Francisco,CA,,1925,3,FS,Flat & Store 4 units or less,DataSF wv5m-vpq2 (2025 roll),2026-10-04T04:36Z,20250155012,https://data.sf.gov/d/wv5m-vpq2?row_id=20250155012
SF01911,1324 PACIFIC AV,San Francisco,CA,,1910,6,A5,Apartment 5 to 14 Units,DataSF wv5m-vpq2 (2025 roll),2026-10-04T04:36Z,20250155014,https://data.sf.gov/d/wv5m-vpq2?row_id=20250155014
SF01912,1332 PACIFIC AV,San Francisco,CA,,1967,3,FS,Flat & Store 4 units or less,DataSF wv5m-vpq2 (2025 roll),2026-10-04T04:36Z,20250155015,https://data.sf.gov/d/wv5m-vpq2?row_id=20250155015
SF01913,1338 PACIFIC AV,San Francisco,CA,,1926,3,F,Flats & Duplex,DataSF wv5m-vpq2 (2025 roll),2026-10-04T04:36Z,20250155016,https://data.sf.gov/d/wv5m-vpq2?row_id=20250155016
SF01914,1344 PACIFIC AV,San Francisco,CA,,1929,3,F,Flats & Duplex,DataSF wv5m-vpq2 (2025 roll),2026-10-04T04:36Z,20250155017,https://data.sf.gov/d/wv5m-vpq2?row_id=20250155017
SF01915,1354 PACIFIC AV,San Francisco,CA,,1902,3,FS,Flat & Store 4 units or less,DataSF wv5m-vpq2 (2025 roll),2026-10-04T04:36Z,20250155019,https://data.sf.gov/d/wv5m-vpq2?row_id=20250155019
SF01916,1372 PACIFIC AV,San Francisco,CA,,1902,2,FS,Flat & Store 4 units or less,DataSF wv5m-vpq2 (2025 roll),2026-10-04T04:36Z,20250155022,https://data.sf.gov/d/wv5m-vpq2?row_id=20250155022
SF01917,1378 PACIFIC AV,San Francisco,CA,,1907,8,A5,Apartment 5 to 14 Units,DataSF wv5m-vpq2 (2025 roll),2026-10-04T04:36Z,20250155023,https://data.sf.gov/d/wv5m-vpq2?row_id=20250155023
SF01918,1388 PACIFIC AV,San Francisco,CA,,1907,2,F,Flats & Duplex,DataSF wv5m-vpq2 (2025 roll),2026-10-04T04:36Z,20250155024,https://data.sf.gov/d/wv5m-vpq2?row_id=20250155024
SF01919,1392 PACIFIC AV,San Francisco,CA,,1900,2,F2,Flat & Store,DataSF wv5m-vpq2 (2025 roll),2026-10-04T04:36Z,20250155025,https://data.sf.gov/d/wv5m-vpq2?row_id=20250155025
SF01920,1396 PACIFIC AV,San Francisco,CA,,1900,3,F,Flats & Duplex,DataSF wv5m-vpq2 (2025 roll),2026-10-04T04:36Z,20250155026,https://data.sf.gov/d/wv5m-vpq2?row_id=20250155026
SF01921,68 LYNCH ST,San Francisco,CA,,1900,2,F,Flats & Duplex,DataSF wv5m-vpq2 (2025 roll),2026-10-04T04:36Z,20250155031,https://data.sf.gov/d/wv5m-vpq2?row_id=20250155031
SF01922,1610 HYDE ST,San Francisco,CA,,1910,7,A5,Apartment 5 to 14 Units,DataSF wv5m-vpq2 (2025 roll),2026-10-04T04:36Z,20250155033,https://data.sf.gov/d/wv5m-vpq2?row_id=20250155033
SF01923,1626 HYDE ST,San Francisco,CA,,1911,2,F,Flats & Duplex,DataSF wv5m-vpq2 (2025 roll),2026-10-04T04:36Z,20250155034,https://data.sf.gov/d/wv5m-vpq2?row_id=20250155034
SF01924,1630 HYDE ST,San Francisco,CA,,1904,3,F,Flats & Duplex,DataSF wv5m-vpq2 (2025 roll),2026-10-04T04:36Z,20250155035,https://data.sf.gov/d/wv5m-vpq2?row_id=20250155035
SF01925,1636 HYDE ST,San Francisco,CA,,1902,3,F,Flats & Duplex,DataSF wv5m-vpq2 (2025 roll),2026-10-04T04:36Z,20250155036,https://data.sf.gov/d/wv5m-vpq2?row_id=20250155036
SF01926,1642 HYDE ST,San Francisco,CA,,1909,6,A5,Apartment 5 to 14 Units,DataSF wv5m-vpq2 (2025 roll),2026-10-04T04:36Z,20250155037,https://data.sf.gov/d/wv5m-vpq2?row_id=20250155037
SF01927,1263 BROADWAY,San Francisco,CA,,1902,3,F,Flats & Duplex,DataSF wv5m-vpq2 (2025 roll),2026-10-04T04:36Z,20250155041,https://data.sf.gov/d/wv5m-vpq2?row_id=20250155041
SF01928,1261 BROADWAY,San Francisco,CA,,1912,6,A5,Apartment 5 to 14 Units,DataSF wv5m-vpq2 (2025 roll),2026-10-04T04:36Z,20250155042,https://data.sf.gov/d/wv5m-vpq2?row_id=20250155042
SF01929,1245 BROADWAY,San Francisco,CA,,1912,6,TIA,TI Apartment,DataSF wv5m-vpq2 (2025 roll),2026-10-04T04:36Z,20250155043,https://data.sf.gov/d/wv5m-vpq2?row_id=20250155043
SF01930,1243 BROADWAY,San Francisco,CA,,1912,6,A5,Apartment 5 to 14 Units,DataSF wv5m-vpq2 (2025 roll),2026-10-04T04:36Z,20250155044,https://data.sf.gov/d/wv5m-vpq2?row_id=20250155044
SF01931,1237 BROADWAY,San Francisco,CA,,1912,3,F,Flats & Duplex,DataSF wv5m-vpq2 (2025 roll),2026-10-04T04:36Z,20250155045A,https://data.sf.gov/d/wv5m-vpq2?row_id=20250155045A
SF01932,1215 BROADWAY,San Francisco,CA,,1908,2,F,Flats & Duplex,DataSF wv5m-vpq2 (2025 roll),2026-10-04T04:36Z,20250155050,https://data.sf.gov/d/wv5m-vpq2?row_id=20250155050
SF01933,7 CYRUS PL,San Francisco,CA,,1965,2,F,Flats & Duplex,DataSF wv5m-vpq2 (2025 roll),2026-10-04T04:36Z,20250155053,https://data.sf.gov/d/wv5m-vpq2?row_id=20250155053
SF01934,1350 PACIFIC AV,San Francisco,CA,,1973,2,FS,Flat & Store 4 units or less,DataSF wv5m-vpq2 (2025 roll),2026-10-04T04:36Z,20250155054,https://data.sf.gov/d/wv5m-vpq2?row_id=20250155054
SF01935,1653 JONES ST,San Francisco,CA,,1916,3,F,Flats & Duplex,DataSF wv5m-vpq2 (2025 roll),2026-10-04T04:36Z,20250156001,https://data.sf.gov/d/wv5m-vpq2?row_id=20250156001
SF01936,1635 JONES ST,San Francisco,CA,,1928,15,A15,Apartment 15 Units or more,DataSF wv5m-vpq2 (2025 roll),2026-10-04T04:36Z,20250156003,https://data.sf.gov/d/wv5m-vpq2?row_id=20250156003
SF01937,1625 JONES ST,San Francisco,CA,,1936,4,F,Flats & Duplex,DataSF wv5m-vpq2 (2025 roll),2026-10-04T04:36Z,20250156004,https://data.sf.gov/d/wv5m-vpq2?row_id=20250156004
SF01938,1615 JONES ST,San Francisco,CA,,1923,5,TIA,TI Apartment,DataSF wv5m-vpq2 (2025 roll),2026-10-04T04:36Z,20250156006,https://data.sf.gov/d/wv5m-vpq2?row_id=20250156006
SF01939,1200 PACIFIC AV,San Francisco,CA,,1913,4,FS,Flat & Store 4 units or less,DataSF wv5m-vpq2 (2025 roll),2026-10-04T04:36Z,20250156007,https://data.sf.gov/d/wv5m-vpq2?row_id=20250156007
SF01940,1212 PACIFIC AV,San Francisco,CA,,1970,4,A,Apartment 4 units or less,DataSF wv5m-vpq2 (2025 roll),2026-10-04T04:36Z,20250156008,https://data.sf.gov/d/wv5m-vpq2?row_id=20250156008
SF01941,1220 PACIFIC AV,San Francisco,CA,,1913,7,A5,Apartment 5 to 14 Units,DataSF wv5m-vpq2 (2025 roll),2026-10-04T04:36Z,20250156009,https://data.sf.gov/d/wv5m-vpq2?row_id=20250156009
SF01942,1222 PACIFIC AV,San Francisco,CA,,1914,3,F,Flats & Duplex,DataSF wv5m-vpq2 (2025 roll),2026-10-04T04:36Z,20250156010,https://data.sf.gov/d/wv5m-vpq2?row_id=20250156010
SF01943,1236 PACIFIC AV,San Francisco,CA,,1953,2,F,Flats & Duplex,DataSF wv5m-vpq2 (2025 roll),2026-10-04T04:36Z,20250156012,https://data.sf.gov/d/wv5m-vpq2?row_id=20250156012
SF01944,1242 PACIFIC AV,San Francisco,CA,,1900,6,A5,Apartment 5 to 14 Units,DataSF wv5m-vpq2 (2025 roll),2026-10-04T04:36Z,20250156013,https://data.sf.gov/d/wv5m-vpq2?row_id=20250156013
SF01945,1244 PACIFIC AV,San Francisco,CA,,1923,2,F,Flats & Duplex,DataSF wv5m-vpq2 (2025 roll),2026-10-04T04:36Z,20250156014,https://data.sf.gov/d/wv5m-vpq2?row_id=20250156014
SF01946,145 BERNARD ST,San Francisco,CA,,1924,2,F,Flats & Duplex,DataSF wv5m-vpq2 (2025 roll),2026-10-04T04:36Z,20250156014A,https://data.sf.gov/d/wv5m-vpq2?row_id=20250156014A
SF01947,1256 PACIFIC AV,San Francisco,CA,,1910,2,FS,Flat & Store 4 units or less,DataSF wv5m-vpq2 (2025 roll),2026-10-04T04:36Z,20250156016,https://data.sf.gov/d/wv5m-vpq2?row_id=20250156016
SF01948,1272 PACIFIC AV,San Francisco,CA,,1910,3,FS,Flat & Store 4 units or less,DataSF wv5m-vpq2 (2025 roll),2026-10-04T04:36Z,20250156019,https://data.sf.gov/d/wv5m-vpq2?row_id=20250156019
SF01949,1282 PACIFIC AV,San Francisco,CA,,1904,3,F,Flats & Duplex,DataSF wv5m-vpq2 (2025 roll),2026-10-04T04:36Z,20250156021,https://data.sf.gov/d/wv5m-vpq2?row_id=20250156021
SF01950,1610 LEAVENWORTH ST,San Francisco,CA,,1915,13,A5,Apartment 5 to 14 Units,DataSF wv5m-vpq2 (2025 roll),2026-10-04T04:36Z,20250156022,https://data.sf.gov/d/wv5m-vpq2?row_id=20250156022
SF01951,1620 LEAVENWORTH ST,San Francisco,CA,,1917,12,A5,Apartment 5 to 14 Units,DataSF wv5m-vpq2 (2025 roll),2026-10-04T04:36Z,20250156023,https://data.sf.gov/d/wv5m-vpq2?row_id=20250156023
SF01952,139 BERNARD ST,San Francisco,CA,,1970,2,F,Flats & Duplex,DataSF wv5m-vpq2 (2025 roll),2026-10-04T04:36Z,20250156027,https://data.sf.gov/d/wv5m-vpq2?row_id=20250156027
SF01953,133 BERNARD ST,San Francisco,CA,,1910,4,A,Apartment 4 units or less,DataSF wv5m-vpq2 (2025 roll),2026-10-04T04:36Z,20250156028,https://data.sf.gov/d/wv5m-vpq2?row_id=20250156028
SF01954,127 BERNARD ST,San Francisco,CA,,1909,4,A,Apartment 4 units or less,DataSF wv5m-vpq2 (2025 roll),2026-10-04T04:36Z,20250156029,https://data.sf.gov/d/wv5m-vpq2?row_id=20250156029
SF01955,120 BERNARD ST,San Francisco,CA,,1913,6,A5,Apartment 5 to 14 Units,DataSF wv5m-vpq2 (2025 roll),2026-10-04T04:36Z,20250156032,https://data.sf.gov/d/wv5m-vpq2?row_id=20250156032
SF01956,126 BERNARD ST,San Francisco,CA,,1932,2,F,Flats & Duplex,DataSF wv5m-vpq2 (2025 roll),2026-10-04T04:36Z,20250156032A,https://data.sf.gov/d/wv5m-vpq2?row_id=20250156032A
SF01957,138 BERNARD ST,San Francisco,CA,,1916,2,F,Flats & Duplex,DataSF wv5m-vpq2 (2025 roll),2026-10-04T04:36Z,20250156034,https://data.sf.gov/d/wv5m-vpq2?row_id=20250156034
SF01958,144 BERNARD ST,San Francisco,CA,,1907,2,F,Flats & Duplex,DataSF wv5m-vpq2 (2025 roll),2026-10-04T04:36Z,20250156035,https://data.sf.gov/d/wv5m-vpq2?row_id=20250156035
SF01959,162 BERNARD ST,San Francisco,CA,,1900,2,F,Flats & Duplex,DataSF wv5m-vpq2 (2025 roll),2026-10-04T04:36Z,20250156037,https://data.sf.gov/d/wv5m-vpq2?row_id=20250156037
SF01960,168 BERNARD ST,San Francisco,CA,,1906,2,F,Flats & Duplex,DataSF wv5m-vpq2 (2025 roll),2026-10-04T04:36Z,20250156038,https://data.sf.gov/d/wv5m-vpq2?row_id=20250156038
SF01961,174 BERNARD ST,San Francisco,CA,,1908,2,F,Flats & Duplex,DataSF wv5m-vpq2 (2025 roll),2026-10-04T04:36Z,20250156038A,https://data.sf.gov/d/wv5m-vpq2?row_id=20250156038A
SF01962,180 BERNARD ST,San Francisco,CA,,1907,2,F,Flats & Duplex,DataSF wv5m-vpq2 (2025 roll),2026-10-04T04:36Z,20250156039,https://data.sf.gov/d/wv5m-vpq2?row_id=20250156039
SF01963,1630 LEAVENWORTH ST,San Francisco,CA,,1914,4,FS,Flat & Store 4 units or less,DataSF wv5m-vpq2 (2025 roll),2026-10-04T04:36Z,20250156040,https://data.sf.gov/d/wv5m-vpq2?row_id=20250156040
SF01964,1636 LEAVENWORTH ST,San Francisco,CA,,1909,2,F,Flats & Duplex,DataSF wv5m-vpq2 (2025 roll),2026-10-04T04:36Z,20250156041,https://data.sf.gov/d/wv5m-vpq2?row_id=20250156041
SF01965,1640 LEAVENWORTH ST,San Francisco,CA,,1909,2,F,Flats & Duplex,DataSF wv5m-vpq2 (2025 roll),2026-10-04T04:36Z,20250156042,https://data.sf.gov/d/wv5m-vpq2?row_id=20250156042
SF01966,1648 LEAVENWORTH ST,San Francisco,CA,,1909,2,F,Flats & Duplex,DataSF wv5m-vpq2 (2025 roll),2026-10-04T04:36Z,20250156043,https://data.sf.gov/d/wv5m-vpq2?row_id=20250156043
SF01967,1656 LEAVENWORTH ST,San Francisco,CA,,1916,12,A5,Apartment 5 to 14 Units,DataSF wv5m-vpq2 (2025 roll),2026-10-04T04:36Z,20250156044,https://data.sf.gov/d/wv5m-vpq2?row_id=20250156044
SF01968,1183 BROADWAY,San Francisco,CA,,1906,2,F,Flats & Duplex,DataSF wv5m-vpq2 (2025 roll),2026-10-04T04:36Z,20250156045,https://data.sf.gov/d/wv5m-vpq2?row_id=20250156045
SF01969,1175 BROADWAY,San Francisco,CA,,1908,2,F,Flats & Duplex,DataSF wv5m-vpq2 (2025 roll),2026-10-04T04:36Z,20250156046,https://data.sf.gov/d/wv5m-vpq2?row_id=20250156046
SF01970,1171 BROADWAY,San Francisco,CA,,1907,2,F,Flats & Duplex,DataSF wv5m-vpq2 (2025 roll),2026-10-04T04:36Z,20250156047,https://data.sf.gov/d/wv5m-vpq2?row_id=20250156047
SF01971,1165 BROADWAY,San Francisco,CA,,1907,3,F,Flats & Duplex,DataSF wv5m-vpq2 (2025 roll),2026-10-04T04:36Z,20250156048,https://data.sf.gov/d/wv5m-vpq2?row_id=20250156048
SF01972,1157 BROADWAY,San Francisco,CA,,1923,8,A5,Apartment 5 to 14 Units,DataSF wv5m-vpq2 (2025 roll),2026-10-04T04:36Z,20250156049,https://data.sf.gov/d/wv5m-vpq2?row_id=20250156049
