address_id,city,team_rule_id,result,conflict_flag,assumptions,deciding_facts
A0001,Los Angeles,r-0013,applies,False,,Applies to all residential rentals in California.
A0001,Los Angeles,r-0014,applies,False,,Applies to all residential rentals in California.
A0001,Los Angeles,r-0015,superseded,False,Not a unit where the tenant shares a bathroom or kitchen with the owner-occupant | Not deed-restricted affordable housing | Once the tenant has lived in the unit for 12 months,Governed instead by Relocation assistance for no-fault evictions under the RSO and JCO; the stricter local rule applies here.
A0001,Los Angeles,r-0016,superseded,False,Not deed-restricted or subsidised affordable housing,Governed instead by Los Angeles Rent Stabilization Ordinance (RSO) allowable rent increases; the stricter local rule applies here.
A0001,Los Angeles,r-0017,applies,False,,Applies to all residential rentals in California.
A0001,Los Angeles,r-0018,applies,False,,"Applies: 32 units, above the coverage threshold."
A0001,Los Angeles,r-0019,applies,False,Once the deposit was collected on or after 1 Jul 2024,Applies to all residential rentals in California. Protection begins once the deposit was collected on or after 1 Jul 2024.
A0001,Los Angeles,r-0028,unknown,False,"Not a cooperative, nonprofit homeless facility or short-term treatment facility | Once the tenant has lived in the unit for six months or the first lease has ended","Unknown: this building is under the RSO (built 1927), so the JCO applies only if the unit is exempt from the RSO; RSO exemption status is not in the data."
A0001,Los Angeles,r-0029,applies,False,Not a housing authority or government-owned property,"Applies unless the property is a housing authority or government-owned property. Apartments per the assessor; built 1927, before the 1 Oct 1978 certificate of occupancy cutoff."
A0001,Los Angeles,r-0030,applies,True,"Not government-owned or regulated housing, or affordable housing with a recorded covenant","Applies unless the property is government-owned or regulated housing, or affordable housing with a recorded covenant. Built 1927, before the 1 Oct 1978 certificate of occupancy cutoff; apartments per the assessor. Open question: two published effective dates for the new formula (2 February 2026 per LAHD; 24 January 2026 per a landlord association). Flagged for human review."
A0001,Los Angeles,r-0031,applies,False,,Applies to all residential rentals in Los Angeles. State screening rules apply too; both are listed here.
A0001,Los Angeles,r-0032,applies,False,Once the deposit has been held for at least one year,"Applies: built 1927, before the 1 Oct 1978 certificate of occupancy cutoff; apartments per the assessor. Protection begins once the deposit has been held for at least one year. State deposit rules apply too; both are listed here."
A0002,Hoboken,r-0023,applies,True,"Not a medical, long-term care or detention facility","Applies unless the property is a medical, long-term care or detention facility. Possible preemption: from 1 July 2027 the NJ FAIR Act may preempt the Hoboken and Jersey City algorithmic rent ordinances. Flagged for human review; not decided here."
A0002,Hoboken,r-0024,applies,False,,Applies to all residential rentals in Hoboken.
A0002,Hoboken,r-0025,unknown,False,"Not a hotel, motel, commercial or industrial unit, or institutional student housing","Unknown: needs the exemption details. Built 2001, after the 25 Jun 1987 certificate of occupancy cutoff; built 2001, after the 30 year certificate of occupancy window (built before 1996). The rule covers buildings built on or before 25 Jun 1987, or newer buildings whose exemption period (at most 30 years) has ended, and whether the exemption has ended is not in the data."
A0002,Hoboken,r-0044,not_yet_effective,True,,Not yet in force: takes effect 1 Jul 2027. Possible preemption: from 1 July 2027 the NJ FAIR Act may preempt the Hoboken and Jersey City algorithmic rent ordinances. Flagged for human review; not decided here.
A0002,Hoboken,r-0045,unknown,False,Not let through a licensed real estate agent who is not the landlord,Unknown: needs the building type. Exemption that depends on it: a one-family or two-family dwelling.
A0002,Hoboken,r-0046,unknown,False,"Not a hotel, motel or guest house let to transient or seasonal guests",Unknown: needs owner identity. Exemption that depends on it: an owner-occupied building with two or fewer rental units.
A0002,Hoboken,r-0047,unknown,False,"Not a hotel, motel or seasonal rental",Unknown: needs owner identity. Exemption that depends on it: an owner-occupied two- or three-family dwelling.
A0002,Hoboken,r-0049,unknown,False,,"Unknown: needs the unit count. Exemption that depends on it: an owner-occupied two-family dwelling. The assessor building code '6B-20U-G' suggests 20 units (derived, unconfirmed)."
A0002,Hoboken,r-0050,unknown,False,,Unknown: needs owner identity. Exemption that depends on it: an owner-occupied building with four or fewer units.
A0002,Hoboken,r-0051,unknown,False,Not a seasonal rental of 125 days or less,Unknown: needs owner identity. Exemption that depends on it: an owner-occupied building with two or fewer rental units.
A0003,Newark,r-0044,not_yet_effective,False,,Not yet in force: takes effect 1 Jul 2027.
A0003,Newark,r-0045,unknown,False,Not let through a licensed real estate agent who is not the landlord,Unknown: needs the building type. Exemption that depends on it: a one-family or two-family dwelling.
A0003,Newark,r-0046,unknown,False,"Not a hotel, motel or guest house let to transient or seasonal guests",Unknown: needs owner identity. Exemption that depends on it: an owner-occupied building with two or fewer rental units.
A0003,Newark,r-0047,unknown,False,"Not a hotel, motel or seasonal rental",Unknown: needs owner identity. Exemption that depends on it: an owner-occupied two- or three-family dwelling.
A0003,Newark,r-0049,unknown,False,,Unknown: needs the unit count. Exemption that depends on it: an owner-occupied two-family dwelling.
A0003,Newark,r-0050,unknown,False,,Unknown: needs owner identity. Exemption that depends on it: an owner-occupied building with four or fewer units.
A0003,Newark,r-0051,unknown,False,Not a seasonal rental of 125 days or less,Unknown: needs owner identity. Exemption that depends on it: an owner-occupied building with two or fewer rental units.
A0003,Newark,r-0052,unknown,False,Not a hotel or motel let day to day to transients | Not public housing or a unit whose rent a government agency regulates,Unknown: needs year built. Exemption that depends on it: a newly built multiple dwelling still within its exemption period (at most 30 years).
A0003,Newark,r-0053,unknown,False,Not housing designated for a programme for people with criminal records,Unknown: needs the unit count. Exemption that depends on it: an owner-occupied two-family dwelling or a room in an owner-occupied home.
A0004,Los Angeles,r-0013,applies,False,,Applies to all residential rentals in California.
A0004,Los Angeles,r-0014,applies,False,,Applies to all residential rentals in California.
A0004,Los Angeles,r-0015,superseded,False,Not a unit where the tenant shares a bathroom or kitchen with the owner-occupant | Not deed-restricted affordable housing | Once the tenant has lived in the unit for 12 months,Governed instead by Relocation assistance for no-fault evictions under the RSO and JCO; the stricter local rule applies here.
A0004,Los Angeles,r-0016,superseded,False,Not deed-restricted or subsidised affordable housing,Governed instead by Los Angeles Rent Stabilization Ordinance (RSO) allowable rent increases; the stricter local rule applies here.
A0004,Los Angeles,r-0017,applies,False,,Applies to all residential rentals in California.
A0004,Los Angeles,r-0018,applies,False,,"Applies: 39 units, above the coverage threshold."
A0004,Los Angeles,r-0019,applies,False,Once the deposit was collected on or after 1 Jul 2024,Applies to all residential rentals in California. Protection begins once the deposit was collected on or after 1 Jul 2024.
A0004,Los Angeles,r-0028,unknown,False,"Not a cooperative, nonprofit homeless facility or short-term treatment facility | Once the tenant has lived in the unit for six months or the first lease has ended","Unknown: this building is under the RSO (built 1964), so the JCO applies only if the unit is exempt from the RSO; RSO exemption status is not in the data."
A0004,Los Angeles,r-0029,applies,False,Not a housing authority or government-owned property,"Applies unless the property is a housing authority or government-owned property. Apartments per the assessor; built 1964, before the 1 Oct 1978 certificate of occupancy cutoff."
A0004,Los Angeles,r-0030,applies,True,"Not government-owned or regulated housing, or affordable housing with a recorded covenant","Applies unless the property is government-owned or regulated housing, or affordable housing with a recorded covenant. Built 1964, before the 1 Oct 1978 certificate of occupancy cutoff; apartments per the assessor. Open question: two published effective dates for the new formula (2 February 2026 per LAHD; 24 January 2026 per a landlord association). Flagged for human review."
A0004,Los Angeles,r-0031,applies,False,,Applies to all residential rentals in Los Angeles. State screening rules apply too; both are listed here.
A0004,Los Angeles,r-0032,applies,False,Once the deposit has been held for at least one year,"Applies: built 1964, before the 1 Oct 1978 certificate of occupancy cutoff; apartments per the assessor. Protection begins once the deposit has been held for at least one year. State deposit rules apply too; both are listed here."
A0005,Berkeley,r-0001,applies,True,Not an affordable housing unit whose rent or income limits are set by programme guidelines,Applies unless the property is an affordable housing unit whose rent or income limits are set by programme guidelines. Open question: two published effective dates (1 March 2026 in the ordinance text; January 2026 in an August 2026 law firm alert). Flagged for human review. State algorithm rules apply too; both are listed here.
A0005,Berkeley,r-0002,applies,False,,Applies to all residential rentals in Berkeley. State fee rules apply; Berkeley adds stricter local limits.
A0005,Berkeley,r-0003,applies,False,,Applies to all residential rentals in Berkeley. State fee rules apply; Berkeley adds stricter local limits.
A0005,Berkeley,r-0004,applies,False,Not a nonprofit cooperative | Not a unit where the tenant shares a kitchen or bath with the landlord,"Applies unless the property is a nonprofit cooperative or a unit where the tenant shares a kitchen or bath with the landlord. Apartments per the assessor; at least 5 units per the assessor description, so the exemption for an owner-occupied duplex (a 'golden duplex') cannot apply."
A0005,Berkeley,r-0005,unknown,False,Not a nonprofit cooperative | Not a unit where the owner shares a kitchen or bath with the tenant,Unknown: needs year built. The rule covers multifamily buildings built before 1980.
A0005,Berkeley,r-0006,applies,False,Not public housing or a Section 8 property | Not a unit let under an agreement that lets the owner move back in | Not a unit where an existing tenant is subletting or adding a roommate,"Applies unless the property is public housing or a Section 8 property; a unit let under an agreement that lets the owner move back in; or a unit where an existing tenant is subletting or adding a roommate. At least 5 units per the assessor description, so the exemption for an owner-occupied building with one to three units cannot apply. State screening rules apply too; both are listed here."
A0005,Berkeley,r-0007,applies,False,Not a unit where the owner shares a kitchen or bath with the tenant | Not a nonprofit cooperative,"Applies unless the property is a unit where the owner shares a kitchen or bath with the tenant or a nonprofit cooperative. At least 5 units per the assessor description, so the exemption for an owner-occupied duplex (a 'golden duplex') cannot apply; at least 5 units per the assessor description, so the exemption for an owner-occupied property with an accessory dwelling unit cannot apply. State deposit rules apply too; both are listed here."
A0005,Berkeley,r-0013,applies,False,,Applies to all residential rentals in California.
A0005,Berkeley,r-0014,applies,False,,Applies to all residential rentals in California.
A0005,Berkeley,r-0015,superseded,False,Not a unit where the tenant shares a bathroom or kitchen with the owner-occupant | Not deed-restricted affordable housing | Once the tenant has lived in the unit for 12 months,Governed instead by Berkeley just cause eviction rules as amended by Measure BB; the stricter local rule applies here.
A0005,Berkeley,r-0016,unknown,False,Not deed-restricted or subsidised affordable housing,Unknown: needs year built. Exemption that depends on it: a building with a certificate of occupancy issued within the last 15 years.
A0005,Berkeley,r-0017,applies,False,,Applies to all residential rentals in California.
A0005,Berkeley,r-0018,applies,False,,"Applies: at least 5 units per the assessor description, above the coverage threshold."
A0005,Berkeley,r-0019,applies,False,Once the deposit was collected on or after 1 Jul 2024,Applies to all residential rentals in California. Protection begins once the deposit was collected on or after 1 Jul 2024.
A0006,Boston,r-0008,applies,False,,Applies: apartments per the assessor.
A0006,Boston,r-0011,unknown,False,,Unknown: needs affordable housing status. The rule covers housing funded or land-assisted by the Boston Department of Neighborhood Development.
A0006,Boston,r-0012,applies,False,,Applies to all residential rentals in Boston. State screening rules apply too; both are listed here.
A0006,Boston,r-0033,pending,False,,"Bill, not law: a pending bill or proposal, not yet enacted."
A0006,Boston,r-0034,pending,False,,"Bill, not law: a pending bill or proposal, not yet enacted."
A0006,Boston,r-0035,applies,False,,Applies to all residential rentals in Massachusetts.
A0006,Boston,r-0036,applies,False,,Applies: apartments per the assessor.
A0006,Boston,r-0041,applies,False,,Applies to all residential rentals in Massachusetts.
A0006,Boston,r-0042,applies,False,,Applies to all residential rentals in Massachusetts.
A0006,Boston,r-0043,applies,False,,Applies: apartments per the assessor.
A0007,Los Angeles,r-0013,applies,False,,Applies to all residential rentals in California.
A0007,Los Angeles,r-0014,applies,False,,Applies to all residential rentals in California.
A0007,Los Angeles,r-0015,superseded,False,Not a unit where the tenant shares a bathroom or kitchen with the owner-occupant | Not deed-restricted affordable housing | Once the tenant has lived in the unit for 12 months,Governed instead by Relocation assistance for no-fault evictions under the RSO and JCO; the stricter local rule applies here.
A0007,Los Angeles,r-0016,superseded,False,Not deed-restricted or subsidised affordable housing,Governed instead by Los Angeles Rent Stabilization Ordinance (RSO) allowable rent increases; the stricter local rule applies here.
A0007,Los Angeles,r-0017,applies,False,,Applies to all residential rentals in California.
A0007,Los Angeles,r-0018,applies,False,,"Applies: 6 units, above the coverage threshold."
A0007,Los Angeles,r-0019,applies,False,Once the deposit was collected on or after 1 Jul 2024,Applies to all residential rentals in California. Protection begins once the deposit was collected on or after 1 Jul 2024.
A0007,Los Angeles,r-0028,unknown,False,"Not a cooperative, nonprofit homeless facility or short-term treatment facility | Once the tenant has lived in the unit for six months or the first lease has ended","Unknown: this building is under the RSO (built 1913), so the JCO applies only if the unit is exempt from the RSO; RSO exemption status is not in the data."
A0007,Los Angeles,r-0029,applies,False,Not a housing authority or government-owned property,"Applies unless the property is a housing authority or government-owned property. Apartments per the assessor; built 1913, before the 1 Oct 1978 certificate of occupancy cutoff."
A0007,Los Angeles,r-0030,applies,True,"Not government-owned or regulated housing, or affordable housing with a recorded covenant","Applies unless the property is government-owned or regulated housing, or affordable housing with a recorded covenant. Built 1913, before the 1 Oct 1978 certificate of occupancy cutoff; apartments per the assessor. Open question: two published effective dates for the new formula (2 February 2026 per LAHD; 24 January 2026 per a landlord association). Flagged for human review."
A0007,Los Angeles,r-0031,applies,False,,Applies to all residential rentals in Los Angeles. State screening rules apply too; both are listed here.
A0007,Los Angeles,r-0032,applies,False,Once the deposit has been held for at least one year,"Applies: built 1913, before the 1 Oct 1978 certificate of occupancy cutoff; apartments per the assessor. Protection begins once the deposit has been held for at least one year. State deposit rules apply too; both are listed here."
A0008,Jersey City,r-0026,applies,True,"Not an inpatient medical, licensed long-term care or detention facility","Applies unless the property is an inpatient medical, licensed long-term care or detention facility. Possible preemption: from 1 July 2027 the NJ FAIR Act may preempt the Hoboken and Jersey City algorithmic rent ordinances. Flagged for human review; not decided here."
A0008,Jersey City,r-0027,unknown,False,,"Unknown: needs the unit count. The rule covers buildings with five or more units. The assessor building code '10S-B-A-151U-HE' suggests 151 units (derived, unconfirmed)."
A0008,Jersey City,r-0044,not_yet_effective,True,,Not yet in force: takes effect 1 Jul 2027. Possible preemption: from 1 July 2027 the NJ FAIR Act may preempt the Hoboken and Jersey City algorithmic rent ordinances. Flagged for human review; not decided here.
A0008,Jersey City,r-0045,unknown,False,Not let through a licensed real estate agent who is not the landlord,Unknown: needs the building type. Exemption that depends on it: a one-family or two-family dwelling.
A0008,Jersey City,r-0046,unknown,False,"Not a hotel, motel or guest house let to transient or seasonal guests",Unknown: needs owner identity. Exemption that depends on it: an owner-occupied building with two or fewer rental units.
A0008,Jersey City,r-0047,unknown,False,"Not a hotel, motel or seasonal rental",Unknown: needs owner identity. Exemption that depends on it: an owner-occupied two- or three-family dwelling.
A0008,Jersey City,r-0049,unknown,False,,"Unknown: needs the unit count. Exemption that depends on it: an owner-occupied two-family dwelling. The assessor building code '10S-B-A-151U-HE' suggests 151 units (derived, unconfirmed)."
A0008,Jersey City,r-0050,unknown,False,,Unknown: needs owner identity. Exemption that depends on it: an owner-occupied building with four or fewer units.
A0008,Jersey City,r-0051,unknown,False,Not a seasonal rental of 125 days or less,Unknown: needs owner identity. Exemption that depends on it: an owner-occupied building with two or fewer rental units.
A0009,Cambridge,r-0020,pending,False,,"Bill, not law: a pending bill or proposal, not yet enacted."
A0009,Cambridge,r-0021,applies,False,,Applies: apartments per the assessor.
A0009,Cambridge,r-0022,applies,False,,"Applies: 6 units, so the exemption for an owner-occupied two-family dwelling cannot apply. State screening rules apply too; both are listed here."
A0009,Cambridge,r-0033,pending,False,,"Bill, not law: a pending bill or proposal, not yet enacted."
A0009,Cambridge,r-0034,pending,False,,"Bill, not law: a pending bill or proposal, not yet enacted."
A0009,Cambridge,r-0035,applies,False,,Applies to all residential rentals in Massachusetts.
A0009,Cambridge,r-0036,applies,False,,Applies: apartments per the assessor.
A0009,Cambridge,r-0041,applies,False,,Applies to all residential rentals in Massachusetts.
A0009,Cambridge,r-0042,applies,False,,Applies to all residential rentals in Massachusetts.
A0009,Cambridge,r-0043,applies,False,,Applies: apartments per the assessor.
A0010,Cambridge,r-0020,pending,False,,"Bill, not law: a pending bill or proposal, not yet enacted."
A0010,Cambridge,r-0021,applies,False,,Applies: apartments per the assessor.
A0010,Cambridge,r-0022,applies,False,,"Applies: 6 units, so the exemption for an owner-occupied two-family dwelling cannot apply. State screening rules apply too; both are listed here."
A0010,Cambridge,r-0033,pending,False,,"Bill, not law: a pending bill or proposal, not yet enacted."
A0010,Cambridge,r-0034,pending,False,,"Bill, not law: a pending bill or proposal, not yet enacted."
A0010,Cambridge,r-0035,applies,False,,Applies to all residential rentals in Massachusetts.
A0010,Cambridge,r-0036,applies,False,,Applies: apartments per the assessor.
A0010,Cambridge,r-0041,applies,False,,Applies to all residential rentals in Massachusetts.
A0010,Cambridge,r-0042,applies,False,,Applies to all residential rentals in Massachusetts.
A0010,Cambridge,r-0043,applies,False,,Applies: apartments per the assessor.
A0011,Newark,r-0044,not_yet_effective,False,,Not yet in force: takes effect 1 Jul 2027.
A0011,Newark,r-0045,unknown,False,Not let through a licensed real estate agent who is not the landlord,Unknown: needs the building type. Exemption that depends on it: a one-family or two-family dwelling.
A0011,Newark,r-0046,unknown,False,"Not a hotel, motel or guest house let to transient or seasonal guests",Unknown: needs owner identity. Exemption that depends on it: an owner-occupied building with two or fewer rental units.
A0011,Newark,r-0047,unknown,False,"Not a hotel, motel or seasonal rental",Unknown: needs owner identity. Exemption that depends on it: an owner-occupied two- or three-family dwelling.
A0011,Newark,r-0049,unknown,False,,Unknown: needs the unit count. Exemption that depends on it: an owner-occupied two-family dwelling.
A0011,Newark,r-0050,unknown,False,,Unknown: needs owner identity. Exemption that depends on it: an owner-occupied building with four or fewer units.
A0011,Newark,r-0051,unknown,False,Not a seasonal rental of 125 days or less,Unknown: needs owner identity. Exemption that depends on it: an owner-occupied building with two or fewer rental units.
A0011,Newark,r-0052,unknown,False,Not a hotel or motel let day to day to transients | Not public housing or a unit whose rent a government agency regulates,Unknown: needs year built. Exemption that depends on it: a newly built multiple dwelling still within its exemption period (at most 30 years).
A0011,Newark,r-0053,unknown,False,Not housing designated for a programme for people with criminal records,Unknown: needs the unit count. Exemption that depends on it: an owner-occupied two-family dwelling or a room in an owner-occupied home.
A0012,Jersey City,r-0026,applies,True,"Not an inpatient medical, licensed long-term care or detention facility","Applies unless the property is an inpatient medical, licensed long-term care or detention facility. Possible preemption: from 1 July 2027 the NJ FAIR Act may preempt the Hoboken and Jersey City algorithmic rent ordinances. Flagged for human review; not decided here."
A0012,Jersey City,r-0027,unknown,False,,"Unknown: needs the unit count. The rule covers buildings with five or more units. The assessor building code '3S-F-D-6U' suggests 6 units (derived, unconfirmed)."
A0012,Jersey City,r-0044,not_yet_effective,True,,Not yet in force: takes effect 1 Jul 2027. Possible preemption: from 1 July 2027 the NJ FAIR Act may preempt the Hoboken and Jersey City algorithmic rent ordinances. Flagged for human review; not decided here.
A0012,Jersey City,r-0045,unknown,False,Not let through a licensed real estate agent who is not the landlord,Unknown: needs the building type. Exemption that depends on it: a one-family or two-family dwelling.
A0012,Jersey City,r-0046,unknown,False,"Not a hotel, motel or guest house let to transient or seasonal guests",Unknown: needs owner identity. Exemption that depends on it: an owner-occupied building with two or fewer rental units.
A0012,Jersey City,r-0047,unknown,False,"Not a hotel, motel or seasonal rental",Unknown: needs owner identity. Exemption that depends on it: an owner-occupied two- or three-family dwelling.
A0012,Jersey City,r-0049,unknown,False,,"Unknown: needs the unit count. Exemption that depends on it: an owner-occupied two-family dwelling. The assessor building code '3S-F-D-6U' suggests 6 units (derived, unconfirmed)."
A0012,Jersey City,r-0050,unknown,False,,Unknown: needs owner identity. Exemption that depends on it: an owner-occupied building with four or fewer units.
A0012,Jersey City,r-0051,unknown,False,Not a seasonal rental of 125 days or less,Unknown: needs owner identity. Exemption that depends on it: an owner-occupied building with two or fewer rental units.
A0013,Newark,r-0044,not_yet_effective,False,,Not yet in force: takes effect 1 Jul 2027.
A0013,Newark,r-0045,unknown,False,Not let through a licensed real estate agent who is not the landlord,Unknown: needs the building type. Exemption that depends on it: a one-family or two-family dwelling.
A0013,Newark,r-0046,unknown,False,"Not a hotel, motel or guest house let to transient or seasonal guests",Unknown: needs owner identity. Exemption that depends on it: an owner-occupied building with two or fewer rental units.
A0013,Newark,r-0047,unknown,False,"Not a hotel, motel or seasonal rental",Unknown: needs owner identity. Exemption that depends on it: an owner-occupied two- or three-family dwelling.
A0013,Newark,r-0049,unknown,False,,Unknown: needs the unit count. Exemption that depends on it: an owner-occupied two-family dwelling.
A0013,Newark,r-0050,unknown,False,,Unknown: needs owner identity. Exemption that depends on it: an owner-occupied building with four or fewer units.
A0013,Newark,r-0051,unknown,False,Not a seasonal rental of 125 days or less,Unknown: needs owner identity. Exemption that depends on it: an owner-occupied building with two or fewer rental units.
A0013,Newark,r-0052,unknown,False,Not a hotel or motel let day to day to transients | Not public housing or a unit whose rent a government agency regulates,Unknown: needs year built. Exemption that depends on it: a newly built multiple dwelling still within its exemption period (at most 30 years).
A0013,Newark,r-0053,unknown,False,Not housing designated for a programme for people with criminal records,Unknown: needs the unit count. Exemption that depends on it: an owner-occupied two-family dwelling or a room in an owner-occupied home.
A0014,Los Angeles,r-0013,applies,False,,Applies to all residential rentals in California.
A0014,Los Angeles,r-0014,applies,False,,Applies to all residential rentals in California.
A0014,Los Angeles,r-0015,superseded,False,Not a unit where the tenant shares a bathroom or kitchen with the owner-occupant | Not deed-restricted affordable housing | Once the tenant has lived in the unit for 12 months,Governed instead by Relocation assistance for no-fault evictions under the RSO and JCO; the stricter local rule applies here.
A0014,Los Angeles,r-0016,superseded,False,Not deed-restricted or subsidised affordable housing,Governed instead by Los Angeles Rent Stabilization Ordinance (RSO) allowable rent increases; the stricter local rule applies here.
A0014,Los Angeles,r-0017,applies,False,,Applies to all residential rentals in California.
A0014,Los Angeles,r-0018,applies,False,,"Applies: 7 units, above the coverage threshold."
A0014,Los Angeles,r-0019,applies,False,Once the deposit was collected on or after 1 Jul 2024,Applies to all residential rentals in California. Protection begins once the deposit was collected on or after 1 Jul 2024.
A0014,Los Angeles,r-0028,unknown,False,"Not a cooperative, nonprofit homeless facility or short-term treatment facility | Once the tenant has lived in the unit for six months or the first lease has ended","Unknown: this building is under the RSO (built 1947), so the JCO applies only if the unit is exempt from the RSO; RSO exemption status is not in the data."
A0014,Los Angeles,r-0029,applies,False,Not a housing authority or government-owned property,"Applies unless the property is a housing authority or government-owned property. Apartments per the assessor; built 1947, before the 1 Oct 1978 certificate of occupancy cutoff."
A0014,Los Angeles,r-0030,applies,True,"Not government-owned or regulated housing, or affordable housing with a recorded covenant","Applies unless the property is government-owned or regulated housing, or affordable housing with a recorded covenant. Built 1947, before the 1 Oct 1978 certificate of occupancy cutoff; apartments per the assessor. Open question: two published effective dates for the new formula (2 February 2026 per LAHD; 24 January 2026 per a landlord association). Flagged for human review."
A0014,Los Angeles,r-0031,applies,False,,Applies to all residential rentals in Los Angeles. State screening rules apply too; both are listed here.
A0014,Los Angeles,r-0032,applies,False,Once the deposit has been held for at least one year,"Applies: built 1947, before the 1 Oct 1978 certificate of occupancy cutoff; apartments per the assessor. Protection begins once the deposit has been held for at least one year. State deposit rules apply too; both are listed here."
A0015,Cambridge,r-0020,pending,False,,"Bill, not law: a pending bill or proposal, not yet enacted."
A0015,Cambridge,r-0021,applies,False,,Applies: apartments per the assessor.
A0015,Cambridge,r-0022,applies,False,,"Applies: 83 units, so the exemption for an owner-occupied two-family dwelling cannot apply. State screening rules apply too; both are listed here."
A0015,Cambridge,r-0033,pending,False,,"Bill, not law: a pending bill or proposal, not yet enacted."
A0015,Cambridge,r-0034,pending,False,,"Bill, not law: a pending bill or proposal, not yet enacted."
A0015,Cambridge,r-0035,applies,False,,Applies to all residential rentals in Massachusetts.
A0015,Cambridge,r-0036,applies,False,,Applies: apartments per the assessor.
A0015,Cambridge,r-0041,applies,False,,Applies to all residential rentals in Massachusetts.
A0015,Cambridge,r-0042,applies,False,,Applies to all residential rentals in Massachusetts.
A0015,Cambridge,r-0043,applies,False,,Applies: apartments per the assessor.
A0016,San Francisco,r-0013,applies,False,,Applies to all residential rentals in California.
A0016,San Francisco,r-0014,applies,False,,Applies to all residential rentals in California.
A0016,San Francisco,r-0015,superseded,False,Not a unit where the tenant shares a bathroom or kitchen with the owner-occupant | Not deed-restricted affordable housing | Once the tenant has lived in the unit for 12 months,Governed instead by San Francisco Rent Ordinance just cause eviction (S.F. Admin. Code § 37.9(a)); the stricter local rule applies here.
A0016,San Francisco,r-0016,superseded,False,Not deed-restricted or subsidised affordable housing,Governed instead by San Francisco annual allowable rent increase (3/1/2026–2/28/2027); the stricter local rule applies here.
A0016,San Francisco,r-0017,applies,False,,Applies to all residential rentals in California.
A0016,San Francisco,r-0018,applies,False,,"Applies: 21 units, above the coverage threshold."
A0016,San Francisco,r-0019,applies,False,Once the deposit was collected on or after 1 Jul 2024,Applies to all residential rentals in California. Protection begins once the deposit was collected on or after 1 Jul 2024.
A0016,San Francisco,r-0057,applies,False,,Applies to all residential rentals in San Francisco. State algorithm rules apply too; both are listed here.
A0016,San Francisco,r-0058,applies,False,,Applies to all residential rentals in San Francisco. Statutory exemptions for certain owner-occupied shared units and institutional housing cannot be checked from county data.
A0016,San Francisco,r-0059,applies,False,,"Applies: built 1926, before the 13 Jun 1979 certificate of occupancy cutoff."
A0016,San Francisco,r-0060,unknown,False,,Unknown: needs affordable housing status. The rule covers affordable housing.
A0016,San Francisco,r-0061,applies,False,,Applies to all residential rentals in San Francisco. State deposit rules apply too; both are listed here.
A0017,Jersey City,r-0026,applies,True,"Not an inpatient medical, licensed long-term care or detention facility","Applies unless the property is an inpatient medical, licensed long-term care or detention facility. Possible preemption: from 1 July 2027 the NJ FAIR Act may preempt the Hoboken and Jersey City algorithmic rent ordinances. Flagged for human review; not decided here."
A0017,Jersey City,r-0027,unknown,False,,"Unknown: needs the unit count. The rule covers buildings with five or more units. The assessor building code '3S-F-D-6U-NH' suggests 6 units (derived, unconfirmed)."
A0017,Jersey City,r-0044,not_yet_effective,True,,Not yet in force: takes effect 1 Jul 2027. Possible preemption: from 1 July 2027 the NJ FAIR Act may preempt the Hoboken and Jersey City algorithmic rent ordinances. Flagged for human review; not decided here.
A0017,Jersey City,r-0045,unknown,False,Not let through a licensed real estate agent who is not the landlord,Unknown: needs the building type. Exemption that depends on it: a one-family or two-family dwelling.
A0017,Jersey City,r-0046,unknown,False,"Not a hotel, motel or guest house let to transient or seasonal guests",Unknown: needs owner identity. Exemption that depends on it: an owner-occupied building with two or fewer rental units.
A0017,Jersey City,r-0047,unknown,False,"Not a hotel, motel or seasonal rental",Unknown: needs owner identity. Exemption that depends on it: an owner-occupied two- or three-family dwelling.
A0017,Jersey City,r-0049,unknown,False,,"Unknown: needs the unit count. Exemption that depends on it: an owner-occupied two-family dwelling. The assessor building code '3S-F-D-6U-NH' suggests 6 units (derived, unconfirmed)."
A0017,Jersey City,r-0050,unknown,False,,Unknown: needs owner identity. Exemption that depends on it: an owner-occupied building with four or fewer units.
A0017,Jersey City,r-0051,unknown,False,Not a seasonal rental of 125 days or less,Unknown: needs owner identity. Exemption that depends on it: an owner-occupied building with two or fewer rental units.
A0018,Berkeley,r-0001,applies,True,Not an affordable housing unit whose rent or income limits are set by programme guidelines,Applies unless the property is an affordable housing unit whose rent or income limits are set by programme guidelines. Open question: two published effective dates (1 March 2026 in the ordinance text; January 2026 in an August 2026 law firm alert). Flagged for human review. State algorithm rules apply too; both are listed here.
A0018,Berkeley,r-0002,applies,False,,Applies to all residential rentals in Berkeley. State fee rules apply; Berkeley adds stricter local limits.
A0018,Berkeley,r-0003,applies,False,,Applies to all residential rentals in Berkeley. State fee rules apply; Berkeley adds stricter local limits.
A0018,Berkeley,r-0004,applies,False,Not a nonprofit cooperative | Not a unit where the tenant shares a kitchen or bath with the landlord,"Applies unless the property is a nonprofit cooperative or a unit where the tenant shares a kitchen or bath with the landlord. Apartments per the assessor; at least 5 units per the assessor description, so the exemption for an owner-occupied duplex (a 'golden duplex') cannot apply."
A0018,Berkeley,r-0005,unknown,False,Not a nonprofit cooperative | Not a unit where the owner shares a kitchen or bath with the tenant,Unknown: needs year built. The rule covers multifamily buildings built before 1980.
A0018,Berkeley,r-0006,applies,False,Not public housing or a Section 8 property | Not a unit let under an agreement that lets the owner move back in | Not a unit where an existing tenant is subletting or adding a roommate,"Applies unless the property is public housing or a Section 8 property; a unit let under an agreement that lets the owner move back in; or a unit where an existing tenant is subletting or adding a roommate. At least 5 units per the assessor description, so the exemption for an owner-occupied building with one to three units cannot apply. State screening rules apply too; both are listed here."
A0018,Berkeley,r-0007,applies,False,Not a unit where the owner shares a kitchen or bath with the tenant | Not a nonprofit cooperative,"Applies unless the property is a unit where the owner shares a kitchen or bath with the tenant or a nonprofit cooperative. At least 5 units per the assessor description, so the exemption for an owner-occupied duplex (a 'golden duplex') cannot apply; at least 5 units per the assessor description, so the exemption for an owner-occupied property with an accessory dwelling unit cannot apply. State deposit rules apply too; both are listed here."
A0018,Berkeley,r-0013,applies,False,,Applies to all residential rentals in California.
A0018,Berkeley,r-0014,applies,False,,Applies to all residential rentals in California.
A0018,Berkeley,r-0015,superseded,False,Not a unit where the tenant shares a bathroom or kitchen with the owner-occupant | Not deed-restricted affordable housing | Once the tenant has lived in the unit for 12 months,Governed instead by Berkeley just cause eviction rules as amended by Measure BB; the stricter local rule applies here.
A0018,Berkeley,r-0016,unknown,False,Not deed-restricted or subsidised affordable housing,Unknown: needs year built. Exemption that depends on it: a building with a certificate of occupancy issued within the last 15 years.
A0018,Berkeley,r-0017,applies,False,,Applies to all residential rentals in California.
A0018,Berkeley,r-0018,applies,False,,"Applies: at least 5 units per the assessor description, above the coverage threshold."
A0018,Berkeley,r-0019,applies,False,Once the deposit was collected on or after 1 Jul 2024,Applies to all residential rentals in California. Protection begins once the deposit was collected on or after 1 Jul 2024.
A0019,San Diego,r-0013,applies,False,,Applies to all residential rentals in California.
A0019,San Diego,r-0014,applies,False,,Applies to all residential rentals in California.
A0019,San Diego,r-0015,superseded,False,Not a unit where the tenant shares a bathroom or kitchen with the owner-occupant | Not deed-restricted affordable housing | Once the tenant has lived in the unit for 12 months,"Governed instead by San Diego Residential Tenant Protections (just cause for termination of tenancy); it shares the same coverage condition, so wherever this rule applies the stricter local rule governs."
A0019,San Diego,r-0016,unknown,False,Not deed-restricted or subsidised affordable housing,Unknown: needs year built. Exemption that depends on it: a building with a certificate of occupancy issued within the last 15 years.
A0019,San Diego,r-0017,applies,False,,Applies to all residential rentals in California.
A0019,San Diego,r-0018,applies,False,,"Applies: 16 units, above the coverage threshold."
A0019,San Diego,r-0019,applies,False,Once the deposit was collected on or after 1 Jul 2024,Applies to all residential rentals in California. Protection begins once the deposit was collected on or after 1 Jul 2024.
A0019,San Diego,r-0054,applies,False,Not an affordable housing unit whose rent or income limits are set by programme guidelines,Applies unless the property is an affordable housing unit whose rent or income limits are set by programme guidelines. State algorithm rules apply too; both are listed here.
A0019,San Diego,r-0055,unknown,False,Not deed-restricted or subsidised affordable housing (Section 8 vouchers do not count) | Not a unit where the tenant shares a bath or kitchen with the owner | Once the tenancy has lasted more than 30 days,Unknown: needs year built. The rule covers buildings with a certificate of occupancy at least 15 years old.
A0019,San Diego,r-0056,applies,False,,"Applies: 16 units, above the coverage threshold. State screening rules apply too; both are listed here."
A0020,Newark,r-0044,not_yet_effective,False,,Not yet in force: takes effect 1 Jul 2027.
A0020,Newark,r-0045,unknown,False,Not let through a licensed real estate agent who is not the landlord,Unknown: needs the building type. Exemption that depends on it: a one-family or two-family dwelling.
A0020,Newark,r-0046,unknown,False,,Unknown: needs owner identity. Exemption that depends on it: an owner-occupied building with two or fewer rental units.
A0020,Newark,r-0047,unknown,False,,Unknown: needs owner identity. Exemption that depends on it: an owner-occupied two- or three-family dwelling.
A0020,Newark,r-0049,unknown,False,,Unknown: needs the unit count. Exemption that depends on it: an owner-occupied two-family dwelling.
A0020,Newark,r-0050,unknown,False,,Unknown: needs owner identity. Exemption that depends on it: an owner-occupied building with four or fewer units.
A0020,Newark,r-0051,unknown,False,,Unknown: needs owner identity. Exemption that depends on it: an owner-occupied building with two or fewer rental units.
A0020,Newark,r-0052,unknown,False,Not public housing or a unit whose rent a government agency regulates,Unknown: needs year built. Exemption that depends on it: a newly built multiple dwelling still within its exemption period (at most 30 years).
A0020,Newark,r-0053,unknown,False,Not housing designated for a programme for people with criminal records,Unknown: needs the unit count. Exemption that depends on it: an owner-occupied two-family dwelling or a room in an owner-occupied home.
A0021,San Francisco,r-0013,applies,False,,Applies to all residential rentals in California.
A0021,San Francisco,r-0014,applies,False,,Applies to all residential rentals in California.
A0021,San Francisco,r-0015,superseded,False,Not a unit where the tenant shares a bathroom or kitchen with the owner-occupant | Not deed-restricted affordable housing | Once the tenant has lived in the unit for 12 months,Governed instead by San Francisco Rent Ordinance just cause eviction (S.F. Admin. Code § 37.9(a)); the stricter local rule applies here.
A0021,San Francisco,r-0016,superseded,False,Not deed-restricted or subsidised affordable housing,Governed instead by San Francisco annual allowable rent increase (3/1/2026–2/28/2027); the stricter local rule applies here.
A0021,San Francisco,r-0017,applies,False,,Applies to all residential rentals in California.
A0021,San Francisco,r-0018,applies,False,,"Applies: 6 units, above the coverage threshold."
A0021,San Francisco,r-0019,applies,False,Once the deposit was collected on or after 1 Jul 2024,Applies to all residential rentals in California. Protection begins once the deposit was collected on or after 1 Jul 2024.
A0021,San Francisco,r-0057,applies,False,,Applies to all residential rentals in San Francisco. State algorithm rules apply too; both are listed here.
A0021,San Francisco,r-0058,applies,False,,Applies to all residential rentals in San Francisco. Statutory exemptions for certain owner-occupied shared units and institutional housing cannot be checked from county data.
A0021,San Francisco,r-0059,applies,False,,"Applies: built 1963, before the 13 Jun 1979 certificate of occupancy cutoff."
A0021,San Francisco,r-0060,unknown,False,,Unknown: needs affordable housing status. The rule covers affordable housing.
A0021,San Francisco,r-0061,applies,False,,Applies to all residential rentals in San Francisco. State deposit rules apply too; both are listed here.
A0022,Los Angeles,r-0013,applies,False,,Applies to all residential rentals in California.
A0022,Los Angeles,r-0014,applies,False,,Applies to all residential rentals in California.
A0022,Los Angeles,r-0015,superseded,False,Not a unit where the tenant shares a bathroom or kitchen with the owner-occupant | Not deed-restricted affordable housing | Once the tenant has lived in the unit for 12 months,Governed instead by Los Angeles Just Cause for Eviction Ordinance (JCO); the stricter local rule applies here.
A0022,Los Angeles,r-0016,unknown,False,Not deed-restricted or subsidised affordable housing,Unknown: needs owner identity. Exemption that depends on it: a building with a certificate of occupancy issued within the last 15 years.
A0022,Los Angeles,r-0017,applies,False,,Applies to all residential rentals in California.
A0022,Los Angeles,r-0018,applies,False,,"Applies: 5 units, above the coverage threshold."
A0022,Los Angeles,r-0019,applies,False,Once the deposit was collected on or after 1 Jul 2024,Applies to all residential rentals in California. Protection begins once the deposit was collected on or after 1 Jul 2024.
A0022,Los Angeles,r-0028,applies,False,"Not a cooperative, nonprofit homeless facility or short-term treatment facility | Once the tenant has lived in the unit for six months or the first lease has ended","Applies unless the property is a cooperative, nonprofit homeless facility or short-term treatment facility. Apartments per the assessor; built 2012, after the 1 Oct 1978 certificate of occupancy cutoff. Protection begins once the tenant has lived in the unit for six months or the first lease has ended."
A0022,Los Angeles,r-0031,applies,False,,Applies to all residential rentals in Los Angeles. State screening rules apply too; both are listed here.
A0023,Los Angeles,r-0013,applies,False,,Applies to all residential rentals in California.
A0023,Los Angeles,r-0014,applies,False,,Applies to all residential rentals in California.
A0023,Los Angeles,r-0015,superseded,False,Not a unit where the tenant shares a bathroom or kitchen with the owner-occupant | Not deed-restricted affordable housing | Once the tenant has lived in the unit for 12 months,Governed instead by Los Angeles Just Cause for Eviction Ordinance (JCO); the stricter local rule applies here.
A0023,Los Angeles,r-0016,applies,False,Not deed-restricted or subsidised affordable housing,"Applies unless the property is deed-restricted or subsidised affordable housing. Built 1987, before the 15 year certificate of occupancy window (built before 2011); apartments per the assessor."
A0023,Los Angeles,r-0017,applies,False,,Applies to all residential rentals in California.
A0023,Los Angeles,r-0018,applies,False,,"Applies: 33 units, above the coverage threshold."
A0023,Los Angeles,r-0019,applies,False,Once the deposit was collected on or after 1 Jul 2024,Applies to all residential rentals in California. Protection begins once the deposit was collected on or after 1 Jul 2024.
A0023,Los Angeles,r-0028,applies,False,"Not a cooperative, nonprofit homeless facility or short-term treatment facility | Once the tenant has lived in the unit for six months or the first lease has ended","Applies unless the property is a cooperative, nonprofit homeless facility or short-term treatment facility. Apartments per the assessor; built 1987, after the 1 Oct 1978 certificate of occupancy cutoff. Protection begins once the tenant has lived in the unit for six months or the first lease has ended."
A0023,Los Angeles,r-0031,applies,False,,Applies to all residential rentals in Los Angeles. State screening rules apply too; both are listed here.
A0024,Cambridge,r-0020,pending,False,,"Bill, not law: a pending bill or proposal, not yet enacted."
A0024,Cambridge,r-0021,applies,False,,Applies: apartments per the assessor.
A0024,Cambridge,r-0022,applies,False,,"Applies: 6 units, so the exemption for an owner-occupied two-family dwelling cannot apply. State screening rules apply too; both are listed here."
A0024,Cambridge,r-0033,pending,False,,"Bill, not law: a pending bill or proposal, not yet enacted."
A0024,Cambridge,r-0034,pending,False,,"Bill, not law: a pending bill or proposal, not yet enacted."
A0024,Cambridge,r-0035,applies,False,,Applies to all residential rentals in Massachusetts.
A0024,Cambridge,r-0036,applies,False,,Applies: apartments per the assessor.
A0024,Cambridge,r-0041,applies,False,,Applies to all residential rentals in Massachusetts.
A0024,Cambridge,r-0042,applies,False,,Applies to all residential rentals in Massachusetts.
A0024,Cambridge,r-0043,applies,False,,Applies: apartments per the assessor.
A0025,Berkeley,r-0001,applies,True,Not an affordable housing unit whose rent or income limits are set by programme guidelines,Applies unless the property is an affordable housing unit whose rent or income limits are set by programme guidelines. Open question: two published effective dates (1 March 2026 in the ordinance text; January 2026 in an August 2026 law firm alert). Flagged for human review. State algorithm rules apply too; both are listed here.
A0025,Berkeley,r-0002,applies,False,,Applies to all residential rentals in Berkeley. State fee rules apply; Berkeley adds stricter local limits.
A0025,Berkeley,r-0003,applies,False,,Applies to all residential rentals in Berkeley. State fee rules apply; Berkeley adds stricter local limits.
A0025,Berkeley,r-0004,applies,False,Not a nonprofit cooperative | Not a unit where the tenant shares a kitchen or bath with the landlord,"Applies unless the property is a nonprofit cooperative or a unit where the tenant shares a kitchen or bath with the landlord. Apartments per the assessor; at least 5 units per the assessor description, so the exemption for an owner-occupied duplex (a 'golden duplex') cannot apply."
A0025,Berkeley,r-0005,unknown,False,Not a nonprofit cooperative | Not a unit where the owner shares a kitchen or bath with the tenant,Unknown: needs year built. The rule covers multifamily buildings built before 1980.
A0025,Berkeley,r-0006,applies,False,Not public housing or a Section 8 property | Not a unit let under an agreement that lets the owner move back in | Not a unit where an existing tenant is subletting or adding a roommate,"Applies unless the property is public housing or a Section 8 property; a unit let under an agreement that lets the owner move back in; or a unit where an existing tenant is subletting or adding a roommate. At least 5 units per the assessor description, so the exemption for an owner-occupied building with one to three units cannot apply. State screening rules apply too; both are listed here."
A0025,Berkeley,r-0007,applies,False,Not a unit where the owner shares a kitchen or bath with the tenant | Not a nonprofit cooperative,"Applies unless the property is a unit where the owner shares a kitchen or bath with the tenant or a nonprofit cooperative. At least 5 units per the assessor description, so the exemption for an owner-occupied duplex (a 'golden duplex') cannot apply; at least 5 units per the assessor description, so the exemption for an owner-occupied property with an accessory dwelling unit cannot apply. State deposit rules apply too; both are listed here."
A0025,Berkeley,r-0013,applies,False,,Applies to all residential rentals in California.
A0025,Berkeley,r-0014,applies,False,,Applies to all residential rentals in California.
A0025,Berkeley,r-0015,superseded,False,Not a unit where the tenant shares a bathroom or kitchen with the owner-occupant | Not deed-restricted affordable housing | Once the tenant has lived in the unit for 12 months,Governed instead by Berkeley just cause eviction rules as amended by Measure BB; the stricter local rule applies here.
A0025,Berkeley,r-0016,unknown,False,Not deed-restricted or subsidised affordable housing,Unknown: needs year built. Exemption that depends on it: a building with a certificate of occupancy issued within the last 15 years.
A0025,Berkeley,r-0017,applies,False,,Applies to all residential rentals in California.
A0025,Berkeley,r-0018,applies,False,,"Applies: at least 5 units per the assessor description, above the coverage threshold."
A0025,Berkeley,r-0019,applies,False,Once the deposit was collected on or after 1 Jul 2024,Applies to all residential rentals in California. Protection begins once the deposit was collected on or after 1 Jul 2024.
A0026,Jersey City,r-0026,applies,True,"Not an inpatient medical, licensed long-term care or detention facility","Applies unless the property is an inpatient medical, licensed long-term care or detention facility. Possible preemption: from 1 July 2027 the NJ FAIR Act may preempt the Hoboken and Jersey City algorithmic rent ordinances. Flagged for human review; not decided here."
A0026,Jersey City,r-0027,unknown,False,,"Unknown: needs the unit count. The rule covers buildings with five or more units. The assessor building code '4S-B-D-8U-NH' suggests 8 units (derived, unconfirmed)."
A0026,Jersey City,r-0044,not_yet_effective,True,,Not yet in force: takes effect 1 Jul 2027. Possible preemption: from 1 July 2027 the NJ FAIR Act may preempt the Hoboken and Jersey City algorithmic rent ordinances. Flagged for human review; not decided here.
A0026,Jersey City,r-0045,unknown,False,Not let through a licensed real estate agent who is not the landlord,Unknown: needs the building type. Exemption that depends on it: a one-family or two-family dwelling.
A0026,Jersey City,r-0046,unknown,False,"Not a hotel, motel or guest house let to transient or seasonal guests",Unknown: needs owner identity. Exemption that depends on it: an owner-occupied building with two or fewer rental units.
A0026,Jersey City,r-0047,unknown,False,"Not a hotel, motel or seasonal rental",Unknown: needs owner identity. Exemption that depends on it: an owner-occupied two- or three-family dwelling.
A0026,Jersey City,r-0049,unknown,False,,"Unknown: needs the unit count. Exemption that depends on it: an owner-occupied two-family dwelling. The assessor building code '4S-B-D-8U-NH' suggests 8 units (derived, unconfirmed)."
A0026,Jersey City,r-0050,unknown,False,,Unknown: needs owner identity. Exemption that depends on it: an owner-occupied building with four or fewer units.
A0026,Jersey City,r-0051,unknown,False,Not a seasonal rental of 125 days or less,Unknown: needs owner identity. Exemption that depends on it: an owner-occupied building with two or fewer rental units.
A0027,San Francisco,r-0013,applies,False,,Applies to all residential rentals in California.
A0027,San Francisco,r-0014,applies,False,,Applies to all residential rentals in California.
A0027,San Francisco,r-0015,superseded,False,Not a unit where the tenant shares a bathroom or kitchen with the owner-occupant | Not deed-restricted affordable housing | Once the tenant has lived in the unit for 12 months,Governed instead by San Francisco Rent Ordinance just cause eviction (S.F. Admin. Code § 37.9(a)); the stricter local rule applies here.
A0027,San Francisco,r-0016,superseded,False,Not deed-restricted or subsidised affordable housing,Governed instead by San Francisco annual allowable rent increase (3/1/2026–2/28/2027); the stricter local rule applies here.
A0027,San Francisco,r-0017,applies,False,,Applies to all residential rentals in California.
A0027,San Francisco,r-0018,applies,False,,"Applies: 6 units, above the coverage threshold."
A0027,San Francisco,r-0019,applies,False,Once the deposit was collected on or after 1 Jul 2024,Applies to all residential rentals in California. Protection begins once the deposit was collected on or after 1 Jul 2024.
A0027,San Francisco,r-0057,applies,False,,Applies to all residential rentals in San Francisco. State algorithm rules apply too; both are listed here.
A0027,San Francisco,r-0058,applies,False,,Applies to all residential rentals in San Francisco. Statutory exemptions for certain owner-occupied shared units and institutional housing cannot be checked from county data.
A0027,San Francisco,r-0059,applies,False,,"Applies: built 1923, before the 13 Jun 1979 certificate of occupancy cutoff."
A0027,San Francisco,r-0060,unknown,False,,Unknown: needs affordable housing status. The rule covers affordable housing.
A0027,San Francisco,r-0061,applies,False,,Applies to all residential rentals in San Francisco. State deposit rules apply too; both are listed here.
A0028,Newark,r-0044,not_yet_effective,False,,Not yet in force: takes effect 1 Jul 2027.
A0028,Newark,r-0045,unknown,False,Not let through a licensed real estate agent who is not the landlord,Unknown: needs the building type. Exemption that depends on it: a one-family or two-family dwelling.
A0028,Newark,r-0046,unknown,False,"Not a hotel, motel or guest house let to transient or seasonal guests",Unknown: needs owner identity. Exemption that depends on it: an owner-occupied building with two or fewer rental units.
A0028,Newark,r-0047,unknown,False,"Not a hotel, motel or seasonal rental",Unknown: needs owner identity. Exemption that depends on it: an owner-occupied two- or three-family dwelling.
A0028,Newark,r-0049,unknown,False,,"Unknown: needs the unit count. Exemption that depends on it: an owner-occupied two-family dwelling. The assessor building code '3SF3UG' suggests 3 units (derived, unconfirmed)."
A0028,Newark,r-0050,unknown,False,,Unknown: needs owner identity. Exemption that depends on it: an owner-occupied building with four or fewer units.
A0028,Newark,r-0051,unknown,False,Not a seasonal rental of 125 days or less,Unknown: needs owner identity. Exemption that depends on it: an owner-occupied building with two or fewer rental units.
A0028,Newark,r-0052,unknown,False,Not a hotel or motel let day to day to transients | Not public housing or a unit whose rent a government agency regulates,Unknown: needs year built. Exemption that depends on it: a newly built multiple dwelling still within its exemption period (at most 30 years).
A0028,Newark,r-0053,unknown,False,Not housing designated for a programme for people with criminal records,"Unknown: needs the unit count. Exemption that depends on it: an owner-occupied two-family dwelling or a room in an owner-occupied home. The assessor building code '3SF3UG' suggests 3 units (derived, unconfirmed)."
A0029,Newark,r-0044,not_yet_effective,False,,Not yet in force: takes effect 1 Jul 2027.
A0029,Newark,r-0045,unknown,False,Not let through a licensed real estate agent who is not the landlord,Unknown: needs the building type. Exemption that depends on it: a one-family or two-family dwelling.
A0029,Newark,r-0046,unknown,False,"Not a hotel, motel or guest house let to transient or seasonal guests",Unknown: needs owner identity. Exemption that depends on it: an owner-occupied building with two or fewer rental units.
A0029,Newark,r-0047,unknown,False,"Not a hotel, motel or seasonal rental",Unknown: needs owner identity. Exemption that depends on it: an owner-occupied two- or three-family dwelling.
A0029,Newark,r-0049,unknown,False,,Unknown: needs the unit count. Exemption that depends on it: an owner-occupied two-family dwelling.
A0029,Newark,r-0050,unknown,False,,Unknown: needs owner identity. Exemption that depends on it: an owner-occupied building with four or fewer units.
A0029,Newark,r-0051,unknown,False,Not a seasonal rental of 125 days or less,Unknown: needs owner identity. Exemption that depends on it: an owner-occupied building with two or fewer rental units.
A0029,Newark,r-0052,unknown,False,Not a hotel or motel let day to day to transients | Not public housing or a unit whose rent a government agency regulates,Unknown: needs year built. Exemption that depends on it: a newly built multiple dwelling still within its exemption period (at most 30 years).
A0029,Newark,r-0053,unknown,False,Not housing designated for a programme for people with criminal records,Unknown: needs the unit count. Exemption that depends on it: an owner-occupied two-family dwelling or a room in an owner-occupied home.
A0030,San Francisco,r-0013,applies,False,,Applies to all residential rentals in California.
A0030,San Francisco,r-0014,applies,False,,Applies to all residential rentals in California.
A0030,San Francisco,r-0015,superseded,False,Not a unit where the tenant shares a bathroom or kitchen with the owner-occupant | Not deed-restricted affordable housing | Once the tenant has lived in the unit for 12 months,Governed instead by San Francisco Rent Ordinance just cause eviction (S.F. Admin. Code § 37.9(a)); the stricter local rule applies here.
A0030,San Francisco,r-0016,superseded,False,Not deed-restricted or subsidised affordable housing,Governed instead by San Francisco annual allowable rent increase (3/1/2026–2/28/2027); the stricter local rule applies here.
A0030,San Francisco,r-0017,applies,False,,Applies to all residential rentals in California.
A0030,San Francisco,r-0018,applies,False,,"Applies: 5 units, above the coverage threshold."
A0030,San Francisco,r-0019,applies,False,Once the deposit was collected on or after 1 Jul 2024,Applies to all residential rentals in California. Protection begins once the deposit was collected on or after 1 Jul 2024.
A0030,San Francisco,r-0057,applies,False,,Applies to all residential rentals in San Francisco. State algorithm rules apply too; both are listed here.
A0030,San Francisco,r-0058,applies,False,,Applies to all residential rentals in San Francisco. Statutory exemptions for certain owner-occupied shared units and institutional housing cannot be checked from county data.
A0030,San Francisco,r-0059,applies,False,,"Applies: built 1908, before the 13 Jun 1979 certificate of occupancy cutoff."
A0030,San Francisco,r-0060,unknown,False,,Unknown: needs affordable housing status. The rule covers affordable housing.
A0030,San Francisco,r-0061,applies,False,,Applies to all residential rentals in San Francisco. State deposit rules apply too; both are listed here.
A0031,Los Angeles,r-0013,applies,False,,Applies to all residential rentals in California.
A0031,Los Angeles,r-0014,applies,False,,Applies to all residential rentals in California.
A0031,Los Angeles,r-0015,superseded,False,Not a unit where the tenant shares a bathroom or kitchen with the owner-occupant | Not deed-restricted affordable housing | Once the tenant has lived in the unit for 12 months,Governed instead by Relocation assistance for no-fault evictions under the RSO and JCO; the stricter local rule applies here.
A0031,Los Angeles,r-0016,superseded,False,Not deed-restricted or subsidised affordable housing,Governed instead by Los Angeles Rent Stabilization Ordinance (RSO) allowable rent increases; the stricter local rule applies here.
A0031,Los Angeles,r-0017,applies,False,,Applies to all residential rentals in California.
A0031,Los Angeles,r-0018,applies,False,,"Applies: 5 units, above the coverage threshold."
A0031,Los Angeles,r-0019,applies,False,Once the deposit was collected on or after 1 Jul 2024,Applies to all residential rentals in California. Protection begins once the deposit was collected on or after 1 Jul 2024.
A0031,Los Angeles,r-0028,unknown,False,"Not a cooperative, nonprofit homeless facility or short-term treatment facility | Once the tenant has lived in the unit for six months or the first lease has ended","Unknown: this building is under the RSO (built 1911), so the JCO applies only if the unit is exempt from the RSO; RSO exemption status is not in the data."
A0031,Los Angeles,r-0029,applies,False,Not a housing authority or government-owned property,"Applies unless the property is a housing authority or government-owned property. Apartments per the assessor; built 1911, before the 1 Oct 1978 certificate of occupancy cutoff."
A0031,Los Angeles,r-0030,applies,True,"Not government-owned or regulated housing, or affordable housing with a recorded covenant","Applies unless the property is government-owned or regulated housing, or affordable housing with a recorded covenant. Built 1911, before the 1 Oct 1978 certificate of occupancy cutoff; apartments per the assessor. Open question: two published effective dates for the new formula (2 February 2026 per LAHD; 24 January 2026 per a landlord association). Flagged for human review."
A0031,Los Angeles,r-0031,applies,False,,Applies to all residential rentals in Los Angeles. State screening rules apply too; both are listed here.
A0031,Los Angeles,r-0032,applies,False,Once the deposit has been held for at least one year,"Applies: built 1911, before the 1 Oct 1978 certificate of occupancy cutoff; apartments per the assessor. Protection begins once the deposit has been held for at least one year. State deposit rules apply too; both are listed here."
A0032,Jersey City,r-0026,applies,True,"Not an inpatient medical, licensed long-term care or detention facility","Applies unless the property is an inpatient medical, licensed long-term care or detention facility. Possible preemption: from 1 July 2027 the NJ FAIR Act may preempt the Hoboken and Jersey City algorithmic rent ordinances. Flagged for human review; not decided here."
A0032,Jersey City,r-0027,unknown,False,,"Unknown: needs the unit count. The rule covers buildings with five or more units. The assessor building code '4S-B-D-8U-NH' suggests 8 units (derived, unconfirmed)."
A0032,Jersey City,r-0044,not_yet_effective,True,,Not yet in force: takes effect 1 Jul 2027. Possible preemption: from 1 July 2027 the NJ FAIR Act may preempt the Hoboken and Jersey City algorithmic rent ordinances. Flagged for human review; not decided here.
A0032,Jersey City,r-0045,unknown,False,Not let through a licensed real estate agent who is not the landlord,Unknown: needs the building type. Exemption that depends on it: a one-family or two-family dwelling.
A0032,Jersey City,r-0046,unknown,False,"Not a hotel, motel or guest house let to transient or seasonal guests",Unknown: needs owner identity. Exemption that depends on it: an owner-occupied building with two or fewer rental units.
A0032,Jersey City,r-0047,unknown,False,"Not a hotel, motel or seasonal rental",Unknown: needs owner identity. Exemption that depends on it: an owner-occupied two- or three-family dwelling.
A0032,Jersey City,r-0049,unknown,False,,"Unknown: needs the unit count. Exemption that depends on it: an owner-occupied two-family dwelling. The assessor building code '4S-B-D-8U-NH' suggests 8 units (derived, unconfirmed)."
A0032,Jersey City,r-0050,unknown,False,,Unknown: needs owner identity. Exemption that depends on it: an owner-occupied building with four or fewer units.
A0032,Jersey City,r-0051,unknown,False,Not a seasonal rental of 125 days or less,Unknown: needs owner identity. Exemption that depends on it: an owner-occupied building with two or fewer rental units.
A0033,San Francisco,r-0013,applies,False,,Applies to all residential rentals in California.
A0033,San Francisco,r-0014,applies,False,,Applies to all residential rentals in California.
A0033,San Francisco,r-0015,superseded,False,Not a unit where the tenant shares a bathroom or kitchen with the owner-occupant | Not deed-restricted affordable housing | Once the tenant has lived in the unit for 12 months,Governed instead by San Francisco Rent Ordinance just cause eviction (S.F. Admin. Code § 37.9(a)); the stricter local rule applies here.
A0033,San Francisco,r-0016,superseded,False,Not deed-restricted or subsidised affordable housing,Governed instead by San Francisco annual allowable rent increase (3/1/2026–2/28/2027); the stricter local rule applies here.
A0033,San Francisco,r-0017,applies,False,,Applies to all residential rentals in California.
A0033,San Francisco,r-0018,applies,False,,"Applies: 5 units, above the coverage threshold."
A0033,San Francisco,r-0019,applies,False,Once the deposit was collected on or after 1 Jul 2024,Applies to all residential rentals in California. Protection begins once the deposit was collected on or after 1 Jul 2024.
A0033,San Francisco,r-0057,applies,False,,Applies to all residential rentals in San Francisco. State algorithm rules apply too; both are listed here.
A0033,San Francisco,r-0058,applies,False,,Applies to all residential rentals in San Francisco. Statutory exemptions for certain owner-occupied shared units and institutional housing cannot be checked from county data.
A0033,San Francisco,r-0059,applies,False,,"Applies: built 1910, before the 13 Jun 1979 certificate of occupancy cutoff."
A0033,San Francisco,r-0060,unknown,False,,Unknown: needs affordable housing status. The rule covers affordable housing.
A0033,San Francisco,r-0061,applies,False,,Applies to all residential rentals in San Francisco. State deposit rules apply too; both are listed here.
A0034,Cambridge,r-0020,pending,False,,"Bill, not law: a pending bill or proposal, not yet enacted."
A0034,Cambridge,r-0021,applies,False,,Applies: apartments per the assessor.
A0034,Cambridge,r-0022,applies,False,,"Applies: 6 units, so the exemption for an owner-occupied two-family dwelling cannot apply. State screening rules apply too; both are listed here."
A0034,Cambridge,r-0033,pending,False,,"Bill, not law: a pending bill or proposal, not yet enacted."
A0034,Cambridge,r-0034,pending,False,,"Bill, not law: a pending bill or proposal, not yet enacted."
A0034,Cambridge,r-0035,applies,False,,Applies to all residential rentals in Massachusetts.
A0034,Cambridge,r-0036,applies,False,,Applies: apartments per the assessor.
A0034,Cambridge,r-0041,applies,False,,Applies to all residential rentals in Massachusetts.
A0034,Cambridge,r-0042,applies,False,,Applies to all residential rentals in Massachusetts.
A0034,Cambridge,r-0043,applies,False,,Applies: apartments per the assessor.
A0035,Los Angeles,r-0013,applies,False,,Applies to all residential rentals in California.
A0035,Los Angeles,r-0014,applies,False,,Applies to all residential rentals in California.
A0035,Los Angeles,r-0015,superseded,False,Not a unit where the tenant shares a bathroom or kitchen with the owner-occupant | Not deed-restricted affordable housing | Once the tenant has lived in the unit for 12 months,Governed instead by Los Angeles Just Cause for Eviction Ordinance (JCO); the stricter local rule applies here.
A0035,Los Angeles,r-0016,applies,False,Not deed-restricted or subsidised affordable housing,"Applies unless the property is deed-restricted or subsidised affordable housing. Built 1997, before the 15 year certificate of occupancy window (built before 2011); apartments per the assessor."
A0035,Los Angeles,r-0017,applies,False,,Applies to all residential rentals in California.
A0035,Los Angeles,r-0018,applies,False,,"Applies: 14 units, above the coverage threshold."
A0035,Los Angeles,r-0019,applies,False,Once the deposit was collected on or after 1 Jul 2024,Applies to all residential rentals in California. Protection begins once the deposit was collected on or after 1 Jul 2024.
A0035,Los Angeles,r-0028,applies,False,"Not a cooperative, nonprofit homeless facility or short-term treatment facility | Once the tenant has lived in the unit for six months or the first lease has ended","Applies unless the property is a cooperative, nonprofit homeless facility or short-term treatment facility. Apartments per the assessor; built 1997, after the 1 Oct 1978 certificate of occupancy cutoff. Protection begins once the tenant has lived in the unit for six months or the first lease has ended."
A0035,Los Angeles,r-0031,applies,False,,Applies to all residential rentals in Los Angeles. State screening rules apply too; both are listed here.
A0036,Boston,r-0008,applies,False,,Applies: apartments per the assessor.
A0036,Boston,r-0011,unknown,False,,Unknown: needs affordable housing status. The rule covers housing funded or land-assisted by the Boston Department of Neighborhood Development.
A0036,Boston,r-0012,applies,False,,Applies to all residential rentals in Boston. State screening rules apply too; both are listed here.
A0036,Boston,r-0033,pending,False,,"Bill, not law: a pending bill or proposal, not yet enacted."
A0036,Boston,r-0034,pending,False,,"Bill, not law: a pending bill or proposal, not yet enacted."
A0036,Boston,r-0035,applies,False,,Applies to all residential rentals in Massachusetts.
A0036,Boston,r-0036,applies,False,,Applies: apartments per the assessor.
A0036,Boston,r-0041,applies,False,,Applies to all residential rentals in Massachusetts.
A0036,Boston,r-0042,applies,False,,Applies to all residential rentals in Massachusetts.
A0036,Boston,r-0043,applies,False,,Applies: apartments per the assessor.
A0037,Los Angeles,r-0013,applies,False,,Applies to all residential rentals in California.
A0037,Los Angeles,r-0014,applies,False,,Applies to all residential rentals in California.
A0037,Los Angeles,r-0015,superseded,False,Not a unit where the tenant shares a bathroom or kitchen with the owner-occupant | Not deed-restricted affordable housing | Once the tenant has lived in the unit for 12 months,Governed instead by Los Angeles Just Cause for Eviction Ordinance (JCO); the stricter local rule applies here.
A0037,Los Angeles,r-0016,applies,False,Not deed-restricted or subsidised affordable housing,"Applies unless the property is deed-restricted or subsidised affordable housing. Built 2001, before the 15 year certificate of occupancy window (built before 2011); apartments per the assessor."
A0037,Los Angeles,r-0017,applies,False,,Applies to all residential rentals in California.
A0037,Los Angeles,r-0018,applies,False,,"Applies: 47 units, above the coverage threshold."
A0037,Los Angeles,r-0019,applies,False,Once the deposit was collected on or after 1 Jul 2024,Applies to all residential rentals in California. Protection begins once the deposit was collected on or after 1 Jul 2024.
A0037,Los Angeles,r-0028,applies,False,"Not a cooperative, nonprofit homeless facility or short-term treatment facility | Once the tenant has lived in the unit for six months or the first lease has ended","Applies unless the property is a cooperative, nonprofit homeless facility or short-term treatment facility. Apartments per the assessor; built 2001, after the 1 Oct 1978 certificate of occupancy cutoff. Protection begins once the tenant has lived in the unit for six months or the first lease has ended."
A0037,Los Angeles,r-0031,applies,False,,Applies to all residential rentals in Los Angeles. State screening rules apply too; both are listed here.
A0038,San Francisco,r-0013,applies,False,,Applies to all residential rentals in California.
A0038,San Francisco,r-0014,applies,False,,Applies to all residential rentals in California.
A0038,San Francisco,r-0015,superseded,False,Not a unit where the tenant shares a bathroom or kitchen with the owner-occupant | Not deed-restricted affordable housing | Once the tenant has lived in the unit for 12 months,Governed instead by San Francisco Rent Ordinance just cause eviction (S.F. Admin. Code § 37.9(a)); the stricter local rule applies here.
A0038,San Francisco,r-0016,superseded,False,Not deed-restricted or subsidised affordable housing,Governed instead by San Francisco annual allowable rent increase (3/1/2026–2/28/2027); the stricter local rule applies here.
A0038,San Francisco,r-0017,applies,False,,Applies to all residential rentals in California.
A0038,San Francisco,r-0018,applies,False,,"Applies: 5 units, above the coverage threshold."
A0038,San Francisco,r-0019,applies,False,Once the deposit was collected on or after 1 Jul 2024,Applies to all residential rentals in California. Protection begins once the deposit was collected on or after 1 Jul 2024.
A0038,San Francisco,r-0057,applies,False,,Applies to all residential rentals in San Francisco. State algorithm rules apply too; both are listed here.
A0038,San Francisco,r-0058,applies,False,,Applies to all residential rentals in San Francisco. Statutory exemptions for certain owner-occupied shared units and institutional housing cannot be checked from county data.
A0038,San Francisco,r-0059,applies,False,,"Applies: built 1908, before the 13 Jun 1979 certificate of occupancy cutoff."
A0038,San Francisco,r-0060,unknown,False,,Unknown: needs affordable housing status. The rule covers affordable housing.
A0038,San Francisco,r-0061,applies,False,,Applies to all residential rentals in San Francisco. State deposit rules apply too; both are listed here.
A0039,Cambridge,r-0020,pending,False,,"Bill, not law: a pending bill or proposal, not yet enacted."
A0039,Cambridge,r-0021,applies,False,,Applies: apartments per the assessor.
A0039,Cambridge,r-0022,applies,False,,"Applies: 32 units, so the exemption for an owner-occupied two-family dwelling cannot apply. State screening rules apply too; both are listed here."
A0039,Cambridge,r-0033,pending,False,,"Bill, not law: a pending bill or proposal, not yet enacted."
A0039,Cambridge,r-0034,pending,False,,"Bill, not law: a pending bill or proposal, not yet enacted."
A0039,Cambridge,r-0035,applies,False,,Applies to all residential rentals in Massachusetts.
A0039,Cambridge,r-0036,applies,False,,Applies: apartments per the assessor.
A0039,Cambridge,r-0041,applies,False,,Applies to all residential rentals in Massachusetts.
A0039,Cambridge,r-0042,applies,False,,Applies to all residential rentals in Massachusetts.
A0039,Cambridge,r-0043,applies,False,,Applies: apartments per the assessor.
A0040,Hoboken,r-0023,applies,True,"Not a medical, long-term care or detention facility","Applies unless the property is a medical, long-term care or detention facility. Possible preemption: from 1 July 2027 the NJ FAIR Act may preempt the Hoboken and Jersey City algorithmic rent ordinances. Flagged for human review; not decided here."
A0040,Hoboken,r-0024,applies,False,,Applies to all residential rentals in Hoboken.
A0040,Hoboken,r-0025,unknown,False,"Not a hotel, motel, commercial or industrial unit, or institutional student housing","Unknown: needs year built. The rule covers buildings built on or before 25 Jun 1987, or newer buildings whose exemption period (at most 30 years) has ended."
A0040,Hoboken,r-0044,not_yet_effective,True,,Not yet in force: takes effect 1 Jul 2027. Possible preemption: from 1 July 2027 the NJ FAIR Act may preempt the Hoboken and Jersey City algorithmic rent ordinances. Flagged for human review; not decided here.
A0040,Hoboken,r-0045,unknown,False,Not let through a licensed real estate agent who is not the landlord,Unknown: needs the building type. Exemption that depends on it: a one-family or two-family dwelling.
A0040,Hoboken,r-0046,unknown,False,"Not a hotel, motel or guest house let to transient or seasonal guests",Unknown: needs owner identity. Exemption that depends on it: an owner-occupied building with two or fewer rental units.
A0040,Hoboken,r-0047,unknown,False,"Not a hotel, motel or seasonal rental",Unknown: needs owner identity. Exemption that depends on it: an owner-occupied two- or three-family dwelling.
A0040,Hoboken,r-0049,unknown,False,,"Unknown: needs the unit count. Exemption that depends on it: an owner-occupied two-family dwelling. The assessor building code '3B-7U/4B-24U-G' suggests 31 units (derived, unconfirmed)."
A0040,Hoboken,r-0050,unknown,False,,Unknown: needs owner identity. Exemption that depends on it: an owner-occupied building with four or fewer units.
A0040,Hoboken,r-0051,unknown,False,Not a seasonal rental of 125 days or less,Unknown: needs owner identity. Exemption that depends on it: an owner-occupied building with two or fewer rental units.
A0041,San Francisco,r-0013,applies,False,,Applies to all residential rentals in California.
A0041,San Francisco,r-0014,applies,False,,Applies to all residential rentals in California.
A0041,San Francisco,r-0015,superseded,False,Not a unit where the tenant shares a bathroom or kitchen with the owner-occupant | Not deed-restricted affordable housing | Once the tenant has lived in the unit for 12 months,Governed instead by San Francisco Rent Ordinance just cause eviction (S.F. Admin. Code § 37.9(a)); the stricter local rule applies here.
A0041,San Francisco,r-0016,superseded,False,Not deed-restricted or subsidised affordable housing,Governed instead by San Francisco annual allowable rent increase (3/1/2026–2/28/2027); the stricter local rule applies here.
A0041,San Francisco,r-0017,applies,False,,Applies to all residential rentals in California.
A0041,San Francisco,r-0018,applies,False,,"Applies: 15 units, above the coverage threshold."
A0041,San Francisco,r-0019,applies,False,Once the deposit was collected on or after 1 Jul 2024,Applies to all residential rentals in California. Protection begins once the deposit was collected on or after 1 Jul 2024.
A0041,San Francisco,r-0057,applies,False,,Applies to all residential rentals in San Francisco. State algorithm rules apply too; both are listed here.
A0041,San Francisco,r-0058,applies,False,,Applies to all residential rentals in San Francisco. Statutory exemptions for certain owner-occupied shared units and institutional housing cannot be checked from county data.
A0041,San Francisco,r-0059,applies,False,,"Applies: built 1900, before the 13 Jun 1979 certificate of occupancy cutoff."
A0041,San Francisco,r-0060,unknown,False,,Unknown: needs affordable housing status. The rule covers affordable housing.
A0041,San Francisco,r-0061,applies,False,,Applies to all residential rentals in San Francisco. State deposit rules apply too; both are listed here.
A0042,Jersey City,r-0026,applies,True,"Not an inpatient medical, licensed long-term care or detention facility","Applies unless the property is an inpatient medical, licensed long-term care or detention facility. Possible preemption: from 1 July 2027 the NJ FAIR Act may preempt the Hoboken and Jersey City algorithmic rent ordinances. Flagged for human review; not decided here."
A0042,Jersey City,r-0027,unknown,False,,"Unknown: needs the unit count. The rule covers buildings with five or more units. The assessor building code '2S-B-A-6U' suggests 6 units (derived, unconfirmed)."
A0042,Jersey City,r-0044,not_yet_effective,True,,Not yet in force: takes effect 1 Jul 2027. Possible preemption: from 1 July 2027 the NJ FAIR Act may preempt the Hoboken and Jersey City algorithmic rent ordinances. Flagged for human review; not decided here.
A0042,Jersey City,r-0045,unknown,False,Not let through a licensed real estate agent who is not the landlord,Unknown: needs the building type. Exemption that depends on it: a one-family or two-family dwelling.
A0042,Jersey City,r-0046,unknown,False,"Not a hotel, motel or guest house let to transient or seasonal guests",Unknown: needs owner identity. Exemption that depends on it: an owner-occupied building with two or fewer rental units.
A0042,Jersey City,r-0047,unknown,False,"Not a hotel, motel or seasonal rental",Unknown: needs owner identity. Exemption that depends on it: an owner-occupied two- or three-family dwelling.
A0042,Jersey City,r-0049,unknown,False,,"Unknown: needs the unit count. Exemption that depends on it: an owner-occupied two-family dwelling. The assessor building code '2S-B-A-6U' suggests 6 units (derived, unconfirmed)."
A0042,Jersey City,r-0050,unknown,False,,Unknown: needs owner identity. Exemption that depends on it: an owner-occupied building with four or fewer units.
A0042,Jersey City,r-0051,unknown,False,Not a seasonal rental of 125 days or less,Unknown: needs owner identity. Exemption that depends on it: an owner-occupied building with two or fewer rental units.
A0043,Cambridge,r-0020,pending,False,,"Bill, not law: a pending bill or proposal, not yet enacted."
A0043,Cambridge,r-0021,applies,False,,Applies: apartments per the assessor.
A0043,Cambridge,r-0022,applies,False,,"Applies: 6 units, so the exemption for an owner-occupied two-family dwelling cannot apply. State screening rules apply too; both are listed here."
A0043,Cambridge,r-0033,pending,False,,"Bill, not law: a pending bill or proposal, not yet enacted."
A0043,Cambridge,r-0034,pending,False,,"Bill, not law: a pending bill or proposal, not yet enacted."
A0043,Cambridge,r-0035,applies,False,,Applies to all residential rentals in Massachusetts.
A0043,Cambridge,r-0036,applies,False,,Applies: apartments per the assessor.
A0043,Cambridge,r-0041,applies,False,,Applies to all residential rentals in Massachusetts.
A0043,Cambridge,r-0042,applies,False,,Applies to all residential rentals in Massachusetts.
A0043,Cambridge,r-0043,applies,False,,Applies: apartments per the assessor.
A0044,Newark,r-0044,not_yet_effective,False,,Not yet in force: takes effect 1 Jul 2027.
A0044,Newark,r-0045,unknown,False,Not let through a licensed real estate agent who is not the landlord,Unknown: needs the building type. Exemption that depends on it: a one-family or two-family dwelling.
A0044,Newark,r-0046,unknown,False,"Not a hotel, motel or guest house let to transient or seasonal guests",Unknown: needs owner identity. Exemption that depends on it: an owner-occupied building with two or fewer rental units.
A0044,Newark,r-0047,unknown,False,"Not a hotel, motel or seasonal rental",Unknown: needs owner identity. Exemption that depends on it: an owner-occupied two- or three-family dwelling.
A0044,Newark,r-0049,unknown,False,,Unknown: needs the unit count. Exemption that depends on it: an owner-occupied two-family dwelling.
A0044,Newark,r-0050,unknown,False,,Unknown: needs owner identity. Exemption that depends on it: an owner-occupied building with four or fewer units.
A0044,Newark,r-0051,unknown,False,Not a seasonal rental of 125 days or less,Unknown: needs owner identity. Exemption that depends on it: an owner-occupied building with two or fewer rental units.
A0044,Newark,r-0052,unknown,False,Not a hotel or motel let day to day to transients | Not public housing or a unit whose rent a government agency regulates,Unknown: needs year built. Exemption that depends on it: a newly built multiple dwelling still within its exemption period (at most 30 years).
A0044,Newark,r-0053,unknown,False,Not housing designated for a programme for people with criminal records,Unknown: needs the unit count. Exemption that depends on it: an owner-occupied two-family dwelling or a room in an owner-occupied home.
A0045,Los Angeles,r-0013,applies,False,,Applies to all residential rentals in California.
A0045,Los Angeles,r-0014,applies,False,,Applies to all residential rentals in California.
A0045,Los Angeles,r-0015,superseded,False,Not a unit where the tenant shares a bathroom or kitchen with the owner-occupant | Not deed-restricted affordable housing | Once the tenant has lived in the unit for 12 months,Governed instead by Los Angeles Just Cause for Eviction Ordinance (JCO); the stricter local rule applies here.
A0045,Los Angeles,r-0016,applies,False,Not deed-restricted or subsidised affordable housing,"Applies unless the property is deed-restricted or subsidised affordable housing. Built 1987, before the 15 year certificate of occupancy window (built before 2011); apartments per the assessor."
A0045,Los Angeles,r-0017,applies,False,,Applies to all residential rentals in California.
A0045,Los Angeles,r-0018,applies,False,,"Applies: 65 units, above the coverage threshold."
A0045,Los Angeles,r-0019,applies,False,Once the deposit was collected on or after 1 Jul 2024,Applies to all residential rentals in California. Protection begins once the deposit was collected on or after 1 Jul 2024.
A0045,Los Angeles,r-0028,applies,False,"Not a cooperative, nonprofit homeless facility or short-term treatment facility | Once the tenant has lived in the unit for six months or the first lease has ended","Applies unless the property is a cooperative, nonprofit homeless facility or short-term treatment facility. Apartments per the assessor; built 1987, after the 1 Oct 1978 certificate of occupancy cutoff. Protection begins once the tenant has lived in the unit for six months or the first lease has ended."
A0045,Los Angeles,r-0031,applies,False,,Applies to all residential rentals in Los Angeles. State screening rules apply too; both are listed here.
A0046,Cambridge,r-0020,pending,False,,"Bill, not law: a pending bill or proposal, not yet enacted."
A0046,Cambridge,r-0021,applies,False,,Applies: apartments per the assessor.
A0046,Cambridge,r-0022,applies,False,,"Applies: 44 units, so the exemption for an owner-occupied two-family dwelling cannot apply. State screening rules apply too; both are listed here."
A0046,Cambridge,r-0033,pending,False,,"Bill, not law: a pending bill or proposal, not yet enacted."
A0046,Cambridge,r-0034,pending,False,,"Bill, not law: a pending bill or proposal, not yet enacted."
A0046,Cambridge,r-0035,applies,False,,Applies to all residential rentals in Massachusetts.
A0046,Cambridge,r-0036,applies,False,,Applies: apartments per the assessor.
A0046,Cambridge,r-0041,applies,False,,Applies to all residential rentals in Massachusetts.
A0046,Cambridge,r-0042,applies,False,,Applies to all residential rentals in Massachusetts.
A0046,Cambridge,r-0043,applies,False,,Applies: apartments per the assessor.
A0047,Jersey City,r-0026,applies,True,"Not an inpatient medical, licensed long-term care or detention facility","Applies unless the property is an inpatient medical, licensed long-term care or detention facility. Possible preemption: from 1 July 2027 the NJ FAIR Act may preempt the Hoboken and Jersey City algorithmic rent ordinances. Flagged for human review; not decided here."
A0047,Jersey City,r-0027,unknown,False,,"Unknown: needs the unit count. The rule covers buildings with five or more units. The assessor building code '3S-B-D-6U-H' suggests 6 units (derived, unconfirmed)."
A0047,Jersey City,r-0044,not_yet_effective,True,,Not yet in force: takes effect 1 Jul 2027. Possible preemption: from 1 July 2027 the NJ FAIR Act may preempt the Hoboken and Jersey City algorithmic rent ordinances. Flagged for human review; not decided here.
A0047,Jersey City,r-0045,unknown,False,Not let through a licensed real estate agent who is not the landlord,Unknown: needs the building type. Exemption that depends on it: a one-family or two-family dwelling.
A0047,Jersey City,r-0046,unknown,False,"Not a hotel, motel or guest house let to transient or seasonal guests",Unknown: needs owner identity. Exemption that depends on it: an owner-occupied building with two or fewer rental units.
A0047,Jersey City,r-0047,unknown,False,"Not a hotel, motel or seasonal rental",Unknown: needs owner identity. Exemption that depends on it: an owner-occupied two- or three-family dwelling.
A0047,Jersey City,r-0049,unknown,False,,"Unknown: needs the unit count. Exemption that depends on it: an owner-occupied two-family dwelling. The assessor building code '3S-B-D-6U-H' suggests 6 units (derived, unconfirmed)."
A0047,Jersey City,r-0050,unknown,False,,Unknown: needs owner identity. Exemption that depends on it: an owner-occupied building with four or fewer units.
A0047,Jersey City,r-0051,unknown,False,Not a seasonal rental of 125 days or less,Unknown: needs owner identity. Exemption that depends on it: an owner-occupied building with two or fewer rental units.
A0048,Boston,r-0008,applies,False,,Applies: apartments per the assessor.
A0048,Boston,r-0011,unknown,False,,Unknown: needs affordable housing status. The rule covers housing funded or land-assisted by the Boston Department of Neighborhood Development.
A0048,Boston,r-0012,applies,False,,Applies to all residential rentals in Boston. State screening rules apply too; both are listed here.
A0048,Boston,r-0033,pending,False,,"Bill, not law: a pending bill or proposal, not yet enacted."
A0048,Boston,r-0034,pending,False,,"Bill, not law: a pending bill or proposal, not yet enacted."
A0048,Boston,r-0035,applies,False,,Applies to all residential rentals in Massachusetts.
A0048,Boston,r-0036,applies,False,,Applies: apartments per the assessor.
A0048,Boston,r-0041,applies,False,,Applies to all residential rentals in Massachusetts.
A0048,Boston,r-0042,applies,False,,Applies to all residential rentals in Massachusetts.
A0048,Boston,r-0043,applies,False,,Applies: apartments per the assessor.
A0049,Hoboken,r-0023,applies,True,"Not a medical, long-term care or detention facility","Applies unless the property is a medical, long-term care or detention facility. Possible preemption: from 1 July 2027 the NJ FAIR Act may preempt the Hoboken and Jersey City algorithmic rent ordinances. Flagged for human review; not decided here."
A0049,Hoboken,r-0024,applies,False,,Applies to all residential rentals in Hoboken.
A0049,Hoboken,r-0025,unknown,False,"Not a hotel, motel, commercial or industrial unit, or institutional student housing","Unknown: needs year built. The rule covers buildings built on or before 25 Jun 1987, or newer buildings whose exemption period (at most 30 years) has ended."
A0049,Hoboken,r-0044,not_yet_effective,True,,Not yet in force: takes effect 1 Jul 2027. Possible preemption: from 1 July 2027 the NJ FAIR Act may preempt the Hoboken and Jersey City algorithmic rent ordinances. Flagged for human review; not decided here.
A0049,Hoboken,r-0045,unknown,False,Not let through a licensed real estate agent who is not the landlord,Unknown: needs the building type. Exemption that depends on it: a one-family or two-family dwelling.
A0049,Hoboken,r-0046,unknown,False,"Not a hotel, motel or guest house let to transient or seasonal guests",Unknown: needs owner identity. Exemption that depends on it: an owner-occupied building with two or fewer rental units.
A0049,Hoboken,r-0047,unknown,False,"Not a hotel, motel or seasonal rental",Unknown: needs owner identity. Exemption that depends on it: an owner-occupied two- or three-family dwelling.
A0049,Hoboken,r-0049,unknown,False,,"Unknown: needs the unit count. Exemption that depends on it: an owner-occupied two-family dwelling. The assessor building code '3S-6U-AFFORDABL' suggests 6 units (derived, unconfirmed)."
A0049,Hoboken,r-0050,unknown,False,,Unknown: needs owner identity. Exemption that depends on it: an owner-occupied building with four or fewer units.
A0049,Hoboken,r-0051,unknown,False,Not a seasonal rental of 125 days or less,Unknown: needs owner identity. Exemption that depends on it: an owner-occupied building with two or fewer rental units.
A0050,San Francisco,r-0013,applies,False,,Applies to all residential rentals in California.
A0050,San Francisco,r-0014,applies,False,,Applies to all residential rentals in California.
A0050,San Francisco,r-0015,superseded,False,Not a unit where the tenant shares a bathroom or kitchen with the owner-occupant | Not deed-restricted affordable housing | Once the tenant has lived in the unit for 12 months,Governed instead by San Francisco Rent Ordinance just cause eviction (S.F. Admin. Code § 37.9(a)); the stricter local rule applies here.
A0050,San Francisco,r-0016,applies,False,Not deed-restricted or subsidised affordable housing,"Applies unless the property is deed-restricted or subsidised affordable housing. Built 1986, before the 15 year certificate of occupancy window (built before 2011); apartments per the assessor."
A0050,San Francisco,r-0017,applies,False,,Applies to all residential rentals in California.
A0050,San Francisco,r-0018,applies,False,,"Applies: 49 units, above the coverage threshold."
A0050,San Francisco,r-0019,applies,False,Once the deposit was collected on or after 1 Jul 2024,Applies to all residential rentals in California. Protection begins once the deposit was collected on or after 1 Jul 2024.
A0050,San Francisco,r-0057,applies,False,,Applies to all residential rentals in San Francisco. State algorithm rules apply too; both are listed here.
A0050,San Francisco,r-0058,applies,False,,Applies to all residential rentals in San Francisco. Statutory exemptions for certain owner-occupied shared units and institutional housing cannot be checked from county data.
A0050,San Francisco,r-0060,unknown,False,,Unknown: needs affordable housing status. The rule covers affordable housing.
A0050,San Francisco,r-0061,applies,False,,Applies to all residential rentals in San Francisco. State deposit rules apply too; both are listed here.
A0051,Jersey City,r-0026,applies,True,"Not an inpatient medical, licensed long-term care or detention facility","Applies unless the property is an inpatient medical, licensed long-term care or detention facility. Possible preemption: from 1 July 2027 the NJ FAIR Act may preempt the Hoboken and Jersey City algorithmic rent ordinances. Flagged for human review; not decided here."
A0051,Jersey City,r-0027,unknown,False,,"Unknown: needs the unit count. The rule covers buildings with five or more units. The assessor building code '3S+BT-F-6U' suggests 6 units (derived, unconfirmed)."
A0051,Jersey City,r-0044,not_yet_effective,True,,Not yet in force: takes effect 1 Jul 2027. Possible preemption: from 1 July 2027 the NJ FAIR Act may preempt the Hoboken and Jersey City algorithmic rent ordinances. Flagged for human review; not decided here.
A0051,Jersey City,r-0045,unknown,False,Not let through a licensed real estate agent who is not the landlord,Unknown: needs the building type. Exemption that depends on it: a one-family or two-family dwelling.
A0051,Jersey City,r-0046,unknown,False,"Not a hotel, motel or guest house let to transient or seasonal guests",Unknown: needs owner identity. Exemption that depends on it: an owner-occupied building with two or fewer rental units.
A0051,Jersey City,r-0047,unknown,False,"Not a hotel, motel or seasonal rental",Unknown: needs owner identity. Exemption that depends on it: an owner-occupied two- or three-family dwelling.
A0051,Jersey City,r-0049,unknown,False,,"Unknown: needs the unit count. Exemption that depends on it: an owner-occupied two-family dwelling. The assessor building code '3S+BT-F-6U' suggests 6 units (derived, unconfirmed)."
A0051,Jersey City,r-0050,unknown,False,,Unknown: needs owner identity. Exemption that depends on it: an owner-occupied building with four or fewer units.
A0051,Jersey City,r-0051,unknown,False,Not a seasonal rental of 125 days or less,Unknown: needs owner identity. Exemption that depends on it: an owner-occupied building with two or fewer rental units.
A0052,Boston,r-0008,applies,False,,Applies: apartments per the assessor.
A0052,Boston,r-0011,unknown,False,,Unknown: needs affordable housing status. The rule covers housing funded or land-assisted by the Boston Department of Neighborhood Development.
A0052,Boston,r-0012,applies,False,,Applies to all residential rentals in Boston. State screening rules apply too; both are listed here.
A0052,Boston,r-0033,pending,False,,"Bill, not law: a pending bill or proposal, not yet enacted."
A0052,Boston,r-0034,pending,False,,"Bill, not law: a pending bill or proposal, not yet enacted."
A0052,Boston,r-0035,applies,False,,Applies to all residential rentals in Massachusetts.
A0052,Boston,r-0036,applies,False,,Applies: apartments per the assessor.
A0052,Boston,r-0041,applies,False,,Applies to all residential rentals in Massachusetts.
A0052,Boston,r-0042,applies,False,,Applies to all residential rentals in Massachusetts.
A0052,Boston,r-0043,applies,False,,Applies: apartments per the assessor.
A0053,Boston,r-0008,applies,False,,Applies: apartments per the assessor.
A0053,Boston,r-0011,unknown,False,,Unknown: needs affordable housing status. The rule covers housing funded or land-assisted by the Boston Department of Neighborhood Development.
A0053,Boston,r-0012,applies,False,,Applies to all residential rentals in Boston. State screening rules apply too; both are listed here.
A0053,Boston,r-0033,pending,False,,"Bill, not law: a pending bill or proposal, not yet enacted."
A0053,Boston,r-0034,pending,False,,"Bill, not law: a pending bill or proposal, not yet enacted."
A0053,Boston,r-0035,applies,False,,Applies to all residential rentals in Massachusetts.
A0053,Boston,r-0036,applies,False,,Applies: apartments per the assessor.
A0053,Boston,r-0041,applies,False,,Applies to all residential rentals in Massachusetts.
A0053,Boston,r-0042,applies,False,,Applies to all residential rentals in Massachusetts.
A0053,Boston,r-0043,applies,False,,Applies: apartments per the assessor.
A0054,Boston,r-0008,applies,False,,Applies: apartments per the assessor.
A0054,Boston,r-0011,unknown,False,,Unknown: needs affordable housing status. The rule covers housing funded or land-assisted by the Boston Department of Neighborhood Development.
A0054,Boston,r-0012,applies,False,,Applies to all residential rentals in Boston. State screening rules apply too; both are listed here.
A0054,Boston,r-0033,pending,False,,"Bill, not law: a pending bill or proposal, not yet enacted."
A0054,Boston,r-0034,pending,False,,"Bill, not law: a pending bill or proposal, not yet enacted."
A0054,Boston,r-0035,applies,False,,Applies to all residential rentals in Massachusetts.
A0054,Boston,r-0036,applies,False,,Applies: apartments per the assessor.
A0054,Boston,r-0041,applies,False,,Applies to all residential rentals in Massachusetts.
A0054,Boston,r-0042,applies,False,,Applies to all residential rentals in Massachusetts.
A0054,Boston,r-0043,applies,False,,Applies: apartments per the assessor.
A0055,San Francisco,r-0013,applies,False,,Applies to all residential rentals in California.
A0055,San Francisco,r-0014,applies,False,,Applies to all residential rentals in California.
A0055,San Francisco,r-0015,superseded,False,Not a unit where the tenant shares a bathroom or kitchen with the owner-occupant | Not deed-restricted affordable housing | Once the tenant has lived in the unit for 12 months,Governed instead by San Francisco Rent Ordinance just cause eviction (S.F. Admin. Code § 37.9(a)); the stricter local rule applies here.
A0055,San Francisco,r-0016,superseded,False,Not deed-restricted or subsidised affordable housing,Governed instead by San Francisco annual allowable rent increase (3/1/2026–2/28/2027); the stricter local rule applies here.
A0055,San Francisco,r-0017,applies,False,,Applies to all residential rentals in California.
A0055,San Francisco,r-0018,applies,False,,"Applies: 6 units, above the coverage threshold."
A0055,San Francisco,r-0019,applies,False,Once the deposit was collected on or after 1 Jul 2024,Applies to all residential rentals in California. Protection begins once the deposit was collected on or after 1 Jul 2024.
A0055,San Francisco,r-0057,applies,False,,Applies to all residential rentals in San Francisco. State algorithm rules apply too; both are listed here.
A0055,San Francisco,r-0058,applies,False,,Applies to all residential rentals in San Francisco. Statutory exemptions for certain owner-occupied shared units and institutional housing cannot be checked from county data.
A0055,San Francisco,r-0059,applies,False,,"Applies: built 1963, before the 13 Jun 1979 certificate of occupancy cutoff."
A0055,San Francisco,r-0060,unknown,False,,Unknown: needs affordable housing status. The rule covers affordable housing.
A0055,San Francisco,r-0061,applies,False,,Applies to all residential rentals in San Francisco. State deposit rules apply too; both are listed here.
A0056,Boston,r-0008,applies,False,,Applies: apartments per the assessor.
A0056,Boston,r-0011,unknown,False,,Unknown: needs affordable housing status. The rule covers housing funded or land-assisted by the Boston Department of Neighborhood Development.
A0056,Boston,r-0012,applies,False,,Applies to all residential rentals in Boston. State screening rules apply too; both are listed here.
A0056,Boston,r-0033,pending,False,,"Bill, not law: a pending bill or proposal, not yet enacted."
A0056,Boston,r-0034,pending,False,,"Bill, not law: a pending bill or proposal, not yet enacted."
A0056,Boston,r-0035,applies,False,,Applies to all residential rentals in Massachusetts.
A0056,Boston,r-0036,applies,False,,Applies: apartments per the assessor.
A0056,Boston,r-0041,applies,False,,Applies to all residential rentals in Massachusetts.
A0056,Boston,r-0042,applies,False,,Applies to all residential rentals in Massachusetts.
A0056,Boston,r-0043,applies,False,,Applies: apartments per the assessor.
A0057,Newark,r-0044,not_yet_effective,False,,Not yet in force: takes effect 1 Jul 2027.
A0057,Newark,r-0045,unknown,False,Not let through a licensed real estate agent who is not the landlord,Unknown: needs the building type. Exemption that depends on it: a one-family or two-family dwelling.
A0057,Newark,r-0046,unknown,False,"Not a hotel, motel or guest house let to transient or seasonal guests",Unknown: needs owner identity. Exemption that depends on it: an owner-occupied building with two or fewer rental units.
A0057,Newark,r-0047,unknown,False,"Not a hotel, motel or seasonal rental",Unknown: needs owner identity. Exemption that depends on it: an owner-occupied two- or three-family dwelling.
A0057,Newark,r-0049,unknown,False,,Unknown: needs the unit count. Exemption that depends on it: an owner-occupied two-family dwelling.
A0057,Newark,r-0050,unknown,False,,Unknown: needs owner identity. Exemption that depends on it: an owner-occupied building with four or fewer units.
A0057,Newark,r-0051,unknown,False,Not a seasonal rental of 125 days or less,Unknown: needs owner identity. Exemption that depends on it: an owner-occupied building with two or fewer rental units.
A0057,Newark,r-0052,unknown,False,Not a hotel or motel let day to day to transients | Not public housing or a unit whose rent a government agency regulates,Unknown: needs year built. Exemption that depends on it: a newly built multiple dwelling still within its exemption period (at most 30 years).
A0057,Newark,r-0053,unknown,False,Not housing designated for a programme for people with criminal records,Unknown: needs the unit count. Exemption that depends on it: an owner-occupied two-family dwelling or a room in an owner-occupied home.
A0058,San Diego,r-0013,applies,False,,Applies to all residential rentals in California.
A0058,San Diego,r-0014,applies,False,,Applies to all residential rentals in California.
A0058,San Diego,r-0015,superseded,False,Not a unit where the tenant shares a bathroom or kitchen with the owner-occupant | Not deed-restricted affordable housing | Once the tenant has lived in the unit for 12 months,"Governed instead by San Diego Residential Tenant Protections (just cause for termination of tenancy); it shares the same coverage condition, so wherever this rule applies the stricter local rule governs."
A0058,San Diego,r-0016,unknown,False,Not deed-restricted or subsidised affordable housing,Unknown: needs year built. Exemption that depends on it: a building with a certificate of occupancy issued within the last 15 years.
A0058,San Diego,r-0017,applies,False,,Applies to all residential rentals in California.
A0058,San Diego,r-0018,applies,False,,"Applies: 7 units, above the coverage threshold."
A0058,San Diego,r-0019,applies,False,Once the deposit was collected on or after 1 Jul 2024,Applies to all residential rentals in California. Protection begins once the deposit was collected on or after 1 Jul 2024.
A0058,San Diego,r-0054,applies,False,Not an affordable housing unit whose rent or income limits are set by programme guidelines,Applies unless the property is an affordable housing unit whose rent or income limits are set by programme guidelines. State algorithm rules apply too; both are listed here.
A0058,San Diego,r-0055,unknown,False,Not deed-restricted or subsidised affordable housing (Section 8 vouchers do not count) | Not a unit where the tenant shares a bath or kitchen with the owner | Once the tenancy has lasted more than 30 days,Unknown: needs year built. The rule covers buildings with a certificate of occupancy at least 15 years old.
A0058,San Diego,r-0056,applies,False,,"Applies: 7 units, above the coverage threshold. State screening rules apply too; both are listed here."
A0059,Newark,r-0044,not_yet_effective,False,,Not yet in force: takes effect 1 Jul 2027.
A0059,Newark,r-0045,unknown,False,Not let through a licensed real estate agent who is not the landlord,Unknown: needs the building type. Exemption that depends on it: a one-family or two-family dwelling.
A0059,Newark,r-0046,unknown,False,"Not a hotel, motel or guest house let to transient or seasonal guests",Unknown: needs owner identity. Exemption that depends on it: an owner-occupied building with two or fewer rental units.
A0059,Newark,r-0047,unknown,False,"Not a hotel, motel or seasonal rental",Unknown: needs owner identity. Exemption that depends on it: an owner-occupied two- or three-family dwelling.
A0059,Newark,r-0049,unknown,False,,Unknown: needs the unit count. Exemption that depends on it: an owner-occupied two-family dwelling.
A0059,Newark,r-0050,unknown,False,,Unknown: needs owner identity. Exemption that depends on it: an owner-occupied building with four or fewer units.
A0059,Newark,r-0051,unknown,False,Not a seasonal rental of 125 days or less,Unknown: needs owner identity. Exemption that depends on it: an owner-occupied building with two or fewer rental units.
A0059,Newark,r-0052,unknown,False,Not a hotel or motel let day to day to transients | Not public housing or a unit whose rent a government agency regulates,Unknown: needs year built. Exemption that depends on it: a newly built multiple dwelling still within its exemption period (at most 30 years).
A0059,Newark,r-0053,unknown,False,Not housing designated for a programme for people with criminal records,Unknown: needs the unit count. Exemption that depends on it: an owner-occupied two-family dwelling or a room in an owner-occupied home.
A0060,Los Angeles,r-0013,applies,False,,Applies to all residential rentals in California.
A0060,Los Angeles,r-0014,applies,False,,Applies to all residential rentals in California.
A0060,Los Angeles,r-0015,superseded,False,Not a unit where the tenant shares a bathroom or kitchen with the owner-occupant | Not deed-restricted affordable housing | Once the tenant has lived in the unit for 12 months,Governed instead by Relocation assistance for no-fault evictions under the RSO and JCO; the stricter local rule applies here.
A0060,Los Angeles,r-0016,superseded,False,Not deed-restricted or subsidised affordable housing,Governed instead by Los Angeles Rent Stabilization Ordinance (RSO) allowable rent increases; the stricter local rule applies here.
A0060,Los Angeles,r-0017,applies,False,,Applies to all residential rentals in California.
A0060,Los Angeles,r-0018,applies,False,,"Applies: 8 units, above the coverage threshold."
A0060,Los Angeles,r-0019,applies,False,Once the deposit was collected on or after 1 Jul 2024,Applies to all residential rentals in California. Protection begins once the deposit was collected on or after 1 Jul 2024.
A0060,Los Angeles,r-0028,unknown,False,"Not a cooperative, nonprofit homeless facility or short-term treatment facility | Once the tenant has lived in the unit for six months or the first lease has ended","Unknown: this building is under the RSO (built 1962), so the JCO applies only if the unit is exempt from the RSO; RSO exemption status is not in the data."
A0060,Los Angeles,r-0029,applies,False,Not a housing authority or government-owned property,"Applies unless the property is a housing authority or government-owned property. Apartments per the assessor; built 1962, before the 1 Oct 1978 certificate of occupancy cutoff."
A0060,Los Angeles,r-0030,applies,True,"Not government-owned or regulated housing, or affordable housing with a recorded covenant","Applies unless the property is government-owned or regulated housing, or affordable housing with a recorded covenant. Built 1962, before the 1 Oct 1978 certificate of occupancy cutoff; apartments per the assessor. Open question: two published effective dates for the new formula (2 February 2026 per LAHD; 24 January 2026 per a landlord association). Flagged for human review."
A0060,Los Angeles,r-0031,applies,False,,Applies to all residential rentals in Los Angeles. State screening rules apply too; both are listed here.
A0060,Los Angeles,r-0032,applies,False,Once the deposit has been held for at least one year,"Applies: built 1962, before the 1 Oct 1978 certificate of occupancy cutoff; apartments per the assessor. Protection begins once the deposit has been held for at least one year. State deposit rules apply too; both are listed here."
A0061,San Francisco,r-0013,applies,False,,Applies to all residential rentals in California.
A0061,San Francisco,r-0014,applies,False,,Applies to all residential rentals in California.
A0061,San Francisco,r-0015,superseded,False,Not a unit where the tenant shares a bathroom or kitchen with the owner-occupant | Not deed-restricted affordable housing | Once the tenant has lived in the unit for 12 months,Governed instead by San Francisco Rent Ordinance just cause eviction (S.F. Admin. Code § 37.9(a)); the stricter local rule applies here.
A0061,San Francisco,r-0016,superseded,False,Not deed-restricted or subsidised affordable housing,Governed instead by San Francisco annual allowable rent increase (3/1/2026–2/28/2027); the stricter local rule applies here.
A0061,San Francisco,r-0017,applies,False,,Applies to all residential rentals in California.
A0061,San Francisco,r-0018,applies,False,,"Applies: 5 units, above the coverage threshold."
A0061,San Francisco,r-0019,applies,False,Once the deposit was collected on or after 1 Jul 2024,Applies to all residential rentals in California. Protection begins once the deposit was collected on or after 1 Jul 2024.
A0061,San Francisco,r-0057,applies,False,,Applies to all residential rentals in San Francisco. State algorithm rules apply too; both are listed here.
A0061,San Francisco,r-0058,applies,False,,Applies to all residential rentals in San Francisco. Statutory exemptions for certain owner-occupied shared units and institutional housing cannot be checked from county data.
A0061,San Francisco,r-0059,applies,False,,"Applies: built 1915, before the 13 Jun 1979 certificate of occupancy cutoff."
A0061,San Francisco,r-0060,unknown,False,,Unknown: needs affordable housing status. The rule covers affordable housing.
A0061,San Francisco,r-0061,applies,False,,Applies to all residential rentals in San Francisco. State deposit rules apply too; both are listed here.
A0062,San Francisco,r-0013,applies,False,,Applies to all residential rentals in California.
A0062,San Francisco,r-0014,applies,False,,Applies to all residential rentals in California.
A0062,San Francisco,r-0015,superseded,False,Not a unit where the tenant shares a bathroom or kitchen with the owner-occupant | Not deed-restricted affordable housing | Once the tenant has lived in the unit for 12 months,Governed instead by San Francisco Rent Ordinance just cause eviction (S.F. Admin. Code § 37.9(a)); the stricter local rule applies here.
A0062,San Francisco,r-0016,superseded,False,Not deed-restricted or subsidised affordable housing,Governed instead by San Francisco annual allowable rent increase (3/1/2026–2/28/2027); the stricter local rule applies here.
A0062,San Francisco,r-0017,applies,False,,Applies to all residential rentals in California.
A0062,San Francisco,r-0018,applies,False,,"Applies: 6 units, above the coverage threshold."
A0062,San Francisco,r-0019,applies,False,Once the deposit was collected on or after 1 Jul 2024,Applies to all residential rentals in California. Protection begins once the deposit was collected on or after 1 Jul 2024.
A0062,San Francisco,r-0057,applies,False,,Applies to all residential rentals in San Francisco. State algorithm rules apply too; both are listed here.
A0062,San Francisco,r-0058,applies,False,,Applies to all residential rentals in San Francisco. Statutory exemptions for certain owner-occupied shared units and institutional housing cannot be checked from county data.
A0062,San Francisco,r-0059,applies,False,,"Applies: built 1906, before the 13 Jun 1979 certificate of occupancy cutoff."
A0062,San Francisco,r-0060,unknown,False,,Unknown: needs affordable housing status. The rule covers affordable housing.
A0062,San Francisco,r-0061,applies,False,,Applies to all residential rentals in San Francisco. State deposit rules apply too; both are listed here.
A0063,Boston,r-0008,applies,False,,Applies: apartments per the assessor.
A0063,Boston,r-0011,unknown,False,,Unknown: needs affordable housing status. The rule covers housing funded or land-assisted by the Boston Department of Neighborhood Development.
A0063,Boston,r-0012,applies,False,,Applies to all residential rentals in Boston. State screening rules apply too; both are listed here.
A0063,Boston,r-0033,pending,False,,"Bill, not law: a pending bill or proposal, not yet enacted."
A0063,Boston,r-0034,pending,False,,"Bill, not law: a pending bill or proposal, not yet enacted."
A0063,Boston,r-0035,applies,False,,Applies to all residential rentals in Massachusetts.
A0063,Boston,r-0036,applies,False,,Applies: apartments per the assessor.
A0063,Boston,r-0041,applies,False,,Applies to all residential rentals in Massachusetts.
A0063,Boston,r-0042,applies,False,,Applies to all residential rentals in Massachusetts.
A0063,Boston,r-0043,applies,False,,Applies: apartments per the assessor.
A0064,Cambridge,r-0020,pending,False,,"Bill, not law: a pending bill or proposal, not yet enacted."
A0064,Cambridge,r-0021,applies,False,,Applies: apartments per the assessor.
A0064,Cambridge,r-0022,applies,False,,"Applies: 84 units, so the exemption for an owner-occupied two-family dwelling cannot apply. State screening rules apply too; both are listed here."
A0064,Cambridge,r-0033,pending,False,,"Bill, not law: a pending bill or proposal, not yet enacted."
A0064,Cambridge,r-0034,pending,False,,"Bill, not law: a pending bill or proposal, not yet enacted."
A0064,Cambridge,r-0035,applies,False,,Applies to all residential rentals in Massachusetts.
A0064,Cambridge,r-0036,applies,False,,Applies: apartments per the assessor.
A0064,Cambridge,r-0041,applies,False,,Applies to all residential rentals in Massachusetts.
A0064,Cambridge,r-0042,applies,False,,Applies to all residential rentals in Massachusetts.
A0064,Cambridge,r-0043,applies,False,,Applies: apartments per the assessor.
A0065,Boston,r-0008,applies,False,,Applies: apartments per the assessor.
A0065,Boston,r-0011,unknown,False,,Unknown: needs affordable housing status. The rule covers housing funded or land-assisted by the Boston Department of Neighborhood Development.
A0065,Boston,r-0012,applies,False,,Applies to all residential rentals in Boston. State screening rules apply too; both are listed here.
A0065,Boston,r-0033,pending,False,,"Bill, not law: a pending bill or proposal, not yet enacted."
A0065,Boston,r-0034,pending,False,,"Bill, not law: a pending bill or proposal, not yet enacted."
A0065,Boston,r-0035,applies,False,,Applies to all residential rentals in Massachusetts.
A0065,Boston,r-0036,applies,False,,Applies: apartments per the assessor.
A0065,Boston,r-0041,applies,False,,Applies to all residential rentals in Massachusetts.
A0065,Boston,r-0042,applies,False,,Applies to all residential rentals in Massachusetts.
A0065,Boston,r-0043,applies,False,,Applies: apartments per the assessor.
A0066,Los Angeles,r-0013,applies,False,,Applies to all residential rentals in California.
A0066,Los Angeles,r-0014,applies,False,,Applies to all residential rentals in California.
A0066,Los Angeles,r-0015,superseded,False,Not a unit where the tenant shares a bathroom or kitchen with the owner-occupant | Not deed-restricted affordable housing | Once the tenant has lived in the unit for 12 months,Governed instead by Los Angeles Just Cause for Eviction Ordinance (JCO); the stricter local rule applies here.
A0066,Los Angeles,r-0016,applies,False,Not deed-restricted or subsidised affordable housing,"Applies unless the property is deed-restricted or subsidised affordable housing. Built 1988, before the 15 year certificate of occupancy window (built before 2011); apartments per the assessor."
A0066,Los Angeles,r-0017,applies,False,,Applies to all residential rentals in California.
A0066,Los Angeles,r-0018,applies,False,,"Applies: 36 units, above the coverage threshold."
A0066,Los Angeles,r-0019,applies,False,Once the deposit was collected on or after 1 Jul 2024,Applies to all residential rentals in California. Protection begins once the deposit was collected on or after 1 Jul 2024.
A0066,Los Angeles,r-0028,applies,False,"Not a cooperative, nonprofit homeless facility or short-term treatment facility | Once the tenant has lived in the unit for six months or the first lease has ended","Applies unless the property is a cooperative, nonprofit homeless facility or short-term treatment facility. Apartments per the assessor; built 1988, after the 1 Oct 1978 certificate of occupancy cutoff. Protection begins once the tenant has lived in the unit for six months or the first lease has ended."
A0066,Los Angeles,r-0031,applies,False,,Applies to all residential rentals in Los Angeles. State screening rules apply too; both are listed here.
A0067,Los Angeles,r-0013,applies,False,,Applies to all residential rentals in California.
A0067,Los Angeles,r-0014,applies,False,,Applies to all residential rentals in California.
A0067,Los Angeles,r-0015,superseded,False,Not a unit where the tenant shares a bathroom or kitchen with the owner-occupant | Not deed-restricted affordable housing | Once the tenant has lived in the unit for 12 months,Governed instead by Relocation assistance for no-fault evictions under the RSO and JCO; the stricter local rule applies here.
A0067,Los Angeles,r-0016,superseded,False,Not deed-restricted or subsidised affordable housing,Governed instead by Los Angeles Rent Stabilization Ordinance (RSO) allowable rent increases; the stricter local rule applies here.
A0067,Los Angeles,r-0017,applies,False,,Applies to all residential rentals in California.
A0067,Los Angeles,r-0018,applies,False,,"Applies: 8 units, above the coverage threshold."
A0067,Los Angeles,r-0019,applies,False,Once the deposit was collected on or after 1 Jul 2024,Applies to all residential rentals in California. Protection begins once the deposit was collected on or after 1 Jul 2024.
A0067,Los Angeles,r-0028,unknown,False,"Not a cooperative, nonprofit homeless facility or short-term treatment facility | Once the tenant has lived in the unit for six months or the first lease has ended","Unknown: this building is under the RSO (built 1954), so the JCO applies only if the unit is exempt from the RSO; RSO exemption status is not in the data."
A0067,Los Angeles,r-0029,applies,False,Not a housing authority or government-owned property,"Applies unless the property is a housing authority or government-owned property. Apartments per the assessor; built 1954, before the 1 Oct 1978 certificate of occupancy cutoff."
A0067,Los Angeles,r-0030,applies,True,"Not government-owned or regulated housing, or affordable housing with a recorded covenant","Applies unless the property is government-owned or regulated housing, or affordable housing with a recorded covenant. Built 1954, before the 1 Oct 1978 certificate of occupancy cutoff; apartments per the assessor. Open question: two published effective dates for the new formula (2 February 2026 per LAHD; 24 January 2026 per a landlord association). Flagged for human review."
A0067,Los Angeles,r-0031,applies,False,,Applies to all residential rentals in Los Angeles. State screening rules apply too; both are listed here.
A0067,Los Angeles,r-0032,applies,False,Once the deposit has been held for at least one year,"Applies: built 1954, before the 1 Oct 1978 certificate of occupancy cutoff; apartments per the assessor. Protection begins once the deposit has been held for at least one year. State deposit rules apply too; both are listed here."
A0068,Boston,r-0008,applies,False,,Applies: apartments per the assessor.
A0068,Boston,r-0011,unknown,False,,Unknown: needs affordable housing status. The rule covers housing funded or land-assisted by the Boston Department of Neighborhood Development.
A0068,Boston,r-0012,applies,False,,Applies to all residential rentals in Boston. State screening rules apply too; both are listed here.
A0068,Boston,r-0033,pending,False,,"Bill, not law: a pending bill or proposal, not yet enacted."
A0068,Boston,r-0034,pending,False,,"Bill, not law: a pending bill or proposal, not yet enacted."
A0068,Boston,r-0035,applies,False,,Applies to all residential rentals in Massachusetts.
A0068,Boston,r-0036,applies,False,,Applies: apartments per the assessor.
A0068,Boston,r-0041,applies,False,,Applies to all residential rentals in Massachusetts.
A0068,Boston,r-0042,applies,False,,Applies to all residential rentals in Massachusetts.
A0068,Boston,r-0043,applies,False,,Applies: apartments per the assessor.
A0069,San Francisco,r-0013,applies,False,,Applies to all residential rentals in California.
A0069,San Francisco,r-0014,applies,False,,Applies to all residential rentals in California.
A0069,San Francisco,r-0015,superseded,False,Not a unit where the tenant shares a bathroom or kitchen with the owner-occupant | Not deed-restricted affordable housing | Once the tenant has lived in the unit for 12 months,Governed instead by San Francisco Rent Ordinance just cause eviction (S.F. Admin. Code § 37.9(a)); the stricter local rule applies here.
A0069,San Francisco,r-0016,superseded,False,Not deed-restricted or subsidised affordable housing,Governed instead by San Francisco annual allowable rent increase (3/1/2026–2/28/2027); the stricter local rule applies here.
A0069,San Francisco,r-0017,applies,False,,Applies to all residential rentals in California.
A0069,San Francisco,r-0018,applies,False,,"Applies: 7 units, above the coverage threshold."
A0069,San Francisco,r-0019,applies,False,Once the deposit was collected on or after 1 Jul 2024,Applies to all residential rentals in California. Protection begins once the deposit was collected on or after 1 Jul 2024.
A0069,San Francisco,r-0057,applies,False,,Applies to all residential rentals in San Francisco. State algorithm rules apply too; both are listed here.
A0069,San Francisco,r-0058,applies,False,,Applies to all residential rentals in San Francisco. Statutory exemptions for certain owner-occupied shared units and institutional housing cannot be checked from county data.
A0069,San Francisco,r-0059,applies,False,,"Applies: built 1900, before the 13 Jun 1979 certificate of occupancy cutoff."
A0069,San Francisco,r-0060,unknown,False,,Unknown: needs affordable housing status. The rule covers affordable housing.
A0069,San Francisco,r-0061,applies,False,,Applies to all residential rentals in San Francisco. State deposit rules apply too; both are listed here.
A0070,Cambridge,r-0020,pending,False,,"Bill, not law: a pending bill or proposal, not yet enacted."
A0070,Cambridge,r-0021,applies,False,,Applies: apartments per the assessor.
A0070,Cambridge,r-0022,applies,False,,"Applies: 7 units, so the exemption for an owner-occupied two-family dwelling cannot apply. State screening rules apply too; both are listed here."
A0070,Cambridge,r-0033,pending,False,,"Bill, not law: a pending bill or proposal, not yet enacted."
A0070,Cambridge,r-0034,pending,False,,"Bill, not law: a pending bill or proposal, not yet enacted."
A0070,Cambridge,r-0035,applies,False,,Applies to all residential rentals in Massachusetts.
A0070,Cambridge,r-0036,applies,False,,Applies: apartments per the assessor.
A0070,Cambridge,r-0041,applies,False,,Applies to all residential rentals in Massachusetts.
A0070,Cambridge,r-0042,applies,False,,Applies to all residential rentals in Massachusetts.
A0070,Cambridge,r-0043,applies,False,,Applies: apartments per the assessor.
A0071,Cambridge,r-0020,pending,False,,"Bill, not law: a pending bill or proposal, not yet enacted."
A0071,Cambridge,r-0021,applies,False,,Applies: apartments per the assessor.
A0071,Cambridge,r-0022,applies,False,,"Applies: 5 units, so the exemption for an owner-occupied two-family dwelling cannot apply. State screening rules apply too; both are listed here."
A0071,Cambridge,r-0033,pending,False,,"Bill, not law: a pending bill or proposal, not yet enacted."
A0071,Cambridge,r-0034,pending,False,,"Bill, not law: a pending bill or proposal, not yet enacted."
A0071,Cambridge,r-0035,applies,False,,Applies to all residential rentals in Massachusetts.
A0071,Cambridge,r-0036,applies,False,,Applies: apartments per the assessor.
A0071,Cambridge,r-0041,applies,False,,Applies to all residential rentals in Massachusetts.
A0071,Cambridge,r-0042,applies,False,,Applies to all residential rentals in Massachusetts.
A0071,Cambridge,r-0043,applies,False,,Applies: apartments per the assessor.
A0072,San Francisco,r-0013,applies,False,,Applies to all residential rentals in California.
A0072,San Francisco,r-0014,applies,False,,Applies to all residential rentals in California.
A0072,San Francisco,r-0015,superseded,False,Not a unit where the tenant shares a bathroom or kitchen with the owner-occupant | Not deed-restricted affordable housing | Once the tenant has lived in the unit for 12 months,Governed instead by San Francisco Rent Ordinance just cause eviction (S.F. Admin. Code § 37.9(a)); the stricter local rule applies here.
A0072,San Francisco,r-0016,superseded,False,Not deed-restricted or subsidised affordable housing,Governed instead by San Francisco annual allowable rent increase (3/1/2026–2/28/2027); the stricter local rule applies here.
A0072,San Francisco,r-0017,applies,False,,Applies to all residential rentals in California.
A0072,San Francisco,r-0018,applies,False,,"Applies: 6 units, above the coverage threshold."
A0072,San Francisco,r-0019,applies,False,Once the deposit was collected on or after 1 Jul 2024,Applies to all residential rentals in California. Protection begins once the deposit was collected on or after 1 Jul 2024.
A0072,San Francisco,r-0057,applies,False,,Applies to all residential rentals in San Francisco. State algorithm rules apply too; both are listed here.
A0072,San Francisco,r-0058,applies,False,,Applies to all residential rentals in San Francisco. Statutory exemptions for certain owner-occupied shared units and institutional housing cannot be checked from county data.
A0072,San Francisco,r-0059,applies,False,,"Applies: built 1973, before the 13 Jun 1979 certificate of occupancy cutoff."
A0072,San Francisco,r-0060,unknown,False,,Unknown: needs affordable housing status. The rule covers affordable housing.
A0072,San Francisco,r-0061,applies,False,,Applies to all residential rentals in San Francisco. State deposit rules apply too; both are listed here.
A0073,Cambridge,r-0020,pending,False,,"Bill, not law: a pending bill or proposal, not yet enacted."
A0073,Cambridge,r-0021,applies,False,,Applies: apartments per the assessor.
A0073,Cambridge,r-0022,applies,False,,"Applies: 6 units, so the exemption for an owner-occupied two-family dwelling cannot apply. State screening rules apply too; both are listed here."
A0073,Cambridge,r-0033,pending,False,,"Bill, not law: a pending bill or proposal, not yet enacted."
A0073,Cambridge,r-0034,pending,False,,"Bill, not law: a pending bill or proposal, not yet enacted."
A0073,Cambridge,r-0035,applies,False,,Applies to all residential rentals in Massachusetts.
A0073,Cambridge,r-0036,applies,False,,Applies: apartments per the assessor.
A0073,Cambridge,r-0041,applies,False,,Applies to all residential rentals in Massachusetts.
A0073,Cambridge,r-0042,applies,False,,Applies to all residential rentals in Massachusetts.
A0073,Cambridge,r-0043,applies,False,,Applies: apartments per the assessor.
A0074,Los Angeles,r-0013,applies,False,,Applies to all residential rentals in California.
A0074,Los Angeles,r-0014,applies,False,,Applies to all residential rentals in California.
A0074,Los Angeles,r-0015,superseded,False,Not a unit where the tenant shares a bathroom or kitchen with the owner-occupant | Not deed-restricted affordable housing | Once the tenant has lived in the unit for 12 months,Governed instead by Relocation assistance for no-fault evictions under the RSO and JCO; the stricter local rule applies here.
A0074,Los Angeles,r-0016,superseded,False,Not deed-restricted or subsidised affordable housing,Governed instead by Los Angeles Rent Stabilization Ordinance (RSO) allowable rent increases; the stricter local rule applies here.
A0074,Los Angeles,r-0017,applies,False,,Applies to all residential rentals in California.
A0074,Los Angeles,r-0018,applies,False,,"Applies: 34 units, above the coverage threshold."
A0074,Los Angeles,r-0019,applies,False,Once the deposit was collected on or after 1 Jul 2024,Applies to all residential rentals in California. Protection begins once the deposit was collected on or after 1 Jul 2024.
A0074,Los Angeles,r-0028,unknown,False,"Not a cooperative, nonprofit homeless facility or short-term treatment facility | Once the tenant has lived in the unit for six months or the first lease has ended","Unknown: this building is under the RSO (built 1963), so the JCO applies only if the unit is exempt from the RSO; RSO exemption status is not in the data."
A0074,Los Angeles,r-0029,applies,False,Not a housing authority or government-owned property,"Applies unless the property is a housing authority or government-owned property. Apartments per the assessor; built 1963, before the 1 Oct 1978 certificate of occupancy cutoff."
A0074,Los Angeles,r-0030,applies,True,"Not government-owned or regulated housing, or affordable housing with a recorded covenant","Applies unless the property is government-owned or regulated housing, or affordable housing with a recorded covenant. Built 1963, before the 1 Oct 1978 certificate of occupancy cutoff; apartments per the assessor. Open question: two published effective dates for the new formula (2 February 2026 per LAHD; 24 January 2026 per a landlord association). Flagged for human review."
A0074,Los Angeles,r-0031,applies,False,,Applies to all residential rentals in Los Angeles. State screening rules apply too; both are listed here.
A0074,Los Angeles,r-0032,applies,False,Once the deposit has been held for at least one year,"Applies: built 1963, before the 1 Oct 1978 certificate of occupancy cutoff; apartments per the assessor. Protection begins once the deposit has been held for at least one year. State deposit rules apply too; both are listed here."
A0075,Cambridge,r-0020,pending,False,,"Bill, not law: a pending bill or proposal, not yet enacted."
A0075,Cambridge,r-0021,applies,False,,Applies: apartments per the assessor.
A0075,Cambridge,r-0022,applies,False,,"Applies: 10 units, so the exemption for an owner-occupied two-family dwelling cannot apply. State screening rules apply too; both are listed here."
A0075,Cambridge,r-0033,pending,False,,"Bill, not law: a pending bill or proposal, not yet enacted."
A0075,Cambridge,r-0034,pending,False,,"Bill, not law: a pending bill or proposal, not yet enacted."
A0075,Cambridge,r-0035,applies,False,,Applies to all residential rentals in Massachusetts.
A0075,Cambridge,r-0036,applies,False,,Applies: apartments per the assessor.
A0075,Cambridge,r-0041,applies,False,,Applies to all residential rentals in Massachusetts.
A0075,Cambridge,r-0042,applies,False,,Applies to all residential rentals in Massachusetts.
A0075,Cambridge,r-0043,applies,False,,Applies: apartments per the assessor.
A0076,Newark,r-0044,not_yet_effective,False,,Not yet in force: takes effect 1 Jul 2027.
A0076,Newark,r-0045,unknown,False,Not let through a licensed real estate agent who is not the landlord,Unknown: needs the building type. Exemption that depends on it: a one-family or two-family dwelling.
A0076,Newark,r-0046,unknown,False,"Not a hotel, motel or guest house let to transient or seasonal guests",Unknown: needs owner identity. Exemption that depends on it: an owner-occupied building with two or fewer rental units.
A0076,Newark,r-0047,unknown,False,"Not a hotel, motel or seasonal rental",Unknown: needs owner identity. Exemption that depends on it: an owner-occupied two- or three-family dwelling.
A0076,Newark,r-0049,unknown,False,,"Unknown: needs the unit count. Exemption that depends on it: an owner-occupied two-family dwelling. The assessor building code '3SB2UG' suggests 2 units (derived, unconfirmed)."
A0076,Newark,r-0050,unknown,False,,Unknown: needs owner identity. Exemption that depends on it: an owner-occupied building with four or fewer units.
A0076,Newark,r-0051,unknown,False,Not a seasonal rental of 125 days or less,Unknown: needs owner identity. Exemption that depends on it: an owner-occupied building with two or fewer rental units.
A0076,Newark,r-0052,unknown,False,Not a hotel or motel let day to day to transients | Not public housing or a unit whose rent a government agency regulates,Unknown: needs year built. Exemption that depends on it: a newly built multiple dwelling still within its exemption period (at most 30 years).
A0076,Newark,r-0053,unknown,False,Not housing designated for a programme for people with criminal records,"Unknown: needs the unit count. Exemption that depends on it: an owner-occupied two-family dwelling or a room in an owner-occupied home. The assessor building code '3SB2UG' suggests 2 units (derived, unconfirmed)."
A0077,Cambridge,r-0020,pending,False,,"Bill, not law: a pending bill or proposal, not yet enacted."
A0077,Cambridge,r-0021,applies,False,,Applies: apartments per the assessor.
A0077,Cambridge,r-0022,applies,False,,"Applies: 6 units, so the exemption for an owner-occupied two-family dwelling cannot apply. State screening rules apply too; both are listed here."
A0077,Cambridge,r-0033,pending,False,,"Bill, not law: a pending bill or proposal, not yet enacted."
A0077,Cambridge,r-0034,pending,False,,"Bill, not law: a pending bill or proposal, not yet enacted."
A0077,Cambridge,r-0035,applies,False,,Applies to all residential rentals in Massachusetts.
A0077,Cambridge,r-0036,applies,False,,Applies: apartments per the assessor.
A0077,Cambridge,r-0041,applies,False,,Applies to all residential rentals in Massachusetts.
A0077,Cambridge,r-0042,applies,False,,Applies to all residential rentals in Massachusetts.
A0077,Cambridge,r-0043,applies,False,,Applies: apartments per the assessor.
A0078,Jersey City,r-0026,applies,True,"Not an inpatient medical, licensed long-term care or detention facility","Applies unless the property is an inpatient medical, licensed long-term care or detention facility. Possible preemption: from 1 July 2027 the NJ FAIR Act may preempt the Hoboken and Jersey City algorithmic rent ordinances. Flagged for human review; not decided here."
A0078,Jersey City,r-0027,unknown,False,,"Unknown: needs the unit count. The rule covers buildings with five or more units. The assessor building code '4S-B-A-16U-H' suggests 16 units (derived, unconfirmed)."
A0078,Jersey City,r-0044,not_yet_effective,True,,Not yet in force: takes effect 1 Jul 2027. Possible preemption: from 1 July 2027 the NJ FAIR Act may preempt the Hoboken and Jersey City algorithmic rent ordinances. Flagged for human review; not decided here.
A0078,Jersey City,r-0045,unknown,False,Not let through a licensed real estate agent who is not the landlord,Unknown: needs the building type. Exemption that depends on it: a one-family or two-family dwelling.
A0078,Jersey City,r-0046,unknown,False,"Not a hotel, motel or guest house let to transient or seasonal guests",Unknown: needs owner identity. Exemption that depends on it: an owner-occupied building with two or fewer rental units.
A0078,Jersey City,r-0047,unknown,False,"Not a hotel, motel or seasonal rental",Unknown: needs owner identity. Exemption that depends on it: an owner-occupied two- or three-family dwelling.
A0078,Jersey City,r-0049,unknown,False,,"Unknown: needs the unit count. Exemption that depends on it: an owner-occupied two-family dwelling. The assessor building code '4S-B-A-16U-H' suggests 16 units (derived, unconfirmed)."
A0078,Jersey City,r-0050,unknown,False,,Unknown: needs owner identity. Exemption that depends on it: an owner-occupied building with four or fewer units.
A0078,Jersey City,r-0051,unknown,False,Not a seasonal rental of 125 days or less,Unknown: needs owner identity. Exemption that depends on it: an owner-occupied building with two or fewer rental units.
A0079,Los Angeles,r-0013,applies,False,,Applies to all residential rentals in California.
A0079,Los Angeles,r-0014,applies,False,,Applies to all residential rentals in California.
A0079,Los Angeles,r-0015,superseded,False,Not a unit where the tenant shares a bathroom or kitchen with the owner-occupant | Not deed-restricted affordable housing | Once the tenant has lived in the unit for 12 months,Governed instead by Relocation assistance for no-fault evictions under the RSO and JCO; the stricter local rule applies here.
A0079,Los Angeles,r-0016,superseded,False,Not deed-restricted or subsidised affordable housing,Governed instead by Los Angeles Rent Stabilization Ordinance (RSO) allowable rent increases; the stricter local rule applies here.
A0079,Los Angeles,r-0017,applies,False,,Applies to all residential rentals in California.
A0079,Los Angeles,r-0018,applies,False,,"Applies: 9 units, above the coverage threshold."
A0079,Los Angeles,r-0019,applies,False,Once the deposit was collected on or after 1 Jul 2024,Applies to all residential rentals in California. Protection begins once the deposit was collected on or after 1 Jul 2024.
A0079,Los Angeles,r-0028,unknown,False,"Not a cooperative, nonprofit homeless facility or short-term treatment facility | Once the tenant has lived in the unit for six months or the first lease has ended","Unknown: this building is under the RSO (built 1912), so the JCO applies only if the unit is exempt from the RSO; RSO exemption status is not in the data."
A0079,Los Angeles,r-0029,applies,False,Not a housing authority or government-owned property,"Applies unless the property is a housing authority or government-owned property. Apartments per the assessor; built 1912, before the 1 Oct 1978 certificate of occupancy cutoff."
A0079,Los Angeles,r-0030,applies,True,"Not government-owned or regulated housing, or affordable housing with a recorded covenant","Applies unless the property is government-owned or regulated housing, or affordable housing with a recorded covenant. Built 1912, before the 1 Oct 1978 certificate of occupancy cutoff; apartments per the assessor. Open question: two published effective dates for the new formula (2 February 2026 per LAHD; 24 January 2026 per a landlord association). Flagged for human review."
A0079,Los Angeles,r-0031,applies,False,,Applies to all residential rentals in Los Angeles. State screening rules apply too; both are listed here.
A0079,Los Angeles,r-0032,applies,False,Once the deposit has been held for at least one year,"Applies: built 1912, before the 1 Oct 1978 certificate of occupancy cutoff; apartments per the assessor. Protection begins once the deposit has been held for at least one year. State deposit rules apply too; both are listed here."
A0080,Los Angeles,r-0013,applies,False,,Applies to all residential rentals in California.
A0080,Los Angeles,r-0014,applies,False,,Applies to all residential rentals in California.
A0080,Los Angeles,r-0015,superseded,False,Not a unit where the tenant shares a bathroom or kitchen with the owner-occupant | Not deed-restricted affordable housing | Once the tenant has lived in the unit for 12 months,Governed instead by Los Angeles Just Cause for Eviction Ordinance (JCO); the stricter local rule applies here.
A0080,Los Angeles,r-0016,applies,False,Not deed-restricted or subsidised affordable housing,"Applies unless the property is deed-restricted or subsidised affordable housing. Built 2002, before the 15 year certificate of occupancy window (built before 2011); apartments per the assessor."
A0080,Los Angeles,r-0017,applies,False,,Applies to all residential rentals in California.
A0080,Los Angeles,r-0018,applies,False,,"Applies: 90 units, above the coverage threshold."
A0080,Los Angeles,r-0019,applies,False,Once the deposit was collected on or after 1 Jul 2024,Applies to all residential rentals in California. Protection begins once the deposit was collected on or after 1 Jul 2024.
A0080,Los Angeles,r-0028,applies,False,"Not a cooperative, nonprofit homeless facility or short-term treatment facility | Once the tenant has lived in the unit for six months or the first lease has ended","Applies unless the property is a cooperative, nonprofit homeless facility or short-term treatment facility. Apartments per the assessor; built 2002, after the 1 Oct 1978 certificate of occupancy cutoff. Protection begins once the tenant has lived in the unit for six months or the first lease has ended."
A0080,Los Angeles,r-0031,applies,False,,Applies to all residential rentals in Los Angeles. State screening rules apply too; both are listed here.
A0081,San Francisco,r-0013,applies,False,,Applies to all residential rentals in California.
A0081,San Francisco,r-0014,applies,False,,Applies to all residential rentals in California.
A0081,San Francisco,r-0015,superseded,False,Not a unit where the tenant shares a bathroom or kitchen with the owner-occupant | Not deed-restricted affordable housing | Once the tenant has lived in the unit for 12 months,Governed instead by San Francisco Rent Ordinance just cause eviction (S.F. Admin. Code § 37.9(a)); the stricter local rule applies here.
A0081,San Francisco,r-0016,applies,False,Not deed-restricted or subsidised affordable housing,"Applies unless the property is deed-restricted or subsidised affordable housing. Built 2005, before the 15 year certificate of occupancy window (built before 2011); apartments per the assessor."
A0081,San Francisco,r-0017,applies,False,,Applies to all residential rentals in California.
A0081,San Francisco,r-0018,applies,False,,"Applies: 69 units, above the coverage threshold."
A0081,San Francisco,r-0019,applies,False,Once the deposit was collected on or after 1 Jul 2024,Applies to all residential rentals in California. Protection begins once the deposit was collected on or after 1 Jul 2024.
A0081,San Francisco,r-0057,applies,False,,Applies to all residential rentals in San Francisco. State algorithm rules apply too; both are listed here.
A0081,San Francisco,r-0058,applies,False,,Applies to all residential rentals in San Francisco. Statutory exemptions for certain owner-occupied shared units and institutional housing cannot be checked from county data.
A0081,San Francisco,r-0060,unknown,False,,Unknown: needs affordable housing status. The rule covers affordable housing.
A0081,San Francisco,r-0061,applies,False,,Applies to all residential rentals in San Francisco. State deposit rules apply too; both are listed here.
A0082,Cambridge,r-0020,pending,False,,"Bill, not law: a pending bill or proposal, not yet enacted."
A0082,Cambridge,r-0021,applies,False,,Applies: apartments per the assessor.
A0082,Cambridge,r-0022,applies,False,,"Applies: 16 units, so the exemption for an owner-occupied two-family dwelling cannot apply. State screening rules apply too; both are listed here."
A0082,Cambridge,r-0033,pending,False,,"Bill, not law: a pending bill or proposal, not yet enacted."
A0082,Cambridge,r-0034,pending,False,,"Bill, not law: a pending bill or proposal, not yet enacted."
A0082,Cambridge,r-0035,applies,False,,Applies to all residential rentals in Massachusetts.
A0082,Cambridge,r-0036,applies,False,,Applies: apartments per the assessor.
A0082,Cambridge,r-0041,applies,False,,Applies to all residential rentals in Massachusetts.
A0082,Cambridge,r-0042,applies,False,,Applies to all residential rentals in Massachusetts.
A0082,Cambridge,r-0043,applies,False,,Applies: apartments per the assessor.
A0083,Boston,r-0008,applies,False,,Applies: apartments per the assessor.
A0083,Boston,r-0011,unknown,False,,Unknown: needs affordable housing status. The rule covers housing funded or land-assisted by the Boston Department of Neighborhood Development.
A0083,Boston,r-0012,applies,False,,Applies to all residential rentals in Boston. State screening rules apply too; both are listed here.
A0083,Boston,r-0033,pending,False,,"Bill, not law: a pending bill or proposal, not yet enacted."
A0083,Boston,r-0034,pending,False,,"Bill, not law: a pending bill or proposal, not yet enacted."
A0083,Boston,r-0035,applies,False,,Applies to all residential rentals in Massachusetts.
A0083,Boston,r-0036,applies,False,,Applies: apartments per the assessor.
A0083,Boston,r-0041,applies,False,,Applies to all residential rentals in Massachusetts.
A0083,Boston,r-0042,applies,False,,Applies to all residential rentals in Massachusetts.
A0083,Boston,r-0043,applies,False,,Applies: apartments per the assessor.
A0084,San Francisco,r-0013,applies,False,,Applies to all residential rentals in California.
A0084,San Francisco,r-0014,applies,False,,Applies to all residential rentals in California.
A0084,San Francisco,r-0015,superseded,False,Not a unit where the tenant shares a bathroom or kitchen with the owner-occupant | Not deed-restricted affordable housing | Once the tenant has lived in the unit for 12 months,Governed instead by San Francisco Rent Ordinance just cause eviction (S.F. Admin. Code § 37.9(a)); the stricter local rule applies here.
A0084,San Francisco,r-0016,superseded,False,Not deed-restricted or subsidised affordable housing,Governed instead by San Francisco annual allowable rent increase (3/1/2026–2/28/2027); the stricter local rule applies here.
A0084,San Francisco,r-0017,applies,False,,Applies to all residential rentals in California.
A0084,San Francisco,r-0018,applies,False,,"Applies: 5 units, above the coverage threshold."
A0084,San Francisco,r-0019,applies,False,Once the deposit was collected on or after 1 Jul 2024,Applies to all residential rentals in California. Protection begins once the deposit was collected on or after 1 Jul 2024.
A0084,San Francisco,r-0057,applies,False,,Applies to all residential rentals in San Francisco. State algorithm rules apply too; both are listed here.
A0084,San Francisco,r-0058,applies,False,,Applies to all residential rentals in San Francisco. Statutory exemptions for certain owner-occupied shared units and institutional housing cannot be checked from county data.
A0084,San Francisco,r-0059,applies,False,,"Applies: built 1908, before the 13 Jun 1979 certificate of occupancy cutoff."
A0084,San Francisco,r-0060,unknown,False,,Unknown: needs affordable housing status. The rule covers affordable housing.
A0084,San Francisco,r-0061,applies,False,,Applies to all residential rentals in San Francisco. State deposit rules apply too; both are listed here.
A0085,San Francisco,r-0013,applies,False,,Applies to all residential rentals in California.
A0085,San Francisco,r-0014,applies,False,,Applies to all residential rentals in California.
A0085,San Francisco,r-0015,superseded,False,Not a unit where the tenant shares a bathroom or kitchen with the owner-occupant | Not deed-restricted affordable housing | Once the tenant has lived in the unit for 12 months,Governed instead by San Francisco Rent Ordinance just cause eviction (S.F. Admin. Code § 37.9(a)); the stricter local rule applies here.
A0085,San Francisco,r-0016,superseded,False,Not deed-restricted or subsidised affordable housing,Governed instead by San Francisco annual allowable rent increase (3/1/2026–2/28/2027); the stricter local rule applies here.
A0085,San Francisco,r-0017,applies,False,,Applies to all residential rentals in California.
A0085,San Francisco,r-0018,applies,False,,"Applies: 6 units, above the coverage threshold."
A0085,San Francisco,r-0019,applies,False,Once the deposit was collected on or after 1 Jul 2024,Applies to all residential rentals in California. Protection begins once the deposit was collected on or after 1 Jul 2024.
A0085,San Francisco,r-0057,applies,False,,Applies to all residential rentals in San Francisco. State algorithm rules apply too; both are listed here.
A0085,San Francisco,r-0058,applies,False,,Applies to all residential rentals in San Francisco. Statutory exemptions for certain owner-occupied shared units and institutional housing cannot be checked from county data.
A0085,San Francisco,r-0059,applies,False,,"Applies: built 1926, before the 13 Jun 1979 certificate of occupancy cutoff."
A0085,San Francisco,r-0060,unknown,False,,Unknown: needs affordable housing status. The rule covers affordable housing.
A0085,San Francisco,r-0061,applies,False,,Applies to all residential rentals in San Francisco. State deposit rules apply too; both are listed here.
A0086,Cambridge,r-0020,pending,False,,"Bill, not law: a pending bill or proposal, not yet enacted."
A0086,Cambridge,r-0021,applies,False,,Applies: apartments per the assessor.
A0086,Cambridge,r-0022,applies,False,,"Applies: 5 units, so the exemption for an owner-occupied two-family dwelling cannot apply. State screening rules apply too; both are listed here."
A0086,Cambridge,r-0033,pending,False,,"Bill, not law: a pending bill or proposal, not yet enacted."
A0086,Cambridge,r-0034,pending,False,,"Bill, not law: a pending bill or proposal, not yet enacted."
A0086,Cambridge,r-0035,applies,False,,Applies to all residential rentals in Massachusetts.
A0086,Cambridge,r-0036,applies,False,,Applies: apartments per the assessor.
A0086,Cambridge,r-0041,applies,False,,Applies to all residential rentals in Massachusetts.
A0086,Cambridge,r-0042,applies,False,,Applies to all residential rentals in Massachusetts.
A0086,Cambridge,r-0043,applies,False,,Applies: apartments per the assessor.
A0087,Hoboken,r-0023,applies,True,"Not a medical, long-term care or detention facility","Applies unless the property is a medical, long-term care or detention facility. Possible preemption: from 1 July 2027 the NJ FAIR Act may preempt the Hoboken and Jersey City algorithmic rent ordinances. Flagged for human review; not decided here."
A0087,Hoboken,r-0024,applies,False,,Applies to all residential rentals in Hoboken.
A0087,Hoboken,r-0025,unknown,False,"Not a hotel, motel, commercial or industrial unit, or institutional student housing","Unknown: needs year built. The rule covers buildings built on or before 25 Jun 1987, or newer buildings whose exemption period (at most 30 years) has ended."
A0087,Hoboken,r-0044,not_yet_effective,True,,Not yet in force: takes effect 1 Jul 2027. Possible preemption: from 1 July 2027 the NJ FAIR Act may preempt the Hoboken and Jersey City algorithmic rent ordinances. Flagged for human review; not decided here.
A0087,Hoboken,r-0045,unknown,False,Not let through a licensed real estate agent who is not the landlord,Unknown: needs the building type. Exemption that depends on it: a one-family or two-family dwelling.
A0087,Hoboken,r-0046,unknown,False,"Not a hotel, motel or guest house let to transient or seasonal guests",Unknown: needs owner identity. Exemption that depends on it: an owner-occupied building with two or fewer rental units.
A0087,Hoboken,r-0047,unknown,False,"Not a hotel, motel or seasonal rental",Unknown: needs owner identity. Exemption that depends on it: an owner-occupied two- or three-family dwelling.
A0087,Hoboken,r-0049,unknown,False,,"Unknown: needs the unit count. Exemption that depends on it: an owner-occupied two-family dwelling. The assessor building code '2,4B-16U-H-X' suggests 16 units (derived, unconfirmed)."
A0087,Hoboken,r-0050,unknown,False,,Unknown: needs owner identity. Exemption that depends on it: an owner-occupied building with four or fewer units.
A0087,Hoboken,r-0051,unknown,False,Not a seasonal rental of 125 days or less,Unknown: needs owner identity. Exemption that depends on it: an owner-occupied building with two or fewer rental units.
A0088,San Francisco,r-0013,applies,False,,Applies to all residential rentals in California.
A0088,San Francisco,r-0014,applies,False,,Applies to all residential rentals in California.
A0088,San Francisco,r-0015,superseded,False,Not a unit where the tenant shares a bathroom or kitchen with the owner-occupant | Not deed-restricted affordable housing | Once the tenant has lived in the unit for 12 months,Governed instead by San Francisco Rent Ordinance just cause eviction (S.F. Admin. Code § 37.9(a)); the stricter local rule applies here.
A0088,San Francisco,r-0016,superseded,False,Not deed-restricted or subsidised affordable housing,Governed instead by San Francisco annual allowable rent increase (3/1/2026–2/28/2027); the stricter local rule applies here.
A0088,San Francisco,r-0017,applies,False,,Applies to all residential rentals in California.
A0088,San Francisco,r-0018,applies,False,,"Applies: 9 units, above the coverage threshold."
A0088,San Francisco,r-0019,applies,False,Once the deposit was collected on or after 1 Jul 2024,Applies to all residential rentals in California. Protection begins once the deposit was collected on or after 1 Jul 2024.
A0088,San Francisco,r-0057,applies,False,,Applies to all residential rentals in San Francisco. State algorithm rules apply too; both are listed here.
A0088,San Francisco,r-0058,applies,False,,Applies to all residential rentals in San Francisco. Statutory exemptions for certain owner-occupied shared units and institutional housing cannot be checked from county data.
A0088,San Francisco,r-0059,applies,False,,"Applies: built 1908, before the 13 Jun 1979 certificate of occupancy cutoff."
A0088,San Francisco,r-0060,unknown,False,,Unknown: needs affordable housing status. The rule covers affordable housing.
A0088,San Francisco,r-0061,applies,False,,Applies to all residential rentals in San Francisco. State deposit rules apply too; both are listed here.
A0089,Hoboken,r-0023,applies,True,"Not a medical, long-term care or detention facility","Applies unless the property is a medical, long-term care or detention facility. Possible preemption: from 1 July 2027 the NJ FAIR Act may preempt the Hoboken and Jersey City algorithmic rent ordinances. Flagged for human review; not decided here."
A0089,Hoboken,r-0024,applies,False,,Applies to all residential rentals in Hoboken.
A0089,Hoboken,r-0025,unknown,False,"Not a hotel, motel, commercial or industrial unit, or institutional student housing","Unknown: needs year built. The rule covers buildings built on or before 25 Jun 1987, or newer buildings whose exemption period (at most 30 years) has ended."
A0089,Hoboken,r-0044,not_yet_effective,True,,Not yet in force: takes effect 1 Jul 2027. Possible preemption: from 1 July 2027 the NJ FAIR Act may preempt the Hoboken and Jersey City algorithmic rent ordinances. Flagged for human review; not decided here.
A0089,Hoboken,r-0045,unknown,False,Not let through a licensed real estate agent who is not the landlord,Unknown: needs the building type. Exemption that depends on it: a one-family or two-family dwelling.
A0089,Hoboken,r-0046,unknown,False,"Not a hotel, motel or guest house let to transient or seasonal guests",Unknown: needs owner identity. Exemption that depends on it: an owner-occupied building with two or fewer rental units.
A0089,Hoboken,r-0047,unknown,False,"Not a hotel, motel or seasonal rental",Unknown: needs owner identity. Exemption that depends on it: an owner-occupied two- or three-family dwelling.
A0089,Hoboken,r-0049,unknown,False,,"Unknown: needs the unit count. Exemption that depends on it: an owner-occupied two-family dwelling. The assessor building code '5B-10U-H-BA' suggests 10 units (derived, unconfirmed)."
A0089,Hoboken,r-0050,unknown,False,,Unknown: needs owner identity. Exemption that depends on it: an owner-occupied building with four or fewer units.
A0089,Hoboken,r-0051,unknown,False,Not a seasonal rental of 125 days or less,Unknown: needs owner identity. Exemption that depends on it: an owner-occupied building with two or fewer rental units.
A0090,Newark,r-0044,not_yet_effective,False,,Not yet in force: takes effect 1 Jul 2027.
A0090,Newark,r-0045,unknown,False,Not let through a licensed real estate agent who is not the landlord,Unknown: needs the building type. Exemption that depends on it: a one-family or two-family dwelling.
A0090,Newark,r-0046,unknown,False,"Not a hotel, motel or guest house let to transient or seasonal guests",Unknown: needs owner identity. Exemption that depends on it: an owner-occupied building with two or fewer rental units.
A0090,Newark,r-0047,unknown,False,"Not a hotel, motel or seasonal rental",Unknown: needs owner identity. Exemption that depends on it: an owner-occupied two- or three-family dwelling.
A0090,Newark,r-0049,unknown,False,,Unknown: needs the unit count. Exemption that depends on it: an owner-occupied two-family dwelling.
A0090,Newark,r-0050,unknown,False,,Unknown: needs owner identity. Exemption that depends on it: an owner-occupied building with four or fewer units.
A0090,Newark,r-0051,unknown,False,Not a seasonal rental of 125 days or less,Unknown: needs owner identity. Exemption that depends on it: an owner-occupied building with two or fewer rental units.
A0090,Newark,r-0052,unknown,False,Not a hotel or motel let day to day to transients | Not public housing or a unit whose rent a government agency regulates,Unknown: needs year built. Exemption that depends on it: a newly built multiple dwelling still within its exemption period (at most 30 years).
A0090,Newark,r-0053,unknown,False,Not housing designated for a programme for people with criminal records,Unknown: needs the unit count. Exemption that depends on it: an owner-occupied two-family dwelling or a room in an owner-occupied home.
A0091,Berkeley,r-0001,applies,True,Not an affordable housing unit whose rent or income limits are set by programme guidelines,Applies unless the property is an affordable housing unit whose rent or income limits are set by programme guidelines. Open question: two published effective dates (1 March 2026 in the ordinance text; January 2026 in an August 2026 law firm alert). Flagged for human review. State algorithm rules apply too; both are listed here.
A0091,Berkeley,r-0002,applies,False,,Applies to all residential rentals in Berkeley. State fee rules apply; Berkeley adds stricter local limits.
A0091,Berkeley,r-0003,applies,False,,Applies to all residential rentals in Berkeley. State fee rules apply; Berkeley adds stricter local limits.
A0091,Berkeley,r-0004,applies,False,Not a nonprofit cooperative | Not a unit where the tenant shares a kitchen or bath with the landlord,"Applies unless the property is a nonprofit cooperative or a unit where the tenant shares a kitchen or bath with the landlord. Apartments per the assessor; at least 5 units per the assessor description, so the exemption for an owner-occupied duplex (a 'golden duplex') cannot apply."
A0091,Berkeley,r-0005,unknown,False,Not a nonprofit cooperative | Not a unit where the owner shares a kitchen or bath with the tenant,Unknown: needs year built. The rule covers multifamily buildings built before 1980.
A0091,Berkeley,r-0006,applies,False,Not public housing or a Section 8 property | Not a unit let under an agreement that lets the owner move back in | Not a unit where an existing tenant is subletting or adding a roommate,"Applies unless the property is public housing or a Section 8 property; a unit let under an agreement that lets the owner move back in; or a unit where an existing tenant is subletting or adding a roommate. At least 5 units per the assessor description, so the exemption for an owner-occupied building with one to three units cannot apply. State screening rules apply too; both are listed here."
A0091,Berkeley,r-0007,applies,False,Not a unit where the owner shares a kitchen or bath with the tenant | Not a nonprofit cooperative,"Applies unless the property is a unit where the owner shares a kitchen or bath with the tenant or a nonprofit cooperative. At least 5 units per the assessor description, so the exemption for an owner-occupied duplex (a 'golden duplex') cannot apply; at least 5 units per the assessor description, so the exemption for an owner-occupied property with an accessory dwelling unit cannot apply. State deposit rules apply too; both are listed here."
A0091,Berkeley,r-0013,applies,False,,Applies to all residential rentals in California.
A0091,Berkeley,r-0014,applies,False,,Applies to all residential rentals in California.
A0091,Berkeley,r-0015,superseded,False,Not a unit where the tenant shares a bathroom or kitchen with the owner-occupant | Not deed-restricted affordable housing | Once the tenant has lived in the unit for 12 months,Governed instead by Berkeley just cause eviction rules as amended by Measure BB; the stricter local rule applies here.
A0091,Berkeley,r-0016,unknown,False,Not deed-restricted or subsidised affordable housing,Unknown: needs year built. Exemption that depends on it: a building with a certificate of occupancy issued within the last 15 years.
A0091,Berkeley,r-0017,applies,False,,Applies to all residential rentals in California.
A0091,Berkeley,r-0018,applies,False,,"Applies: at least 5 units per the assessor description, above the coverage threshold."
A0091,Berkeley,r-0019,applies,False,Once the deposit was collected on or after 1 Jul 2024,Applies to all residential rentals in California. Protection begins once the deposit was collected on or after 1 Jul 2024.
A0092,Berkeley,r-0001,applies,True,Not an affordable housing unit whose rent or income limits are set by programme guidelines,Applies unless the property is an affordable housing unit whose rent or income limits are set by programme guidelines. Open question: two published effective dates (1 March 2026 in the ordinance text; January 2026 in an August 2026 law firm alert). Flagged for human review. State algorithm rules apply too; both are listed here.
A0092,Berkeley,r-0002,applies,False,,Applies to all residential rentals in Berkeley. State fee rules apply; Berkeley adds stricter local limits.
A0092,Berkeley,r-0003,applies,False,,Applies to all residential rentals in Berkeley. State fee rules apply; Berkeley adds stricter local limits.
A0092,Berkeley,r-0004,applies,False,Not a nonprofit cooperative | Not a unit where the tenant shares a kitchen or bath with the landlord,"Applies unless the property is a nonprofit cooperative or a unit where the tenant shares a kitchen or bath with the landlord. Apartments per the assessor; at least 5 units per the assessor description, so the exemption for an owner-occupied duplex (a 'golden duplex') cannot apply."
A0092,Berkeley,r-0005,unknown,False,Not a nonprofit cooperative | Not a unit where the owner shares a kitchen or bath with the tenant,Unknown: needs year built. The rule covers multifamily buildings built before 1980.
A0092,Berkeley,r-0006,applies,False,Not public housing or a Section 8 property | Not a unit let under an agreement that lets the owner move back in | Not a unit where an existing tenant is subletting or adding a roommate,"Applies unless the property is public housing or a Section 8 property; a unit let under an agreement that lets the owner move back in; or a unit where an existing tenant is subletting or adding a roommate. At least 5 units per the assessor description, so the exemption for an owner-occupied building with one to three units cannot apply. State screening rules apply too; both are listed here."
A0092,Berkeley,r-0007,applies,False,Not a unit where the owner shares a kitchen or bath with the tenant | Not a nonprofit cooperative,"Applies unless the property is a unit where the owner shares a kitchen or bath with the tenant or a nonprofit cooperative. At least 5 units per the assessor description, so the exemption for an owner-occupied duplex (a 'golden duplex') cannot apply; at least 5 units per the assessor description, so the exemption for an owner-occupied property with an accessory dwelling unit cannot apply. State deposit rules apply too; both are listed here."
A0092,Berkeley,r-0013,applies,False,,Applies to all residential rentals in California.
A0092,Berkeley,r-0014,applies,False,,Applies to all residential rentals in California.
A0092,Berkeley,r-0015,superseded,False,Not a unit where the tenant shares a bathroom or kitchen with the owner-occupant | Not deed-restricted affordable housing | Once the tenant has lived in the unit for 12 months,Governed instead by Berkeley just cause eviction rules as amended by Measure BB; the stricter local rule applies here.
A0092,Berkeley,r-0016,unknown,False,Not deed-restricted or subsidised affordable housing,Unknown: needs year built. Exemption that depends on it: a building with a certificate of occupancy issued within the last 15 years.
A0092,Berkeley,r-0017,applies,False,,Applies to all residential rentals in California.
A0092,Berkeley,r-0018,applies,False,,"Applies: at least 5 units per the assessor description, above the coverage threshold."
A0092,Berkeley,r-0019,applies,False,Once the deposit was collected on or after 1 Jul 2024,Applies to all residential rentals in California. Protection begins once the deposit was collected on or after 1 Jul 2024.
A0093,Boston,r-0008,applies,False,,Applies: apartments per the assessor.
A0093,Boston,r-0011,unknown,False,,Unknown: needs affordable housing status. The rule covers housing funded or land-assisted by the Boston Department of Neighborhood Development.
A0093,Boston,r-0012,applies,False,,Applies to all residential rentals in Boston. State screening rules apply too; both are listed here.
A0093,Boston,r-0033,pending,False,,"Bill, not law: a pending bill or proposal, not yet enacted."
A0093,Boston,r-0034,pending,False,,"Bill, not law: a pending bill or proposal, not yet enacted."
A0093,Boston,r-0035,applies,False,,Applies to all residential rentals in Massachusetts.
A0093,Boston,r-0036,applies,False,,Applies: apartments per the assessor.
A0093,Boston,r-0041,applies,False,,Applies to all residential rentals in Massachusetts.
A0093,Boston,r-0042,applies,False,,Applies to all residential rentals in Massachusetts.
A0093,Boston,r-0043,applies,False,,Applies: apartments per the assessor.
A0094,San Diego,r-0013,applies,False,,Applies to all residential rentals in California.
A0094,San Diego,r-0014,applies,False,,Applies to all residential rentals in California.
A0094,San Diego,r-0015,superseded,False,Not a unit where the tenant shares a bathroom or kitchen with the owner-occupant | Not deed-restricted affordable housing | Once the tenant has lived in the unit for 12 months,"Governed instead by San Diego Residential Tenant Protections (just cause for termination of tenancy); it shares the same coverage condition, so wherever this rule applies the stricter local rule governs."
A0094,San Diego,r-0016,unknown,False,Not deed-restricted or subsidised affordable housing,Unknown: needs year built. Exemption that depends on it: a building with a certificate of occupancy issued within the last 15 years.
A0094,San Diego,r-0017,applies,False,,Applies to all residential rentals in California.
A0094,San Diego,r-0018,applies,False,,"Applies: 88 units, above the coverage threshold."
A0094,San Diego,r-0019,applies,False,Once the deposit was collected on or after 1 Jul 2024,Applies to all residential rentals in California. Protection begins once the deposit was collected on or after 1 Jul 2024.
A0094,San Diego,r-0054,applies,False,Not an affordable housing unit whose rent or income limits are set by programme guidelines,Applies unless the property is an affordable housing unit whose rent or income limits are set by programme guidelines. State algorithm rules apply too; both are listed here.
A0094,San Diego,r-0055,unknown,False,Not deed-restricted or subsidised affordable housing (Section 8 vouchers do not count) | Not a unit where the tenant shares a bath or kitchen with the owner | Once the tenancy has lasted more than 30 days,Unknown: needs year built. The rule covers buildings with a certificate of occupancy at least 15 years old.
A0094,San Diego,r-0056,applies,False,,"Applies: 88 units, above the coverage threshold. State screening rules apply too; both are listed here."
A0095,Cambridge,r-0020,pending,False,,"Bill, not law: a pending bill or proposal, not yet enacted."
A0095,Cambridge,r-0021,applies,False,,Applies: apartments per the assessor.
A0095,Cambridge,r-0022,applies,False,,"Applies: 6 units, so the exemption for an owner-occupied two-family dwelling cannot apply. State screening rules apply too; both are listed here."
A0095,Cambridge,r-0033,pending,False,,"Bill, not law: a pending bill or proposal, not yet enacted."
A0095,Cambridge,r-0034,pending,False,,"Bill, not law: a pending bill or proposal, not yet enacted."
A0095,Cambridge,r-0035,applies,False,,Applies to all residential rentals in Massachusetts.
A0095,Cambridge,r-0036,applies,False,,Applies: apartments per the assessor.
A0095,Cambridge,r-0041,applies,False,,Applies to all residential rentals in Massachusetts.
A0095,Cambridge,r-0042,applies,False,,Applies to all residential rentals in Massachusetts.
A0095,Cambridge,r-0043,applies,False,,Applies: apartments per the assessor.
A0096,Boston,r-0008,applies,False,,Applies: apartments per the assessor.
A0096,Boston,r-0011,unknown,False,,Unknown: needs affordable housing status. The rule covers housing funded or land-assisted by the Boston Department of Neighborhood Development.
A0096,Boston,r-0012,applies,False,,Applies to all residential rentals in Boston. State screening rules apply too; both are listed here.
A0096,Boston,r-0033,pending,False,,"Bill, not law: a pending bill or proposal, not yet enacted."
A0096,Boston,r-0034,pending,False,,"Bill, not law: a pending bill or proposal, not yet enacted."
A0096,Boston,r-0035,applies,False,,Applies to all residential rentals in Massachusetts.
A0096,Boston,r-0036,applies,False,,Applies: apartments per the assessor.
A0096,Boston,r-0041,applies,False,,Applies to all residential rentals in Massachusetts.
A0096,Boston,r-0042,applies,False,,Applies to all residential rentals in Massachusetts.
A0096,Boston,r-0043,applies,False,,Applies: apartments per the assessor.
A0097,San Francisco,r-0013,applies,False,,Applies to all residential rentals in California.
A0097,San Francisco,r-0014,applies,False,,Applies to all residential rentals in California.
A0097,San Francisco,r-0015,superseded,False,Not a unit where the tenant shares a bathroom or kitchen with the owner-occupant | Not deed-restricted affordable housing | Once the tenant has lived in the unit for 12 months,Governed instead by San Francisco Rent Ordinance just cause eviction (S.F. Admin. Code § 37.9(a)); the stricter local rule applies here.
A0097,San Francisco,r-0016,superseded,False,Not deed-restricted or subsidised affordable housing,Governed instead by San Francisco annual allowable rent increase (3/1/2026–2/28/2027); the stricter local rule applies here.
A0097,San Francisco,r-0017,applies,False,,Applies to all residential rentals in California.
A0097,San Francisco,r-0018,applies,False,,"Applies: 8 units, above the coverage threshold."
A0097,San Francisco,r-0019,applies,False,Once the deposit was collected on or after 1 Jul 2024,Applies to all residential rentals in California. Protection begins once the deposit was collected on or after 1 Jul 2024.
A0097,San Francisco,r-0057,applies,False,,Applies to all residential rentals in San Francisco. State algorithm rules apply too; both are listed here.
A0097,San Francisco,r-0058,applies,False,,Applies to all residential rentals in San Francisco. Statutory exemptions for certain owner-occupied shared units and institutional housing cannot be checked from county data.
A0097,San Francisco,r-0059,applies,False,,"Applies: built 1907, before the 13 Jun 1979 certificate of occupancy cutoff."
A0097,San Francisco,r-0060,unknown,False,,Unknown: needs affordable housing status. The rule covers affordable housing.
A0097,San Francisco,r-0061,applies,False,,Applies to all residential rentals in San Francisco. State deposit rules apply too; both are listed here.
A0098,Boston,r-0008,applies,False,,Applies: apartments per the assessor.
A0098,Boston,r-0011,unknown,False,,Unknown: needs affordable housing status. The rule covers housing funded or land-assisted by the Boston Department of Neighborhood Development.
A0098,Boston,r-0012,applies,False,,Applies to all residential rentals in Boston. State screening rules apply too; both are listed here.
A0098,Boston,r-0033,pending,False,,"Bill, not law: a pending bill or proposal, not yet enacted."
A0098,Boston,r-0034,pending,False,,"Bill, not law: a pending bill or proposal, not yet enacted."
A0098,Boston,r-0035,applies,False,,Applies to all residential rentals in Massachusetts.
A0098,Boston,r-0036,applies,False,,Applies: apartments per the assessor.
A0098,Boston,r-0041,applies,False,,Applies to all residential rentals in Massachusetts.
A0098,Boston,r-0042,applies,False,,Applies to all residential rentals in Massachusetts.
A0098,Boston,r-0043,applies,False,,Applies: apartments per the assessor.
A0099,Hoboken,r-0023,applies,True,"Not a medical, long-term care or detention facility","Applies unless the property is a medical, long-term care or detention facility. Possible preemption: from 1 July 2027 the NJ FAIR Act may preempt the Hoboken and Jersey City algorithmic rent ordinances. Flagged for human review; not decided here."
A0099,Hoboken,r-0024,applies,False,,Applies to all residential rentals in Hoboken.
A0099,Hoboken,r-0025,unknown,False,"Not a hotel, motel, commercial or industrial unit, or institutional student housing","Unknown: needs year built. The rule covers buildings built on or before 25 Jun 1987, or newer buildings whose exemption period (at most 30 years) has ended."
A0099,Hoboken,r-0044,not_yet_effective,True,,Not yet in force: takes effect 1 Jul 2027. Possible preemption: from 1 July 2027 the NJ FAIR Act may preempt the Hoboken and Jersey City algorithmic rent ordinances. Flagged for human review; not decided here.
A0099,Hoboken,r-0045,unknown,False,Not let through a licensed real estate agent who is not the landlord,Unknown: needs the building type. Exemption that depends on it: a one-family or two-family dwelling.
A0099,Hoboken,r-0046,unknown,False,"Not a hotel, motel or guest house let to transient or seasonal guests",Unknown: needs owner identity. Exemption that depends on it: an owner-occupied building with two or fewer rental units.
A0099,Hoboken,r-0047,unknown,False,"Not a hotel, motel or seasonal rental",Unknown: needs owner identity. Exemption that depends on it: an owner-occupied two- or three-family dwelling.
A0099,Hoboken,r-0049,unknown,False,,"Unknown: needs the unit count. Exemption that depends on it: an owner-occupied two-family dwelling. The assessor building code '4B-5U-H-BA' suggests 5 units (derived, unconfirmed)."
A0099,Hoboken,r-0050,unknown,False,,Unknown: needs owner identity. Exemption that depends on it: an owner-occupied building with four or fewer units.
A0099,Hoboken,r-0051,unknown,False,Not a seasonal rental of 125 days or less,Unknown: needs owner identity. Exemption that depends on it: an owner-occupied building with two or fewer rental units.
A0100,San Diego,r-0013,applies,False,,Applies to all residential rentals in California.
A0100,San Diego,r-0014,applies,False,,Applies to all residential rentals in California.
A0100,San Diego,r-0015,superseded,False,Not a unit where the tenant shares a bathroom or kitchen with the owner-occupant | Not deed-restricted affordable housing | Once the tenant has lived in the unit for 12 months,"Governed instead by San Diego Residential Tenant Protections (just cause for termination of tenancy); it shares the same coverage condition, so wherever this rule applies the stricter local rule governs."
A0100,San Diego,r-0016,unknown,False,Not deed-restricted or subsidised affordable housing,Unknown: needs year built. Exemption that depends on it: a building with a certificate of occupancy issued within the last 15 years.
A0100,San Diego,r-0017,applies,False,,Applies to all residential rentals in California.
A0100,San Diego,r-0018,applies,False,,"Applies: 7 units, above the coverage threshold."
A0100,San Diego,r-0019,applies,False,Once the deposit was collected on or after 1 Jul 2024,Applies to all residential rentals in California. Protection begins once the deposit was collected on or after 1 Jul 2024.
A0100,San Diego,r-0054,applies,False,Not an affordable housing unit whose rent or income limits are set by programme guidelines,Applies unless the property is an affordable housing unit whose rent or income limits are set by programme guidelines. State algorithm rules apply too; both are listed here.
A0100,San Diego,r-0055,unknown,False,Not deed-restricted or subsidised affordable housing (Section 8 vouchers do not count) | Not a unit where the tenant shares a bath or kitchen with the owner | Once the tenancy has lasted more than 30 days,Unknown: needs year built. The rule covers buildings with a certificate of occupancy at least 15 years old.
A0100,San Diego,r-0056,applies,False,,"Applies: 7 units, above the coverage threshold. State screening rules apply too; both are listed here."
A0101,Jersey City,r-0026,applies,True,"Not an inpatient medical, licensed long-term care or detention facility","Applies unless the property is an inpatient medical, licensed long-term care or detention facility. Possible preemption: from 1 July 2027 the NJ FAIR Act may preempt the Hoboken and Jersey City algorithmic rent ordinances. Flagged for human review; not decided here."
A0101,Jersey City,r-0027,unknown,False,,"Unknown: needs the unit count. The rule covers buildings with five or more units. The assessor building code '2-4S-B-A-26U-H' suggests 26 units (derived, unconfirmed)."
A0101,Jersey City,r-0044,not_yet_effective,True,,Not yet in force: takes effect 1 Jul 2027. Possible preemption: from 1 July 2027 the NJ FAIR Act may preempt the Hoboken and Jersey City algorithmic rent ordinances. Flagged for human review; not decided here.
A0101,Jersey City,r-0045,unknown,False,Not let through a licensed real estate agent who is not the landlord,Unknown: needs the building type. Exemption that depends on it: a one-family or two-family dwelling.
A0101,Jersey City,r-0046,unknown,False,"Not a hotel, motel or guest house let to transient or seasonal guests",Unknown: needs owner identity. Exemption that depends on it: an owner-occupied building with two or fewer rental units.
A0101,Jersey City,r-0047,unknown,False,"Not a hotel, motel or seasonal rental",Unknown: needs owner identity. Exemption that depends on it: an owner-occupied two- or three-family dwelling.
A0101,Jersey City,r-0049,unknown,False,,"Unknown: needs the unit count. Exemption that depends on it: an owner-occupied two-family dwelling. The assessor building code '2-4S-B-A-26U-H' suggests 26 units (derived, unconfirmed)."
A0101,Jersey City,r-0050,unknown,False,,Unknown: needs owner identity. Exemption that depends on it: an owner-occupied building with four or fewer units.
A0101,Jersey City,r-0051,unknown,False,Not a seasonal rental of 125 days or less,Unknown: needs owner identity. Exemption that depends on it: an owner-occupied building with two or fewer rental units.
A0102,Hoboken,r-0023,applies,True,"Not a medical, long-term care or detention facility","Applies unless the property is a medical, long-term care or detention facility. Possible preemption: from 1 July 2027 the NJ FAIR Act may preempt the Hoboken and Jersey City algorithmic rent ordinances. Flagged for human review; not decided here."
A0102,Hoboken,r-0024,applies,False,,Applies to all residential rentals in Hoboken.
A0102,Hoboken,r-0025,unknown,False,"Not a hotel, motel, commercial or industrial unit, or institutional student housing","Unknown: needs year built. The rule covers buildings built on or before 25 Jun 1987, or newer buildings whose exemption period (at most 30 years) has ended."
A0102,Hoboken,r-0044,not_yet_effective,True,,Not yet in force: takes effect 1 Jul 2027. Possible preemption: from 1 July 2027 the NJ FAIR Act may preempt the Hoboken and Jersey City algorithmic rent ordinances. Flagged for human review; not decided here.
A0102,Hoboken,r-0045,unknown,False,Not let through a licensed real estate agent who is not the landlord,Unknown: needs the building type. Exemption that depends on it: a one-family or two-family dwelling.
A0102,Hoboken,r-0046,unknown,False,"Not a hotel, motel or guest house let to transient or seasonal guests",Unknown: needs owner identity. Exemption that depends on it: an owner-occupied building with two or fewer rental units.
A0102,Hoboken,r-0047,unknown,False,"Not a hotel, motel or seasonal rental",Unknown: needs owner identity. Exemption that depends on it: an owner-occupied two- or three-family dwelling.
A0102,Hoboken,r-0049,unknown,False,,"Unknown: needs the unit count. Exemption that depends on it: an owner-occupied two-family dwelling. The assessor building code '4B-5U-H-BA' suggests 5 units (derived, unconfirmed)."
A0102,Hoboken,r-0050,unknown,False,,Unknown: needs owner identity. Exemption that depends on it: an owner-occupied building with four or fewer units.
A0102,Hoboken,r-0051,unknown,False,Not a seasonal rental of 125 days or less,Unknown: needs owner identity. Exemption that depends on it: an owner-occupied building with two or fewer rental units.
A0103,Berkeley,r-0001,applies,True,Not an affordable housing unit whose rent or income limits are set by programme guidelines,Applies unless the property is an affordable housing unit whose rent or income limits are set by programme guidelines. Open question: two published effective dates (1 March 2026 in the ordinance text; January 2026 in an August 2026 law firm alert). Flagged for human review. State algorithm rules apply too; both are listed here.
A0103,Berkeley,r-0002,applies,False,,Applies to all residential rentals in Berkeley. State fee rules apply; Berkeley adds stricter local limits.
A0103,Berkeley,r-0003,applies,False,,Applies to all residential rentals in Berkeley. State fee rules apply; Berkeley adds stricter local limits.
A0103,Berkeley,r-0004,applies,False,Not a nonprofit cooperative | Not a unit where the tenant shares a kitchen or bath with the landlord,"Applies unless the property is a nonprofit cooperative or a unit where the tenant shares a kitchen or bath with the landlord. Apartments per the assessor; at least 5 units per the assessor description, so the exemption for an owner-occupied duplex (a 'golden duplex') cannot apply."
A0103,Berkeley,r-0005,unknown,False,Not a nonprofit cooperative | Not a unit where the owner shares a kitchen or bath with the tenant,Unknown: needs year built. The rule covers multifamily buildings built before 1980.
A0103,Berkeley,r-0006,applies,False,Not public housing or a Section 8 property | Not a unit let under an agreement that lets the owner move back in | Not a unit where an existing tenant is subletting or adding a roommate,"Applies unless the property is public housing or a Section 8 property; a unit let under an agreement that lets the owner move back in; or a unit where an existing tenant is subletting or adding a roommate. At least 5 units per the assessor description, so the exemption for an owner-occupied building with one to three units cannot apply. State screening rules apply too; both are listed here."
A0103,Berkeley,r-0007,applies,False,Not a unit where the owner shares a kitchen or bath with the tenant | Not a nonprofit cooperative,"Applies unless the property is a unit where the owner shares a kitchen or bath with the tenant or a nonprofit cooperative. At least 5 units per the assessor description, so the exemption for an owner-occupied duplex (a 'golden duplex') cannot apply; at least 5 units per the assessor description, so the exemption for an owner-occupied property with an accessory dwelling unit cannot apply. State deposit rules apply too; both are listed here."
A0103,Berkeley,r-0013,applies,False,,Applies to all residential rentals in California.
A0103,Berkeley,r-0014,applies,False,,Applies to all residential rentals in California.
A0103,Berkeley,r-0015,superseded,False,Not a unit where the tenant shares a bathroom or kitchen with the owner-occupant | Not deed-restricted affordable housing | Once the tenant has lived in the unit for 12 months,Governed instead by Berkeley just cause eviction rules as amended by Measure BB; the stricter local rule applies here.
A0103,Berkeley,r-0016,unknown,False,Not deed-restricted or subsidised affordable housing,Unknown: needs year built. Exemption that depends on it: a building with a certificate of occupancy issued within the last 15 years.
A0103,Berkeley,r-0017,applies,False,,Applies to all residential rentals in California.
A0103,Berkeley,r-0018,applies,False,,"Applies: at least 5 units per the assessor description, above the coverage threshold."
A0103,Berkeley,r-0019,applies,False,Once the deposit was collected on or after 1 Jul 2024,Applies to all residential rentals in California. Protection begins once the deposit was collected on or after 1 Jul 2024.
A0104,Newark,r-0044,not_yet_effective,False,,Not yet in force: takes effect 1 Jul 2027.
A0104,Newark,r-0045,unknown,False,Not let through a licensed real estate agent who is not the landlord,Unknown: needs the building type. Exemption that depends on it: a one-family or two-family dwelling.
A0104,Newark,r-0046,unknown,False,"Not a hotel, motel or guest house let to transient or seasonal guests",Unknown: needs owner identity. Exemption that depends on it: an owner-occupied building with two or fewer rental units.
A0104,Newark,r-0047,unknown,False,"Not a hotel, motel or seasonal rental",Unknown: needs owner identity. Exemption that depends on it: an owner-occupied two- or three-family dwelling.
A0104,Newark,r-0049,unknown,False,,Unknown: needs the unit count. Exemption that depends on it: an owner-occupied two-family dwelling.
A0104,Newark,r-0050,unknown,False,,Unknown: needs owner identity. Exemption that depends on it: an owner-occupied building with four or fewer units.
A0104,Newark,r-0051,unknown,False,Not a seasonal rental of 125 days or less,Unknown: needs owner identity. Exemption that depends on it: an owner-occupied building with two or fewer rental units.
A0104,Newark,r-0052,unknown,False,Not a hotel or motel let day to day to transients | Not public housing or a unit whose rent a government agency regulates,Unknown: needs year built. Exemption that depends on it: a newly built multiple dwelling still within its exemption period (at most 30 years).
A0104,Newark,r-0053,unknown,False,Not housing designated for a programme for people with criminal records,Unknown: needs the unit count. Exemption that depends on it: an owner-occupied two-family dwelling or a room in an owner-occupied home.
A0105,San Francisco,r-0013,applies,False,,Applies to all residential rentals in California.
A0105,San Francisco,r-0014,applies,False,,Applies to all residential rentals in California.
A0105,San Francisco,r-0015,superseded,False,Not a unit where the tenant shares a bathroom or kitchen with the owner-occupant | Not deed-restricted affordable housing | Once the tenant has lived in the unit for 12 months,Governed instead by San Francisco Rent Ordinance just cause eviction (S.F. Admin. Code § 37.9(a)); the stricter local rule applies here.
A0105,San Francisco,r-0016,unknown,False,Not deed-restricted or subsidised affordable housing,Unknown: needs owner identity. Exemption that depends on it: a building with a certificate of occupancy issued within the last 15 years.
A0105,San Francisco,r-0017,applies,False,,Applies to all residential rentals in California.
A0105,San Francisco,r-0018,applies,False,,"Applies: 7 units, above the coverage threshold."
A0105,San Francisco,r-0019,applies,False,Once the deposit was collected on or after 1 Jul 2024,Applies to all residential rentals in California. Protection begins once the deposit was collected on or after 1 Jul 2024.
A0105,San Francisco,r-0057,applies,False,,Applies to all residential rentals in San Francisco. State algorithm rules apply too; both are listed here.
A0105,San Francisco,r-0058,applies,False,,Applies to all residential rentals in San Francisco. Statutory exemptions for certain owner-occupied shared units and institutional housing cannot be checked from county data.
A0105,San Francisco,r-0060,unknown,False,,Unknown: needs affordable housing status. The rule covers affordable housing.
A0105,San Francisco,r-0061,applies,False,,Applies to all residential rentals in San Francisco. State deposit rules apply too; both are listed here.
A0106,San Francisco,r-0013,applies,False,,Applies to all residential rentals in California.
A0106,San Francisco,r-0014,applies,False,,Applies to all residential rentals in California.
A0106,San Francisco,r-0015,superseded,False,Not a unit where the tenant shares a bathroom or kitchen with the owner-occupant | Not deed-restricted affordable housing | Once the tenant has lived in the unit for 12 months,Governed instead by San Francisco Rent Ordinance just cause eviction (S.F. Admin. Code § 37.9(a)); the stricter local rule applies here.
A0106,San Francisco,r-0016,unknown,False,Not deed-restricted or subsidised affordable housing,Unknown: needs year built. Exemption that depends on it: a building with a certificate of occupancy issued within the last 15 years.
A0106,San Francisco,r-0017,applies,False,,Applies to all residential rentals in California.
A0106,San Francisco,r-0018,applies,False,,"Applies: 60 units, above the coverage threshold."
A0106,San Francisco,r-0019,applies,False,Once the deposit was collected on or after 1 Jul 2024,Applies to all residential rentals in California. Protection begins once the deposit was collected on or after 1 Jul 2024.
A0106,San Francisco,r-0057,applies,False,,Applies to all residential rentals in San Francisco. State algorithm rules apply too; both are listed here.
A0106,San Francisco,r-0058,applies,False,,Applies to all residential rentals in San Francisco. Statutory exemptions for certain owner-occupied shared units and institutional housing cannot be checked from county data.
A0106,San Francisco,r-0059,unknown,False,,Unknown: needs year built. The rule covers units with a certificate of occupancy on or before 13 Jun 1979.
A0106,San Francisco,r-0060,unknown,False,,Unknown: needs affordable housing status. The rule covers affordable housing.
A0106,San Francisco,r-0061,applies,False,,Applies to all residential rentals in San Francisco. State deposit rules apply too; both are listed here.
A0107,Los Angeles,r-0013,applies,False,,Applies to all residential rentals in California.
A0107,Los Angeles,r-0014,applies,False,,Applies to all residential rentals in California.
A0107,Los Angeles,r-0015,superseded,False,Not a unit where the tenant shares a bathroom or kitchen with the owner-occupant | Not deed-restricted affordable housing | Once the tenant has lived in the unit for 12 months,"Governed instead by Los Angeles Just Cause for Eviction Ordinance (JCO) and Relocation assistance for no-fault evictions under the RSO and JCO; together they cover every residential unit, so a local rule applies whatever the year built."
A0107,Los Angeles,r-0016,unknown,False,Not deed-restricted or subsidised affordable housing,Unknown: needs year built. Whether Los Angeles Rent Stabilization Ordinance (RSO) allowable rent increases governs here depends on it.
A0107,Los Angeles,r-0017,applies,False,,Applies to all residential rentals in California.
A0107,Los Angeles,r-0018,applies,False,,"Applies: 20 units, above the coverage threshold."
A0107,Los Angeles,r-0019,applies,False,Once the deposit was collected on or after 1 Jul 2024,Applies to all residential rentals in California. Protection begins once the deposit was collected on or after 1 Jul 2024.
A0107,Los Angeles,r-0028,unknown,False,"Not a cooperative, nonprofit homeless facility or short-term treatment facility | Once the tenant has lived in the unit for six months or the first lease has ended",Unknown: needs year built. The rule covers residential units not covered by the Rent Stabilization Ordinance (certificate of occupancy after 1 Oct 1978).
A0107,Los Angeles,r-0029,unknown,False,Not a housing authority or government-owned property,Unknown: needs year built. The rule covers rental units first built on or before 1 Oct 1978.
A0107,Los Angeles,r-0030,unknown,True,"Not government-owned or regulated housing, or affordable housing with a recorded covenant",Unknown: needs year built. The rule covers rental properties first built on or before 1 Oct 1978. Open question: two published effective dates for the new formula (2 February 2026 per LAHD; 24 January 2026 per a landlord association). Flagged for human review.
A0107,Los Angeles,r-0031,applies,False,,Applies to all residential rentals in Los Angeles. State screening rules apply too; both are listed here.
A0107,Los Angeles,r-0032,unknown,False,Once the deposit has been held for at least one year,Unknown: needs year built. The rule covers rent-stabilised units (first built on or before 1 Oct 1978).
A0108,Jersey City,r-0026,applies,True,"Not an inpatient medical, licensed long-term care or detention facility","Applies unless the property is an inpatient medical, licensed long-term care or detention facility. Possible preemption: from 1 July 2027 the NJ FAIR Act may preempt the Hoboken and Jersey City algorithmic rent ordinances. Flagged for human review; not decided here."
A0108,Jersey City,r-0027,unknown,False,,"Unknown: needs the unit count. The rule covers buildings with five or more units. The assessor building code '3S-B-D-6U-H' suggests 6 units (derived, unconfirmed)."
A0108,Jersey City,r-0044,not_yet_effective,True,,Not yet in force: takes effect 1 Jul 2027. Possible preemption: from 1 July 2027 the NJ FAIR Act may preempt the Hoboken and Jersey City algorithmic rent ordinances. Flagged for human review; not decided here.
A0108,Jersey City,r-0045,unknown,False,Not let through a licensed real estate agent who is not the landlord,Unknown: needs the building type. Exemption that depends on it: a one-family or two-family dwelling.
A0108,Jersey City,r-0046,unknown,False,"Not a hotel, motel or guest house let to transient or seasonal guests",Unknown: needs owner identity. Exemption that depends on it: an owner-occupied building with two or fewer rental units.
A0108,Jersey City,r-0047,unknown,False,"Not a hotel, motel or seasonal rental",Unknown: needs owner identity. Exemption that depends on it: an owner-occupied two- or three-family dwelling.
A0108,Jersey City,r-0049,unknown,False,,"Unknown: needs the unit count. Exemption that depends on it: an owner-occupied two-family dwelling. The assessor building code '3S-B-D-6U-H' suggests 6 units (derived, unconfirmed)."
A0108,Jersey City,r-0050,unknown,False,,Unknown: needs owner identity. Exemption that depends on it: an owner-occupied building with four or fewer units.
A0108,Jersey City,r-0051,unknown,False,Not a seasonal rental of 125 days or less,Unknown: needs owner identity. Exemption that depends on it: an owner-occupied building with two or fewer rental units.
A0109,Berkeley,r-0001,applies,True,Not an affordable housing unit whose rent or income limits are set by programme guidelines,Applies unless the property is an affordable housing unit whose rent or income limits are set by programme guidelines. Open question: two published effective dates (1 March 2026 in the ordinance text; January 2026 in an August 2026 law firm alert). Flagged for human review. State algorithm rules apply too; both are listed here.
A0109,Berkeley,r-0002,applies,False,,Applies to all residential rentals in Berkeley. State fee rules apply; Berkeley adds stricter local limits.
A0109,Berkeley,r-0003,applies,False,,Applies to all residential rentals in Berkeley. State fee rules apply; Berkeley adds stricter local limits.
A0109,Berkeley,r-0004,applies,False,Not a nonprofit cooperative | Not a unit where the tenant shares a kitchen or bath with the landlord,"Applies unless the property is a nonprofit cooperative or a unit where the tenant shares a kitchen or bath with the landlord. Apartments per the assessor; at least 5 units per the assessor description, so the exemption for an owner-occupied duplex (a 'golden duplex') cannot apply."
A0109,Berkeley,r-0005,unknown,False,Not a nonprofit cooperative | Not a unit where the owner shares a kitchen or bath with the tenant,Unknown: needs year built. The rule covers multifamily buildings built before 1980.
A0109,Berkeley,r-0006,applies,False,Not public housing or a Section 8 property | Not a unit let under an agreement that lets the owner move back in | Not a unit where an existing tenant is subletting or adding a roommate,"Applies unless the property is public housing or a Section 8 property; a unit let under an agreement that lets the owner move back in; or a unit where an existing tenant is subletting or adding a roommate. At least 5 units per the assessor description, so the exemption for an owner-occupied building with one to three units cannot apply. State screening rules apply too; both are listed here."
A0109,Berkeley,r-0007,applies,False,Not a unit where the owner shares a kitchen or bath with the tenant | Not a nonprofit cooperative,"Applies unless the property is a unit where the owner shares a kitchen or bath with the tenant or a nonprofit cooperative. At least 5 units per the assessor description, so the exemption for an owner-occupied duplex (a 'golden duplex') cannot apply; at least 5 units per the assessor description, so the exemption for an owner-occupied property with an accessory dwelling unit cannot apply. State deposit rules apply too; both are listed here."
A0109,Berkeley,r-0013,applies,False,,Applies to all residential rentals in California.
A0109,Berkeley,r-0014,applies,False,,Applies to all residential rentals in California.
A0109,Berkeley,r-0015,superseded,False,Not a unit where the tenant shares a bathroom or kitchen with the owner-occupant | Not deed-restricted affordable housing | Once the tenant has lived in the unit for 12 months,Governed instead by Berkeley just cause eviction rules as amended by Measure BB; the stricter local rule applies here.
A0109,Berkeley,r-0016,unknown,False,Not deed-restricted or subsidised affordable housing,Unknown: needs year built. Exemption that depends on it: a building with a certificate of occupancy issued within the last 15 years.
A0109,Berkeley,r-0017,applies,False,,Applies to all residential rentals in California.
A0109,Berkeley,r-0018,applies,False,,"Applies: at least 5 units per the assessor description, above the coverage threshold."
A0109,Berkeley,r-0019,applies,False,Once the deposit was collected on or after 1 Jul 2024,Applies to all residential rentals in California. Protection begins once the deposit was collected on or after 1 Jul 2024.
A0110,Newark,r-0044,not_yet_effective,False,,Not yet in force: takes effect 1 Jul 2027.
A0110,Newark,r-0045,unknown,False,Not let through a licensed real estate agent who is not the landlord,Unknown: needs the building type. Exemption that depends on it: a one-family or two-family dwelling.
A0110,Newark,r-0046,unknown,False,"Not a hotel, motel or guest house let to transient or seasonal guests",Unknown: needs owner identity. Exemption that depends on it: an owner-occupied building with two or fewer rental units.
A0110,Newark,r-0047,unknown,False,"Not a hotel, motel or seasonal rental",Unknown: needs owner identity. Exemption that depends on it: an owner-occupied two- or three-family dwelling.
A0110,Newark,r-0049,unknown,False,,Unknown: needs the unit count. Exemption that depends on it: an owner-occupied two-family dwelling.
A0110,Newark,r-0050,unknown,False,,Unknown: needs owner identity. Exemption that depends on it: an owner-occupied building with four or fewer units.
A0110,Newark,r-0051,unknown,False,Not a seasonal rental of 125 days or less,Unknown: needs owner identity. Exemption that depends on it: an owner-occupied building with two or fewer rental units.
A0110,Newark,r-0052,unknown,False,Not a hotel or motel let day to day to transients | Not public housing or a unit whose rent a government agency regulates,Unknown: needs year built. Exemption that depends on it: a newly built multiple dwelling still within its exemption period (at most 30 years).
A0110,Newark,r-0053,unknown,False,Not housing designated for a programme for people with criminal records,Unknown: needs the unit count. Exemption that depends on it: an owner-occupied two-family dwelling or a room in an owner-occupied home.
A0111,Los Angeles,r-0013,applies,False,,Applies to all residential rentals in California.
A0111,Los Angeles,r-0014,applies,False,,Applies to all residential rentals in California.
A0111,Los Angeles,r-0015,superseded,False,Not a unit where the tenant shares a bathroom or kitchen with the owner-occupant | Not deed-restricted affordable housing | Once the tenant has lived in the unit for 12 months,Governed instead by Los Angeles Just Cause for Eviction Ordinance (JCO); the stricter local rule applies here.
A0111,Los Angeles,r-0016,applies,False,Not deed-restricted or subsidised affordable housing,"Applies unless the property is deed-restricted or subsidised affordable housing. Built 1984, before the 15 year certificate of occupancy window (built before 2011); apartments per the assessor."
A0111,Los Angeles,r-0017,applies,False,,Applies to all residential rentals in California.
A0111,Los Angeles,r-0018,applies,False,,"Applies: 40 units, above the coverage threshold."
A0111,Los Angeles,r-0019,applies,False,Once the deposit was collected on or after 1 Jul 2024,Applies to all residential rentals in California. Protection begins once the deposit was collected on or after 1 Jul 2024.
A0111,Los Angeles,r-0028,applies,False,"Not a cooperative, nonprofit homeless facility or short-term treatment facility | Once the tenant has lived in the unit for six months or the first lease has ended","Applies unless the property is a cooperative, nonprofit homeless facility or short-term treatment facility. Apartments per the assessor; built 1984, after the 1 Oct 1978 certificate of occupancy cutoff. Protection begins once the tenant has lived in the unit for six months or the first lease has ended."
A0111,Los Angeles,r-0031,applies,False,,Applies to all residential rentals in Los Angeles. State screening rules apply too; both are listed here.
A0112,San Francisco,r-0013,applies,False,,Applies to all residential rentals in California.
A0112,San Francisco,r-0014,applies,False,,Applies to all residential rentals in California.
A0112,San Francisco,r-0015,superseded,False,Not a unit where the tenant shares a bathroom or kitchen with the owner-occupant | Not deed-restricted affordable housing | Once the tenant has lived in the unit for 12 months,Governed instead by San Francisco Rent Ordinance just cause eviction (S.F. Admin. Code § 37.9(a)); the stricter local rule applies here.
A0112,San Francisco,r-0016,superseded,False,Not deed-restricted or subsidised affordable housing,Governed instead by San Francisco annual allowable rent increase (3/1/2026–2/28/2027); the stricter local rule applies here.
A0112,San Francisco,r-0017,applies,False,,Applies to all residential rentals in California.
A0112,San Francisco,r-0018,applies,False,,"Applies: 9 units, above the coverage threshold."
A0112,San Francisco,r-0019,applies,False,Once the deposit was collected on or after 1 Jul 2024,Applies to all residential rentals in California. Protection begins once the deposit was collected on or after 1 Jul 2024.
A0112,San Francisco,r-0057,applies,False,,Applies to all residential rentals in San Francisco. State algorithm rules apply too; both are listed here.
A0112,San Francisco,r-0058,applies,False,,Applies to all residential rentals in San Francisco. Statutory exemptions for certain owner-occupied shared units and institutional housing cannot be checked from county data.
A0112,San Francisco,r-0059,applies,False,,"Applies: built 1905, before the 13 Jun 1979 certificate of occupancy cutoff."
A0112,San Francisco,r-0060,unknown,False,,Unknown: needs affordable housing status. The rule covers affordable housing.
A0112,San Francisco,r-0061,applies,False,,Applies to all residential rentals in San Francisco. State deposit rules apply too; both are listed here.
A0113,Berkeley,r-0001,applies,True,Not an affordable housing unit whose rent or income limits are set by programme guidelines,Applies unless the property is an affordable housing unit whose rent or income limits are set by programme guidelines. Open question: two published effective dates (1 March 2026 in the ordinance text; January 2026 in an August 2026 law firm alert). Flagged for human review. State algorithm rules apply too; both are listed here.
A0113,Berkeley,r-0002,applies,False,,Applies to all residential rentals in Berkeley. State fee rules apply; Berkeley adds stricter local limits.
A0113,Berkeley,r-0003,applies,False,,Applies to all residential rentals in Berkeley. State fee rules apply; Berkeley adds stricter local limits.
A0113,Berkeley,r-0004,applies,False,Not a nonprofit cooperative | Not a unit where the tenant shares a kitchen or bath with the landlord,"Applies unless the property is a nonprofit cooperative or a unit where the tenant shares a kitchen or bath with the landlord. Apartments per the assessor; at least 5 units per the assessor description, so the exemption for an owner-occupied duplex (a 'golden duplex') cannot apply."
A0113,Berkeley,r-0005,unknown,False,Not a nonprofit cooperative | Not a unit where the owner shares a kitchen or bath with the tenant,Unknown: needs year built. The rule covers multifamily buildings built before 1980.
A0113,Berkeley,r-0006,applies,False,Not public housing or a Section 8 property | Not a unit let under an agreement that lets the owner move back in | Not a unit where an existing tenant is subletting or adding a roommate,"Applies unless the property is public housing or a Section 8 property; a unit let under an agreement that lets the owner move back in; or a unit where an existing tenant is subletting or adding a roommate. At least 5 units per the assessor description, so the exemption for an owner-occupied building with one to three units cannot apply. State screening rules apply too; both are listed here."
A0113,Berkeley,r-0007,applies,False,Not a unit where the owner shares a kitchen or bath with the tenant | Not a nonprofit cooperative,"Applies unless the property is a unit where the owner shares a kitchen or bath with the tenant or a nonprofit cooperative. At least 5 units per the assessor description, so the exemption for an owner-occupied duplex (a 'golden duplex') cannot apply; at least 5 units per the assessor description, so the exemption for an owner-occupied property with an accessory dwelling unit cannot apply. State deposit rules apply too; both are listed here."
A0113,Berkeley,r-0013,applies,False,,Applies to all residential rentals in California.
A0113,Berkeley,r-0014,applies,False,,Applies to all residential rentals in California.
A0113,Berkeley,r-0015,superseded,False,Not a unit where the tenant shares a bathroom or kitchen with the owner-occupant | Not deed-restricted affordable housing | Once the tenant has lived in the unit for 12 months,Governed instead by Berkeley just cause eviction rules as amended by Measure BB; the stricter local rule applies here.
A0113,Berkeley,r-0016,unknown,False,Not deed-restricted or subsidised affordable housing,Unknown: needs year built. Exemption that depends on it: a building with a certificate of occupancy issued within the last 15 years.
A0113,Berkeley,r-0017,applies,False,,Applies to all residential rentals in California.
A0113,Berkeley,r-0018,applies,False,,"Applies: at least 5 units per the assessor description, above the coverage threshold."
A0113,Berkeley,r-0019,applies,False,Once the deposit was collected on or after 1 Jul 2024,Applies to all residential rentals in California. Protection begins once the deposit was collected on or after 1 Jul 2024.
A0114,San Diego,r-0013,applies,False,,Applies to all residential rentals in California.
A0114,San Diego,r-0014,applies,False,,Applies to all residential rentals in California.
A0114,San Diego,r-0015,superseded,False,Not a unit where the tenant shares a bathroom or kitchen with the owner-occupant | Not deed-restricted affordable housing | Once the tenant has lived in the unit for 12 months,"Governed instead by San Diego Residential Tenant Protections (just cause for termination of tenancy); it shares the same coverage condition, so wherever this rule applies the stricter local rule governs."
A0114,San Diego,r-0016,unknown,False,Not deed-restricted or subsidised affordable housing,Unknown: needs year built. Exemption that depends on it: a building with a certificate of occupancy issued within the last 15 years.
A0114,San Diego,r-0017,applies,False,,Applies to all residential rentals in California.
A0114,San Diego,r-0018,applies,False,,"Applies: 6 units, above the coverage threshold."
A0114,San Diego,r-0019,applies,False,Once the deposit was collected on or after 1 Jul 2024,Applies to all residential rentals in California. Protection begins once the deposit was collected on or after 1 Jul 2024.
A0114,San Diego,r-0054,applies,False,Not an affordable housing unit whose rent or income limits are set by programme guidelines,Applies unless the property is an affordable housing unit whose rent or income limits are set by programme guidelines. State algorithm rules apply too; both are listed here.
A0114,San Diego,r-0055,unknown,False,Not deed-restricted or subsidised affordable housing (Section 8 vouchers do not count) | Not a unit where the tenant shares a bath or kitchen with the owner | Once the tenancy has lasted more than 30 days,Unknown: needs year built. The rule covers buildings with a certificate of occupancy at least 15 years old.
A0114,San Diego,r-0056,applies,False,,"Applies: 6 units, above the coverage threshold. State screening rules apply too; both are listed here."
A0115,San Francisco,r-0013,applies,False,,Applies to all residential rentals in California.
A0115,San Francisco,r-0014,applies,False,,Applies to all residential rentals in California.
A0115,San Francisco,r-0015,superseded,False,Not a unit where the tenant shares a bathroom or kitchen with the owner-occupant | Not deed-restricted affordable housing | Once the tenant has lived in the unit for 12 months,Governed instead by San Francisco Rent Ordinance just cause eviction (S.F. Admin. Code § 37.9(a)); the stricter local rule applies here.
A0115,San Francisco,r-0016,superseded,False,Not deed-restricted or subsidised affordable housing,Governed instead by San Francisco annual allowable rent increase (3/1/2026–2/28/2027); the stricter local rule applies here.
A0115,San Francisco,r-0017,applies,False,,Applies to all residential rentals in California.
A0115,San Francisco,r-0018,applies,False,,"Applies: 6 units, above the coverage threshold."
A0115,San Francisco,r-0019,applies,False,Once the deposit was collected on or after 1 Jul 2024,Applies to all residential rentals in California. Protection begins once the deposit was collected on or after 1 Jul 2024.
A0115,San Francisco,r-0057,applies,False,,Applies to all residential rentals in San Francisco. State algorithm rules apply too; both are listed here.
A0115,San Francisco,r-0058,applies,False,,Applies to all residential rentals in San Francisco. Statutory exemptions for certain owner-occupied shared units and institutional housing cannot be checked from county data.
A0115,San Francisco,r-0059,applies,False,,"Applies: built 1900, before the 13 Jun 1979 certificate of occupancy cutoff."
A0115,San Francisco,r-0060,unknown,False,,Unknown: needs affordable housing status. The rule covers affordable housing.
A0115,San Francisco,r-0061,applies,False,,Applies to all residential rentals in San Francisco. State deposit rules apply too; both are listed here.
A0116,Jersey City,r-0026,applies,True,"Not an inpatient medical, licensed long-term care or detention facility","Applies unless the property is an inpatient medical, licensed long-term care or detention facility. Possible preemption: from 1 July 2027 the NJ FAIR Act may preempt the Hoboken and Jersey City algorithmic rent ordinances. Flagged for human review; not decided here."
A0116,Jersey City,r-0027,unknown,False,,"Unknown: needs the unit count. The rule covers buildings with five or more units. The assessor building code '3S-F-D-6U-H' suggests 6 units (derived, unconfirmed)."
A0116,Jersey City,r-0044,not_yet_effective,True,,Not yet in force: takes effect 1 Jul 2027. Possible preemption: from 1 July 2027 the NJ FAIR Act may preempt the Hoboken and Jersey City algorithmic rent ordinances. Flagged for human review; not decided here.
A0116,Jersey City,r-0045,unknown,False,Not let through a licensed real estate agent who is not the landlord,Unknown: needs the building type. Exemption that depends on it: a one-family or two-family dwelling.
A0116,Jersey City,r-0046,unknown,False,"Not a hotel, motel or guest house let to transient or seasonal guests",Unknown: needs owner identity. Exemption that depends on it: an owner-occupied building with two or fewer rental units.
A0116,Jersey City,r-0047,unknown,False,"Not a hotel, motel or seasonal rental",Unknown: needs owner identity. Exemption that depends on it: an owner-occupied two- or three-family dwelling.
A0116,Jersey City,r-0049,unknown,False,,"Unknown: needs the unit count. Exemption that depends on it: an owner-occupied two-family dwelling. The assessor building code '3S-F-D-6U-H' suggests 6 units (derived, unconfirmed)."
A0116,Jersey City,r-0050,unknown,False,,Unknown: needs owner identity. Exemption that depends on it: an owner-occupied building with four or fewer units.
A0116,Jersey City,r-0051,unknown,False,Not a seasonal rental of 125 days or less,Unknown: needs owner identity. Exemption that depends on it: an owner-occupied building with two or fewer rental units.
A0117,Los Angeles,r-0013,applies,False,,Applies to all residential rentals in California.
A0117,Los Angeles,r-0014,applies,False,,Applies to all residential rentals in California.
A0117,Los Angeles,r-0015,superseded,False,Not a unit where the tenant shares a bathroom or kitchen with the owner-occupant | Not deed-restricted affordable housing | Once the tenant has lived in the unit for 12 months,Governed instead by Relocation assistance for no-fault evictions under the RSO and JCO; the stricter local rule applies here.
A0117,Los Angeles,r-0016,superseded,False,Not deed-restricted or subsidised affordable housing,Governed instead by Los Angeles Rent Stabilization Ordinance (RSO) allowable rent increases; the stricter local rule applies here.
A0117,Los Angeles,r-0017,applies,False,,Applies to all residential rentals in California.
A0117,Los Angeles,r-0018,applies,False,,"Applies: 40 units, above the coverage threshold."
A0117,Los Angeles,r-0019,applies,False,Once the deposit was collected on or after 1 Jul 2024,Applies to all residential rentals in California. Protection begins once the deposit was collected on or after 1 Jul 2024.
A0117,Los Angeles,r-0028,unknown,False,"Not a cooperative, nonprofit homeless facility or short-term treatment facility | Once the tenant has lived in the unit for six months or the first lease has ended","Unknown: this building is under the RSO (built 1924), so the JCO applies only if the unit is exempt from the RSO; RSO exemption status is not in the data."
A0117,Los Angeles,r-0029,applies,False,Not a housing authority or government-owned property,"Applies unless the property is a housing authority or government-owned property. Apartments per the assessor; built 1924, before the 1 Oct 1978 certificate of occupancy cutoff."
A0117,Los Angeles,r-0030,applies,True,"Not government-owned or regulated housing, or affordable housing with a recorded covenant","Applies unless the property is government-owned or regulated housing, or affordable housing with a recorded covenant. Built 1924, before the 1 Oct 1978 certificate of occupancy cutoff; apartments per the assessor. Open question: two published effective dates for the new formula (2 February 2026 per LAHD; 24 January 2026 per a landlord association). Flagged for human review."
A0117,Los Angeles,r-0031,applies,False,,Applies to all residential rentals in Los Angeles. State screening rules apply too; both are listed here.
A0117,Los Angeles,r-0032,applies,False,Once the deposit has been held for at least one year,"Applies: built 1924, before the 1 Oct 1978 certificate of occupancy cutoff; apartments per the assessor. Protection begins once the deposit has been held for at least one year. State deposit rules apply too; both are listed here."
A0118,Boston,r-0008,applies,False,,Applies: apartments per the assessor.
A0118,Boston,r-0011,unknown,False,,Unknown: needs affordable housing status. The rule covers housing funded or land-assisted by the Boston Department of Neighborhood Development.
A0118,Boston,r-0012,applies,False,,Applies to all residential rentals in Boston. State screening rules apply too; both are listed here.
A0118,Boston,r-0033,pending,False,,"Bill, not law: a pending bill or proposal, not yet enacted."
A0118,Boston,r-0034,pending,False,,"Bill, not law: a pending bill or proposal, not yet enacted."
A0118,Boston,r-0035,applies,False,,Applies to all residential rentals in Massachusetts.
A0118,Boston,r-0036,applies,False,,Applies: apartments per the assessor.
A0118,Boston,r-0041,applies,False,,Applies to all residential rentals in Massachusetts.
A0118,Boston,r-0042,applies,False,,Applies to all residential rentals in Massachusetts.
A0118,Boston,r-0043,applies,False,,Applies: apartments per the assessor.
A0119,Hoboken,r-0023,applies,True,"Not a medical, long-term care or detention facility","Applies unless the property is a medical, long-term care or detention facility. Possible preemption: from 1 July 2027 the NJ FAIR Act may preempt the Hoboken and Jersey City algorithmic rent ordinances. Flagged for human review; not decided here."
A0119,Hoboken,r-0024,applies,False,,Applies to all residential rentals in Hoboken.
A0119,Hoboken,r-0025,unknown,False,"Not a hotel, motel, commercial or industrial unit, or institutional student housing","Unknown: needs year built. The rule covers buildings built on or before 25 Jun 1987, or newer buildings whose exemption period (at most 30 years) has ended."
A0119,Hoboken,r-0044,not_yet_effective,True,,Not yet in force: takes effect 1 Jul 2027. Possible preemption: from 1 July 2027 the NJ FAIR Act may preempt the Hoboken and Jersey City algorithmic rent ordinances. Flagged for human review; not decided here.
A0119,Hoboken,r-0045,unknown,False,Not let through a licensed real estate agent who is not the landlord,Unknown: needs the building type. Exemption that depends on it: a one-family or two-family dwelling.
A0119,Hoboken,r-0046,unknown,False,"Not a hotel, motel or guest house let to transient or seasonal guests",Unknown: needs owner identity. Exemption that depends on it: an owner-occupied building with two or fewer rental units.
A0119,Hoboken,r-0047,unknown,False,"Not a hotel, motel or seasonal rental",Unknown: needs owner identity. Exemption that depends on it: an owner-occupied two- or three-family dwelling.
A0119,Hoboken,r-0049,unknown,False,,"Unknown: needs the unit count. Exemption that depends on it: an owner-occupied two-family dwelling. The assessor building code '2F-4U/2F-2U' suggests 6 units (derived, unconfirmed)."
A0119,Hoboken,r-0050,unknown,False,,Unknown: needs owner identity. Exemption that depends on it: an owner-occupied building with four or fewer units.
A0119,Hoboken,r-0051,unknown,False,Not a seasonal rental of 125 days or less,Unknown: needs owner identity. Exemption that depends on it: an owner-occupied building with two or fewer rental units.
A0120,Newark,r-0044,not_yet_effective,False,,Not yet in force: takes effect 1 Jul 2027.
A0120,Newark,r-0045,unknown,False,Not let through a licensed real estate agent who is not the landlord,Unknown: needs the building type. Exemption that depends on it: a one-family or two-family dwelling.
A0120,Newark,r-0046,unknown,False,"Not a hotel, motel or guest house let to transient or seasonal guests",Unknown: needs owner identity. Exemption that depends on it: an owner-occupied building with two or fewer rental units.
A0120,Newark,r-0047,unknown,False,"Not a hotel, motel or seasonal rental",Unknown: needs owner identity. Exemption that depends on it: an owner-occupied two- or three-family dwelling.
A0120,Newark,r-0049,unknown,False,,Unknown: needs the unit count. Exemption that depends on it: an owner-occupied two-family dwelling.
A0120,Newark,r-0050,unknown,False,,Unknown: needs owner identity. Exemption that depends on it: an owner-occupied building with four or fewer units.
A0120,Newark,r-0051,unknown,False,Not a seasonal rental of 125 days or less,Unknown: needs owner identity. Exemption that depends on it: an owner-occupied building with two or fewer rental units.
A0120,Newark,r-0052,unknown,False,Not a hotel or motel let day to day to transients | Not public housing or a unit whose rent a government agency regulates,Unknown: needs year built. Exemption that depends on it: a newly built multiple dwelling still within its exemption period (at most 30 years).
A0120,Newark,r-0053,unknown,False,Not housing designated for a programme for people with criminal records,Unknown: needs the unit count. Exemption that depends on it: an owner-occupied two-family dwelling or a room in an owner-occupied home.
A0121,San Diego,r-0013,applies,False,,Applies to all residential rentals in California.
A0121,San Diego,r-0014,applies,False,,Applies to all residential rentals in California.
A0121,San Diego,r-0015,superseded,False,Not a unit where the tenant shares a bathroom or kitchen with the owner-occupant | Not deed-restricted affordable housing | Once the tenant has lived in the unit for 12 months,"Governed instead by San Diego Residential Tenant Protections (just cause for termination of tenancy); it shares the same coverage condition, so wherever this rule applies the stricter local rule governs."
A0121,San Diego,r-0016,unknown,False,Not deed-restricted or subsidised affordable housing,Unknown: needs year built. Exemption that depends on it: a building with a certificate of occupancy issued within the last 15 years.
A0121,San Diego,r-0017,applies,False,,Applies to all residential rentals in California.
A0121,San Diego,r-0018,applies,False,,"Applies: 22 units, above the coverage threshold."
A0121,San Diego,r-0019,applies,False,Once the deposit was collected on or after 1 Jul 2024,Applies to all residential rentals in California. Protection begins once the deposit was collected on or after 1 Jul 2024.
A0121,San Diego,r-0054,applies,False,Not an affordable housing unit whose rent or income limits are set by programme guidelines,Applies unless the property is an affordable housing unit whose rent or income limits are set by programme guidelines. State algorithm rules apply too; both are listed here.
A0121,San Diego,r-0055,unknown,False,Not deed-restricted or subsidised affordable housing (Section 8 vouchers do not count) | Not a unit where the tenant shares a bath or kitchen with the owner | Once the tenancy has lasted more than 30 days,Unknown: needs year built. The rule covers buildings with a certificate of occupancy at least 15 years old.
A0121,San Diego,r-0056,applies,False,,"Applies: 22 units, above the coverage threshold. State screening rules apply too; both are listed here."
A0122,Los Angeles,r-0013,applies,False,,Applies to all residential rentals in California.
A0122,Los Angeles,r-0014,applies,False,,Applies to all residential rentals in California.
A0122,Los Angeles,r-0015,superseded,False,Not a unit where the tenant shares a bathroom or kitchen with the owner-occupant | Not deed-restricted affordable housing | Once the tenant has lived in the unit for 12 months,Governed instead by Relocation assistance for no-fault evictions under the RSO and JCO; the stricter local rule applies here.
A0122,Los Angeles,r-0016,superseded,False,Not deed-restricted or subsidised affordable housing,Governed instead by Los Angeles Rent Stabilization Ordinance (RSO) allowable rent increases; the stricter local rule applies here.
A0122,Los Angeles,r-0017,applies,False,,Applies to all residential rentals in California.
A0122,Los Angeles,r-0018,applies,False,,"Applies: 8 units, above the coverage threshold."
A0122,Los Angeles,r-0019,applies,False,Once the deposit was collected on or after 1 Jul 2024,Applies to all residential rentals in California. Protection begins once the deposit was collected on or after 1 Jul 2024.
A0122,Los Angeles,r-0028,unknown,False,"Not a cooperative, nonprofit homeless facility or short-term treatment facility | Once the tenant has lived in the unit for six months or the first lease has ended","Unknown: this building is under the RSO (built 1909), so the JCO applies only if the unit is exempt from the RSO; RSO exemption status is not in the data."
A0122,Los Angeles,r-0029,applies,False,Not a housing authority or government-owned property,"Applies unless the property is a housing authority or government-owned property. Apartments per the assessor; built 1909, before the 1 Oct 1978 certificate of occupancy cutoff."
A0122,Los Angeles,r-0030,applies,True,"Not government-owned or regulated housing, or affordable housing with a recorded covenant","Applies unless the property is government-owned or regulated housing, or affordable housing with a recorded covenant. Built 1909, before the 1 Oct 1978 certificate of occupancy cutoff; apartments per the assessor. Open question: two published effective dates for the new formula (2 February 2026 per LAHD; 24 January 2026 per a landlord association). Flagged for human review."
A0122,Los Angeles,r-0031,applies,False,,Applies to all residential rentals in Los Angeles. State screening rules apply too; both are listed here.
A0122,Los Angeles,r-0032,applies,False,Once the deposit has been held for at least one year,"Applies: built 1909, before the 1 Oct 1978 certificate of occupancy cutoff; apartments per the assessor. Protection begins once the deposit has been held for at least one year. State deposit rules apply too; both are listed here."
A0123,Boston,r-0008,applies,False,,Applies: apartments per the assessor.
A0123,Boston,r-0011,unknown,False,,Unknown: needs affordable housing status. The rule covers housing funded or land-assisted by the Boston Department of Neighborhood Development.
A0123,Boston,r-0012,applies,False,,Applies to all residential rentals in Boston. State screening rules apply too; both are listed here.
A0123,Boston,r-0033,pending,False,,"Bill, not law: a pending bill or proposal, not yet enacted."
A0123,Boston,r-0034,pending,False,,"Bill, not law: a pending bill or proposal, not yet enacted."
A0123,Boston,r-0035,applies,False,,Applies to all residential rentals in Massachusetts.
A0123,Boston,r-0036,applies,False,,Applies: apartments per the assessor.
A0123,Boston,r-0041,applies,False,,Applies to all residential rentals in Massachusetts.
A0123,Boston,r-0042,applies,False,,Applies to all residential rentals in Massachusetts.
A0123,Boston,r-0043,applies,False,,Applies: apartments per the assessor.
A0124,Cambridge,r-0020,pending,False,,"Bill, not law: a pending bill or proposal, not yet enacted."
A0124,Cambridge,r-0021,applies,False,,Applies: apartments per the assessor.
A0124,Cambridge,r-0022,applies,False,,"Applies: 16 units, so the exemption for an owner-occupied two-family dwelling cannot apply. State screening rules apply too; both are listed here."
A0124,Cambridge,r-0033,pending,False,,"Bill, not law: a pending bill or proposal, not yet enacted."
A0124,Cambridge,r-0034,pending,False,,"Bill, not law: a pending bill or proposal, not yet enacted."
A0124,Cambridge,r-0035,applies,False,,Applies to all residential rentals in Massachusetts.
A0124,Cambridge,r-0036,applies,False,,Applies: apartments per the assessor.
A0124,Cambridge,r-0041,applies,False,,Applies to all residential rentals in Massachusetts.
A0124,Cambridge,r-0042,applies,False,,Applies to all residential rentals in Massachusetts.
A0124,Cambridge,r-0043,applies,False,,Applies: apartments per the assessor.
A0125,Hoboken,r-0023,applies,True,"Not a medical, long-term care or detention facility","Applies unless the property is a medical, long-term care or detention facility. Possible preemption: from 1 July 2027 the NJ FAIR Act may preempt the Hoboken and Jersey City algorithmic rent ordinances. Flagged for human review; not decided here."
A0125,Hoboken,r-0024,applies,False,,Applies to all residential rentals in Hoboken.
A0125,Hoboken,r-0025,unknown,False,"Not a hotel, motel, commercial or industrial unit, or institutional student housing","Unknown: needs year built. The rule covers buildings built on or before 25 Jun 1987, or newer buildings whose exemption period (at most 30 years) has ended."
A0125,Hoboken,r-0044,not_yet_effective,True,,Not yet in force: takes effect 1 Jul 2027. Possible preemption: from 1 July 2027 the NJ FAIR Act may preempt the Hoboken and Jersey City algorithmic rent ordinances. Flagged for human review; not decided here.
A0125,Hoboken,r-0045,unknown,False,Not let through a licensed real estate agent who is not the landlord,Unknown: needs the building type. Exemption that depends on it: a one-family or two-family dwelling.
A0125,Hoboken,r-0046,unknown,False,"Not a hotel, motel or guest house let to transient or seasonal guests",Unknown: needs owner identity. Exemption that depends on it: an owner-occupied building with two or fewer rental units.
A0125,Hoboken,r-0047,unknown,False,"Not a hotel, motel or seasonal rental",Unknown: needs owner identity. Exemption that depends on it: an owner-occupied two- or three-family dwelling.
A0125,Hoboken,r-0049,unknown,False,,"Unknown: needs the unit count. Exemption that depends on it: an owner-occupied two-family dwelling. The assessor building code '5B-5U-H-(CO-OP)' suggests 5 units (derived, unconfirmed)."
A0125,Hoboken,r-0050,unknown,False,,Unknown: needs owner identity. Exemption that depends on it: an owner-occupied building with four or fewer units.
A0125,Hoboken,r-0051,unknown,False,Not a seasonal rental of 125 days or less,Unknown: needs owner identity. Exemption that depends on it: an owner-occupied building with two or fewer rental units.
A0126,San Francisco,r-0013,applies,False,,Applies to all residential rentals in California.
A0126,San Francisco,r-0014,applies,False,,Applies to all residential rentals in California.
A0126,San Francisco,r-0015,superseded,False,Not a unit where the tenant shares a bathroom or kitchen with the owner-occupant | Not deed-restricted affordable housing | Once the tenant has lived in the unit for 12 months,Governed instead by San Francisco Rent Ordinance just cause eviction (S.F. Admin. Code § 37.9(a)); the stricter local rule applies here.
A0126,San Francisco,r-0016,superseded,False,Not deed-restricted or subsidised affordable housing,Governed instead by San Francisco annual allowable rent increase (3/1/2026–2/28/2027); the stricter local rule applies here.
A0126,San Francisco,r-0017,applies,False,,Applies to all residential rentals in California.
A0126,San Francisco,r-0018,applies,False,,"Applies: 8 units, above the coverage threshold."
A0126,San Francisco,r-0019,applies,False,Once the deposit was collected on or after 1 Jul 2024,Applies to all residential rentals in California. Protection begins once the deposit was collected on or after 1 Jul 2024.
A0126,San Francisco,r-0057,applies,False,,Applies to all residential rentals in San Francisco. State algorithm rules apply too; both are listed here.
A0126,San Francisco,r-0058,applies,False,,Applies to all residential rentals in San Francisco. Statutory exemptions for certain owner-occupied shared units and institutional housing cannot be checked from county data.
A0126,San Francisco,r-0059,applies,False,,"Applies: built 1927, before the 13 Jun 1979 certificate of occupancy cutoff."
A0126,San Francisco,r-0060,unknown,False,,Unknown: needs affordable housing status. The rule covers affordable housing.
A0126,San Francisco,r-0061,applies,False,,Applies to all residential rentals in San Francisco. State deposit rules apply too; both are listed here.
A0127,Los Angeles,r-0013,applies,False,,Applies to all residential rentals in California.
A0127,Los Angeles,r-0014,applies,False,,Applies to all residential rentals in California.
A0127,Los Angeles,r-0015,superseded,False,Not a unit where the tenant shares a bathroom or kitchen with the owner-occupant | Not deed-restricted affordable housing | Once the tenant has lived in the unit for 12 months,Governed instead by Relocation assistance for no-fault evictions under the RSO and JCO; the stricter local rule applies here.
A0127,Los Angeles,r-0016,superseded,False,Not deed-restricted or subsidised affordable housing,Governed instead by Los Angeles Rent Stabilization Ordinance (RSO) allowable rent increases; the stricter local rule applies here.
A0127,Los Angeles,r-0017,applies,False,,Applies to all residential rentals in California.
A0127,Los Angeles,r-0018,applies,False,,"Applies: 5 units, above the coverage threshold."
A0127,Los Angeles,r-0019,applies,False,Once the deposit was collected on or after 1 Jul 2024,Applies to all residential rentals in California. Protection begins once the deposit was collected on or after 1 Jul 2024.
A0127,Los Angeles,r-0028,unknown,False,"Not a cooperative, nonprofit homeless facility or short-term treatment facility | Once the tenant has lived in the unit for six months or the first lease has ended","Unknown: this building is under the RSO (built 1964), so the JCO applies only if the unit is exempt from the RSO; RSO exemption status is not in the data."
A0127,Los Angeles,r-0029,applies,False,Not a housing authority or government-owned property,"Applies unless the property is a housing authority or government-owned property. Apartments per the assessor; built 1964, before the 1 Oct 1978 certificate of occupancy cutoff."
A0127,Los Angeles,r-0030,applies,True,"Not government-owned or regulated housing, or affordable housing with a recorded covenant","Applies unless the property is government-owned or regulated housing, or affordable housing with a recorded covenant. Built 1964, before the 1 Oct 1978 certificate of occupancy cutoff; apartments per the assessor. Open question: two published effective dates for the new formula (2 February 2026 per LAHD; 24 January 2026 per a landlord association). Flagged for human review."
A0127,Los Angeles,r-0031,applies,False,,Applies to all residential rentals in Los Angeles. State screening rules apply too; both are listed here.
A0127,Los Angeles,r-0032,applies,False,Once the deposit has been held for at least one year,"Applies: built 1964, before the 1 Oct 1978 certificate of occupancy cutoff; apartments per the assessor. Protection begins once the deposit has been held for at least one year. State deposit rules apply too; both are listed here."
A0128,Boston,r-0008,applies,False,,Applies: apartments per the assessor.
A0128,Boston,r-0011,unknown,False,,Unknown: needs affordable housing status. The rule covers housing funded or land-assisted by the Boston Department of Neighborhood Development.
A0128,Boston,r-0012,applies,False,,Applies to all residential rentals in Boston. State screening rules apply too; both are listed here.
A0128,Boston,r-0033,pending,False,,"Bill, not law: a pending bill or proposal, not yet enacted."
A0128,Boston,r-0034,pending,False,,"Bill, not law: a pending bill or proposal, not yet enacted."
A0128,Boston,r-0035,applies,False,,Applies to all residential rentals in Massachusetts.
A0128,Boston,r-0036,applies,False,,Applies: apartments per the assessor.
A0128,Boston,r-0041,applies,False,,Applies to all residential rentals in Massachusetts.
A0128,Boston,r-0042,applies,False,,Applies to all residential rentals in Massachusetts.
A0128,Boston,r-0043,applies,False,,Applies: apartments per the assessor.
A0129,Newark,r-0044,not_yet_effective,False,,Not yet in force: takes effect 1 Jul 2027.
A0129,Newark,r-0045,unknown,False,Not let through a licensed real estate agent who is not the landlord,Unknown: needs the building type. Exemption that depends on it: a one-family or two-family dwelling.
A0129,Newark,r-0046,unknown,False,"Not a hotel, motel or guest house let to transient or seasonal guests",Unknown: needs owner identity. Exemption that depends on it: an owner-occupied building with two or fewer rental units.
A0129,Newark,r-0047,unknown,False,"Not a hotel, motel or seasonal rental",Unknown: needs owner identity. Exemption that depends on it: an owner-occupied two- or three-family dwelling.
A0129,Newark,r-0049,unknown,False,,"Unknown: needs the unit count. Exemption that depends on it: an owner-occupied two-family dwelling. The assessor building code '3SB1UG' suggests 1 units (derived, unconfirmed)."
A0129,Newark,r-0050,unknown,False,,Unknown: needs owner identity. Exemption that depends on it: an owner-occupied building with four or fewer units.
A0129,Newark,r-0051,unknown,False,Not a seasonal rental of 125 days or less,Unknown: needs owner identity. Exemption that depends on it: an owner-occupied building with two or fewer rental units.
A0129,Newark,r-0052,unknown,False,Not a hotel or motel let day to day to transients | Not public housing or a unit whose rent a government agency regulates,Unknown: needs year built. Exemption that depends on it: a newly built multiple dwelling still within its exemption period (at most 30 years).
A0129,Newark,r-0053,unknown,False,Not housing designated for a programme for people with criminal records,"Unknown: needs the unit count. Exemption that depends on it: an owner-occupied two-family dwelling or a room in an owner-occupied home. The assessor building code '3SB1UG' suggests 1 units (derived, unconfirmed)."
A0130,Newark,r-0044,not_yet_effective,False,,Not yet in force: takes effect 1 Jul 2027.
A0130,Newark,r-0045,unknown,False,Not let through a licensed real estate agent who is not the landlord,Unknown: needs the building type. Exemption that depends on it: a one-family or two-family dwelling.
A0130,Newark,r-0046,unknown,False,"Not a hotel, motel or guest house let to transient or seasonal guests",Unknown: needs owner identity. Exemption that depends on it: an owner-occupied building with two or fewer rental units.
A0130,Newark,r-0047,unknown,False,"Not a hotel, motel or seasonal rental",Unknown: needs owner identity. Exemption that depends on it: an owner-occupied two- or three-family dwelling.
A0130,Newark,r-0049,unknown,False,,Unknown: needs the unit count. Exemption that depends on it: an owner-occupied two-family dwelling.
A0130,Newark,r-0050,unknown,False,,Unknown: needs owner identity. Exemption that depends on it: an owner-occupied building with four or fewer units.
A0130,Newark,r-0051,unknown,False,Not a seasonal rental of 125 days or less,Unknown: needs owner identity. Exemption that depends on it: an owner-occupied building with two or fewer rental units.
A0130,Newark,r-0052,unknown,False,Not a hotel or motel let day to day to transients | Not public housing or a unit whose rent a government agency regulates,Unknown: needs year built. Exemption that depends on it: a newly built multiple dwelling still within its exemption period (at most 30 years).
A0130,Newark,r-0053,unknown,False,Not housing designated for a programme for people with criminal records,Unknown: needs the unit count. Exemption that depends on it: an owner-occupied two-family dwelling or a room in an owner-occupied home.
A0131,Jersey City,r-0026,applies,True,"Not an inpatient medical, licensed long-term care or detention facility","Applies unless the property is an inpatient medical, licensed long-term care or detention facility. Possible preemption: from 1 July 2027 the NJ FAIR Act may preempt the Hoboken and Jersey City algorithmic rent ordinances. Flagged for human review; not decided here."
A0131,Jersey City,r-0027,unknown,False,,"Unknown: needs the unit count. The rule covers buildings with five or more units. The assessor building code '3S-F-D-6U' suggests 6 units (derived, unconfirmed)."
A0131,Jersey City,r-0044,not_yet_effective,True,,Not yet in force: takes effect 1 Jul 2027. Possible preemption: from 1 July 2027 the NJ FAIR Act may preempt the Hoboken and Jersey City algorithmic rent ordinances. Flagged for human review; not decided here.
A0131,Jersey City,r-0045,unknown,False,Not let through a licensed real estate agent who is not the landlord,Unknown: needs the building type. Exemption that depends on it: a one-family or two-family dwelling.
A0131,Jersey City,r-0046,unknown,False,"Not a hotel, motel or guest house let to transient or seasonal guests",Unknown: needs owner identity. Exemption that depends on it: an owner-occupied building with two or fewer rental units.
A0131,Jersey City,r-0047,unknown,False,"Not a hotel, motel or seasonal rental",Unknown: needs owner identity. Exemption that depends on it: an owner-occupied two- or three-family dwelling.
A0131,Jersey City,r-0049,unknown,False,,"Unknown: needs the unit count. Exemption that depends on it: an owner-occupied two-family dwelling. The assessor building code '3S-F-D-6U' suggests 6 units (derived, unconfirmed)."
A0131,Jersey City,r-0050,unknown,False,,Unknown: needs owner identity. Exemption that depends on it: an owner-occupied building with four or fewer units.
A0131,Jersey City,r-0051,unknown,False,Not a seasonal rental of 125 days or less,Unknown: needs owner identity. Exemption that depends on it: an owner-occupied building with two or fewer rental units.
A0132,Newark,r-0044,not_yet_effective,False,,Not yet in force: takes effect 1 Jul 2027.
A0132,Newark,r-0045,unknown,False,Not let through a licensed real estate agent who is not the landlord,Unknown: needs the building type. Exemption that depends on it: a one-family or two-family dwelling.
A0132,Newark,r-0046,unknown,False,"Not a hotel, motel or guest house let to transient or seasonal guests",Unknown: needs owner identity. Exemption that depends on it: an owner-occupied building with two or fewer rental units.
A0132,Newark,r-0047,unknown,False,"Not a hotel, motel or seasonal rental",Unknown: needs owner identity. Exemption that depends on it: an owner-occupied two- or three-family dwelling.
A0132,Newark,r-0049,unknown,False,,Unknown: needs the unit count. Exemption that depends on it: an owner-occupied two-family dwelling.
A0132,Newark,r-0050,unknown,False,,Unknown: needs owner identity. Exemption that depends on it: an owner-occupied building with four or fewer units.
A0132,Newark,r-0051,unknown,False,Not a seasonal rental of 125 days or less,Unknown: needs owner identity. Exemption that depends on it: an owner-occupied building with two or fewer rental units.
A0132,Newark,r-0052,unknown,False,Not a hotel or motel let day to day to transients | Not public housing or a unit whose rent a government agency regulates,Unknown: needs year built. Exemption that depends on it: a newly built multiple dwelling still within its exemption period (at most 30 years).
A0132,Newark,r-0053,unknown,False,Not housing designated for a programme for people with criminal records,Unknown: needs the unit count. Exemption that depends on it: an owner-occupied two-family dwelling or a room in an owner-occupied home.
A0133,Los Angeles,r-0013,applies,False,,Applies to all residential rentals in California.
A0133,Los Angeles,r-0014,applies,False,,Applies to all residential rentals in California.
A0133,Los Angeles,r-0015,superseded,False,Not a unit where the tenant shares a bathroom or kitchen with the owner-occupant | Not deed-restricted affordable housing | Once the tenant has lived in the unit for 12 months,Governed instead by Relocation assistance for no-fault evictions under the RSO and JCO; the stricter local rule applies here.
A0133,Los Angeles,r-0016,superseded,False,Not deed-restricted or subsidised affordable housing,Governed instead by Los Angeles Rent Stabilization Ordinance (RSO) allowable rent increases; the stricter local rule applies here.
A0133,Los Angeles,r-0017,applies,False,,Applies to all residential rentals in California.
A0133,Los Angeles,r-0018,applies,False,,"Applies: 6 units, above the coverage threshold."
A0133,Los Angeles,r-0019,applies,False,Once the deposit was collected on or after 1 Jul 2024,Applies to all residential rentals in California. Protection begins once the deposit was collected on or after 1 Jul 2024.
A0133,Los Angeles,r-0028,unknown,False,"Not a cooperative, nonprofit homeless facility or short-term treatment facility | Once the tenant has lived in the unit for six months or the first lease has ended","Unknown: this building is under the RSO (built 1956), so the JCO applies only if the unit is exempt from the RSO; RSO exemption status is not in the data."
A0133,Los Angeles,r-0029,applies,False,Not a housing authority or government-owned property,"Applies unless the property is a housing authority or government-owned property. Apartments per the assessor; built 1956, before the 1 Oct 1978 certificate of occupancy cutoff."
A0133,Los Angeles,r-0030,applies,True,"Not government-owned or regulated housing, or affordable housing with a recorded covenant","Applies unless the property is government-owned or regulated housing, or affordable housing with a recorded covenant. Built 1956, before the 1 Oct 1978 certificate of occupancy cutoff; apartments per the assessor. Open question: two published effective dates for the new formula (2 February 2026 per LAHD; 24 January 2026 per a landlord association). Flagged for human review."
A0133,Los Angeles,r-0031,applies,False,,Applies to all residential rentals in Los Angeles. State screening rules apply too; both are listed here.
A0133,Los Angeles,r-0032,applies,False,Once the deposit has been held for at least one year,"Applies: built 1956, before the 1 Oct 1978 certificate of occupancy cutoff; apartments per the assessor. Protection begins once the deposit has been held for at least one year. State deposit rules apply too; both are listed here."
A0134,Boston,r-0008,applies,False,,Applies: apartments per the assessor.
A0134,Boston,r-0011,unknown,False,,Unknown: needs affordable housing status. The rule covers housing funded or land-assisted by the Boston Department of Neighborhood Development.
A0134,Boston,r-0012,applies,False,,Applies to all residential rentals in Boston. State screening rules apply too; both are listed here.
A0134,Boston,r-0033,pending,False,,"Bill, not law: a pending bill or proposal, not yet enacted."
A0134,Boston,r-0034,pending,False,,"Bill, not law: a pending bill or proposal, not yet enacted."
A0134,Boston,r-0035,applies,False,,Applies to all residential rentals in Massachusetts.
A0134,Boston,r-0036,applies,False,,Applies: apartments per the assessor.
A0134,Boston,r-0041,applies,False,,Applies to all residential rentals in Massachusetts.
A0134,Boston,r-0042,applies,False,,Applies to all residential rentals in Massachusetts.
A0134,Boston,r-0043,applies,False,,Applies: apartments per the assessor.
A0135,San Francisco,r-0013,applies,False,,Applies to all residential rentals in California.
A0135,San Francisco,r-0014,applies,False,,Applies to all residential rentals in California.
A0135,San Francisco,r-0015,superseded,False,Not a unit where the tenant shares a bathroom or kitchen with the owner-occupant | Not deed-restricted affordable housing | Once the tenant has lived in the unit for 12 months,Governed instead by San Francisco Rent Ordinance just cause eviction (S.F. Admin. Code § 37.9(a)); the stricter local rule applies here.
A0135,San Francisco,r-0016,superseded,False,Not deed-restricted or subsidised affordable housing,Governed instead by San Francisco annual allowable rent increase (3/1/2026–2/28/2027); the stricter local rule applies here.
A0135,San Francisco,r-0017,applies,False,,Applies to all residential rentals in California.
A0135,San Francisco,r-0018,applies,False,,"Applies: 29 units, above the coverage threshold."
A0135,San Francisco,r-0019,applies,False,Once the deposit was collected on or after 1 Jul 2024,Applies to all residential rentals in California. Protection begins once the deposit was collected on or after 1 Jul 2024.
A0135,San Francisco,r-0057,applies,False,,Applies to all residential rentals in San Francisco. State algorithm rules apply too; both are listed here.
A0135,San Francisco,r-0058,applies,False,,Applies to all residential rentals in San Francisco. Statutory exemptions for certain owner-occupied shared units and institutional housing cannot be checked from county data.
A0135,San Francisco,r-0059,applies,False,,"Applies: built 1908, before the 13 Jun 1979 certificate of occupancy cutoff."
A0135,San Francisco,r-0060,unknown,False,,Unknown: needs affordable housing status. The rule covers affordable housing.
A0135,San Francisco,r-0061,applies,False,,Applies to all residential rentals in San Francisco. State deposit rules apply too; both are listed here.
A0136,Hoboken,r-0023,applies,True,"Not a medical, long-term care or detention facility","Applies unless the property is a medical, long-term care or detention facility. Possible preemption: from 1 July 2027 the NJ FAIR Act may preempt the Hoboken and Jersey City algorithmic rent ordinances. Flagged for human review; not decided here."
A0136,Hoboken,r-0024,applies,False,,Applies to all residential rentals in Hoboken.
A0136,Hoboken,r-0025,unknown,False,"Not a hotel, motel, commercial or industrial unit, or institutional student housing","Unknown: needs year built. The rule covers buildings built on or before 25 Jun 1987, or newer buildings whose exemption period (at most 30 years) has ended."
A0136,Hoboken,r-0044,not_yet_effective,True,,Not yet in force: takes effect 1 Jul 2027. Possible preemption: from 1 July 2027 the NJ FAIR Act may preempt the Hoboken and Jersey City algorithmic rent ordinances. Flagged for human review; not decided here.
A0136,Hoboken,r-0045,unknown,False,Not let through a licensed real estate agent who is not the landlord,Unknown: needs the building type. Exemption that depends on it: a one-family or two-family dwelling.
A0136,Hoboken,r-0046,unknown,False,"Not a hotel, motel or guest house let to transient or seasonal guests",Unknown: needs owner identity. Exemption that depends on it: an owner-occupied building with two or fewer rental units.
A0136,Hoboken,r-0047,unknown,False,"Not a hotel, motel or seasonal rental",Unknown: needs owner identity. Exemption that depends on it: an owner-occupied two- or three-family dwelling.
A0136,Hoboken,r-0049,unknown,False,,"Unknown: needs the unit count. Exemption that depends on it: an owner-occupied two-family dwelling. The assessor building code '5B-26U-H-CO-OP' suggests 26 units (derived, unconfirmed)."
A0136,Hoboken,r-0050,unknown,False,,Unknown: needs owner identity. Exemption that depends on it: an owner-occupied building with four or fewer units.
A0136,Hoboken,r-0051,unknown,False,Not a seasonal rental of 125 days or less,Unknown: needs owner identity. Exemption that depends on it: an owner-occupied building with two or fewer rental units.
A0137,Newark,r-0044,not_yet_effective,False,,Not yet in force: takes effect 1 Jul 2027.
A0137,Newark,r-0045,unknown,False,Not let through a licensed real estate agent who is not the landlord,Unknown: needs the building type. Exemption that depends on it: a one-family or two-family dwelling.
A0137,Newark,r-0046,unknown,False,"Not a hotel, motel or guest house let to transient or seasonal guests",Unknown: needs owner identity. Exemption that depends on it: an owner-occupied building with two or fewer rental units.
A0137,Newark,r-0047,unknown,False,"Not a hotel, motel or seasonal rental",Unknown: needs owner identity. Exemption that depends on it: an owner-occupied two- or three-family dwelling.
A0137,Newark,r-0049,unknown,False,,"Unknown: needs the unit count. Exemption that depends on it: an owner-occupied two-family dwelling. The assessor building code '3SF5UG' suggests 5 units (derived, unconfirmed)."
A0137,Newark,r-0050,unknown,False,,Unknown: needs owner identity. Exemption that depends on it: an owner-occupied building with four or fewer units.
A0137,Newark,r-0051,unknown,False,Not a seasonal rental of 125 days or less,Unknown: needs owner identity. Exemption that depends on it: an owner-occupied building with two or fewer rental units.
A0137,Newark,r-0052,unknown,False,Not a hotel or motel let day to day to transients | Not public housing or a unit whose rent a government agency regulates,Unknown: needs year built. Exemption that depends on it: a newly built multiple dwelling still within its exemption period (at most 30 years).
A0137,Newark,r-0053,unknown,False,Not housing designated for a programme for people with criminal records,"Unknown: needs the unit count. Exemption that depends on it: an owner-occupied two-family dwelling or a room in an owner-occupied home. The assessor building code '3SF5UG' suggests 5 units (derived, unconfirmed)."
A0138,Los Angeles,r-0013,applies,False,,Applies to all residential rentals in California.
A0138,Los Angeles,r-0014,applies,False,,Applies to all residential rentals in California.
A0138,Los Angeles,r-0015,superseded,False,Not a unit where the tenant shares a bathroom or kitchen with the owner-occupant | Not deed-restricted affordable housing | Once the tenant has lived in the unit for 12 months,Governed instead by Relocation assistance for no-fault evictions under the RSO and JCO; the stricter local rule applies here.
A0138,Los Angeles,r-0016,superseded,False,Not deed-restricted or subsidised affordable housing,Governed instead by Los Angeles Rent Stabilization Ordinance (RSO) allowable rent increases; the stricter local rule applies here.
A0138,Los Angeles,r-0017,applies,False,,Applies to all residential rentals in California.
A0138,Los Angeles,r-0018,applies,False,,"Applies: 5 units, above the coverage threshold."
A0138,Los Angeles,r-0019,applies,False,Once the deposit was collected on or after 1 Jul 2024,Applies to all residential rentals in California. Protection begins once the deposit was collected on or after 1 Jul 2024.
A0138,Los Angeles,r-0028,unknown,False,"Not a cooperative, nonprofit homeless facility or short-term treatment facility | Once the tenant has lived in the unit for six months or the first lease has ended","Unknown: this building is under the RSO (built 1959), so the JCO applies only if the unit is exempt from the RSO; RSO exemption status is not in the data."
A0138,Los Angeles,r-0029,applies,False,Not a housing authority or government-owned property,"Applies unless the property is a housing authority or government-owned property. Apartments per the assessor; built 1959, before the 1 Oct 1978 certificate of occupancy cutoff."
A0138,Los Angeles,r-0030,applies,True,"Not government-owned or regulated housing, or affordable housing with a recorded covenant","Applies unless the property is government-owned or regulated housing, or affordable housing with a recorded covenant. Built 1959, before the 1 Oct 1978 certificate of occupancy cutoff; apartments per the assessor. Open question: two published effective dates for the new formula (2 February 2026 per LAHD; 24 January 2026 per a landlord association). Flagged for human review."
A0138,Los Angeles,r-0031,applies,False,,Applies to all residential rentals in Los Angeles. State screening rules apply too; both are listed here.
A0138,Los Angeles,r-0032,applies,False,Once the deposit has been held for at least one year,"Applies: built 1959, before the 1 Oct 1978 certificate of occupancy cutoff; apartments per the assessor. Protection begins once the deposit has been held for at least one year. State deposit rules apply too; both are listed here."
A0139,Jersey City,r-0026,applies,True,"Not an inpatient medical, licensed long-term care or detention facility","Applies unless the property is an inpatient medical, licensed long-term care or detention facility. Possible preemption: from 1 July 2027 the NJ FAIR Act may preempt the Hoboken and Jersey City algorithmic rent ordinances. Flagged for human review; not decided here."
A0139,Jersey City,r-0027,unknown,False,,"Unknown: needs the unit count. The rule covers buildings with five or more units. The assessor building code '3S-F-5U-NH' suggests 5 units (derived, unconfirmed)."
A0139,Jersey City,r-0044,not_yet_effective,True,,Not yet in force: takes effect 1 Jul 2027. Possible preemption: from 1 July 2027 the NJ FAIR Act may preempt the Hoboken and Jersey City algorithmic rent ordinances. Flagged for human review; not decided here.
A0139,Jersey City,r-0045,unknown,False,Not let through a licensed real estate agent who is not the landlord,Unknown: needs the building type. Exemption that depends on it: a one-family or two-family dwelling.
A0139,Jersey City,r-0046,unknown,False,"Not a hotel, motel or guest house let to transient or seasonal guests",Unknown: needs owner identity. Exemption that depends on it: an owner-occupied building with two or fewer rental units.
A0139,Jersey City,r-0047,unknown,False,"Not a hotel, motel or seasonal rental",Unknown: needs owner identity. Exemption that depends on it: an owner-occupied two- or three-family dwelling.
A0139,Jersey City,r-0049,unknown,False,,"Unknown: needs the unit count. Exemption that depends on it: an owner-occupied two-family dwelling. The assessor building code '3S-F-5U-NH' suggests 5 units (derived, unconfirmed)."
A0139,Jersey City,r-0050,unknown,False,,Unknown: needs owner identity. Exemption that depends on it: an owner-occupied building with four or fewer units.
A0139,Jersey City,r-0051,unknown,False,Not a seasonal rental of 125 days or less,Unknown: needs owner identity. Exemption that depends on it: an owner-occupied building with two or fewer rental units.
A0140,Boston,r-0008,applies,False,,Applies: apartments per the assessor.
A0140,Boston,r-0011,unknown,False,,Unknown: needs affordable housing status. The rule covers housing funded or land-assisted by the Boston Department of Neighborhood Development.
A0140,Boston,r-0012,applies,False,,Applies to all residential rentals in Boston. State screening rules apply too; both are listed here.
A0140,Boston,r-0033,pending,False,,"Bill, not law: a pending bill or proposal, not yet enacted."
A0140,Boston,r-0034,pending,False,,"Bill, not law: a pending bill or proposal, not yet enacted."
A0140,Boston,r-0035,applies,False,,Applies to all residential rentals in Massachusetts.
A0140,Boston,r-0036,applies,False,,Applies: apartments per the assessor.
A0140,Boston,r-0041,applies,False,,Applies to all residential rentals in Massachusetts.
A0140,Boston,r-0042,applies,False,,Applies to all residential rentals in Massachusetts.
A0140,Boston,r-0043,applies,False,,Applies: apartments per the assessor.
A0141,San Francisco,r-0013,applies,False,,Applies to all residential rentals in California.
A0141,San Francisco,r-0014,applies,False,,Applies to all residential rentals in California.
A0141,San Francisco,r-0015,superseded,False,Not a unit where the tenant shares a bathroom or kitchen with the owner-occupant | Not deed-restricted affordable housing | Once the tenant has lived in the unit for 12 months,Governed instead by San Francisco Rent Ordinance just cause eviction (S.F. Admin. Code § 37.9(a)); the stricter local rule applies here.
A0141,San Francisco,r-0016,superseded,False,Not deed-restricted or subsidised affordable housing,Governed instead by San Francisco annual allowable rent increase (3/1/2026–2/28/2027); the stricter local rule applies here.
A0141,San Francisco,r-0017,applies,False,,Applies to all residential rentals in California.
A0141,San Francisco,r-0018,applies,False,,"Applies: 8 units, above the coverage threshold."
A0141,San Francisco,r-0019,applies,False,Once the deposit was collected on or after 1 Jul 2024,Applies to all residential rentals in California. Protection begins once the deposit was collected on or after 1 Jul 2024.
A0141,San Francisco,r-0057,applies,False,,Applies to all residential rentals in San Francisco. State algorithm rules apply too; both are listed here.
A0141,San Francisco,r-0058,applies,False,,Applies to all residential rentals in San Francisco. Statutory exemptions for certain owner-occupied shared units and institutional housing cannot be checked from county data.
A0141,San Francisco,r-0059,applies,False,,"Applies: built 1974, before the 13 Jun 1979 certificate of occupancy cutoff."
A0141,San Francisco,r-0060,unknown,False,,Unknown: needs affordable housing status. The rule covers affordable housing.
A0141,San Francisco,r-0061,applies,False,,Applies to all residential rentals in San Francisco. State deposit rules apply too; both are listed here.
A0142,Los Angeles,r-0013,applies,False,,Applies to all residential rentals in California.
A0142,Los Angeles,r-0014,applies,False,,Applies to all residential rentals in California.
A0142,Los Angeles,r-0015,superseded,False,Not a unit where the tenant shares a bathroom or kitchen with the owner-occupant | Not deed-restricted affordable housing | Once the tenant has lived in the unit for 12 months,Governed instead by Relocation assistance for no-fault evictions under the RSO and JCO; the stricter local rule applies here.
A0142,Los Angeles,r-0016,superseded,False,Not deed-restricted or subsidised affordable housing,Governed instead by Los Angeles Rent Stabilization Ordinance (RSO) allowable rent increases; the stricter local rule applies here.
A0142,Los Angeles,r-0017,applies,False,,Applies to all residential rentals in California.
A0142,Los Angeles,r-0018,applies,False,,"Applies: 8 units, above the coverage threshold."
A0142,Los Angeles,r-0019,applies,False,Once the deposit was collected on or after 1 Jul 2024,Applies to all residential rentals in California. Protection begins once the deposit was collected on or after 1 Jul 2024.
A0142,Los Angeles,r-0028,unknown,False,"Not a cooperative, nonprofit homeless facility or short-term treatment facility | Once the tenant has lived in the unit for six months or the first lease has ended","Unknown: this building is under the RSO (built 1957), so the JCO applies only if the unit is exempt from the RSO; RSO exemption status is not in the data."
A0142,Los Angeles,r-0029,applies,False,Not a housing authority or government-owned property,"Applies unless the property is a housing authority or government-owned property. Apartments per the assessor; built 1957, before the 1 Oct 1978 certificate of occupancy cutoff."
A0142,Los Angeles,r-0030,applies,True,"Not government-owned or regulated housing, or affordable housing with a recorded covenant","Applies unless the property is government-owned or regulated housing, or affordable housing with a recorded covenant. Built 1957, before the 1 Oct 1978 certificate of occupancy cutoff; apartments per the assessor. Open question: two published effective dates for the new formula (2 February 2026 per LAHD; 24 January 2026 per a landlord association). Flagged for human review."
A0142,Los Angeles,r-0031,applies,False,,Applies to all residential rentals in Los Angeles. State screening rules apply too; both are listed here.
A0142,Los Angeles,r-0032,applies,False,Once the deposit has been held for at least one year,"Applies: built 1957, before the 1 Oct 1978 certificate of occupancy cutoff; apartments per the assessor. Protection begins once the deposit has been held for at least one year. State deposit rules apply too; both are listed here."
A0143,Boston,r-0008,applies,False,,Applies: apartments per the assessor.
A0143,Boston,r-0011,unknown,False,,Unknown: needs affordable housing status. The rule covers housing funded or land-assisted by the Boston Department of Neighborhood Development.
A0143,Boston,r-0012,applies,False,,Applies to all residential rentals in Boston. State screening rules apply too; both are listed here.
A0143,Boston,r-0033,pending,False,,"Bill, not law: a pending bill or proposal, not yet enacted."
A0143,Boston,r-0034,pending,False,,"Bill, not law: a pending bill or proposal, not yet enacted."
A0143,Boston,r-0035,applies,False,,Applies to all residential rentals in Massachusetts.
A0143,Boston,r-0036,applies,False,,Applies: apartments per the assessor.
A0143,Boston,r-0041,applies,False,,Applies to all residential rentals in Massachusetts.
A0143,Boston,r-0042,applies,False,,Applies to all residential rentals in Massachusetts.
A0143,Boston,r-0043,applies,False,,Applies: apartments per the assessor.
A0144,Boston,r-0008,applies,False,,Applies: apartments per the assessor.
A0144,Boston,r-0011,unknown,False,,Unknown: needs affordable housing status. The rule covers housing funded or land-assisted by the Boston Department of Neighborhood Development.
A0144,Boston,r-0012,applies,False,,Applies to all residential rentals in Boston. State screening rules apply too; both are listed here.
A0144,Boston,r-0033,pending,False,,"Bill, not law: a pending bill or proposal, not yet enacted."
A0144,Boston,r-0034,pending,False,,"Bill, not law: a pending bill or proposal, not yet enacted."
A0144,Boston,r-0035,applies,False,,Applies to all residential rentals in Massachusetts.
A0144,Boston,r-0036,applies,False,,Applies: apartments per the assessor.
A0144,Boston,r-0041,applies,False,,Applies to all residential rentals in Massachusetts.
A0144,Boston,r-0042,applies,False,,Applies to all residential rentals in Massachusetts.
A0144,Boston,r-0043,applies,False,,Applies: apartments per the assessor.
A0145,San Diego,r-0013,applies,False,,Applies to all residential rentals in California.
A0145,San Diego,r-0014,applies,False,,Applies to all residential rentals in California.
A0145,San Diego,r-0015,superseded,False,Not a unit where the tenant shares a bathroom or kitchen with the owner-occupant | Not deed-restricted affordable housing | Once the tenant has lived in the unit for 12 months,"Governed instead by San Diego Residential Tenant Protections (just cause for termination of tenancy); it shares the same coverage condition, so wherever this rule applies the stricter local rule governs."
A0145,San Diego,r-0016,unknown,False,Not deed-restricted or subsidised affordable housing,Unknown: needs year built. Exemption that depends on it: a building with a certificate of occupancy issued within the last 15 years.
A0145,San Diego,r-0017,applies,False,,Applies to all residential rentals in California.
A0145,San Diego,r-0018,applies,False,,"Applies: 8 units, above the coverage threshold."
A0145,San Diego,r-0019,applies,False,Once the deposit was collected on or after 1 Jul 2024,Applies to all residential rentals in California. Protection begins once the deposit was collected on or after 1 Jul 2024.
A0145,San Diego,r-0054,applies,False,Not an affordable housing unit whose rent or income limits are set by programme guidelines,Applies unless the property is an affordable housing unit whose rent or income limits are set by programme guidelines. State algorithm rules apply too; both are listed here.
A0145,San Diego,r-0055,unknown,False,Not deed-restricted or subsidised affordable housing (Section 8 vouchers do not count) | Not a unit where the tenant shares a bath or kitchen with the owner | Once the tenancy has lasted more than 30 days,Unknown: needs year built. The rule covers buildings with a certificate of occupancy at least 15 years old.
A0145,San Diego,r-0056,applies,False,,"Applies: 8 units, above the coverage threshold. State screening rules apply too; both are listed here."
A0146,Newark,r-0044,not_yet_effective,False,,Not yet in force: takes effect 1 Jul 2027.
A0146,Newark,r-0045,unknown,False,Not let through a licensed real estate agent who is not the landlord,Unknown: needs the building type. Exemption that depends on it: a one-family or two-family dwelling.
A0146,Newark,r-0046,unknown,False,"Not a hotel, motel or guest house let to transient or seasonal guests",Unknown: needs owner identity. Exemption that depends on it: an owner-occupied building with two or fewer rental units.
A0146,Newark,r-0047,unknown,False,"Not a hotel, motel or seasonal rental",Unknown: needs owner identity. Exemption that depends on it: an owner-occupied two- or three-family dwelling.
A0146,Newark,r-0049,unknown,False,,"Unknown: needs the unit count. Exemption that depends on it: an owner-occupied two-family dwelling. The assessor building code '2SF3UG' suggests 3 units (derived, unconfirmed)."
A0146,Newark,r-0050,unknown,False,,Unknown: needs owner identity. Exemption that depends on it: an owner-occupied building with four or fewer units.
A0146,Newark,r-0051,unknown,False,Not a seasonal rental of 125 days or less,Unknown: needs owner identity. Exemption that depends on it: an owner-occupied building with two or fewer rental units.
A0146,Newark,r-0052,unknown,False,Not a hotel or motel let day to day to transients | Not public housing or a unit whose rent a government agency regulates,Unknown: needs year built. Exemption that depends on it: a newly built multiple dwelling still within its exemption period (at most 30 years).
A0146,Newark,r-0053,unknown,False,Not housing designated for a programme for people with criminal records,"Unknown: needs the unit count. Exemption that depends on it: an owner-occupied two-family dwelling or a room in an owner-occupied home. The assessor building code '2SF3UG' suggests 3 units (derived, unconfirmed)."
A0147,San Francisco,r-0013,applies,False,,Applies to all residential rentals in California.
A0147,San Francisco,r-0014,applies,False,,Applies to all residential rentals in California.
A0147,San Francisco,r-0015,superseded,False,Not a unit where the tenant shares a bathroom or kitchen with the owner-occupant | Not deed-restricted affordable housing | Once the tenant has lived in the unit for 12 months,Governed instead by San Francisco Rent Ordinance just cause eviction (S.F. Admin. Code § 37.9(a)); the stricter local rule applies here.
A0147,San Francisco,r-0016,superseded,False,Not deed-restricted or subsidised affordable housing,Governed instead by San Francisco annual allowable rent increase (3/1/2026–2/28/2027); the stricter local rule applies here.
A0147,San Francisco,r-0017,applies,False,,Applies to all residential rentals in California.
A0147,San Francisco,r-0018,applies,False,,"Applies: 5 units, above the coverage threshold."
A0147,San Francisco,r-0019,applies,False,Once the deposit was collected on or after 1 Jul 2024,Applies to all residential rentals in California. Protection begins once the deposit was collected on or after 1 Jul 2024.
A0147,San Francisco,r-0057,applies,False,,Applies to all residential rentals in San Francisco. State algorithm rules apply too; both are listed here.
A0147,San Francisco,r-0058,applies,False,,Applies to all residential rentals in San Francisco. Statutory exemptions for certain owner-occupied shared units and institutional housing cannot be checked from county data.
A0147,San Francisco,r-0059,applies,False,,"Applies: built 1900, before the 13 Jun 1979 certificate of occupancy cutoff."
A0147,San Francisco,r-0060,unknown,False,,Unknown: needs affordable housing status. The rule covers affordable housing.
A0147,San Francisco,r-0061,applies,False,,Applies to all residential rentals in San Francisco. State deposit rules apply too; both are listed here.
A0148,Newark,r-0044,not_yet_effective,False,,Not yet in force: takes effect 1 Jul 2027.
A0148,Newark,r-0045,unknown,False,Not let through a licensed real estate agent who is not the landlord,Unknown: needs the building type. Exemption that depends on it: a one-family or two-family dwelling.
A0148,Newark,r-0046,unknown,False,"Not a hotel, motel or guest house let to transient or seasonal guests",Unknown: needs owner identity. Exemption that depends on it: an owner-occupied building with two or fewer rental units.
A0148,Newark,r-0047,unknown,False,"Not a hotel, motel or seasonal rental",Unknown: needs owner identity. Exemption that depends on it: an owner-occupied two- or three-family dwelling.
A0148,Newark,r-0049,unknown,False,,Unknown: needs the unit count. Exemption that depends on it: an owner-occupied two-family dwelling.
A0148,Newark,r-0050,unknown,False,,Unknown: needs owner identity. Exemption that depends on it: an owner-occupied building with four or fewer units.
A0148,Newark,r-0051,unknown,False,Not a seasonal rental of 125 days or less,Unknown: needs owner identity. Exemption that depends on it: an owner-occupied building with two or fewer rental units.
A0148,Newark,r-0052,unknown,False,Not a hotel or motel let day to day to transients | Not public housing or a unit whose rent a government agency regulates,Unknown: needs year built. Exemption that depends on it: a newly built multiple dwelling still within its exemption period (at most 30 years).
A0148,Newark,r-0053,unknown,False,Not housing designated for a programme for people with criminal records,Unknown: needs the unit count. Exemption that depends on it: an owner-occupied two-family dwelling or a room in an owner-occupied home.
A0149,Boston,r-0008,applies,False,,Applies: apartments per the assessor.
A0149,Boston,r-0011,unknown,False,,Unknown: needs affordable housing status. The rule covers housing funded or land-assisted by the Boston Department of Neighborhood Development.
A0149,Boston,r-0012,applies,False,,Applies to all residential rentals in Boston. State screening rules apply too; both are listed here.
A0149,Boston,r-0033,pending,False,,"Bill, not law: a pending bill or proposal, not yet enacted."
A0149,Boston,r-0034,pending,False,,"Bill, not law: a pending bill or proposal, not yet enacted."
A0149,Boston,r-0035,applies,False,,Applies to all residential rentals in Massachusetts.
A0149,Boston,r-0036,applies,False,,Applies: apartments per the assessor.
A0149,Boston,r-0041,applies,False,,Applies to all residential rentals in Massachusetts.
A0149,Boston,r-0042,applies,False,,Applies to all residential rentals in Massachusetts.
A0149,Boston,r-0043,applies,False,,Applies: apartments per the assessor.
A0150,San Diego,r-0013,applies,False,,Applies to all residential rentals in California.
A0150,San Diego,r-0014,applies,False,,Applies to all residential rentals in California.
A0150,San Diego,r-0015,superseded,False,Not a unit where the tenant shares a bathroom or kitchen with the owner-occupant | Not deed-restricted affordable housing | Once the tenant has lived in the unit for 12 months,"Governed instead by San Diego Residential Tenant Protections (just cause for termination of tenancy); it shares the same coverage condition, so wherever this rule applies the stricter local rule governs."
A0150,San Diego,r-0016,unknown,False,Not deed-restricted or subsidised affordable housing,Unknown: needs year built. Exemption that depends on it: a building with a certificate of occupancy issued within the last 15 years.
A0150,San Diego,r-0017,applies,False,,Applies to all residential rentals in California.
A0150,San Diego,r-0018,applies,False,,"Applies: 9 units, above the coverage threshold."
A0150,San Diego,r-0019,applies,False,Once the deposit was collected on or after 1 Jul 2024,Applies to all residential rentals in California. Protection begins once the deposit was collected on or after 1 Jul 2024.
A0150,San Diego,r-0054,applies,False,Not an affordable housing unit whose rent or income limits are set by programme guidelines,Applies unless the property is an affordable housing unit whose rent or income limits are set by programme guidelines. State algorithm rules apply too; both are listed here.
A0150,San Diego,r-0055,unknown,False,Not deed-restricted or subsidised affordable housing (Section 8 vouchers do not count) | Not a unit where the tenant shares a bath or kitchen with the owner | Once the tenancy has lasted more than 30 days,Unknown: needs year built. The rule covers buildings with a certificate of occupancy at least 15 years old.
A0150,San Diego,r-0056,applies,False,,"Applies: 9 units, above the coverage threshold. State screening rules apply too; both are listed here."
A0151,Boston,r-0008,applies,False,,Applies: apartments per the assessor.
A0151,Boston,r-0011,unknown,False,,Unknown: needs affordable housing status. The rule covers housing funded or land-assisted by the Boston Department of Neighborhood Development.
A0151,Boston,r-0012,applies,False,,Applies to all residential rentals in Boston. State screening rules apply too; both are listed here.
A0151,Boston,r-0033,pending,False,,"Bill, not law: a pending bill or proposal, not yet enacted."
A0151,Boston,r-0034,pending,False,,"Bill, not law: a pending bill or proposal, not yet enacted."
A0151,Boston,r-0035,applies,False,,Applies to all residential rentals in Massachusetts.
A0151,Boston,r-0036,applies,False,,Applies: apartments per the assessor.
A0151,Boston,r-0041,applies,False,,Applies to all residential rentals in Massachusetts.
A0151,Boston,r-0042,applies,False,,Applies to all residential rentals in Massachusetts.
A0151,Boston,r-0043,applies,False,,Applies: apartments per the assessor.
A0152,San Diego,r-0013,applies,False,,Applies to all residential rentals in California.
A0152,San Diego,r-0014,applies,False,,Applies to all residential rentals in California.
A0152,San Diego,r-0015,superseded,False,Not a unit where the tenant shares a bathroom or kitchen with the owner-occupant | Not deed-restricted affordable housing | Once the tenant has lived in the unit for 12 months,"Governed instead by San Diego Residential Tenant Protections (just cause for termination of tenancy); it shares the same coverage condition, so wherever this rule applies the stricter local rule governs."
A0152,San Diego,r-0016,unknown,False,Not deed-restricted or subsidised affordable housing,Unknown: needs year built. Exemption that depends on it: a building with a certificate of occupancy issued within the last 15 years.
A0152,San Diego,r-0017,applies,False,,Applies to all residential rentals in California.
A0152,San Diego,r-0018,applies,False,,"Applies: 12 units, above the coverage threshold."
A0152,San Diego,r-0019,applies,False,Once the deposit was collected on or after 1 Jul 2024,Applies to all residential rentals in California. Protection begins once the deposit was collected on or after 1 Jul 2024.
A0152,San Diego,r-0054,applies,False,Not an affordable housing unit whose rent or income limits are set by programme guidelines,Applies unless the property is an affordable housing unit whose rent or income limits are set by programme guidelines. State algorithm rules apply too; both are listed here.
A0152,San Diego,r-0055,unknown,False,Not deed-restricted or subsidised affordable housing (Section 8 vouchers do not count) | Not a unit where the tenant shares a bath or kitchen with the owner | Once the tenancy has lasted more than 30 days,Unknown: needs year built. The rule covers buildings with a certificate of occupancy at least 15 years old.
A0152,San Diego,r-0056,applies,False,,"Applies: 12 units, above the coverage threshold. State screening rules apply too; both are listed here."
A0153,Los Angeles,r-0013,applies,False,,Applies to all residential rentals in California.
A0153,Los Angeles,r-0014,applies,False,,Applies to all residential rentals in California.
A0153,Los Angeles,r-0015,superseded,False,Not a unit where the tenant shares a bathroom or kitchen with the owner-occupant | Not deed-restricted affordable housing | Once the tenant has lived in the unit for 12 months,Governed instead by Relocation assistance for no-fault evictions under the RSO and JCO; the stricter local rule applies here.
A0153,Los Angeles,r-0016,superseded,False,Not deed-restricted or subsidised affordable housing,Governed instead by Los Angeles Rent Stabilization Ordinance (RSO) allowable rent increases; the stricter local rule applies here.
A0153,Los Angeles,r-0017,applies,False,,Applies to all residential rentals in California.
A0153,Los Angeles,r-0018,applies,False,,"Applies: 9 units, above the coverage threshold."
A0153,Los Angeles,r-0019,applies,False,Once the deposit was collected on or after 1 Jul 2024,Applies to all residential rentals in California. Protection begins once the deposit was collected on or after 1 Jul 2024.
A0153,Los Angeles,r-0028,unknown,False,"Not a cooperative, nonprofit homeless facility or short-term treatment facility | Once the tenant has lived in the unit for six months or the first lease has ended","Unknown: this building is under the RSO (built 1924), so the JCO applies only if the unit is exempt from the RSO; RSO exemption status is not in the data."
A0153,Los Angeles,r-0029,applies,False,Not a housing authority or government-owned property,"Applies unless the property is a housing authority or government-owned property. Apartments per the assessor; built 1924, before the 1 Oct 1978 certificate of occupancy cutoff."
A0153,Los Angeles,r-0030,applies,True,"Not government-owned or regulated housing, or affordable housing with a recorded covenant","Applies unless the property is government-owned or regulated housing, or affordable housing with a recorded covenant. Built 1924, before the 1 Oct 1978 certificate of occupancy cutoff; apartments per the assessor. Open question: two published effective dates for the new formula (2 February 2026 per LAHD; 24 January 2026 per a landlord association). Flagged for human review."
A0153,Los Angeles,r-0031,applies,False,,Applies to all residential rentals in Los Angeles. State screening rules apply too; both are listed here.
A0153,Los Angeles,r-0032,applies,False,Once the deposit has been held for at least one year,"Applies: built 1924, before the 1 Oct 1978 certificate of occupancy cutoff; apartments per the assessor. Protection begins once the deposit has been held for at least one year. State deposit rules apply too; both are listed here."
A0154,San Diego,r-0013,applies,False,,Applies to all residential rentals in California.
A0154,San Diego,r-0014,applies,False,,Applies to all residential rentals in California.
A0154,San Diego,r-0015,superseded,False,Not a unit where the tenant shares a bathroom or kitchen with the owner-occupant | Not deed-restricted affordable housing | Once the tenant has lived in the unit for 12 months,"Governed instead by San Diego Residential Tenant Protections (just cause for termination of tenancy); it shares the same coverage condition, so wherever this rule applies the stricter local rule governs."
A0154,San Diego,r-0016,unknown,False,Not deed-restricted or subsidised affordable housing,Unknown: needs year built. Exemption that depends on it: a building with a certificate of occupancy issued within the last 15 years.
A0154,San Diego,r-0017,applies,False,,Applies to all residential rentals in California.
A0154,San Diego,r-0018,applies,False,,"Applies: 8 units, above the coverage threshold."
A0154,San Diego,r-0019,applies,False,Once the deposit was collected on or after 1 Jul 2024,Applies to all residential rentals in California. Protection begins once the deposit was collected on or after 1 Jul 2024.
A0154,San Diego,r-0054,applies,False,Not an affordable housing unit whose rent or income limits are set by programme guidelines,Applies unless the property is an affordable housing unit whose rent or income limits are set by programme guidelines. State algorithm rules apply too; both are listed here.
A0154,San Diego,r-0055,unknown,False,Not deed-restricted or subsidised affordable housing (Section 8 vouchers do not count) | Not a unit where the tenant shares a bath or kitchen with the owner | Once the tenancy has lasted more than 30 days,Unknown: needs year built. The rule covers buildings with a certificate of occupancy at least 15 years old.
A0154,San Diego,r-0056,applies,False,,"Applies: 8 units, above the coverage threshold. State screening rules apply too; both are listed here."
A0155,Boston,r-0008,applies,False,,Applies: apartments per the assessor.
A0155,Boston,r-0011,unknown,False,,Unknown: needs affordable housing status. The rule covers housing funded or land-assisted by the Boston Department of Neighborhood Development.
A0155,Boston,r-0012,applies,False,,Applies to all residential rentals in Boston. State screening rules apply too; both are listed here.
A0155,Boston,r-0033,pending,False,,"Bill, not law: a pending bill or proposal, not yet enacted."
A0155,Boston,r-0034,pending,False,,"Bill, not law: a pending bill or proposal, not yet enacted."
A0155,Boston,r-0035,applies,False,,Applies to all residential rentals in Massachusetts.
A0155,Boston,r-0036,applies,False,,Applies: apartments per the assessor.
A0155,Boston,r-0041,applies,False,,Applies to all residential rentals in Massachusetts.
A0155,Boston,r-0042,applies,False,,Applies to all residential rentals in Massachusetts.
A0155,Boston,r-0043,applies,False,,Applies: apartments per the assessor.
A0156,San Francisco,r-0013,applies,False,,Applies to all residential rentals in California.
A0156,San Francisco,r-0014,applies,False,,Applies to all residential rentals in California.
A0156,San Francisco,r-0015,superseded,False,Not a unit where the tenant shares a bathroom or kitchen with the owner-occupant | Not deed-restricted affordable housing | Once the tenant has lived in the unit for 12 months,Governed instead by San Francisco Rent Ordinance just cause eviction (S.F. Admin. Code § 37.9(a)); the stricter local rule applies here.
A0156,San Francisco,r-0016,superseded,False,Not deed-restricted or subsidised affordable housing,Governed instead by San Francisco annual allowable rent increase (3/1/2026–2/28/2027); the stricter local rule applies here.
A0156,San Francisco,r-0017,applies,False,,Applies to all residential rentals in California.
A0156,San Francisco,r-0018,applies,False,,"Applies: 9 units, above the coverage threshold."
A0156,San Francisco,r-0019,applies,False,Once the deposit was collected on or after 1 Jul 2024,Applies to all residential rentals in California. Protection begins once the deposit was collected on or after 1 Jul 2024.
A0156,San Francisco,r-0057,applies,False,,Applies to all residential rentals in San Francisco. State algorithm rules apply too; both are listed here.
A0156,San Francisco,r-0058,applies,False,,Applies to all residential rentals in San Francisco. Statutory exemptions for certain owner-occupied shared units and institutional housing cannot be checked from county data.
A0156,San Francisco,r-0059,applies,False,,"Applies: built 1927, before the 13 Jun 1979 certificate of occupancy cutoff."
A0156,San Francisco,r-0060,unknown,False,,Unknown: needs affordable housing status. The rule covers affordable housing.
A0156,San Francisco,r-0061,applies,False,,Applies to all residential rentals in San Francisco. State deposit rules apply too; both are listed here.
A0157,Berkeley,r-0001,applies,True,Not an affordable housing unit whose rent or income limits are set by programme guidelines,Applies unless the property is an affordable housing unit whose rent or income limits are set by programme guidelines. Open question: two published effective dates (1 March 2026 in the ordinance text; January 2026 in an August 2026 law firm alert). Flagged for human review. State algorithm rules apply too; both are listed here.
A0157,Berkeley,r-0002,applies,False,,Applies to all residential rentals in Berkeley. State fee rules apply; Berkeley adds stricter local limits.
A0157,Berkeley,r-0003,applies,False,,Applies to all residential rentals in Berkeley. State fee rules apply; Berkeley adds stricter local limits.
A0157,Berkeley,r-0004,applies,False,Not a nonprofit cooperative | Not a unit where the tenant shares a kitchen or bath with the landlord,"Applies unless the property is a nonprofit cooperative or a unit where the tenant shares a kitchen or bath with the landlord. Apartments per the assessor; at least 5 units per the assessor description, so the exemption for an owner-occupied duplex (a 'golden duplex') cannot apply."
A0157,Berkeley,r-0005,unknown,False,Not a nonprofit cooperative | Not a unit where the owner shares a kitchen or bath with the tenant,Unknown: needs year built. The rule covers multifamily buildings built before 1980.
A0157,Berkeley,r-0006,applies,False,Not public housing or a Section 8 property | Not a unit let under an agreement that lets the owner move back in | Not a unit where an existing tenant is subletting or adding a roommate,"Applies unless the property is public housing or a Section 8 property; a unit let under an agreement that lets the owner move back in; or a unit where an existing tenant is subletting or adding a roommate. At least 5 units per the assessor description, so the exemption for an owner-occupied building with one to three units cannot apply. State screening rules apply too; both are listed here."
A0157,Berkeley,r-0007,applies,False,Not a unit where the owner shares a kitchen or bath with the tenant | Not a nonprofit cooperative,"Applies unless the property is a unit where the owner shares a kitchen or bath with the tenant or a nonprofit cooperative. At least 5 units per the assessor description, so the exemption for an owner-occupied duplex (a 'golden duplex') cannot apply; at least 5 units per the assessor description, so the exemption for an owner-occupied property with an accessory dwelling unit cannot apply. State deposit rules apply too; both are listed here."
A0157,Berkeley,r-0013,applies,False,,Applies to all residential rentals in California.
A0157,Berkeley,r-0014,applies,False,,Applies to all residential rentals in California.
A0157,Berkeley,r-0015,superseded,False,Not a unit where the tenant shares a bathroom or kitchen with the owner-occupant | Not deed-restricted affordable housing | Once the tenant has lived in the unit for 12 months,Governed instead by Berkeley just cause eviction rules as amended by Measure BB; the stricter local rule applies here.
A0157,Berkeley,r-0016,unknown,False,Not deed-restricted or subsidised affordable housing,Unknown: needs year built. Exemption that depends on it: a building with a certificate of occupancy issued within the last 15 years.
A0157,Berkeley,r-0017,applies,False,,Applies to all residential rentals in California.
A0157,Berkeley,r-0018,applies,False,,"Applies: at least 5 units per the assessor description, above the coverage threshold."
A0157,Berkeley,r-0019,applies,False,Once the deposit was collected on or after 1 Jul 2024,Applies to all residential rentals in California. Protection begins once the deposit was collected on or after 1 Jul 2024.
A0158,Berkeley,r-0001,applies,True,Not an affordable housing unit whose rent or income limits are set by programme guidelines,Applies unless the property is an affordable housing unit whose rent or income limits are set by programme guidelines. Open question: two published effective dates (1 March 2026 in the ordinance text; January 2026 in an August 2026 law firm alert). Flagged for human review. State algorithm rules apply too; both are listed here.
A0158,Berkeley,r-0002,applies,False,,Applies to all residential rentals in Berkeley. State fee rules apply; Berkeley adds stricter local limits.
A0158,Berkeley,r-0003,applies,False,,Applies to all residential rentals in Berkeley. State fee rules apply; Berkeley adds stricter local limits.
A0158,Berkeley,r-0004,applies,False,Not a nonprofit cooperative | Not a unit where the tenant shares a kitchen or bath with the landlord,"Applies unless the property is a nonprofit cooperative or a unit where the tenant shares a kitchen or bath with the landlord. Apartments per the assessor; at least 5 units per the assessor description, so the exemption for an owner-occupied duplex (a 'golden duplex') cannot apply."
A0158,Berkeley,r-0005,unknown,False,Not a nonprofit cooperative | Not a unit where the owner shares a kitchen or bath with the tenant,Unknown: needs year built. The rule covers multifamily buildings built before 1980.
A0158,Berkeley,r-0006,applies,False,Not public housing or a Section 8 property | Not a unit let under an agreement that lets the owner move back in | Not a unit where an existing tenant is subletting or adding a roommate,"Applies unless the property is public housing or a Section 8 property; a unit let under an agreement that lets the owner move back in; or a unit where an existing tenant is subletting or adding a roommate. At least 5 units per the assessor description, so the exemption for an owner-occupied building with one to three units cannot apply. State screening rules apply too; both are listed here."
A0158,Berkeley,r-0007,applies,False,Not a unit where the owner shares a kitchen or bath with the tenant | Not a nonprofit cooperative,"Applies unless the property is a unit where the owner shares a kitchen or bath with the tenant or a nonprofit cooperative. At least 5 units per the assessor description, so the exemption for an owner-occupied duplex (a 'golden duplex') cannot apply; at least 5 units per the assessor description, so the exemption for an owner-occupied property with an accessory dwelling unit cannot apply. State deposit rules apply too; both are listed here."
A0158,Berkeley,r-0013,applies,False,,Applies to all residential rentals in California.
A0158,Berkeley,r-0014,applies,False,,Applies to all residential rentals in California.
A0158,Berkeley,r-0015,superseded,False,Not a unit where the tenant shares a bathroom or kitchen with the owner-occupant | Not deed-restricted affordable housing | Once the tenant has lived in the unit for 12 months,Governed instead by Berkeley just cause eviction rules as amended by Measure BB; the stricter local rule applies here.
A0158,Berkeley,r-0016,unknown,False,Not deed-restricted or subsidised affordable housing,Unknown: needs year built. Exemption that depends on it: a building with a certificate of occupancy issued within the last 15 years.
A0158,Berkeley,r-0017,applies,False,,Applies to all residential rentals in California.
A0158,Berkeley,r-0018,applies,False,,"Applies: at least 5 units per the assessor description, above the coverage threshold."
A0158,Berkeley,r-0019,applies,False,Once the deposit was collected on or after 1 Jul 2024,Applies to all residential rentals in California. Protection begins once the deposit was collected on or after 1 Jul 2024.
A0159,Newark,r-0044,not_yet_effective,False,,Not yet in force: takes effect 1 Jul 2027.
A0159,Newark,r-0045,unknown,False,Not let through a licensed real estate agent who is not the landlord,Unknown: needs the building type. Exemption that depends on it: a one-family or two-family dwelling.
A0159,Newark,r-0046,unknown,False,"Not a hotel, motel or guest house let to transient or seasonal guests",Unknown: needs owner identity. Exemption that depends on it: an owner-occupied building with two or fewer rental units.
A0159,Newark,r-0047,unknown,False,"Not a hotel, motel or seasonal rental",Unknown: needs owner identity. Exemption that depends on it: an owner-occupied two- or three-family dwelling.
A0159,Newark,r-0049,unknown,False,,Unknown: needs the unit count. Exemption that depends on it: an owner-occupied two-family dwelling.
A0159,Newark,r-0050,unknown,False,,Unknown: needs owner identity. Exemption that depends on it: an owner-occupied building with four or fewer units.
A0159,Newark,r-0051,unknown,False,Not a seasonal rental of 125 days or less,Unknown: needs owner identity. Exemption that depends on it: an owner-occupied building with two or fewer rental units.
A0159,Newark,r-0052,unknown,False,Not a hotel or motel let day to day to transients | Not public housing or a unit whose rent a government agency regulates,Unknown: needs year built. Exemption that depends on it: a newly built multiple dwelling still within its exemption period (at most 30 years).
A0159,Newark,r-0053,unknown,False,Not housing designated for a programme for people with criminal records,Unknown: needs the unit count. Exemption that depends on it: an owner-occupied two-family dwelling or a room in an owner-occupied home.
A0160,Jersey City,r-0026,applies,True,"Not an inpatient medical, licensed long-term care or detention facility","Applies unless the property is an inpatient medical, licensed long-term care or detention facility. Possible preemption: from 1 July 2027 the NJ FAIR Act may preempt the Hoboken and Jersey City algorithmic rent ordinances. Flagged for human review; not decided here."
A0160,Jersey City,r-0027,unknown,False,,"Unknown: needs the unit count. The rule covers buildings with five or more units. The assessor building code '3S-B-A-22U' suggests 22 units (derived, unconfirmed)."
A0160,Jersey City,r-0044,not_yet_effective,True,,Not yet in force: takes effect 1 Jul 2027. Possible preemption: from 1 July 2027 the NJ FAIR Act may preempt the Hoboken and Jersey City algorithmic rent ordinances. Flagged for human review; not decided here.
A0160,Jersey City,r-0045,unknown,False,Not let through a licensed real estate agent who is not the landlord,Unknown: needs the building type. Exemption that depends on it: a one-family or two-family dwelling.
A0160,Jersey City,r-0046,unknown,False,"Not a hotel, motel or guest house let to transient or seasonal guests",Unknown: needs owner identity. Exemption that depends on it: an owner-occupied building with two or fewer rental units.
A0160,Jersey City,r-0047,unknown,False,"Not a hotel, motel or seasonal rental",Unknown: needs owner identity. Exemption that depends on it: an owner-occupied two- or three-family dwelling.
A0160,Jersey City,r-0049,unknown,False,,"Unknown: needs the unit count. Exemption that depends on it: an owner-occupied two-family dwelling. The assessor building code '3S-B-A-22U' suggests 22 units (derived, unconfirmed)."
A0160,Jersey City,r-0050,unknown,False,,Unknown: needs owner identity. Exemption that depends on it: an owner-occupied building with four or fewer units.
A0160,Jersey City,r-0051,unknown,False,Not a seasonal rental of 125 days or less,Unknown: needs owner identity. Exemption that depends on it: an owner-occupied building with two or fewer rental units.
A0161,Jersey City,r-0026,applies,True,"Not an inpatient medical, licensed long-term care or detention facility","Applies unless the property is an inpatient medical, licensed long-term care or detention facility. Possible preemption: from 1 July 2027 the NJ FAIR Act may preempt the Hoboken and Jersey City algorithmic rent ordinances. Flagged for human review; not decided here."
A0161,Jersey City,r-0027,unknown,False,,"Unknown: needs the unit count. The rule covers buildings with five or more units. The assessor building code '4S-B-A-21U-H' suggests 21 units (derived, unconfirmed)."
A0161,Jersey City,r-0044,not_yet_effective,True,,Not yet in force: takes effect 1 Jul 2027. Possible preemption: from 1 July 2027 the NJ FAIR Act may preempt the Hoboken and Jersey City algorithmic rent ordinances. Flagged for human review; not decided here.
A0161,Jersey City,r-0045,unknown,False,Not let through a licensed real estate agent who is not the landlord,Unknown: needs the building type. Exemption that depends on it: a one-family or two-family dwelling.
A0161,Jersey City,r-0046,unknown,False,"Not a hotel, motel or guest house let to transient or seasonal guests",Unknown: needs owner identity. Exemption that depends on it: an owner-occupied building with two or fewer rental units.
A0161,Jersey City,r-0047,unknown,False,"Not a hotel, motel or seasonal rental",Unknown: needs owner identity. Exemption that depends on it: an owner-occupied two- or three-family dwelling.
A0161,Jersey City,r-0049,unknown,False,,"Unknown: needs the unit count. Exemption that depends on it: an owner-occupied two-family dwelling. The assessor building code '4S-B-A-21U-H' suggests 21 units (derived, unconfirmed)."
A0161,Jersey City,r-0050,unknown,False,,Unknown: needs owner identity. Exemption that depends on it: an owner-occupied building with four or fewer units.
A0161,Jersey City,r-0051,unknown,False,Not a seasonal rental of 125 days or less,Unknown: needs owner identity. Exemption that depends on it: an owner-occupied building with two or fewer rental units.
A0162,Los Angeles,r-0013,applies,False,,Applies to all residential rentals in California.
A0162,Los Angeles,r-0014,applies,False,,Applies to all residential rentals in California.
A0162,Los Angeles,r-0015,superseded,False,Not a unit where the tenant shares a bathroom or kitchen with the owner-occupant | Not deed-restricted affordable housing | Once the tenant has lived in the unit for 12 months,Governed instead by Los Angeles Just Cause for Eviction Ordinance (JCO); the stricter local rule applies here.
A0162,Los Angeles,r-0016,applies,False,Not deed-restricted or subsidised affordable housing,"Applies unless the property is deed-restricted or subsidised affordable housing. Built 1987, before the 15 year certificate of occupancy window (built before 2011); apartments per the assessor."
A0162,Los Angeles,r-0017,applies,False,,Applies to all residential rentals in California.
A0162,Los Angeles,r-0018,applies,False,,"Applies: 24 units, above the coverage threshold."
A0162,Los Angeles,r-0019,applies,False,Once the deposit was collected on or after 1 Jul 2024,Applies to all residential rentals in California. Protection begins once the deposit was collected on or after 1 Jul 2024.
A0162,Los Angeles,r-0028,applies,False,"Not a cooperative, nonprofit homeless facility or short-term treatment facility | Once the tenant has lived in the unit for six months or the first lease has ended","Applies unless the property is a cooperative, nonprofit homeless facility or short-term treatment facility. Apartments per the assessor; built 1987, after the 1 Oct 1978 certificate of occupancy cutoff. Protection begins once the tenant has lived in the unit for six months or the first lease has ended."
A0162,Los Angeles,r-0031,applies,False,,Applies to all residential rentals in Los Angeles. State screening rules apply too; both are listed here.
A0163,Jersey City,r-0026,applies,True,"Not an inpatient medical, licensed long-term care or detention facility","Applies unless the property is an inpatient medical, licensed long-term care or detention facility. Possible preemption: from 1 July 2027 the NJ FAIR Act may preempt the Hoboken and Jersey City algorithmic rent ordinances. Flagged for human review; not decided here."
A0163,Jersey City,r-0027,unknown,False,,"Unknown: needs the unit count. The rule covers buildings with five or more units. The assessor building code '3&4S-B&F-14U' suggests 14 units (derived, unconfirmed)."
A0163,Jersey City,r-0044,not_yet_effective,True,,Not yet in force: takes effect 1 Jul 2027. Possible preemption: from 1 July 2027 the NJ FAIR Act may preempt the Hoboken and Jersey City algorithmic rent ordinances. Flagged for human review; not decided here.
A0163,Jersey City,r-0045,unknown,False,Not let through a licensed real estate agent who is not the landlord,Unknown: needs the building type. Exemption that depends on it: a one-family or two-family dwelling.
A0163,Jersey City,r-0046,unknown,False,"Not a hotel, motel or guest house let to transient or seasonal guests",Unknown: needs owner identity. Exemption that depends on it: an owner-occupied building with two or fewer rental units.
A0163,Jersey City,r-0047,unknown,False,"Not a hotel, motel or seasonal rental",Unknown: needs owner identity. Exemption that depends on it: an owner-occupied two- or three-family dwelling.
A0163,Jersey City,r-0049,unknown,False,,"Unknown: needs the unit count. Exemption that depends on it: an owner-occupied two-family dwelling. The assessor building code '3&4S-B&F-14U' suggests 14 units (derived, unconfirmed)."
A0163,Jersey City,r-0050,unknown,False,,Unknown: needs owner identity. Exemption that depends on it: an owner-occupied building with four or fewer units.
A0163,Jersey City,r-0051,unknown,False,Not a seasonal rental of 125 days or less,Unknown: needs owner identity. Exemption that depends on it: an owner-occupied building with two or fewer rental units.
A0164,San Francisco,r-0013,applies,False,,Applies to all residential rentals in California.
A0164,San Francisco,r-0014,applies,False,,Applies to all residential rentals in California.
A0164,San Francisco,r-0015,superseded,False,Not a unit where the tenant shares a bathroom or kitchen with the owner-occupant | Not deed-restricted affordable housing | Once the tenant has lived in the unit for 12 months,Governed instead by San Francisco Rent Ordinance just cause eviction (S.F. Admin. Code § 37.9(a)); the stricter local rule applies here.
A0164,San Francisco,r-0016,superseded,False,Not deed-restricted or subsidised affordable housing,Governed instead by San Francisco annual allowable rent increase (3/1/2026–2/28/2027); the stricter local rule applies here.
A0164,San Francisco,r-0017,applies,False,,Applies to all residential rentals in California.
A0164,San Francisco,r-0018,applies,False,,"Applies: 6 units, above the coverage threshold."
A0164,San Francisco,r-0019,applies,False,Once the deposit was collected on or after 1 Jul 2024,Applies to all residential rentals in California. Protection begins once the deposit was collected on or after 1 Jul 2024.
A0164,San Francisco,r-0057,applies,False,,Applies to all residential rentals in San Francisco. State algorithm rules apply too; both are listed here.
A0164,San Francisco,r-0058,applies,False,,Applies to all residential rentals in San Francisco. Statutory exemptions for certain owner-occupied shared units and institutional housing cannot be checked from county data.
A0164,San Francisco,r-0059,applies,False,,"Applies: built 1911, before the 13 Jun 1979 certificate of occupancy cutoff."
A0164,San Francisco,r-0060,unknown,False,,Unknown: needs affordable housing status. The rule covers affordable housing.
A0164,San Francisco,r-0061,applies,False,,Applies to all residential rentals in San Francisco. State deposit rules apply too; both are listed here.
A0165,San Diego,r-0013,applies,False,,Applies to all residential rentals in California.
A0165,San Diego,r-0014,applies,False,,Applies to all residential rentals in California.
A0165,San Diego,r-0015,superseded,False,Not a unit where the tenant shares a bathroom or kitchen with the owner-occupant | Not deed-restricted affordable housing | Once the tenant has lived in the unit for 12 months,"Governed instead by San Diego Residential Tenant Protections (just cause for termination of tenancy); it shares the same coverage condition, so wherever this rule applies the stricter local rule governs."
A0165,San Diego,r-0016,unknown,False,Not deed-restricted or subsidised affordable housing,Unknown: needs year built. Exemption that depends on it: a building with a certificate of occupancy issued within the last 15 years.
A0165,San Diego,r-0017,applies,False,,Applies to all residential rentals in California.
A0165,San Diego,r-0018,applies,False,,"Applies: 8 units, above the coverage threshold."
A0165,San Diego,r-0019,applies,False,Once the deposit was collected on or after 1 Jul 2024,Applies to all residential rentals in California. Protection begins once the deposit was collected on or after 1 Jul 2024.
A0165,San Diego,r-0054,applies,False,Not an affordable housing unit whose rent or income limits are set by programme guidelines,Applies unless the property is an affordable housing unit whose rent or income limits are set by programme guidelines. State algorithm rules apply too; both are listed here.
A0165,San Diego,r-0055,unknown,False,Not deed-restricted or subsidised affordable housing (Section 8 vouchers do not count) | Not a unit where the tenant shares a bath or kitchen with the owner | Once the tenancy has lasted more than 30 days,Unknown: needs year built. The rule covers buildings with a certificate of occupancy at least 15 years old.
A0165,San Diego,r-0056,applies,False,,"Applies: 8 units, above the coverage threshold. State screening rules apply too; both are listed here."
A0166,Cambridge,r-0020,pending,False,,"Bill, not law: a pending bill or proposal, not yet enacted."
A0166,Cambridge,r-0021,applies,False,,Applies: apartments per the assessor.
A0166,Cambridge,r-0022,applies,False,,"Applies: 5 units, so the exemption for an owner-occupied two-family dwelling cannot apply. State screening rules apply too; both are listed here."
A0166,Cambridge,r-0033,pending,False,,"Bill, not law: a pending bill or proposal, not yet enacted."
A0166,Cambridge,r-0034,pending,False,,"Bill, not law: a pending bill or proposal, not yet enacted."
A0166,Cambridge,r-0035,applies,False,,Applies to all residential rentals in Massachusetts.
A0166,Cambridge,r-0036,applies,False,,Applies: apartments per the assessor.
A0166,Cambridge,r-0041,applies,False,,Applies to all residential rentals in Massachusetts.
A0166,Cambridge,r-0042,applies,False,,Applies to all residential rentals in Massachusetts.
A0166,Cambridge,r-0043,applies,False,,Applies: apartments per the assessor.
A0167,San Diego,r-0013,applies,False,,Applies to all residential rentals in California.
A0167,San Diego,r-0014,applies,False,,Applies to all residential rentals in California.
A0167,San Diego,r-0015,superseded,False,Not a unit where the tenant shares a bathroom or kitchen with the owner-occupant | Not deed-restricted affordable housing | Once the tenant has lived in the unit for 12 months,"Governed instead by San Diego Residential Tenant Protections (just cause for termination of tenancy); it shares the same coverage condition, so wherever this rule applies the stricter local rule governs."
A0167,San Diego,r-0016,unknown,False,Not deed-restricted or subsidised affordable housing,Unknown: needs year built. Exemption that depends on it: a building with a certificate of occupancy issued within the last 15 years.
A0167,San Diego,r-0017,applies,False,,Applies to all residential rentals in California.
A0167,San Diego,r-0018,applies,False,,"Applies: 20 units, above the coverage threshold."
A0167,San Diego,r-0019,applies,False,Once the deposit was collected on or after 1 Jul 2024,Applies to all residential rentals in California. Protection begins once the deposit was collected on or after 1 Jul 2024.
A0167,San Diego,r-0054,applies,False,Not an affordable housing unit whose rent or income limits are set by programme guidelines,Applies unless the property is an affordable housing unit whose rent or income limits are set by programme guidelines. State algorithm rules apply too; both are listed here.
A0167,San Diego,r-0055,unknown,False,Not deed-restricted or subsidised affordable housing (Section 8 vouchers do not count) | Not a unit where the tenant shares a bath or kitchen with the owner | Once the tenancy has lasted more than 30 days,Unknown: needs year built. The rule covers buildings with a certificate of occupancy at least 15 years old.
A0167,San Diego,r-0056,applies,False,,"Applies: 20 units, above the coverage threshold. State screening rules apply too; both are listed here."
A0168,Hoboken,r-0023,applies,True,"Not a medical, long-term care or detention facility","Applies unless the property is a medical, long-term care or detention facility. Possible preemption: from 1 July 2027 the NJ FAIR Act may preempt the Hoboken and Jersey City algorithmic rent ordinances. Flagged for human review; not decided here."
A0168,Hoboken,r-0024,applies,False,,Applies to all residential rentals in Hoboken.
A0168,Hoboken,r-0025,unknown,False,"Not a hotel, motel, commercial or industrial unit, or institutional student housing","Unknown: needs the exemption details. Built 2007, after the 25 Jun 1987 certificate of occupancy cutoff; built 2007, after the 30 year certificate of occupancy window (built before 1996). The rule covers buildings built on or before 25 Jun 1987, or newer buildings whose exemption period (at most 30 years) has ended, and whether the exemption has ended is not in the data."
A0168,Hoboken,r-0044,not_yet_effective,True,,Not yet in force: takes effect 1 Jul 2027. Possible preemption: from 1 July 2027 the NJ FAIR Act may preempt the Hoboken and Jersey City algorithmic rent ordinances. Flagged for human review; not decided here.
A0168,Hoboken,r-0045,unknown,False,Not let through a licensed real estate agent who is not the landlord,Unknown: needs the building type. Exemption that depends on it: a one-family or two-family dwelling.
A0168,Hoboken,r-0046,unknown,False,"Not a hotel, motel or guest house let to transient or seasonal guests",Unknown: needs owner identity. Exemption that depends on it: an owner-occupied building with two or fewer rental units.
A0168,Hoboken,r-0047,unknown,False,"Not a hotel, motel or seasonal rental",Unknown: needs owner identity. Exemption that depends on it: an owner-occupied two- or three-family dwelling.
A0168,Hoboken,r-0049,unknown,False,,"Unknown: needs the unit count. Exemption that depends on it: an owner-occupied two-family dwelling. The assessor building code '5B-64U/5B-64U-G' suggests 128 units (derived, unconfirmed)."
A0168,Hoboken,r-0050,unknown,False,,Unknown: needs owner identity. Exemption that depends on it: an owner-occupied building with four or fewer units.
A0168,Hoboken,r-0051,unknown,False,Not a seasonal rental of 125 days or less,Unknown: needs owner identity. Exemption that depends on it: an owner-occupied building with two or fewer rental units.
A0169,Boston,r-0008,applies,False,,Applies: apartments per the assessor.
A0169,Boston,r-0011,unknown,False,,Unknown: needs affordable housing status. The rule covers housing funded or land-assisted by the Boston Department of Neighborhood Development.
A0169,Boston,r-0012,applies,False,,Applies to all residential rentals in Boston. State screening rules apply too; both are listed here.
A0169,Boston,r-0033,pending,False,,"Bill, not law: a pending bill or proposal, not yet enacted."
A0169,Boston,r-0034,pending,False,,"Bill, not law: a pending bill or proposal, not yet enacted."
A0169,Boston,r-0035,applies,False,,Applies to all residential rentals in Massachusetts.
A0169,Boston,r-0036,applies,False,,Applies: apartments per the assessor.
A0169,Boston,r-0041,applies,False,,Applies to all residential rentals in Massachusetts.
A0169,Boston,r-0042,applies,False,,Applies to all residential rentals in Massachusetts.
A0169,Boston,r-0043,applies,False,,Applies: apartments per the assessor.
A0170,Los Angeles,r-0013,applies,False,,Applies to all residential rentals in California.
A0170,Los Angeles,r-0014,applies,False,,Applies to all residential rentals in California.
A0170,Los Angeles,r-0015,superseded,False,Not a unit where the tenant shares a bathroom or kitchen with the owner-occupant | Not deed-restricted affordable housing | Once the tenant has lived in the unit for 12 months,Governed instead by Los Angeles Just Cause for Eviction Ordinance (JCO); the stricter local rule applies here.
A0170,Los Angeles,r-0016,applies,False,Not deed-restricted or subsidised affordable housing,"Applies unless the property is deed-restricted or subsidised affordable housing. Built 1990, before the 15 year certificate of occupancy window (built before 2011); apartments per the assessor."
A0170,Los Angeles,r-0017,applies,False,,Applies to all residential rentals in California.
A0170,Los Angeles,r-0018,applies,False,,"Applies: 32 units, above the coverage threshold."
A0170,Los Angeles,r-0019,applies,False,Once the deposit was collected on or after 1 Jul 2024,Applies to all residential rentals in California. Protection begins once the deposit was collected on or after 1 Jul 2024.
A0170,Los Angeles,r-0028,applies,False,"Not a cooperative, nonprofit homeless facility or short-term treatment facility | Once the tenant has lived in the unit for six months or the first lease has ended","Applies unless the property is a cooperative, nonprofit homeless facility or short-term treatment facility. Apartments per the assessor; built 1990, after the 1 Oct 1978 certificate of occupancy cutoff. Protection begins once the tenant has lived in the unit for six months or the first lease has ended."
A0170,Los Angeles,r-0031,applies,False,,Applies to all residential rentals in Los Angeles. State screening rules apply too; both are listed here.
A0171,Jersey City,r-0026,applies,True,"Not an inpatient medical, licensed long-term care or detention facility","Applies unless the property is an inpatient medical, licensed long-term care or detention facility. Possible preemption: from 1 July 2027 the NJ FAIR Act may preempt the Hoboken and Jersey City algorithmic rent ordinances. Flagged for human review; not decided here."
A0171,Jersey City,r-0027,unknown,False,,"Unknown: needs the unit count. The rule covers buildings with five or more units. The assessor building code '3S-B-D-7U-NH' suggests 7 units (derived, unconfirmed)."
A0171,Jersey City,r-0044,not_yet_effective,True,,Not yet in force: takes effect 1 Jul 2027. Possible preemption: from 1 July 2027 the NJ FAIR Act may preempt the Hoboken and Jersey City algorithmic rent ordinances. Flagged for human review; not decided here.
A0171,Jersey City,r-0045,unknown,False,Not let through a licensed real estate agent who is not the landlord,Unknown: needs the building type. Exemption that depends on it: a one-family or two-family dwelling.
A0171,Jersey City,r-0046,unknown,False,"Not a hotel, motel or guest house let to transient or seasonal guests",Unknown: needs owner identity. Exemption that depends on it: an owner-occupied building with two or fewer rental units.
A0171,Jersey City,r-0047,unknown,False,"Not a hotel, motel or seasonal rental",Unknown: needs owner identity. Exemption that depends on it: an owner-occupied two- or three-family dwelling.
A0171,Jersey City,r-0049,unknown,False,,"Unknown: needs the unit count. Exemption that depends on it: an owner-occupied two-family dwelling. The assessor building code '3S-B-D-7U-NH' suggests 7 units (derived, unconfirmed)."
A0171,Jersey City,r-0050,unknown,False,,Unknown: needs owner identity. Exemption that depends on it: an owner-occupied building with four or fewer units.
A0171,Jersey City,r-0051,unknown,False,Not a seasonal rental of 125 days or less,Unknown: needs owner identity. Exemption that depends on it: an owner-occupied building with two or fewer rental units.
A0172,Los Angeles,r-0013,applies,False,,Applies to all residential rentals in California.
A0172,Los Angeles,r-0014,applies,False,,Applies to all residential rentals in California.
A0172,Los Angeles,r-0015,superseded,False,Not a unit where the tenant shares a bathroom or kitchen with the owner-occupant | Not deed-restricted affordable housing | Once the tenant has lived in the unit for 12 months,Governed instead by Relocation assistance for no-fault evictions under the RSO and JCO; the stricter local rule applies here.
A0172,Los Angeles,r-0016,superseded,False,Not deed-restricted or subsidised affordable housing,Governed instead by Los Angeles Rent Stabilization Ordinance (RSO) allowable rent increases; the stricter local rule applies here.
A0172,Los Angeles,r-0017,applies,False,,Applies to all residential rentals in California.
A0172,Los Angeles,r-0018,applies,False,,"Applies: 33 units, above the coverage threshold."
A0172,Los Angeles,r-0019,applies,False,Once the deposit was collected on or after 1 Jul 2024,Applies to all residential rentals in California. Protection begins once the deposit was collected on or after 1 Jul 2024.
A0172,Los Angeles,r-0028,unknown,False,"Not a cooperative, nonprofit homeless facility or short-term treatment facility | Once the tenant has lived in the unit for six months or the first lease has ended","Unknown: this building is under the RSO (built 1960), so the JCO applies only if the unit is exempt from the RSO; RSO exemption status is not in the data."
A0172,Los Angeles,r-0029,applies,False,Not a housing authority or government-owned property,"Applies unless the property is a housing authority or government-owned property. Apartments per the assessor; built 1960, before the 1 Oct 1978 certificate of occupancy cutoff."
A0172,Los Angeles,r-0030,applies,True,"Not government-owned or regulated housing, or affordable housing with a recorded covenant","Applies unless the property is government-owned or regulated housing, or affordable housing with a recorded covenant. Built 1960, before the 1 Oct 1978 certificate of occupancy cutoff; apartments per the assessor. Open question: two published effective dates for the new formula (2 February 2026 per LAHD; 24 January 2026 per a landlord association). Flagged for human review."
A0172,Los Angeles,r-0031,applies,False,,Applies to all residential rentals in Los Angeles. State screening rules apply too; both are listed here.
A0172,Los Angeles,r-0032,applies,False,Once the deposit has been held for at least one year,"Applies: built 1960, before the 1 Oct 1978 certificate of occupancy cutoff; apartments per the assessor. Protection begins once the deposit has been held for at least one year. State deposit rules apply too; both are listed here."
A0173,Los Angeles,r-0013,applies,False,,Applies to all residential rentals in California.
A0173,Los Angeles,r-0014,applies,False,,Applies to all residential rentals in California.
A0173,Los Angeles,r-0015,superseded,False,Not a unit where the tenant shares a bathroom or kitchen with the owner-occupant | Not deed-restricted affordable housing | Once the tenant has lived in the unit for 12 months,Governed instead by Relocation assistance for no-fault evictions under the RSO and JCO; the stricter local rule applies here.
A0173,Los Angeles,r-0016,superseded,False,Not deed-restricted or subsidised affordable housing,Governed instead by Los Angeles Rent Stabilization Ordinance (RSO) allowable rent increases; the stricter local rule applies here.
A0173,Los Angeles,r-0017,applies,False,,Applies to all residential rentals in California.
A0173,Los Angeles,r-0018,applies,False,,"Applies: 9 units, above the coverage threshold."
A0173,Los Angeles,r-0019,applies,False,Once the deposit was collected on or after 1 Jul 2024,Applies to all residential rentals in California. Protection begins once the deposit was collected on or after 1 Jul 2024.
A0173,Los Angeles,r-0028,unknown,False,"Not a cooperative, nonprofit homeless facility or short-term treatment facility | Once the tenant has lived in the unit for six months or the first lease has ended","Unknown: this building is under the RSO (built 1937), so the JCO applies only if the unit is exempt from the RSO; RSO exemption status is not in the data."
A0173,Los Angeles,r-0029,applies,False,Not a housing authority or government-owned property,"Applies unless the property is a housing authority or government-owned property. Apartments per the assessor; built 1937, before the 1 Oct 1978 certificate of occupancy cutoff."
A0173,Los Angeles,r-0030,applies,True,"Not government-owned or regulated housing, or affordable housing with a recorded covenant","Applies unless the property is government-owned or regulated housing, or affordable housing with a recorded covenant. Built 1937, before the 1 Oct 1978 certificate of occupancy cutoff; apartments per the assessor. Open question: two published effective dates for the new formula (2 February 2026 per LAHD; 24 January 2026 per a landlord association). Flagged for human review."
A0173,Los Angeles,r-0031,applies,False,,Applies to all residential rentals in Los Angeles. State screening rules apply too; both are listed here.
A0173,Los Angeles,r-0032,applies,False,Once the deposit has been held for at least one year,"Applies: built 1937, before the 1 Oct 1978 certificate of occupancy cutoff; apartments per the assessor. Protection begins once the deposit has been held for at least one year. State deposit rules apply too; both are listed here."
A0174,Cambridge,r-0020,pending,False,,"Bill, not law: a pending bill or proposal, not yet enacted."
A0174,Cambridge,r-0021,applies,False,,Applies: apartments per the assessor.
A0174,Cambridge,r-0022,applies,False,,"Applies: 19 units, so the exemption for an owner-occupied two-family dwelling cannot apply. State screening rules apply too; both are listed here."
A0174,Cambridge,r-0033,pending,False,,"Bill, not law: a pending bill or proposal, not yet enacted."
A0174,Cambridge,r-0034,pending,False,,"Bill, not law: a pending bill or proposal, not yet enacted."
A0174,Cambridge,r-0035,applies,False,,Applies to all residential rentals in Massachusetts.
A0174,Cambridge,r-0036,applies,False,,Applies: apartments per the assessor.
A0174,Cambridge,r-0041,applies,False,,Applies to all residential rentals in Massachusetts.
A0174,Cambridge,r-0042,applies,False,,Applies to all residential rentals in Massachusetts.
A0174,Cambridge,r-0043,applies,False,,Applies: apartments per the assessor.
A0175,Cambridge,r-0020,pending,False,,"Bill, not law: a pending bill or proposal, not yet enacted."
A0175,Cambridge,r-0021,applies,False,,Applies: apartments per the assessor.
A0175,Cambridge,r-0022,applies,False,,"Applies: 6 units, so the exemption for an owner-occupied two-family dwelling cannot apply. State screening rules apply too; both are listed here."
A0175,Cambridge,r-0033,pending,False,,"Bill, not law: a pending bill or proposal, not yet enacted."
A0175,Cambridge,r-0034,pending,False,,"Bill, not law: a pending bill or proposal, not yet enacted."
A0175,Cambridge,r-0035,applies,False,,Applies to all residential rentals in Massachusetts.
A0175,Cambridge,r-0036,applies,False,,Applies: apartments per the assessor.
A0175,Cambridge,r-0041,applies,False,,Applies to all residential rentals in Massachusetts.
A0175,Cambridge,r-0042,applies,False,,Applies to all residential rentals in Massachusetts.
A0175,Cambridge,r-0043,applies,False,,Applies: apartments per the assessor.
A0176,Cambridge,r-0020,pending,False,,"Bill, not law: a pending bill or proposal, not yet enacted."
A0176,Cambridge,r-0021,applies,False,,Applies: apartments per the assessor.
A0176,Cambridge,r-0022,applies,False,,"Applies: 29 units, so the exemption for an owner-occupied two-family dwelling cannot apply. State screening rules apply too; both are listed here."
A0176,Cambridge,r-0033,pending,False,,"Bill, not law: a pending bill or proposal, not yet enacted."
A0176,Cambridge,r-0034,pending,False,,"Bill, not law: a pending bill or proposal, not yet enacted."
A0176,Cambridge,r-0035,applies,False,,Applies to all residential rentals in Massachusetts.
A0176,Cambridge,r-0036,applies,False,,Applies: apartments per the assessor.
A0176,Cambridge,r-0041,applies,False,,Applies to all residential rentals in Massachusetts.
A0176,Cambridge,r-0042,applies,False,,Applies to all residential rentals in Massachusetts.
A0176,Cambridge,r-0043,applies,False,,Applies: apartments per the assessor.
A0177,Jersey City,r-0026,applies,True,"Not an inpatient medical, licensed long-term care or detention facility","Applies unless the property is an inpatient medical, licensed long-term care or detention facility. Possible preemption: from 1 July 2027 the NJ FAIR Act may preempt the Hoboken and Jersey City algorithmic rent ordinances. Flagged for human review; not decided here."
A0177,Jersey City,r-0027,unknown,False,,"Unknown: needs the unit count. The rule covers buildings with five or more units. The assessor building code '3S-F-D-6U-NH' suggests 6 units (derived, unconfirmed)."
A0177,Jersey City,r-0044,not_yet_effective,True,,Not yet in force: takes effect 1 Jul 2027. Possible preemption: from 1 July 2027 the NJ FAIR Act may preempt the Hoboken and Jersey City algorithmic rent ordinances. Flagged for human review; not decided here.
A0177,Jersey City,r-0045,unknown,False,Not let through a licensed real estate agent who is not the landlord,Unknown: needs the building type. Exemption that depends on it: a one-family or two-family dwelling.
A0177,Jersey City,r-0046,unknown,False,"Not a hotel, motel or guest house let to transient or seasonal guests",Unknown: needs owner identity. Exemption that depends on it: an owner-occupied building with two or fewer rental units.
A0177,Jersey City,r-0047,unknown,False,"Not a hotel, motel or seasonal rental",Unknown: needs owner identity. Exemption that depends on it: an owner-occupied two- or three-family dwelling.
A0177,Jersey City,r-0049,unknown,False,,"Unknown: needs the unit count. Exemption that depends on it: an owner-occupied two-family dwelling. The assessor building code '3S-F-D-6U-NH' suggests 6 units (derived, unconfirmed)."
A0177,Jersey City,r-0050,unknown,False,,Unknown: needs owner identity. Exemption that depends on it: an owner-occupied building with four or fewer units.
A0177,Jersey City,r-0051,unknown,False,Not a seasonal rental of 125 days or less,Unknown: needs owner identity. Exemption that depends on it: an owner-occupied building with two or fewer rental units.
A0178,Los Angeles,r-0013,applies,False,,Applies to all residential rentals in California.
A0178,Los Angeles,r-0014,applies,False,,Applies to all residential rentals in California.
A0178,Los Angeles,r-0015,superseded,False,Not a unit where the tenant shares a bathroom or kitchen with the owner-occupant | Not deed-restricted affordable housing | Once the tenant has lived in the unit for 12 months,Governed instead by Relocation assistance for no-fault evictions under the RSO and JCO; the stricter local rule applies here.
A0178,Los Angeles,r-0016,superseded,False,Not deed-restricted or subsidised affordable housing,Governed instead by Los Angeles Rent Stabilization Ordinance (RSO) allowable rent increases; the stricter local rule applies here.
A0178,Los Angeles,r-0017,applies,False,,Applies to all residential rentals in California.
A0178,Los Angeles,r-0018,applies,False,,"Applies: 7 units, above the coverage threshold."
A0178,Los Angeles,r-0019,applies,False,Once the deposit was collected on or after 1 Jul 2024,Applies to all residential rentals in California. Protection begins once the deposit was collected on or after 1 Jul 2024.
A0178,Los Angeles,r-0028,unknown,False,"Not a cooperative, nonprofit homeless facility or short-term treatment facility | Once the tenant has lived in the unit for six months or the first lease has ended","Unknown: this building is under the RSO (built 1961), so the JCO applies only if the unit is exempt from the RSO; RSO exemption status is not in the data."
A0178,Los Angeles,r-0029,applies,False,Not a housing authority or government-owned property,"Applies unless the property is a housing authority or government-owned property. Apartments per the assessor; built 1961, before the 1 Oct 1978 certificate of occupancy cutoff."
A0178,Los Angeles,r-0030,applies,True,"Not government-owned or regulated housing, or affordable housing with a recorded covenant","Applies unless the property is government-owned or regulated housing, or affordable housing with a recorded covenant. Built 1961, before the 1 Oct 1978 certificate of occupancy cutoff; apartments per the assessor. Open question: two published effective dates for the new formula (2 February 2026 per LAHD; 24 January 2026 per a landlord association). Flagged for human review."
A0178,Los Angeles,r-0031,applies,False,,Applies to all residential rentals in Los Angeles. State screening rules apply too; both are listed here.
A0178,Los Angeles,r-0032,applies,False,Once the deposit has been held for at least one year,"Applies: built 1961, before the 1 Oct 1978 certificate of occupancy cutoff; apartments per the assessor. Protection begins once the deposit has been held for at least one year. State deposit rules apply too; both are listed here."
A0179,Los Angeles,r-0013,applies,False,,Applies to all residential rentals in California.
A0179,Los Angeles,r-0014,applies,False,,Applies to all residential rentals in California.
A0179,Los Angeles,r-0015,superseded,False,Not a unit where the tenant shares a bathroom or kitchen with the owner-occupant | Not deed-restricted affordable housing | Once the tenant has lived in the unit for 12 months,Governed instead by Relocation assistance for no-fault evictions under the RSO and JCO; the stricter local rule applies here.
A0179,Los Angeles,r-0016,superseded,False,Not deed-restricted or subsidised affordable housing,Governed instead by Los Angeles Rent Stabilization Ordinance (RSO) allowable rent increases; the stricter local rule applies here.
A0179,Los Angeles,r-0017,applies,False,,Applies to all residential rentals in California.
A0179,Los Angeles,r-0018,applies,False,,"Applies: 18 units, above the coverage threshold."
A0179,Los Angeles,r-0019,applies,False,Once the deposit was collected on or after 1 Jul 2024,Applies to all residential rentals in California. Protection begins once the deposit was collected on or after 1 Jul 2024.
A0179,Los Angeles,r-0028,unknown,False,"Not a cooperative, nonprofit homeless facility or short-term treatment facility | Once the tenant has lived in the unit for six months or the first lease has ended","Unknown: this building is under the RSO (built 1958), so the JCO applies only if the unit is exempt from the RSO; RSO exemption status is not in the data."
A0179,Los Angeles,r-0029,applies,False,Not a housing authority or government-owned property,"Applies unless the property is a housing authority or government-owned property. Apartments per the assessor; built 1958, before the 1 Oct 1978 certificate of occupancy cutoff."
A0179,Los Angeles,r-0030,applies,True,"Not government-owned or regulated housing, or affordable housing with a recorded covenant","Applies unless the property is government-owned or regulated housing, or affordable housing with a recorded covenant. Built 1958, before the 1 Oct 1978 certificate of occupancy cutoff; apartments per the assessor. Open question: two published effective dates for the new formula (2 February 2026 per LAHD; 24 January 2026 per a landlord association). Flagged for human review."
A0179,Los Angeles,r-0031,applies,False,,Applies to all residential rentals in Los Angeles. State screening rules apply too; both are listed here.
A0179,Los Angeles,r-0032,applies,False,Once the deposit has been held for at least one year,"Applies: built 1958, before the 1 Oct 1978 certificate of occupancy cutoff; apartments per the assessor. Protection begins once the deposit has been held for at least one year. State deposit rules apply too; both are listed here."
A0180,Los Angeles,r-0013,applies,False,,Applies to all residential rentals in California.
A0180,Los Angeles,r-0014,applies,False,,Applies to all residential rentals in California.
A0180,Los Angeles,r-0015,superseded,False,Not a unit where the tenant shares a bathroom or kitchen with the owner-occupant | Not deed-restricted affordable housing | Once the tenant has lived in the unit for 12 months,Governed instead by Los Angeles Just Cause for Eviction Ordinance (JCO); the stricter local rule applies here.
A0180,Los Angeles,r-0016,applies,False,Not deed-restricted or subsidised affordable housing,"Applies unless the property is deed-restricted or subsidised affordable housing. Built 1990, before the 15 year certificate of occupancy window (built before 2011); apartments per the assessor."
A0180,Los Angeles,r-0017,applies,False,,Applies to all residential rentals in California.
A0180,Los Angeles,r-0018,applies,False,,"Applies: 33 units, above the coverage threshold."
A0180,Los Angeles,r-0019,applies,False,Once the deposit was collected on or after 1 Jul 2024,Applies to all residential rentals in California. Protection begins once the deposit was collected on or after 1 Jul 2024.
A0180,Los Angeles,r-0028,applies,False,"Not a cooperative, nonprofit homeless facility or short-term treatment facility | Once the tenant has lived in the unit for six months or the first lease has ended","Applies unless the property is a cooperative, nonprofit homeless facility or short-term treatment facility. Apartments per the assessor; built 1990, after the 1 Oct 1978 certificate of occupancy cutoff. Protection begins once the tenant has lived in the unit for six months or the first lease has ended."
A0180,Los Angeles,r-0031,applies,False,,Applies to all residential rentals in Los Angeles. State screening rules apply too; both are listed here.
A0181,Hoboken,r-0023,applies,True,"Not a medical, long-term care or detention facility","Applies unless the property is a medical, long-term care or detention facility. Possible preemption: from 1 July 2027 the NJ FAIR Act may preempt the Hoboken and Jersey City algorithmic rent ordinances. Flagged for human review; not decided here."
A0181,Hoboken,r-0024,applies,False,,Applies to all residential rentals in Hoboken.
A0181,Hoboken,r-0025,unknown,False,"Not a hotel, motel, commercial or industrial unit, or institutional student housing","Unknown: needs year built. The rule covers buildings built on or before 25 Jun 1987, or newer buildings whose exemption period (at most 30 years) has ended."
A0181,Hoboken,r-0044,not_yet_effective,True,,Not yet in force: takes effect 1 Jul 2027. Possible preemption: from 1 July 2027 the NJ FAIR Act may preempt the Hoboken and Jersey City algorithmic rent ordinances. Flagged for human review; not decided here.
A0181,Hoboken,r-0045,unknown,False,Not let through a licensed real estate agent who is not the landlord,Unknown: needs the building type. Exemption that depends on it: a one-family or two-family dwelling.
A0181,Hoboken,r-0046,unknown,False,"Not a hotel, motel or guest house let to transient or seasonal guests",Unknown: needs owner identity. Exemption that depends on it: an owner-occupied building with two or fewer rental units.
A0181,Hoboken,r-0047,unknown,False,"Not a hotel, motel or seasonal rental",Unknown: needs owner identity. Exemption that depends on it: an owner-occupied two- or three-family dwelling.
A0181,Hoboken,r-0049,unknown,False,,"Unknown: needs the unit count. Exemption that depends on it: an owner-occupied two-family dwelling. The assessor building code '5B-10U-BA' suggests 10 units (derived, unconfirmed)."
A0181,Hoboken,r-0050,unknown,False,,Unknown: needs owner identity. Exemption that depends on it: an owner-occupied building with four or fewer units.
A0181,Hoboken,r-0051,unknown,False,Not a seasonal rental of 125 days or less,Unknown: needs owner identity. Exemption that depends on it: an owner-occupied building with two or fewer rental units.
A0182,Hoboken,r-0023,applies,True,"Not a medical, long-term care or detention facility","Applies unless the property is a medical, long-term care or detention facility. Possible preemption: from 1 July 2027 the NJ FAIR Act may preempt the Hoboken and Jersey City algorithmic rent ordinances. Flagged for human review; not decided here."
A0182,Hoboken,r-0024,applies,False,,Applies to all residential rentals in Hoboken.
A0182,Hoboken,r-0025,unknown,False,"Not a hotel, motel, commercial or industrial unit, or institutional student housing","Unknown: needs year built. The rule covers buildings built on or before 25 Jun 1987, or newer buildings whose exemption period (at most 30 years) has ended."
A0182,Hoboken,r-0044,not_yet_effective,True,,Not yet in force: takes effect 1 Jul 2027. Possible preemption: from 1 July 2027 the NJ FAIR Act may preempt the Hoboken and Jersey City algorithmic rent ordinances. Flagged for human review; not decided here.
A0182,Hoboken,r-0045,unknown,False,Not let through a licensed real estate agent who is not the landlord,Unknown: needs the building type. Exemption that depends on it: a one-family or two-family dwelling.
A0182,Hoboken,r-0046,unknown,False,"Not a hotel, motel or guest house let to transient or seasonal guests",Unknown: needs owner identity. Exemption that depends on it: an owner-occupied building with two or fewer rental units.
A0182,Hoboken,r-0047,unknown,False,"Not a hotel, motel or seasonal rental",Unknown: needs owner identity. Exemption that depends on it: an owner-occupied two- or three-family dwelling.
A0182,Hoboken,r-0049,unknown,False,,"Unknown: needs the unit count. Exemption that depends on it: an owner-occupied two-family dwelling. The assessor building code '2,5B-90U-H-BA' suggests 90 units (derived, unconfirmed)."
A0182,Hoboken,r-0050,unknown,False,,Unknown: needs owner identity. Exemption that depends on it: an owner-occupied building with four or fewer units.
A0182,Hoboken,r-0051,unknown,False,Not a seasonal rental of 125 days or less,Unknown: needs owner identity. Exemption that depends on it: an owner-occupied building with two or fewer rental units.
A0183,Berkeley,r-0001,applies,True,Not an affordable housing unit whose rent or income limits are set by programme guidelines,Applies unless the property is an affordable housing unit whose rent or income limits are set by programme guidelines. Open question: two published effective dates (1 March 2026 in the ordinance text; January 2026 in an August 2026 law firm alert). Flagged for human review. State algorithm rules apply too; both are listed here.
A0183,Berkeley,r-0002,applies,False,,Applies to all residential rentals in Berkeley. State fee rules apply; Berkeley adds stricter local limits.
A0183,Berkeley,r-0003,applies,False,,Applies to all residential rentals in Berkeley. State fee rules apply; Berkeley adds stricter local limits.
A0183,Berkeley,r-0004,applies,False,Not a nonprofit cooperative | Not a unit where the tenant shares a kitchen or bath with the landlord,"Applies unless the property is a nonprofit cooperative or a unit where the tenant shares a kitchen or bath with the landlord. Apartments per the assessor; at least 5 units per the assessor description, so the exemption for an owner-occupied duplex (a 'golden duplex') cannot apply."
A0183,Berkeley,r-0005,unknown,False,Not a nonprofit cooperative | Not a unit where the owner shares a kitchen or bath with the tenant,Unknown: needs year built. The rule covers multifamily buildings built before 1980.
A0183,Berkeley,r-0006,applies,False,Not public housing or a Section 8 property | Not a unit let under an agreement that lets the owner move back in | Not a unit where an existing tenant is subletting or adding a roommate,"Applies unless the property is public housing or a Section 8 property; a unit let under an agreement that lets the owner move back in; or a unit where an existing tenant is subletting or adding a roommate. At least 5 units per the assessor description, so the exemption for an owner-occupied building with one to three units cannot apply. State screening rules apply too; both are listed here."
A0183,Berkeley,r-0007,applies,False,Not a unit where the owner shares a kitchen or bath with the tenant | Not a nonprofit cooperative,"Applies unless the property is a unit where the owner shares a kitchen or bath with the tenant or a nonprofit cooperative. At least 5 units per the assessor description, so the exemption for an owner-occupied duplex (a 'golden duplex') cannot apply; at least 5 units per the assessor description, so the exemption for an owner-occupied property with an accessory dwelling unit cannot apply. State deposit rules apply too; both are listed here."
A0183,Berkeley,r-0013,applies,False,,Applies to all residential rentals in California.
A0183,Berkeley,r-0014,applies,False,,Applies to all residential rentals in California.
A0183,Berkeley,r-0015,superseded,False,Not a unit where the tenant shares a bathroom or kitchen with the owner-occupant | Not deed-restricted affordable housing | Once the tenant has lived in the unit for 12 months,Governed instead by Berkeley just cause eviction rules as amended by Measure BB; the stricter local rule applies here.
A0183,Berkeley,r-0016,unknown,False,Not deed-restricted or subsidised affordable housing,Unknown: needs year built. Exemption that depends on it: a building with a certificate of occupancy issued within the last 15 years.
A0183,Berkeley,r-0017,applies,False,,Applies to all residential rentals in California.
A0183,Berkeley,r-0018,applies,False,,"Applies: at least 5 units per the assessor description, above the coverage threshold."
A0183,Berkeley,r-0019,applies,False,Once the deposit was collected on or after 1 Jul 2024,Applies to all residential rentals in California. Protection begins once the deposit was collected on or after 1 Jul 2024.
A0184,Los Angeles,r-0013,applies,False,,Applies to all residential rentals in California.
A0184,Los Angeles,r-0014,applies,False,,Applies to all residential rentals in California.
A0184,Los Angeles,r-0015,superseded,False,Not a unit where the tenant shares a bathroom or kitchen with the owner-occupant | Not deed-restricted affordable housing | Once the tenant has lived in the unit for 12 months,Governed instead by Relocation assistance for no-fault evictions under the RSO and JCO; the stricter local rule applies here.
A0184,Los Angeles,r-0016,superseded,False,Not deed-restricted or subsidised affordable housing,Governed instead by Los Angeles Rent Stabilization Ordinance (RSO) allowable rent increases; the stricter local rule applies here.
A0184,Los Angeles,r-0017,applies,False,,Applies to all residential rentals in California.
A0184,Los Angeles,r-0018,applies,False,,"Applies: 16 units, above the coverage threshold."
A0184,Los Angeles,r-0019,applies,False,Once the deposit was collected on or after 1 Jul 2024,Applies to all residential rentals in California. Protection begins once the deposit was collected on or after 1 Jul 2024.
A0184,Los Angeles,r-0028,unknown,False,"Not a cooperative, nonprofit homeless facility or short-term treatment facility | Once the tenant has lived in the unit for six months or the first lease has ended","Unknown: this building is under the RSO (built 1907), so the JCO applies only if the unit is exempt from the RSO; RSO exemption status is not in the data."
A0184,Los Angeles,r-0029,applies,False,Not a housing authority or government-owned property,"Applies unless the property is a housing authority or government-owned property. Apartments per the assessor; built 1907, before the 1 Oct 1978 certificate of occupancy cutoff."
A0184,Los Angeles,r-0030,applies,True,"Not government-owned or regulated housing, or affordable housing with a recorded covenant","Applies unless the property is government-owned or regulated housing, or affordable housing with a recorded covenant. Built 1907, before the 1 Oct 1978 certificate of occupancy cutoff; apartments per the assessor. Open question: two published effective dates for the new formula (2 February 2026 per LAHD; 24 January 2026 per a landlord association). Flagged for human review."
A0184,Los Angeles,r-0031,applies,False,,Applies to all residential rentals in Los Angeles. State screening rules apply too; both are listed here.
A0184,Los Angeles,r-0032,applies,False,Once the deposit has been held for at least one year,"Applies: built 1907, before the 1 Oct 1978 certificate of occupancy cutoff; apartments per the assessor. Protection begins once the deposit has been held for at least one year. State deposit rules apply too; both are listed here."
A0185,Jersey City,r-0026,applies,True,"Not an inpatient medical, licensed long-term care or detention facility","Applies unless the property is an inpatient medical, licensed long-term care or detention facility. Possible preemption: from 1 July 2027 the NJ FAIR Act may preempt the Hoboken and Jersey City algorithmic rent ordinances. Flagged for human review; not decided here."
A0185,Jersey City,r-0027,unknown,False,,"Unknown: needs the unit count. The rule covers buildings with five or more units. The assessor building code '3S-F-D-6U-NH' suggests 6 units (derived, unconfirmed)."
A0185,Jersey City,r-0044,not_yet_effective,True,,Not yet in force: takes effect 1 Jul 2027. Possible preemption: from 1 July 2027 the NJ FAIR Act may preempt the Hoboken and Jersey City algorithmic rent ordinances. Flagged for human review; not decided here.
A0185,Jersey City,r-0045,unknown,False,Not let through a licensed real estate agent who is not the landlord,Unknown: needs the building type. Exemption that depends on it: a one-family or two-family dwelling.
A0185,Jersey City,r-0046,unknown,False,"Not a hotel, motel or guest house let to transient or seasonal guests",Unknown: needs owner identity. Exemption that depends on it: an owner-occupied building with two or fewer rental units.
A0185,Jersey City,r-0047,unknown,False,"Not a hotel, motel or seasonal rental",Unknown: needs owner identity. Exemption that depends on it: an owner-occupied two- or three-family dwelling.
A0185,Jersey City,r-0049,unknown,False,,"Unknown: needs the unit count. Exemption that depends on it: an owner-occupied two-family dwelling. The assessor building code '3S-F-D-6U-NH' suggests 6 units (derived, unconfirmed)."
A0185,Jersey City,r-0050,unknown,False,,Unknown: needs owner identity. Exemption that depends on it: an owner-occupied building with four or fewer units.
A0185,Jersey City,r-0051,unknown,False,Not a seasonal rental of 125 days or less,Unknown: needs owner identity. Exemption that depends on it: an owner-occupied building with two or fewer rental units.
A0186,Jersey City,r-0026,applies,True,"Not an inpatient medical, licensed long-term care or detention facility","Applies unless the property is an inpatient medical, licensed long-term care or detention facility. Possible preemption: from 1 July 2027 the NJ FAIR Act may preempt the Hoboken and Jersey City algorithmic rent ordinances. Flagged for human review; not decided here."
A0186,Jersey City,r-0027,unknown,False,,"Unknown: needs the unit count. The rule covers buildings with five or more units. The assessor building code '3S-F-D-5U-NH' suggests 5 units (derived, unconfirmed)."
A0186,Jersey City,r-0044,not_yet_effective,True,,Not yet in force: takes effect 1 Jul 2027. Possible preemption: from 1 July 2027 the NJ FAIR Act may preempt the Hoboken and Jersey City algorithmic rent ordinances. Flagged for human review; not decided here.
A0186,Jersey City,r-0045,unknown,False,Not let through a licensed real estate agent who is not the landlord,Unknown: needs the building type. Exemption that depends on it: a one-family or two-family dwelling.
A0186,Jersey City,r-0046,unknown,False,"Not a hotel, motel or guest house let to transient or seasonal guests",Unknown: needs owner identity. Exemption that depends on it: an owner-occupied building with two or fewer rental units.
A0186,Jersey City,r-0047,unknown,False,"Not a hotel, motel or seasonal rental",Unknown: needs owner identity. Exemption that depends on it: an owner-occupied two- or three-family dwelling.
A0186,Jersey City,r-0049,unknown,False,,"Unknown: needs the unit count. Exemption that depends on it: an owner-occupied two-family dwelling. The assessor building code '3S-F-D-5U-NH' suggests 5 units (derived, unconfirmed)."
A0186,Jersey City,r-0050,unknown,False,,Unknown: needs owner identity. Exemption that depends on it: an owner-occupied building with four or fewer units.
A0186,Jersey City,r-0051,unknown,False,Not a seasonal rental of 125 days or less,Unknown: needs owner identity. Exemption that depends on it: an owner-occupied building with two or fewer rental units.
A0187,Jersey City,r-0026,applies,True,"Not an inpatient medical, licensed long-term care or detention facility","Applies unless the property is an inpatient medical, licensed long-term care or detention facility. Possible preemption: from 1 July 2027 the NJ FAIR Act may preempt the Hoboken and Jersey City algorithmic rent ordinances. Flagged for human review; not decided here."
A0187,Jersey City,r-0027,unknown,False,,"Unknown: needs the unit count. The rule covers buildings with five or more units. The assessor building code '3S-F-D-6U-NH' suggests 6 units (derived, unconfirmed)."
A0187,Jersey City,r-0044,not_yet_effective,True,,Not yet in force: takes effect 1 Jul 2027. Possible preemption: from 1 July 2027 the NJ FAIR Act may preempt the Hoboken and Jersey City algorithmic rent ordinances. Flagged for human review; not decided here.
A0187,Jersey City,r-0045,unknown,False,Not let through a licensed real estate agent who is not the landlord,Unknown: needs the building type. Exemption that depends on it: a one-family or two-family dwelling.
A0187,Jersey City,r-0046,unknown,False,"Not a hotel, motel or guest house let to transient or seasonal guests",Unknown: needs owner identity. Exemption that depends on it: an owner-occupied building with two or fewer rental units.
A0187,Jersey City,r-0047,unknown,False,"Not a hotel, motel or seasonal rental",Unknown: needs owner identity. Exemption that depends on it: an owner-occupied two- or three-family dwelling.
A0187,Jersey City,r-0049,unknown,False,,"Unknown: needs the unit count. Exemption that depends on it: an owner-occupied two-family dwelling. The assessor building code '3S-F-D-6U-NH' suggests 6 units (derived, unconfirmed)."
A0187,Jersey City,r-0050,unknown,False,,Unknown: needs owner identity. Exemption that depends on it: an owner-occupied building with four or fewer units.
A0187,Jersey City,r-0051,unknown,False,Not a seasonal rental of 125 days or less,Unknown: needs owner identity. Exemption that depends on it: an owner-occupied building with two or fewer rental units.
A0188,Berkeley,r-0001,applies,True,Not an affordable housing unit whose rent or income limits are set by programme guidelines,Applies unless the property is an affordable housing unit whose rent or income limits are set by programme guidelines. Open question: two published effective dates (1 March 2026 in the ordinance text; January 2026 in an August 2026 law firm alert). Flagged for human review. State algorithm rules apply too; both are listed here.
A0188,Berkeley,r-0002,applies,False,,Applies to all residential rentals in Berkeley. State fee rules apply; Berkeley adds stricter local limits.
A0188,Berkeley,r-0003,applies,False,,Applies to all residential rentals in Berkeley. State fee rules apply; Berkeley adds stricter local limits.
A0188,Berkeley,r-0004,applies,False,Not a nonprofit cooperative | Not a unit where the tenant shares a kitchen or bath with the landlord,"Applies unless the property is a nonprofit cooperative or a unit where the tenant shares a kitchen or bath with the landlord. Apartments per the assessor; at least 5 units per the assessor description, so the exemption for an owner-occupied duplex (a 'golden duplex') cannot apply."
A0188,Berkeley,r-0005,unknown,False,Not a nonprofit cooperative | Not a unit where the owner shares a kitchen or bath with the tenant,Unknown: needs year built. The rule covers multifamily buildings built before 1980.
A0188,Berkeley,r-0006,applies,False,Not public housing or a Section 8 property | Not a unit let under an agreement that lets the owner move back in | Not a unit where an existing tenant is subletting or adding a roommate,"Applies unless the property is public housing or a Section 8 property; a unit let under an agreement that lets the owner move back in; or a unit where an existing tenant is subletting or adding a roommate. At least 5 units per the assessor description, so the exemption for an owner-occupied building with one to three units cannot apply. State screening rules apply too; both are listed here."
A0188,Berkeley,r-0007,applies,False,Not a unit where the owner shares a kitchen or bath with the tenant | Not a nonprofit cooperative,"Applies unless the property is a unit where the owner shares a kitchen or bath with the tenant or a nonprofit cooperative. At least 5 units per the assessor description, so the exemption for an owner-occupied duplex (a 'golden duplex') cannot apply; at least 5 units per the assessor description, so the exemption for an owner-occupied property with an accessory dwelling unit cannot apply. State deposit rules apply too; both are listed here."
A0188,Berkeley,r-0013,applies,False,,Applies to all residential rentals in California.
A0188,Berkeley,r-0014,applies,False,,Applies to all residential rentals in California.
A0188,Berkeley,r-0015,superseded,False,Not a unit where the tenant shares a bathroom or kitchen with the owner-occupant | Not deed-restricted affordable housing | Once the tenant has lived in the unit for 12 months,Governed instead by Berkeley just cause eviction rules as amended by Measure BB; the stricter local rule applies here.
A0188,Berkeley,r-0016,unknown,False,Not deed-restricted or subsidised affordable housing,Unknown: needs year built. Exemption that depends on it: a building with a certificate of occupancy issued within the last 15 years.
A0188,Berkeley,r-0017,applies,False,,Applies to all residential rentals in California.
A0188,Berkeley,r-0018,applies,False,,"Applies: at least 5 units per the assessor description, above the coverage threshold."
A0188,Berkeley,r-0019,applies,False,Once the deposit was collected on or after 1 Jul 2024,Applies to all residential rentals in California. Protection begins once the deposit was collected on or after 1 Jul 2024.
A0189,Berkeley,r-0001,applies,True,Not an affordable housing unit whose rent or income limits are set by programme guidelines,Applies unless the property is an affordable housing unit whose rent or income limits are set by programme guidelines. Open question: two published effective dates (1 March 2026 in the ordinance text; January 2026 in an August 2026 law firm alert). Flagged for human review. State algorithm rules apply too; both are listed here.
A0189,Berkeley,r-0002,applies,False,,Applies to all residential rentals in Berkeley. State fee rules apply; Berkeley adds stricter local limits.
A0189,Berkeley,r-0003,applies,False,,Applies to all residential rentals in Berkeley. State fee rules apply; Berkeley adds stricter local limits.
A0189,Berkeley,r-0004,applies,False,Not a nonprofit cooperative | Not a unit where the tenant shares a kitchen or bath with the landlord,"Applies unless the property is a nonprofit cooperative or a unit where the tenant shares a kitchen or bath with the landlord. Apartments per the assessor; at least 5 units per the assessor description, so the exemption for an owner-occupied duplex (a 'golden duplex') cannot apply."
A0189,Berkeley,r-0005,unknown,False,Not a nonprofit cooperative | Not a unit where the owner shares a kitchen or bath with the tenant,Unknown: needs year built. The rule covers multifamily buildings built before 1980.
A0189,Berkeley,r-0006,applies,False,Not public housing or a Section 8 property | Not a unit let under an agreement that lets the owner move back in | Not a unit where an existing tenant is subletting or adding a roommate,"Applies unless the property is public housing or a Section 8 property; a unit let under an agreement that lets the owner move back in; or a unit where an existing tenant is subletting or adding a roommate. At least 5 units per the assessor description, so the exemption for an owner-occupied building with one to three units cannot apply. State screening rules apply too; both are listed here."
A0189,Berkeley,r-0007,applies,False,Not a unit where the owner shares a kitchen or bath with the tenant | Not a nonprofit cooperative,"Applies unless the property is a unit where the owner shares a kitchen or bath with the tenant or a nonprofit cooperative. At least 5 units per the assessor description, so the exemption for an owner-occupied duplex (a 'golden duplex') cannot apply; at least 5 units per the assessor description, so the exemption for an owner-occupied property with an accessory dwelling unit cannot apply. State deposit rules apply too; both are listed here."
A0189,Berkeley,r-0013,applies,False,,Applies to all residential rentals in California.
A0189,Berkeley,r-0014,applies,False,,Applies to all residential rentals in California.
A0189,Berkeley,r-0015,superseded,False,Not a unit where the tenant shares a bathroom or kitchen with the owner-occupant | Not deed-restricted affordable housing | Once the tenant has lived in the unit for 12 months,Governed instead by Berkeley just cause eviction rules as amended by Measure BB; the stricter local rule applies here.
A0189,Berkeley,r-0016,unknown,False,Not deed-restricted or subsidised affordable housing,Unknown: needs year built. Exemption that depends on it: a building with a certificate of occupancy issued within the last 15 years.
A0189,Berkeley,r-0017,applies,False,,Applies to all residential rentals in California.
A0189,Berkeley,r-0018,applies,False,,"Applies: at least 5 units per the assessor description, above the coverage threshold."
A0189,Berkeley,r-0019,applies,False,Once the deposit was collected on or after 1 Jul 2024,Applies to all residential rentals in California. Protection begins once the deposit was collected on or after 1 Jul 2024.
A0190,Newark,r-0044,not_yet_effective,False,,Not yet in force: takes effect 1 Jul 2027.
A0190,Newark,r-0045,unknown,False,Not let through a licensed real estate agent who is not the landlord,Unknown: needs the building type. Exemption that depends on it: a one-family or two-family dwelling.
A0190,Newark,r-0046,unknown,False,"Not a hotel, motel or guest house let to transient or seasonal guests",Unknown: needs owner identity. Exemption that depends on it: an owner-occupied building with two or fewer rental units.
A0190,Newark,r-0047,unknown,False,"Not a hotel, motel or seasonal rental",Unknown: needs owner identity. Exemption that depends on it: an owner-occupied two- or three-family dwelling.
A0190,Newark,r-0049,unknown,False,,Unknown: needs the unit count. Exemption that depends on it: an owner-occupied two-family dwelling.
A0190,Newark,r-0050,unknown,False,,Unknown: needs owner identity. Exemption that depends on it: an owner-occupied building with four or fewer units.
A0190,Newark,r-0051,unknown,False,Not a seasonal rental of 125 days or less,Unknown: needs owner identity. Exemption that depends on it: an owner-occupied building with two or fewer rental units.
A0190,Newark,r-0052,unknown,False,Not a hotel or motel let day to day to transients | Not public housing or a unit whose rent a government agency regulates,Unknown: needs year built. Exemption that depends on it: a newly built multiple dwelling still within its exemption period (at most 30 years).
A0190,Newark,r-0053,unknown,False,Not housing designated for a programme for people with criminal records,Unknown: needs the unit count. Exemption that depends on it: an owner-occupied two-family dwelling or a room in an owner-occupied home.
A0191,Cambridge,r-0020,pending,False,,"Bill, not law: a pending bill or proposal, not yet enacted."
A0191,Cambridge,r-0021,applies,False,,Applies: apartments per the assessor.
A0191,Cambridge,r-0022,applies,False,,"Applies: 6 units, so the exemption for an owner-occupied two-family dwelling cannot apply. State screening rules apply too; both are listed here."
A0191,Cambridge,r-0033,pending,False,,"Bill, not law: a pending bill or proposal, not yet enacted."
A0191,Cambridge,r-0034,pending,False,,"Bill, not law: a pending bill or proposal, not yet enacted."
A0191,Cambridge,r-0035,applies,False,,Applies to all residential rentals in Massachusetts.
A0191,Cambridge,r-0036,applies,False,,Applies: apartments per the assessor.
A0191,Cambridge,r-0041,applies,False,,Applies to all residential rentals in Massachusetts.
A0191,Cambridge,r-0042,applies,False,,Applies to all residential rentals in Massachusetts.
A0191,Cambridge,r-0043,applies,False,,Applies: apartments per the assessor.
A0192,San Francisco,r-0013,applies,False,,Applies to all residential rentals in California.
A0192,San Francisco,r-0014,applies,False,,Applies to all residential rentals in California.
A0192,San Francisco,r-0015,superseded,False,Not a unit where the tenant shares a bathroom or kitchen with the owner-occupant | Not deed-restricted affordable housing | Once the tenant has lived in the unit for 12 months,Governed instead by San Francisco Rent Ordinance just cause eviction (S.F. Admin. Code § 37.9(a)); the stricter local rule applies here.
A0192,San Francisco,r-0016,superseded,False,Not deed-restricted or subsidised affordable housing,Governed instead by San Francisco annual allowable rent increase (3/1/2026–2/28/2027); the stricter local rule applies here.
A0192,San Francisco,r-0017,applies,False,,Applies to all residential rentals in California.
A0192,San Francisco,r-0018,applies,False,,"Applies: 36 units, above the coverage threshold."
A0192,San Francisco,r-0019,applies,False,Once the deposit was collected on or after 1 Jul 2024,Applies to all residential rentals in California. Protection begins once the deposit was collected on or after 1 Jul 2024.
A0192,San Francisco,r-0057,applies,False,,Applies to all residential rentals in San Francisco. State algorithm rules apply too; both are listed here.
A0192,San Francisco,r-0058,applies,False,,Applies to all residential rentals in San Francisco. Statutory exemptions for certain owner-occupied shared units and institutional housing cannot be checked from county data.
A0192,San Francisco,r-0059,applies,False,,"Applies: built 1916, before the 13 Jun 1979 certificate of occupancy cutoff."
A0192,San Francisco,r-0060,unknown,False,,Unknown: needs affordable housing status. The rule covers affordable housing.
A0192,San Francisco,r-0061,applies,False,,Applies to all residential rentals in San Francisco. State deposit rules apply too; both are listed here.
A0193,Berkeley,r-0001,applies,True,Not an affordable housing unit whose rent or income limits are set by programme guidelines,Applies unless the property is an affordable housing unit whose rent or income limits are set by programme guidelines. Open question: two published effective dates (1 March 2026 in the ordinance text; January 2026 in an August 2026 law firm alert). Flagged for human review. State algorithm rules apply too; both are listed here.
A0193,Berkeley,r-0002,applies,False,,Applies to all residential rentals in Berkeley. State fee rules apply; Berkeley adds stricter local limits.
A0193,Berkeley,r-0003,applies,False,,Applies to all residential rentals in Berkeley. State fee rules apply; Berkeley adds stricter local limits.
A0193,Berkeley,r-0004,applies,False,Not a nonprofit cooperative | Not a unit where the tenant shares a kitchen or bath with the landlord,"Applies unless the property is a nonprofit cooperative or a unit where the tenant shares a kitchen or bath with the landlord. Apartments per the assessor; at least 5 units per the assessor description, so the exemption for an owner-occupied duplex (a 'golden duplex') cannot apply."
A0193,Berkeley,r-0005,unknown,False,Not a nonprofit cooperative | Not a unit where the owner shares a kitchen or bath with the tenant,Unknown: needs year built. The rule covers multifamily buildings built before 1980.
A0193,Berkeley,r-0006,applies,False,Not public housing or a Section 8 property | Not a unit let under an agreement that lets the owner move back in | Not a unit where an existing tenant is subletting or adding a roommate,"Applies unless the property is public housing or a Section 8 property; a unit let under an agreement that lets the owner move back in; or a unit where an existing tenant is subletting or adding a roommate. At least 5 units per the assessor description, so the exemption for an owner-occupied building with one to three units cannot apply. State screening rules apply too; both are listed here."
A0193,Berkeley,r-0007,applies,False,Not a unit where the owner shares a kitchen or bath with the tenant | Not a nonprofit cooperative,"Applies unless the property is a unit where the owner shares a kitchen or bath with the tenant or a nonprofit cooperative. At least 5 units per the assessor description, so the exemption for an owner-occupied duplex (a 'golden duplex') cannot apply; at least 5 units per the assessor description, so the exemption for an owner-occupied property with an accessory dwelling unit cannot apply. State deposit rules apply too; both are listed here."
A0193,Berkeley,r-0013,applies,False,,Applies to all residential rentals in California.
A0193,Berkeley,r-0014,applies,False,,Applies to all residential rentals in California.
A0193,Berkeley,r-0015,superseded,False,Not a unit where the tenant shares a bathroom or kitchen with the owner-occupant | Not deed-restricted affordable housing | Once the tenant has lived in the unit for 12 months,Governed instead by Berkeley just cause eviction rules as amended by Measure BB; the stricter local rule applies here.
A0193,Berkeley,r-0016,unknown,False,Not deed-restricted or subsidised affordable housing,Unknown: needs year built. Exemption that depends on it: a building with a certificate of occupancy issued within the last 15 years.
A0193,Berkeley,r-0017,applies,False,,Applies to all residential rentals in California.
A0193,Berkeley,r-0018,applies,False,,"Applies: at least 5 units per the assessor description, above the coverage threshold."
A0193,Berkeley,r-0019,applies,False,Once the deposit was collected on or after 1 Jul 2024,Applies to all residential rentals in California. Protection begins once the deposit was collected on or after 1 Jul 2024.
A0194,Boston,r-0008,applies,False,,Applies: apartments per the assessor.
A0194,Boston,r-0011,unknown,False,,Unknown: needs affordable housing status. The rule covers housing funded or land-assisted by the Boston Department of Neighborhood Development.
A0194,Boston,r-0012,applies,False,,Applies to all residential rentals in Boston. State screening rules apply too; both are listed here.
A0194,Boston,r-0033,pending,False,,"Bill, not law: a pending bill or proposal, not yet enacted."
A0194,Boston,r-0034,pending,False,,"Bill, not law: a pending bill or proposal, not yet enacted."
A0194,Boston,r-0035,applies,False,,Applies to all residential rentals in Massachusetts.
A0194,Boston,r-0036,applies,False,,Applies: apartments per the assessor.
A0194,Boston,r-0041,applies,False,,Applies to all residential rentals in Massachusetts.
A0194,Boston,r-0042,applies,False,,Applies to all residential rentals in Massachusetts.
A0194,Boston,r-0043,applies,False,,Applies: apartments per the assessor.
A0195,Boston,r-0008,applies,False,,Applies: apartments per the assessor.
A0195,Boston,r-0011,unknown,False,,Unknown: needs affordable housing status. The rule covers housing funded or land-assisted by the Boston Department of Neighborhood Development.
A0195,Boston,r-0012,applies,False,,Applies to all residential rentals in Boston. State screening rules apply too; both are listed here.
A0195,Boston,r-0033,pending,False,,"Bill, not law: a pending bill or proposal, not yet enacted."
A0195,Boston,r-0034,pending,False,,"Bill, not law: a pending bill or proposal, not yet enacted."
A0195,Boston,r-0035,applies,False,,Applies to all residential rentals in Massachusetts.
A0195,Boston,r-0036,applies,False,,Applies: apartments per the assessor.
A0195,Boston,r-0041,applies,False,,Applies to all residential rentals in Massachusetts.
A0195,Boston,r-0042,applies,False,,Applies to all residential rentals in Massachusetts.
A0195,Boston,r-0043,applies,False,,Applies: apartments per the assessor.
A0196,Los Angeles,r-0013,applies,False,,Applies to all residential rentals in California.
A0196,Los Angeles,r-0014,applies,False,,Applies to all residential rentals in California.
A0196,Los Angeles,r-0015,superseded,False,Not a unit where the tenant shares a bathroom or kitchen with the owner-occupant | Not deed-restricted affordable housing | Once the tenant has lived in the unit for 12 months,Governed instead by Relocation assistance for no-fault evictions under the RSO and JCO; the stricter local rule applies here.
A0196,Los Angeles,r-0016,superseded,False,Not deed-restricted or subsidised affordable housing,Governed instead by Los Angeles Rent Stabilization Ordinance (RSO) allowable rent increases; the stricter local rule applies here.
A0196,Los Angeles,r-0017,applies,False,,Applies to all residential rentals in California.
A0196,Los Angeles,r-0018,applies,False,,"Applies: 30 units, above the coverage threshold."
A0196,Los Angeles,r-0019,applies,False,Once the deposit was collected on or after 1 Jul 2024,Applies to all residential rentals in California. Protection begins once the deposit was collected on or after 1 Jul 2024.
A0196,Los Angeles,r-0028,unknown,False,"Not a cooperative, nonprofit homeless facility or short-term treatment facility | Once the tenant has lived in the unit for six months or the first lease has ended","Unknown: this building is under the RSO (built 1962), so the JCO applies only if the unit is exempt from the RSO; RSO exemption status is not in the data."
A0196,Los Angeles,r-0029,applies,False,Not a housing authority or government-owned property,"Applies unless the property is a housing authority or government-owned property. Apartments per the assessor; built 1962, before the 1 Oct 1978 certificate of occupancy cutoff."
A0196,Los Angeles,r-0030,applies,True,"Not government-owned or regulated housing, or affordable housing with a recorded covenant","Applies unless the property is government-owned or regulated housing, or affordable housing with a recorded covenant. Built 1962, before the 1 Oct 1978 certificate of occupancy cutoff; apartments per the assessor. Open question: two published effective dates for the new formula (2 February 2026 per LAHD; 24 January 2026 per a landlord association). Flagged for human review."
A0196,Los Angeles,r-0031,applies,False,,Applies to all residential rentals in Los Angeles. State screening rules apply too; both are listed here.
A0196,Los Angeles,r-0032,applies,False,Once the deposit has been held for at least one year,"Applies: built 1962, before the 1 Oct 1978 certificate of occupancy cutoff; apartments per the assessor. Protection begins once the deposit has been held for at least one year. State deposit rules apply too; both are listed here."
A0197,Berkeley,r-0001,applies,True,Not an affordable housing unit whose rent or income limits are set by programme guidelines,Applies unless the property is an affordable housing unit whose rent or income limits are set by programme guidelines. Open question: two published effective dates (1 March 2026 in the ordinance text; January 2026 in an August 2026 law firm alert). Flagged for human review. State algorithm rules apply too; both are listed here.
A0197,Berkeley,r-0002,applies,False,,Applies to all residential rentals in Berkeley. State fee rules apply; Berkeley adds stricter local limits.
A0197,Berkeley,r-0003,applies,False,,Applies to all residential rentals in Berkeley. State fee rules apply; Berkeley adds stricter local limits.
A0197,Berkeley,r-0004,applies,False,Not a nonprofit cooperative | Not a unit where the tenant shares a kitchen or bath with the landlord,"Applies unless the property is a nonprofit cooperative or a unit where the tenant shares a kitchen or bath with the landlord. Apartments per the assessor; at least 5 units per the assessor description, so the exemption for an owner-occupied duplex (a 'golden duplex') cannot apply."
A0197,Berkeley,r-0005,unknown,False,Not a nonprofit cooperative | Not a unit where the owner shares a kitchen or bath with the tenant,Unknown: needs year built. The rule covers multifamily buildings built before 1980.
A0197,Berkeley,r-0006,applies,False,Not public housing or a Section 8 property | Not a unit let under an agreement that lets the owner move back in | Not a unit where an existing tenant is subletting or adding a roommate,"Applies unless the property is public housing or a Section 8 property; a unit let under an agreement that lets the owner move back in; or a unit where an existing tenant is subletting or adding a roommate. At least 5 units per the assessor description, so the exemption for an owner-occupied building with one to three units cannot apply. State screening rules apply too; both are listed here."
A0197,Berkeley,r-0007,applies,False,Not a unit where the owner shares a kitchen or bath with the tenant | Not a nonprofit cooperative,"Applies unless the property is a unit where the owner shares a kitchen or bath with the tenant or a nonprofit cooperative. At least 5 units per the assessor description, so the exemption for an owner-occupied duplex (a 'golden duplex') cannot apply; at least 5 units per the assessor description, so the exemption for an owner-occupied property with an accessory dwelling unit cannot apply. State deposit rules apply too; both are listed here."
A0197,Berkeley,r-0013,applies,False,,Applies to all residential rentals in California.
A0197,Berkeley,r-0014,applies,False,,Applies to all residential rentals in California.
A0197,Berkeley,r-0015,superseded,False,Not a unit where the tenant shares a bathroom or kitchen with the owner-occupant | Not deed-restricted affordable housing | Once the tenant has lived in the unit for 12 months,Governed instead by Berkeley just cause eviction rules as amended by Measure BB; the stricter local rule applies here.
A0197,Berkeley,r-0016,unknown,False,Not deed-restricted or subsidised affordable housing,Unknown: needs year built. Exemption that depends on it: a building with a certificate of occupancy issued within the last 15 years.
A0197,Berkeley,r-0017,applies,False,,Applies to all residential rentals in California.
A0197,Berkeley,r-0018,applies,False,,"Applies: at least 5 units per the assessor description, above the coverage threshold."
A0197,Berkeley,r-0019,applies,False,Once the deposit was collected on or after 1 Jul 2024,Applies to all residential rentals in California. Protection begins once the deposit was collected on or after 1 Jul 2024.
A0198,Boston,r-0008,applies,False,,Applies: apartments per the assessor.
A0198,Boston,r-0011,unknown,False,,Unknown: needs affordable housing status. The rule covers housing funded or land-assisted by the Boston Department of Neighborhood Development.
A0198,Boston,r-0012,applies,False,,Applies to all residential rentals in Boston. State screening rules apply too; both are listed here.
A0198,Boston,r-0033,pending,False,,"Bill, not law: a pending bill or proposal, not yet enacted."
A0198,Boston,r-0034,pending,False,,"Bill, not law: a pending bill or proposal, not yet enacted."
A0198,Boston,r-0035,applies,False,,Applies to all residential rentals in Massachusetts.
A0198,Boston,r-0036,applies,False,,Applies: apartments per the assessor.
A0198,Boston,r-0041,applies,False,,Applies to all residential rentals in Massachusetts.
A0198,Boston,r-0042,applies,False,,Applies to all residential rentals in Massachusetts.
A0198,Boston,r-0043,applies,False,,Applies: apartments per the assessor.
A0199,Cambridge,r-0020,pending,False,,"Bill, not law: a pending bill or proposal, not yet enacted."
A0199,Cambridge,r-0021,applies,False,,Applies: apartments per the assessor.
A0199,Cambridge,r-0022,applies,False,,"Applies: 5 units, so the exemption for an owner-occupied two-family dwelling cannot apply. State screening rules apply too; both are listed here."
A0199,Cambridge,r-0033,pending,False,,"Bill, not law: a pending bill or proposal, not yet enacted."
A0199,Cambridge,r-0034,pending,False,,"Bill, not law: a pending bill or proposal, not yet enacted."
A0199,Cambridge,r-0035,applies,False,,Applies to all residential rentals in Massachusetts.
A0199,Cambridge,r-0036,applies,False,,Applies: apartments per the assessor.
A0199,Cambridge,r-0041,applies,False,,Applies to all residential rentals in Massachusetts.
A0199,Cambridge,r-0042,applies,False,,Applies to all residential rentals in Massachusetts.
A0199,Cambridge,r-0043,applies,False,,Applies: apartments per the assessor.
A0200,Los Angeles,r-0013,applies,False,,Applies to all residential rentals in California.
A0200,Los Angeles,r-0014,applies,False,,Applies to all residential rentals in California.
A0200,Los Angeles,r-0015,superseded,False,Not a unit where the tenant shares a bathroom or kitchen with the owner-occupant | Not deed-restricted affordable housing | Once the tenant has lived in the unit for 12 months,"Governed instead by Los Angeles Just Cause for Eviction Ordinance (JCO) and Relocation assistance for no-fault evictions under the RSO and JCO; together they cover every residential unit, so a local rule applies whatever the year built."
A0200,Los Angeles,r-0016,unknown,False,Not deed-restricted or subsidised affordable housing,Unknown: needs year built. Exemption that depends on it: a building with a certificate of occupancy issued within the last 15 years.
A0200,Los Angeles,r-0017,applies,False,,Applies to all residential rentals in California.
A0200,Los Angeles,r-0018,applies,False,,"Applies: 5 units, above the coverage threshold."
A0200,Los Angeles,r-0019,applies,False,Once the deposit was collected on or after 1 Jul 2024,Applies to all residential rentals in California. Protection begins once the deposit was collected on or after 1 Jul 2024.
A0200,Los Angeles,r-0028,unknown,False,"Not a cooperative, nonprofit homeless facility or short-term treatment facility | Once the tenant has lived in the unit for six months or the first lease has ended",Unknown: needs year built. The rule covers residential units not covered by the Rent Stabilization Ordinance (certificate of occupancy after 1 Oct 1978).
A0200,Los Angeles,r-0029,unknown,False,Not a housing authority or government-owned property,Unknown: needs year built. The rule covers rental units first built on or before 1 Oct 1978.
A0200,Los Angeles,r-0030,unknown,True,"Not government-owned or regulated housing, or affordable housing with a recorded covenant",Unknown: needs year built. The rule covers rental properties first built on or before 1 Oct 1978. Open question: two published effective dates for the new formula (2 February 2026 per LAHD; 24 January 2026 per a landlord association). Flagged for human review.
A0200,Los Angeles,r-0031,applies,False,,Applies to all residential rentals in Los Angeles. State screening rules apply too; both are listed here.
A0200,Los Angeles,r-0032,unknown,False,Once the deposit has been held for at least one year,Unknown: needs year built. The rule covers rent-stabilised units (first built on or before 1 Oct 1978).
A0201,Berkeley,r-0001,applies,True,Not an affordable housing unit whose rent or income limits are set by programme guidelines,Applies unless the property is an affordable housing unit whose rent or income limits are set by programme guidelines. Open question: two published effective dates (1 March 2026 in the ordinance text; January 2026 in an August 2026 law firm alert). Flagged for human review. State algorithm rules apply too; both are listed here.
A0201,Berkeley,r-0002,applies,False,,Applies to all residential rentals in Berkeley. State fee rules apply; Berkeley adds stricter local limits.
A0201,Berkeley,r-0003,applies,False,,Applies to all residential rentals in Berkeley. State fee rules apply; Berkeley adds stricter local limits.
A0201,Berkeley,r-0004,applies,False,Not a nonprofit cooperative | Not a unit where the tenant shares a kitchen or bath with the landlord,"Applies unless the property is a nonprofit cooperative or a unit where the tenant shares a kitchen or bath with the landlord. Apartments per the assessor; at least 5 units per the assessor description, so the exemption for an owner-occupied duplex (a 'golden duplex') cannot apply."
A0201,Berkeley,r-0005,unknown,False,Not a nonprofit cooperative | Not a unit where the owner shares a kitchen or bath with the tenant,Unknown: needs year built. The rule covers multifamily buildings built before 1980.
A0201,Berkeley,r-0006,applies,False,Not public housing or a Section 8 property | Not a unit let under an agreement that lets the owner move back in | Not a unit where an existing tenant is subletting or adding a roommate,"Applies unless the property is public housing or a Section 8 property; a unit let under an agreement that lets the owner move back in; or a unit where an existing tenant is subletting or adding a roommate. At least 5 units per the assessor description, so the exemption for an owner-occupied building with one to three units cannot apply. State screening rules apply too; both are listed here."
A0201,Berkeley,r-0007,applies,False,Not a unit where the owner shares a kitchen or bath with the tenant | Not a nonprofit cooperative,"Applies unless the property is a unit where the owner shares a kitchen or bath with the tenant or a nonprofit cooperative. At least 5 units per the assessor description, so the exemption for an owner-occupied duplex (a 'golden duplex') cannot apply; at least 5 units per the assessor description, so the exemption for an owner-occupied property with an accessory dwelling unit cannot apply. State deposit rules apply too; both are listed here."
A0201,Berkeley,r-0013,applies,False,,Applies to all residential rentals in California.
A0201,Berkeley,r-0014,applies,False,,Applies to all residential rentals in California.
A0201,Berkeley,r-0015,superseded,False,Not a unit where the tenant shares a bathroom or kitchen with the owner-occupant | Not deed-restricted affordable housing | Once the tenant has lived in the unit for 12 months,Governed instead by Berkeley just cause eviction rules as amended by Measure BB; the stricter local rule applies here.
A0201,Berkeley,r-0016,unknown,False,Not deed-restricted or subsidised affordable housing,Unknown: needs year built. Exemption that depends on it: a building with a certificate of occupancy issued within the last 15 years.
A0201,Berkeley,r-0017,applies,False,,Applies to all residential rentals in California.
A0201,Berkeley,r-0018,applies,False,,"Applies: at least 5 units per the assessor description, above the coverage threshold."
A0201,Berkeley,r-0019,applies,False,Once the deposit was collected on or after 1 Jul 2024,Applies to all residential rentals in California. Protection begins once the deposit was collected on or after 1 Jul 2024.
A0202,San Francisco,r-0013,applies,False,,Applies to all residential rentals in California.
A0202,San Francisco,r-0014,applies,False,,Applies to all residential rentals in California.
A0202,San Francisco,r-0015,superseded,False,Not a unit where the tenant shares a bathroom or kitchen with the owner-occupant | Not deed-restricted affordable housing | Once the tenant has lived in the unit for 12 months,Governed instead by San Francisco Rent Ordinance just cause eviction (S.F. Admin. Code § 37.9(a)); the stricter local rule applies here.
A0202,San Francisco,r-0016,superseded,False,Not deed-restricted or subsidised affordable housing,Governed instead by San Francisco annual allowable rent increase (3/1/2026–2/28/2027); the stricter local rule applies here.
A0202,San Francisco,r-0017,applies,False,,Applies to all residential rentals in California.
A0202,San Francisco,r-0018,applies,False,,"Applies: 6 units, above the coverage threshold."
A0202,San Francisco,r-0019,applies,False,Once the deposit was collected on or after 1 Jul 2024,Applies to all residential rentals in California. Protection begins once the deposit was collected on or after 1 Jul 2024.
A0202,San Francisco,r-0057,applies,False,,Applies to all residential rentals in San Francisco. State algorithm rules apply too; both are listed here.
A0202,San Francisco,r-0058,applies,False,,Applies to all residential rentals in San Francisco. Statutory exemptions for certain owner-occupied shared units and institutional housing cannot be checked from county data.
A0202,San Francisco,r-0059,applies,False,,"Applies: built 1907, before the 13 Jun 1979 certificate of occupancy cutoff."
A0202,San Francisco,r-0060,unknown,False,,Unknown: needs affordable housing status. The rule covers affordable housing.
A0202,San Francisco,r-0061,applies,False,,Applies to all residential rentals in San Francisco. State deposit rules apply too; both are listed here.
A0203,Boston,r-0008,applies,False,,Applies: apartments per the assessor.
A0203,Boston,r-0011,unknown,False,,Unknown: needs affordable housing status. The rule covers housing funded or land-assisted by the Boston Department of Neighborhood Development.
A0203,Boston,r-0012,applies,False,,Applies to all residential rentals in Boston. State screening rules apply too; both are listed here.
A0203,Boston,r-0033,pending,False,,"Bill, not law: a pending bill or proposal, not yet enacted."
A0203,Boston,r-0034,pending,False,,"Bill, not law: a pending bill or proposal, not yet enacted."
A0203,Boston,r-0035,applies,False,,Applies to all residential rentals in Massachusetts.
A0203,Boston,r-0036,applies,False,,Applies: apartments per the assessor.
A0203,Boston,r-0041,applies,False,,Applies to all residential rentals in Massachusetts.
A0203,Boston,r-0042,applies,False,,Applies to all residential rentals in Massachusetts.
A0203,Boston,r-0043,applies,False,,Applies: apartments per the assessor.
A0204,Newark,r-0044,not_yet_effective,False,,Not yet in force: takes effect 1 Jul 2027.
A0204,Newark,r-0045,unknown,False,Not let through a licensed real estate agent who is not the landlord,Unknown: needs the building type. Exemption that depends on it: a one-family or two-family dwelling.
A0204,Newark,r-0046,unknown,False,"Not a hotel, motel or guest house let to transient or seasonal guests",Unknown: needs owner identity. Exemption that depends on it: an owner-occupied building with two or fewer rental units.
A0204,Newark,r-0047,unknown,False,"Not a hotel, motel or seasonal rental",Unknown: needs owner identity. Exemption that depends on it: an owner-occupied two- or three-family dwelling.
A0204,Newark,r-0049,unknown,False,,Unknown: needs the unit count. Exemption that depends on it: an owner-occupied two-family dwelling.
A0204,Newark,r-0050,unknown,False,,Unknown: needs owner identity. Exemption that depends on it: an owner-occupied building with four or fewer units.
A0204,Newark,r-0051,unknown,False,Not a seasonal rental of 125 days or less,Unknown: needs owner identity. Exemption that depends on it: an owner-occupied building with two or fewer rental units.
A0204,Newark,r-0052,unknown,False,Not a hotel or motel let day to day to transients | Not public housing or a unit whose rent a government agency regulates,Unknown: needs year built. Exemption that depends on it: a newly built multiple dwelling still within its exemption period (at most 30 years).
A0204,Newark,r-0053,unknown,False,Not housing designated for a programme for people with criminal records,Unknown: needs the unit count. Exemption that depends on it: an owner-occupied two-family dwelling or a room in an owner-occupied home.
A0205,Berkeley,r-0001,applies,True,Not an affordable housing unit whose rent or income limits are set by programme guidelines,Applies unless the property is an affordable housing unit whose rent or income limits are set by programme guidelines. Open question: two published effective dates (1 March 2026 in the ordinance text; January 2026 in an August 2026 law firm alert). Flagged for human review. State algorithm rules apply too; both are listed here.
A0205,Berkeley,r-0002,applies,False,,Applies to all residential rentals in Berkeley. State fee rules apply; Berkeley adds stricter local limits.
A0205,Berkeley,r-0003,applies,False,,Applies to all residential rentals in Berkeley. State fee rules apply; Berkeley adds stricter local limits.
A0205,Berkeley,r-0004,applies,False,Not a nonprofit cooperative | Not a unit where the tenant shares a kitchen or bath with the landlord,"Applies unless the property is a nonprofit cooperative or a unit where the tenant shares a kitchen or bath with the landlord. Apartments per the assessor; at least 5 units per the assessor description, so the exemption for an owner-occupied duplex (a 'golden duplex') cannot apply."
A0205,Berkeley,r-0005,unknown,False,Not a nonprofit cooperative | Not a unit where the owner shares a kitchen or bath with the tenant,Unknown: needs year built. The rule covers multifamily buildings built before 1980.
A0205,Berkeley,r-0006,applies,False,Not public housing or a Section 8 property | Not a unit let under an agreement that lets the owner move back in | Not a unit where an existing tenant is subletting or adding a roommate,"Applies unless the property is public housing or a Section 8 property; a unit let under an agreement that lets the owner move back in; or a unit where an existing tenant is subletting or adding a roommate. At least 5 units per the assessor description, so the exemption for an owner-occupied building with one to three units cannot apply. State screening rules apply too; both are listed here."
A0205,Berkeley,r-0007,applies,False,Not a unit where the owner shares a kitchen or bath with the tenant | Not a nonprofit cooperative,"Applies unless the property is a unit where the owner shares a kitchen or bath with the tenant or a nonprofit cooperative. At least 5 units per the assessor description, so the exemption for an owner-occupied duplex (a 'golden duplex') cannot apply; at least 5 units per the assessor description, so the exemption for an owner-occupied property with an accessory dwelling unit cannot apply. State deposit rules apply too; both are listed here."
A0205,Berkeley,r-0013,applies,False,,Applies to all residential rentals in California.
A0205,Berkeley,r-0014,applies,False,,Applies to all residential rentals in California.
A0205,Berkeley,r-0015,superseded,False,Not a unit where the tenant shares a bathroom or kitchen with the owner-occupant | Not deed-restricted affordable housing | Once the tenant has lived in the unit for 12 months,Governed instead by Berkeley just cause eviction rules as amended by Measure BB; the stricter local rule applies here.
A0205,Berkeley,r-0016,unknown,False,Not deed-restricted or subsidised affordable housing,Unknown: needs year built. Exemption that depends on it: a building with a certificate of occupancy issued within the last 15 years.
A0205,Berkeley,r-0017,applies,False,,Applies to all residential rentals in California.
A0205,Berkeley,r-0018,applies,False,,"Applies: at least 5 units per the assessor description, above the coverage threshold."
A0205,Berkeley,r-0019,applies,False,Once the deposit was collected on or after 1 Jul 2024,Applies to all residential rentals in California. Protection begins once the deposit was collected on or after 1 Jul 2024.
A0206,San Francisco,r-0013,applies,False,,Applies to all residential rentals in California.
A0206,San Francisco,r-0014,applies,False,,Applies to all residential rentals in California.
A0206,San Francisco,r-0015,superseded,False,Not a unit where the tenant shares a bathroom or kitchen with the owner-occupant | Not deed-restricted affordable housing | Once the tenant has lived in the unit for 12 months,Governed instead by San Francisco Rent Ordinance just cause eviction (S.F. Admin. Code § 37.9(a)); the stricter local rule applies here.
A0206,San Francisco,r-0016,superseded,False,Not deed-restricted or subsidised affordable housing,Governed instead by San Francisco annual allowable rent increase (3/1/2026–2/28/2027); the stricter local rule applies here.
A0206,San Francisco,r-0017,applies,False,,Applies to all residential rentals in California.
A0206,San Francisco,r-0018,applies,False,,"Applies: 21 units, above the coverage threshold."
A0206,San Francisco,r-0019,applies,False,Once the deposit was collected on or after 1 Jul 2024,Applies to all residential rentals in California. Protection begins once the deposit was collected on or after 1 Jul 2024.
A0206,San Francisco,r-0057,applies,False,,Applies to all residential rentals in San Francisco. State algorithm rules apply too; both are listed here.
A0206,San Francisco,r-0058,applies,False,,Applies to all residential rentals in San Francisco. Statutory exemptions for certain owner-occupied shared units and institutional housing cannot be checked from county data.
A0206,San Francisco,r-0059,applies,False,,"Applies: built 1929, before the 13 Jun 1979 certificate of occupancy cutoff."
A0206,San Francisco,r-0060,unknown,False,,Unknown: needs affordable housing status. The rule covers affordable housing.
A0206,San Francisco,r-0061,applies,False,,Applies to all residential rentals in San Francisco. State deposit rules apply too; both are listed here.
A0207,Los Angeles,r-0013,applies,False,,Applies to all residential rentals in California.
A0207,Los Angeles,r-0014,applies,False,,Applies to all residential rentals in California.
A0207,Los Angeles,r-0015,superseded,False,Not a unit where the tenant shares a bathroom or kitchen with the owner-occupant | Not deed-restricted affordable housing | Once the tenant has lived in the unit for 12 months,Governed instead by Relocation assistance for no-fault evictions under the RSO and JCO; the stricter local rule applies here.
A0207,Los Angeles,r-0016,superseded,False,Not deed-restricted or subsidised affordable housing,Governed instead by Los Angeles Rent Stabilization Ordinance (RSO) allowable rent increases; the stricter local rule applies here.
A0207,Los Angeles,r-0017,applies,False,,Applies to all residential rentals in California.
A0207,Los Angeles,r-0018,applies,False,,"Applies: 10 units, above the coverage threshold."
A0207,Los Angeles,r-0019,applies,False,Once the deposit was collected on or after 1 Jul 2024,Applies to all residential rentals in California. Protection begins once the deposit was collected on or after 1 Jul 2024.
A0207,Los Angeles,r-0028,unknown,False,"Not a cooperative, nonprofit homeless facility or short-term treatment facility | Once the tenant has lived in the unit for six months or the first lease has ended","Unknown: this building is under the RSO (built 1901), so the JCO applies only if the unit is exempt from the RSO; RSO exemption status is not in the data."
A0207,Los Angeles,r-0029,applies,False,Not a housing authority or government-owned property,"Applies unless the property is a housing authority or government-owned property. Apartments per the assessor; built 1901, before the 1 Oct 1978 certificate of occupancy cutoff."
A0207,Los Angeles,r-0030,applies,True,"Not government-owned or regulated housing, or affordable housing with a recorded covenant","Applies unless the property is government-owned or regulated housing, or affordable housing with a recorded covenant. Built 1901, before the 1 Oct 1978 certificate of occupancy cutoff; apartments per the assessor. Open question: two published effective dates for the new formula (2 February 2026 per LAHD; 24 January 2026 per a landlord association). Flagged for human review."
A0207,Los Angeles,r-0031,applies,False,,Applies to all residential rentals in Los Angeles. State screening rules apply too; both are listed here.
A0207,Los Angeles,r-0032,applies,False,Once the deposit has been held for at least one year,"Applies: built 1901, before the 1 Oct 1978 certificate of occupancy cutoff; apartments per the assessor. Protection begins once the deposit has been held for at least one year. State deposit rules apply too; both are listed here."
A0208,Hoboken,r-0023,applies,True,"Not a medical, long-term care or detention facility","Applies unless the property is a medical, long-term care or detention facility. Possible preemption: from 1 July 2027 the NJ FAIR Act may preempt the Hoboken and Jersey City algorithmic rent ordinances. Flagged for human review; not decided here."
A0208,Hoboken,r-0024,applies,False,,Applies to all residential rentals in Hoboken.
A0208,Hoboken,r-0025,unknown,False,"Not a hotel, motel, commercial or industrial unit, or institutional student housing","Unknown: needs year built. The rule covers buildings built on or before 25 Jun 1987, or newer buildings whose exemption period (at most 30 years) has ended."
A0208,Hoboken,r-0044,not_yet_effective,True,,Not yet in force: takes effect 1 Jul 2027. Possible preemption: from 1 July 2027 the NJ FAIR Act may preempt the Hoboken and Jersey City algorithmic rent ordinances. Flagged for human review; not decided here.
A0208,Hoboken,r-0045,unknown,False,Not let through a licensed real estate agent who is not the landlord,Unknown: needs the building type. Exemption that depends on it: a one-family or two-family dwelling.
A0208,Hoboken,r-0046,unknown,False,"Not a hotel, motel or guest house let to transient or seasonal guests",Unknown: needs owner identity. Exemption that depends on it: an owner-occupied building with two or fewer rental units.
A0208,Hoboken,r-0047,unknown,False,"Not a hotel, motel or seasonal rental",Unknown: needs owner identity. Exemption that depends on it: an owner-occupied two- or three-family dwelling.
A0208,Hoboken,r-0049,unknown,False,,"Unknown: needs the unit count. Exemption that depends on it: an owner-occupied two-family dwelling. The assessor building code '4B-8U' suggests 8 units (derived, unconfirmed)."
A0208,Hoboken,r-0050,unknown,False,,Unknown: needs owner identity. Exemption that depends on it: an owner-occupied building with four or fewer units.
A0208,Hoboken,r-0051,unknown,False,Not a seasonal rental of 125 days or less,Unknown: needs owner identity. Exemption that depends on it: an owner-occupied building with two or fewer rental units.
A0209,Cambridge,r-0020,pending,False,,"Bill, not law: a pending bill or proposal, not yet enacted."
A0209,Cambridge,r-0021,applies,False,,Applies: apartments per the assessor.
A0209,Cambridge,r-0022,applies,False,,"Applies: 6 units, so the exemption for an owner-occupied two-family dwelling cannot apply. State screening rules apply too; both are listed here."
A0209,Cambridge,r-0033,pending,False,,"Bill, not law: a pending bill or proposal, not yet enacted."
A0209,Cambridge,r-0034,pending,False,,"Bill, not law: a pending bill or proposal, not yet enacted."
A0209,Cambridge,r-0035,applies,False,,Applies to all residential rentals in Massachusetts.
A0209,Cambridge,r-0036,applies,False,,Applies: apartments per the assessor.
A0209,Cambridge,r-0041,applies,False,,Applies to all residential rentals in Massachusetts.
A0209,Cambridge,r-0042,applies,False,,Applies to all residential rentals in Massachusetts.
A0209,Cambridge,r-0043,applies,False,,Applies: apartments per the assessor.
A0210,Los Angeles,r-0013,applies,False,,Applies to all residential rentals in California.
A0210,Los Angeles,r-0014,applies,False,,Applies to all residential rentals in California.
A0210,Los Angeles,r-0015,superseded,False,Not a unit where the tenant shares a bathroom or kitchen with the owner-occupant | Not deed-restricted affordable housing | Once the tenant has lived in the unit for 12 months,Governed instead by Los Angeles Just Cause for Eviction Ordinance (JCO); the stricter local rule applies here.
A0210,Los Angeles,r-0016,unknown,False,Not deed-restricted or subsidised affordable housing,Unknown: needs owner identity. Exemption that depends on it: a building with a certificate of occupancy issued within the last 15 years.
A0210,Los Angeles,r-0017,applies,False,,Applies to all residential rentals in California.
A0210,Los Angeles,r-0018,applies,False,,"Applies: 9 units, above the coverage threshold."
A0210,Los Angeles,r-0019,applies,False,Once the deposit was collected on or after 1 Jul 2024,Applies to all residential rentals in California. Protection begins once the deposit was collected on or after 1 Jul 2024.
A0210,Los Angeles,r-0028,applies,False,"Not a cooperative, nonprofit homeless facility or short-term treatment facility | Once the tenant has lived in the unit for six months or the first lease has ended","Applies unless the property is a cooperative, nonprofit homeless facility or short-term treatment facility. Apartments per the assessor; built 2016, after the 1 Oct 1978 certificate of occupancy cutoff. Protection begins once the tenant has lived in the unit for six months or the first lease has ended."
A0210,Los Angeles,r-0031,applies,False,,Applies to all residential rentals in Los Angeles. State screening rules apply too; both are listed here.
A0211,Boston,r-0008,applies,False,,Applies: apartments per the assessor.
A0211,Boston,r-0011,unknown,False,,Unknown: needs affordable housing status. The rule covers housing funded or land-assisted by the Boston Department of Neighborhood Development.
A0211,Boston,r-0012,applies,False,,Applies to all residential rentals in Boston. State screening rules apply too; both are listed here.
A0211,Boston,r-0033,pending,False,,"Bill, not law: a pending bill or proposal, not yet enacted."
A0211,Boston,r-0034,pending,False,,"Bill, not law: a pending bill or proposal, not yet enacted."
A0211,Boston,r-0035,applies,False,,Applies to all residential rentals in Massachusetts.
A0211,Boston,r-0036,applies,False,,Applies: apartments per the assessor.
A0211,Boston,r-0041,applies,False,,Applies to all residential rentals in Massachusetts.
A0211,Boston,r-0042,applies,False,,Applies to all residential rentals in Massachusetts.
A0211,Boston,r-0043,applies,False,,Applies: apartments per the assessor.
A0212,San Francisco,r-0013,applies,False,,Applies to all residential rentals in California.
A0212,San Francisco,r-0014,applies,False,,Applies to all residential rentals in California.
A0212,San Francisco,r-0015,superseded,False,Not a unit where the tenant shares a bathroom or kitchen with the owner-occupant | Not deed-restricted affordable housing | Once the tenant has lived in the unit for 12 months,Governed instead by San Francisco Rent Ordinance just cause eviction (S.F. Admin. Code § 37.9(a)); the stricter local rule applies here.
A0212,San Francisco,r-0016,superseded,False,Not deed-restricted or subsidised affordable housing,Governed instead by San Francisco annual allowable rent increase (3/1/2026–2/28/2027); the stricter local rule applies here.
A0212,San Francisco,r-0017,applies,False,,Applies to all residential rentals in California.
A0212,San Francisco,r-0018,applies,False,,"Applies: 5 units, above the coverage threshold."
A0212,San Francisco,r-0019,applies,False,Once the deposit was collected on or after 1 Jul 2024,Applies to all residential rentals in California. Protection begins once the deposit was collected on or after 1 Jul 2024.
A0212,San Francisco,r-0057,applies,False,,Applies to all residential rentals in San Francisco. State algorithm rules apply too; both are listed here.
A0212,San Francisco,r-0058,applies,False,,Applies to all residential rentals in San Francisco. Statutory exemptions for certain owner-occupied shared units and institutional housing cannot be checked from county data.
A0212,San Francisco,r-0059,applies,False,,"Applies: built 1900, before the 13 Jun 1979 certificate of occupancy cutoff."
A0212,San Francisco,r-0060,unknown,False,,Unknown: needs affordable housing status. The rule covers affordable housing.
A0212,San Francisco,r-0061,applies,False,,Applies to all residential rentals in San Francisco. State deposit rules apply too; both are listed here.
A0213,Los Angeles,r-0013,applies,False,,Applies to all residential rentals in California.
A0213,Los Angeles,r-0014,applies,False,,Applies to all residential rentals in California.
A0213,Los Angeles,r-0015,superseded,False,Not a unit where the tenant shares a bathroom or kitchen with the owner-occupant | Not deed-restricted affordable housing | Once the tenant has lived in the unit for 12 months,Governed instead by Los Angeles Just Cause for Eviction Ordinance (JCO); the stricter local rule applies here.
A0213,Los Angeles,r-0016,applies,False,Not deed-restricted or subsidised affordable housing,"Applies unless the property is deed-restricted or subsidised affordable housing. Built 1986, before the 15 year certificate of occupancy window (built before 2011); apartments per the assessor."
A0213,Los Angeles,r-0017,applies,False,,Applies to all residential rentals in California.
A0213,Los Angeles,r-0018,applies,False,,"Applies: 7 units, above the coverage threshold."
A0213,Los Angeles,r-0019,applies,False,Once the deposit was collected on or after 1 Jul 2024,Applies to all residential rentals in California. Protection begins once the deposit was collected on or after 1 Jul 2024.
A0213,Los Angeles,r-0028,applies,False,"Not a cooperative, nonprofit homeless facility or short-term treatment facility | Once the tenant has lived in the unit for six months or the first lease has ended","Applies unless the property is a cooperative, nonprofit homeless facility or short-term treatment facility. Apartments per the assessor; built 1986, after the 1 Oct 1978 certificate of occupancy cutoff. Protection begins once the tenant has lived in the unit for six months or the first lease has ended."
A0213,Los Angeles,r-0031,applies,False,,Applies to all residential rentals in Los Angeles. State screening rules apply too; both are listed here.
A0214,Cambridge,r-0020,pending,False,,"Bill, not law: a pending bill or proposal, not yet enacted."
A0214,Cambridge,r-0021,applies,False,,Applies: apartments per the assessor.
A0214,Cambridge,r-0022,applies,False,,"Applies: 6 units, so the exemption for an owner-occupied two-family dwelling cannot apply. State screening rules apply too; both are listed here."
A0214,Cambridge,r-0033,pending,False,,"Bill, not law: a pending bill or proposal, not yet enacted."
A0214,Cambridge,r-0034,pending,False,,"Bill, not law: a pending bill or proposal, not yet enacted."
A0214,Cambridge,r-0035,applies,False,,Applies to all residential rentals in Massachusetts.
A0214,Cambridge,r-0036,applies,False,,Applies: apartments per the assessor.
A0214,Cambridge,r-0041,applies,False,,Applies to all residential rentals in Massachusetts.
A0214,Cambridge,r-0042,applies,False,,Applies to all residential rentals in Massachusetts.
A0214,Cambridge,r-0043,applies,False,,Applies: apartments per the assessor.
A0215,San Francisco,r-0013,applies,False,,Applies to all residential rentals in California.
A0215,San Francisco,r-0014,applies,False,,Applies to all residential rentals in California.
A0215,San Francisco,r-0015,superseded,False,Not a unit where the tenant shares a bathroom or kitchen with the owner-occupant | Not deed-restricted affordable housing | Once the tenant has lived in the unit for 12 months,Governed instead by San Francisco Rent Ordinance just cause eviction (S.F. Admin. Code § 37.9(a)); the stricter local rule applies here.
A0215,San Francisco,r-0016,superseded,False,Not deed-restricted or subsidised affordable housing,Governed instead by San Francisco annual allowable rent increase (3/1/2026–2/28/2027); the stricter local rule applies here.
A0215,San Francisco,r-0017,applies,False,,Applies to all residential rentals in California.
A0215,San Francisco,r-0018,applies,False,,"Applies: 21 units, above the coverage threshold."
A0215,San Francisco,r-0019,applies,False,Once the deposit was collected on or after 1 Jul 2024,Applies to all residential rentals in California. Protection begins once the deposit was collected on or after 1 Jul 2024.
A0215,San Francisco,r-0057,applies,False,,Applies to all residential rentals in San Francisco. State algorithm rules apply too; both are listed here.
A0215,San Francisco,r-0058,applies,False,,Applies to all residential rentals in San Francisco. Statutory exemptions for certain owner-occupied shared units and institutional housing cannot be checked from county data.
A0215,San Francisco,r-0059,applies,False,,"Applies: built 1924, before the 13 Jun 1979 certificate of occupancy cutoff."
A0215,San Francisco,r-0060,unknown,False,,Unknown: needs affordable housing status. The rule covers affordable housing.
A0215,San Francisco,r-0061,applies,False,,Applies to all residential rentals in San Francisco. State deposit rules apply too; both are listed here.
A0216,Berkeley,r-0001,applies,True,Not an affordable housing unit whose rent or income limits are set by programme guidelines,Applies unless the property is an affordable housing unit whose rent or income limits are set by programme guidelines. Open question: two published effective dates (1 March 2026 in the ordinance text; January 2026 in an August 2026 law firm alert). Flagged for human review. State algorithm rules apply too; both are listed here.
A0216,Berkeley,r-0002,applies,False,,Applies to all residential rentals in Berkeley. State fee rules apply; Berkeley adds stricter local limits.
A0216,Berkeley,r-0003,applies,False,,Applies to all residential rentals in Berkeley. State fee rules apply; Berkeley adds stricter local limits.
A0216,Berkeley,r-0004,applies,False,Not a nonprofit cooperative | Not a unit where the tenant shares a kitchen or bath with the landlord,"Applies unless the property is a nonprofit cooperative or a unit where the tenant shares a kitchen or bath with the landlord. Apartments per the assessor; at least 5 units per the assessor description, so the exemption for an owner-occupied duplex (a 'golden duplex') cannot apply."
A0216,Berkeley,r-0005,unknown,False,Not a nonprofit cooperative | Not a unit where the owner shares a kitchen or bath with the tenant,Unknown: needs year built. The rule covers multifamily buildings built before 1980.
A0216,Berkeley,r-0006,applies,False,Not public housing or a Section 8 property | Not a unit let under an agreement that lets the owner move back in | Not a unit where an existing tenant is subletting or adding a roommate,"Applies unless the property is public housing or a Section 8 property; a unit let under an agreement that lets the owner move back in; or a unit where an existing tenant is subletting or adding a roommate. At least 5 units per the assessor description, so the exemption for an owner-occupied building with one to three units cannot apply. State screening rules apply too; both are listed here."
A0216,Berkeley,r-0007,applies,False,Not a unit where the owner shares a kitchen or bath with the tenant | Not a nonprofit cooperative,"Applies unless the property is a unit where the owner shares a kitchen or bath with the tenant or a nonprofit cooperative. At least 5 units per the assessor description, so the exemption for an owner-occupied duplex (a 'golden duplex') cannot apply; at least 5 units per the assessor description, so the exemption for an owner-occupied property with an accessory dwelling unit cannot apply. State deposit rules apply too; both are listed here."
A0216,Berkeley,r-0013,applies,False,,Applies to all residential rentals in California.
A0216,Berkeley,r-0014,applies,False,,Applies to all residential rentals in California.
A0216,Berkeley,r-0015,superseded,False,Not a unit where the tenant shares a bathroom or kitchen with the owner-occupant | Not deed-restricted affordable housing | Once the tenant has lived in the unit for 12 months,Governed instead by Berkeley just cause eviction rules as amended by Measure BB; the stricter local rule applies here.
A0216,Berkeley,r-0016,unknown,False,Not deed-restricted or subsidised affordable housing,Unknown: needs year built. Exemption that depends on it: a building with a certificate of occupancy issued within the last 15 years.
A0216,Berkeley,r-0017,applies,False,,Applies to all residential rentals in California.
A0216,Berkeley,r-0018,applies,False,,"Applies: at least 5 units per the assessor description, above the coverage threshold."
A0216,Berkeley,r-0019,applies,False,Once the deposit was collected on or after 1 Jul 2024,Applies to all residential rentals in California. Protection begins once the deposit was collected on or after 1 Jul 2024.
A0217,Boston,r-0008,applies,False,,Applies: apartments per the assessor.
A0217,Boston,r-0011,unknown,False,,Unknown: needs affordable housing status. The rule covers housing funded or land-assisted by the Boston Department of Neighborhood Development.
A0217,Boston,r-0012,applies,False,,Applies to all residential rentals in Boston. State screening rules apply too; both are listed here.
A0217,Boston,r-0033,pending,False,,"Bill, not law: a pending bill or proposal, not yet enacted."
A0217,Boston,r-0034,pending,False,,"Bill, not law: a pending bill or proposal, not yet enacted."
A0217,Boston,r-0035,applies,False,,Applies to all residential rentals in Massachusetts.
A0217,Boston,r-0036,applies,False,,Applies: apartments per the assessor.
A0217,Boston,r-0041,applies,False,,Applies to all residential rentals in Massachusetts.
A0217,Boston,r-0042,applies,False,,Applies to all residential rentals in Massachusetts.
A0217,Boston,r-0043,applies,False,,Applies: apartments per the assessor.
A0218,Cambridge,r-0020,pending,False,,"Bill, not law: a pending bill or proposal, not yet enacted."
A0218,Cambridge,r-0021,applies,False,,Applies: apartments per the assessor.
A0218,Cambridge,r-0022,applies,False,,"Applies: 46 units, so the exemption for an owner-occupied two-family dwelling cannot apply. State screening rules apply too; both are listed here."
A0218,Cambridge,r-0033,pending,False,,"Bill, not law: a pending bill or proposal, not yet enacted."
A0218,Cambridge,r-0034,pending,False,,"Bill, not law: a pending bill or proposal, not yet enacted."
A0218,Cambridge,r-0035,applies,False,,Applies to all residential rentals in Massachusetts.
A0218,Cambridge,r-0036,applies,False,,Applies: apartments per the assessor.
A0218,Cambridge,r-0041,applies,False,,Applies to all residential rentals in Massachusetts.
A0218,Cambridge,r-0042,applies,False,,Applies to all residential rentals in Massachusetts.
A0218,Cambridge,r-0043,applies,False,,Applies: apartments per the assessor.
A0219,San Diego,r-0013,applies,False,,Applies to all residential rentals in California.
A0219,San Diego,r-0014,applies,False,,Applies to all residential rentals in California.
A0219,San Diego,r-0015,superseded,False,Not a unit where the tenant shares a bathroom or kitchen with the owner-occupant | Not deed-restricted affordable housing | Once the tenant has lived in the unit for 12 months,"Governed instead by San Diego Residential Tenant Protections (just cause for termination of tenancy); it shares the same coverage condition, so wherever this rule applies the stricter local rule governs."
A0219,San Diego,r-0016,unknown,False,Not deed-restricted or subsidised affordable housing,Unknown: needs year built. Exemption that depends on it: a building with a certificate of occupancy issued within the last 15 years.
A0219,San Diego,r-0017,applies,False,,Applies to all residential rentals in California.
A0219,San Diego,r-0018,applies,False,,"Applies: 8 units, above the coverage threshold."
A0219,San Diego,r-0019,applies,False,Once the deposit was collected on or after 1 Jul 2024,Applies to all residential rentals in California. Protection begins once the deposit was collected on or after 1 Jul 2024.
A0219,San Diego,r-0054,applies,False,Not an affordable housing unit whose rent or income limits are set by programme guidelines,Applies unless the property is an affordable housing unit whose rent or income limits are set by programme guidelines. State algorithm rules apply too; both are listed here.
A0219,San Diego,r-0055,unknown,False,Not deed-restricted or subsidised affordable housing (Section 8 vouchers do not count) | Not a unit where the tenant shares a bath or kitchen with the owner | Once the tenancy has lasted more than 30 days,Unknown: needs year built. The rule covers buildings with a certificate of occupancy at least 15 years old.
A0219,San Diego,r-0056,applies,False,,"Applies: 8 units, above the coverage threshold. State screening rules apply too; both are listed here."
A0220,Boston,r-0008,applies,False,,Applies: apartments per the assessor.
A0220,Boston,r-0011,unknown,False,,Unknown: needs affordable housing status. The rule covers housing funded or land-assisted by the Boston Department of Neighborhood Development.
A0220,Boston,r-0012,applies,False,,Applies to all residential rentals in Boston. State screening rules apply too; both are listed here.
A0220,Boston,r-0033,pending,False,,"Bill, not law: a pending bill or proposal, not yet enacted."
A0220,Boston,r-0034,pending,False,,"Bill, not law: a pending bill or proposal, not yet enacted."
A0220,Boston,r-0035,applies,False,,Applies to all residential rentals in Massachusetts.
A0220,Boston,r-0036,applies,False,,Applies: apartments per the assessor.
A0220,Boston,r-0041,applies,False,,Applies to all residential rentals in Massachusetts.
A0220,Boston,r-0042,applies,False,,Applies to all residential rentals in Massachusetts.
A0220,Boston,r-0043,applies,False,,Applies: apartments per the assessor.
A0221,Boston,r-0008,applies,False,,Applies: apartments per the assessor.
A0221,Boston,r-0011,unknown,False,,Unknown: needs affordable housing status. The rule covers housing funded or land-assisted by the Boston Department of Neighborhood Development.
A0221,Boston,r-0012,applies,False,,Applies to all residential rentals in Boston. State screening rules apply too; both are listed here.
A0221,Boston,r-0033,pending,False,,"Bill, not law: a pending bill or proposal, not yet enacted."
A0221,Boston,r-0034,pending,False,,"Bill, not law: a pending bill or proposal, not yet enacted."
A0221,Boston,r-0035,applies,False,,Applies to all residential rentals in Massachusetts.
A0221,Boston,r-0036,applies,False,,Applies: apartments per the assessor.
A0221,Boston,r-0041,applies,False,,Applies to all residential rentals in Massachusetts.
A0221,Boston,r-0042,applies,False,,Applies to all residential rentals in Massachusetts.
A0221,Boston,r-0043,applies,False,,Applies: apartments per the assessor.
A0222,San Francisco,r-0013,applies,False,,Applies to all residential rentals in California.
A0222,San Francisco,r-0014,applies,False,,Applies to all residential rentals in California.
A0222,San Francisco,r-0015,superseded,False,Not a unit where the tenant shares a bathroom or kitchen with the owner-occupant | Not deed-restricted affordable housing | Once the tenant has lived in the unit for 12 months,Governed instead by San Francisco Rent Ordinance just cause eviction (S.F. Admin. Code § 37.9(a)); the stricter local rule applies here.
A0222,San Francisco,r-0016,superseded,False,Not deed-restricted or subsidised affordable housing,Governed instead by San Francisco annual allowable rent increase (3/1/2026–2/28/2027); the stricter local rule applies here.
A0222,San Francisco,r-0017,applies,False,,Applies to all residential rentals in California.
A0222,San Francisco,r-0018,applies,False,,"Applies: 8 units, above the coverage threshold."
A0222,San Francisco,r-0019,applies,False,Once the deposit was collected on or after 1 Jul 2024,Applies to all residential rentals in California. Protection begins once the deposit was collected on or after 1 Jul 2024.
A0222,San Francisco,r-0057,applies,False,,Applies to all residential rentals in San Francisco. State algorithm rules apply too; both are listed here.
A0222,San Francisco,r-0058,applies,False,,Applies to all residential rentals in San Francisco. Statutory exemptions for certain owner-occupied shared units and institutional housing cannot be checked from county data.
A0222,San Francisco,r-0059,applies,False,,"Applies: built 1960, before the 13 Jun 1979 certificate of occupancy cutoff."
A0222,San Francisco,r-0060,unknown,False,,Unknown: needs affordable housing status. The rule covers affordable housing.
A0222,San Francisco,r-0061,applies,False,,Applies to all residential rentals in San Francisco. State deposit rules apply too; both are listed here.
A0223,Hoboken,r-0023,applies,True,"Not a medical, long-term care or detention facility","Applies unless the property is a medical, long-term care or detention facility. Possible preemption: from 1 July 2027 the NJ FAIR Act may preempt the Hoboken and Jersey City algorithmic rent ordinances. Flagged for human review; not decided here."
A0223,Hoboken,r-0024,applies,False,,Applies to all residential rentals in Hoboken.
A0223,Hoboken,r-0025,unknown,False,"Not a hotel, motel, commercial or industrial unit, or institutional student housing","Unknown: needs year built. The rule covers buildings built on or before 25 Jun 1987, or newer buildings whose exemption period (at most 30 years) has ended."
A0223,Hoboken,r-0044,not_yet_effective,True,,Not yet in force: takes effect 1 Jul 2027. Possible preemption: from 1 July 2027 the NJ FAIR Act may preempt the Hoboken and Jersey City algorithmic rent ordinances. Flagged for human review; not decided here.
A0223,Hoboken,r-0045,unknown,False,Not let through a licensed real estate agent who is not the landlord,Unknown: needs the building type. Exemption that depends on it: a one-family or two-family dwelling.
A0223,Hoboken,r-0046,unknown,False,"Not a hotel, motel or guest house let to transient or seasonal guests",Unknown: needs owner identity. Exemption that depends on it: an owner-occupied building with two or fewer rental units.
A0223,Hoboken,r-0047,unknown,False,"Not a hotel, motel or seasonal rental",Unknown: needs owner identity. Exemption that depends on it: an owner-occupied two- or three-family dwelling.
A0223,Hoboken,r-0049,unknown,False,,"Unknown: needs the unit count. Exemption that depends on it: an owner-occupied two-family dwelling. The assessor building code '4B-5U-H-BA' suggests 5 units (derived, unconfirmed)."
A0223,Hoboken,r-0050,unknown,False,,Unknown: needs owner identity. Exemption that depends on it: an owner-occupied building with four or fewer units.
A0223,Hoboken,r-0051,unknown,False,Not a seasonal rental of 125 days or less,Unknown: needs owner identity. Exemption that depends on it: an owner-occupied building with two or fewer rental units.
A0224,Los Angeles,r-0013,applies,False,,Applies to all residential rentals in California.
A0224,Los Angeles,r-0014,applies,False,,Applies to all residential rentals in California.
A0224,Los Angeles,r-0015,superseded,False,Not a unit where the tenant shares a bathroom or kitchen with the owner-occupant | Not deed-restricted affordable housing | Once the tenant has lived in the unit for 12 months,Governed instead by Relocation assistance for no-fault evictions under the RSO and JCO; the stricter local rule applies here.
A0224,Los Angeles,r-0016,superseded,False,Not deed-restricted or subsidised affordable housing,Governed instead by Los Angeles Rent Stabilization Ordinance (RSO) allowable rent increases; the stricter local rule applies here.
A0224,Los Angeles,r-0017,applies,False,,Applies to all residential rentals in California.
A0224,Los Angeles,r-0018,applies,False,,"Applies: 13 units, above the coverage threshold."
A0224,Los Angeles,r-0019,applies,False,Once the deposit was collected on or after 1 Jul 2024,Applies to all residential rentals in California. Protection begins once the deposit was collected on or after 1 Jul 2024.
A0224,Los Angeles,r-0028,unknown,False,"Not a cooperative, nonprofit homeless facility or short-term treatment facility | Once the tenant has lived in the unit for six months or the first lease has ended","Unknown: this building is under the RSO (built 1960), so the JCO applies only if the unit is exempt from the RSO; RSO exemption status is not in the data."
A0224,Los Angeles,r-0029,applies,False,Not a housing authority or government-owned property,"Applies unless the property is a housing authority or government-owned property. Apartments per the assessor; built 1960, before the 1 Oct 1978 certificate of occupancy cutoff."
A0224,Los Angeles,r-0030,applies,True,"Not government-owned or regulated housing, or affordable housing with a recorded covenant","Applies unless the property is government-owned or regulated housing, or affordable housing with a recorded covenant. Built 1960, before the 1 Oct 1978 certificate of occupancy cutoff; apartments per the assessor. Open question: two published effective dates for the new formula (2 February 2026 per LAHD; 24 January 2026 per a landlord association). Flagged for human review."
A0224,Los Angeles,r-0031,applies,False,,Applies to all residential rentals in Los Angeles. State screening rules apply too; both are listed here.
A0224,Los Angeles,r-0032,applies,False,Once the deposit has been held for at least one year,"Applies: built 1960, before the 1 Oct 1978 certificate of occupancy cutoff; apartments per the assessor. Protection begins once the deposit has been held for at least one year. State deposit rules apply too; both are listed here."
A0225,San Francisco,r-0013,applies,False,,Applies to all residential rentals in California.
A0225,San Francisco,r-0014,applies,False,,Applies to all residential rentals in California.
A0225,San Francisco,r-0015,superseded,False,Not a unit where the tenant shares a bathroom or kitchen with the owner-occupant | Not deed-restricted affordable housing | Once the tenant has lived in the unit for 12 months,Governed instead by San Francisco Rent Ordinance just cause eviction (S.F. Admin. Code § 37.9(a)); the stricter local rule applies here.
A0225,San Francisco,r-0016,superseded,False,Not deed-restricted or subsidised affordable housing,Governed instead by San Francisco annual allowable rent increase (3/1/2026–2/28/2027); the stricter local rule applies here.
A0225,San Francisco,r-0017,applies,False,,Applies to all residential rentals in California.
A0225,San Francisco,r-0018,applies,False,,"Applies: 9 units, above the coverage threshold."
A0225,San Francisco,r-0019,applies,False,Once the deposit was collected on or after 1 Jul 2024,Applies to all residential rentals in California. Protection begins once the deposit was collected on or after 1 Jul 2024.
A0225,San Francisco,r-0057,applies,False,,Applies to all residential rentals in San Francisco. State algorithm rules apply too; both are listed here.
A0225,San Francisco,r-0058,applies,False,,Applies to all residential rentals in San Francisco. Statutory exemptions for certain owner-occupied shared units and institutional housing cannot be checked from county data.
A0225,San Francisco,r-0059,applies,False,,"Applies: built 1913, before the 13 Jun 1979 certificate of occupancy cutoff."
A0225,San Francisco,r-0060,unknown,False,,Unknown: needs affordable housing status. The rule covers affordable housing.
A0225,San Francisco,r-0061,applies,False,,Applies to all residential rentals in San Francisco. State deposit rules apply too; both are listed here.
A0226,Boston,r-0008,applies,False,,Applies: apartments per the assessor.
A0226,Boston,r-0011,unknown,False,,Unknown: needs affordable housing status. The rule covers housing funded or land-assisted by the Boston Department of Neighborhood Development.
A0226,Boston,r-0012,applies,False,,Applies to all residential rentals in Boston. State screening rules apply too; both are listed here.
A0226,Boston,r-0033,pending,False,,"Bill, not law: a pending bill or proposal, not yet enacted."
A0226,Boston,r-0034,pending,False,,"Bill, not law: a pending bill or proposal, not yet enacted."
A0226,Boston,r-0035,applies,False,,Applies to all residential rentals in Massachusetts.
A0226,Boston,r-0036,applies,False,,Applies: apartments per the assessor.
A0226,Boston,r-0041,applies,False,,Applies to all residential rentals in Massachusetts.
A0226,Boston,r-0042,applies,False,,Applies to all residential rentals in Massachusetts.
A0226,Boston,r-0043,applies,False,,Applies: apartments per the assessor.
A0227,Hoboken,r-0023,applies,True,"Not a medical, long-term care or detention facility","Applies unless the property is a medical, long-term care or detention facility. Possible preemption: from 1 July 2027 the NJ FAIR Act may preempt the Hoboken and Jersey City algorithmic rent ordinances. Flagged for human review; not decided here."
A0227,Hoboken,r-0024,applies,False,,Applies to all residential rentals in Hoboken.
A0227,Hoboken,r-0025,unknown,False,"Not a hotel, motel, commercial or industrial unit, or institutional student housing","Unknown: needs the exemption details. Built 2010, after the 25 Jun 1987 certificate of occupancy cutoff; built 2010, after the 30 year certificate of occupancy window (built before 1996). The rule covers buildings built on or before 25 Jun 1987, or newer buildings whose exemption period (at most 30 years) has ended, and whether the exemption has ended is not in the data."
A0227,Hoboken,r-0044,not_yet_effective,True,,Not yet in force: takes effect 1 Jul 2027. Possible preemption: from 1 July 2027 the NJ FAIR Act may preempt the Hoboken and Jersey City algorithmic rent ordinances. Flagged for human review; not decided here.
A0227,Hoboken,r-0045,unknown,False,Not let through a licensed real estate agent who is not the landlord,Unknown: needs the building type. Exemption that depends on it: a one-family or two-family dwelling.
A0227,Hoboken,r-0046,unknown,False,"Not a hotel, motel or guest house let to transient or seasonal guests",Unknown: needs owner identity. Exemption that depends on it: an owner-occupied building with two or fewer rental units.
A0227,Hoboken,r-0047,unknown,False,"Not a hotel, motel or seasonal rental",Unknown: needs owner identity. Exemption that depends on it: an owner-occupied two- or three-family dwelling.
A0227,Hoboken,r-0049,unknown,False,,"Unknown: needs the exemption details. 2 units, outside the coverage threshold. The rule covers an owner-occupied two-family dwelling, and whether the exemption has ended is not in the data."
A0227,Hoboken,r-0050,unknown,False,,Unknown: needs owner identity. Exemption that depends on it: an owner-occupied building with four or fewer units.
A0227,Hoboken,r-0051,unknown,False,Not a seasonal rental of 125 days or less,Unknown: needs owner identity. Exemption that depends on it: an owner-occupied building with two or fewer rental units.
A0228,San Francisco,r-0013,applies,False,,Applies to all residential rentals in California.
A0228,San Francisco,r-0014,applies,False,,Applies to all residential rentals in California.
A0228,San Francisco,r-0015,superseded,False,Not a unit where the tenant shares a bathroom or kitchen with the owner-occupant | Not deed-restricted affordable housing | Once the tenant has lived in the unit for 12 months,Governed instead by San Francisco Rent Ordinance just cause eviction (S.F. Admin. Code § 37.9(a)); the stricter local rule applies here.
A0228,San Francisco,r-0016,superseded,False,Not deed-restricted or subsidised affordable housing,Governed instead by San Francisco annual allowable rent increase (3/1/2026–2/28/2027); the stricter local rule applies here.
A0228,San Francisco,r-0017,applies,False,,Applies to all residential rentals in California.
A0228,San Francisco,r-0018,applies,False,,"Applies: 5 units, above the coverage threshold."
A0228,San Francisco,r-0019,applies,False,Once the deposit was collected on or after 1 Jul 2024,Applies to all residential rentals in California. Protection begins once the deposit was collected on or after 1 Jul 2024.
A0228,San Francisco,r-0057,applies,False,,Applies to all residential rentals in San Francisco. State algorithm rules apply too; both are listed here.
A0228,San Francisco,r-0058,applies,False,,Applies to all residential rentals in San Francisco. Statutory exemptions for certain owner-occupied shared units and institutional housing cannot be checked from county data.
A0228,San Francisco,r-0059,applies,False,,"Applies: built 1907, before the 13 Jun 1979 certificate of occupancy cutoff."
A0228,San Francisco,r-0060,unknown,False,,Unknown: needs affordable housing status. The rule covers affordable housing.
A0228,San Francisco,r-0061,applies,False,,Applies to all residential rentals in San Francisco. State deposit rules apply too; both are listed here.
A0229,San Francisco,r-0013,applies,False,,Applies to all residential rentals in California.
A0229,San Francisco,r-0014,applies,False,,Applies to all residential rentals in California.
A0229,San Francisco,r-0015,superseded,False,Not a unit where the tenant shares a bathroom or kitchen with the owner-occupant | Not deed-restricted affordable housing | Once the tenant has lived in the unit for 12 months,Governed instead by San Francisco Rent Ordinance just cause eviction (S.F. Admin. Code § 37.9(a)); the stricter local rule applies here.
A0229,San Francisco,r-0016,superseded,False,Not deed-restricted or subsidised affordable housing,Governed instead by San Francisco annual allowable rent increase (3/1/2026–2/28/2027); the stricter local rule applies here.
A0229,San Francisco,r-0017,applies,False,,Applies to all residential rentals in California.
A0229,San Francisco,r-0018,applies,False,,"Applies: 6 units, above the coverage threshold."
A0229,San Francisco,r-0019,applies,False,Once the deposit was collected on or after 1 Jul 2024,Applies to all residential rentals in California. Protection begins once the deposit was collected on or after 1 Jul 2024.
A0229,San Francisco,r-0057,applies,False,,Applies to all residential rentals in San Francisco. State algorithm rules apply too; both are listed here.
A0229,San Francisco,r-0058,applies,False,,Applies to all residential rentals in San Francisco. Statutory exemptions for certain owner-occupied shared units and institutional housing cannot be checked from county data.
A0229,San Francisco,r-0059,applies,False,,"Applies: built 1914, before the 13 Jun 1979 certificate of occupancy cutoff."
A0229,San Francisco,r-0060,unknown,False,,Unknown: needs affordable housing status. The rule covers affordable housing.
A0229,San Francisco,r-0061,applies,False,,Applies to all residential rentals in San Francisco. State deposit rules apply too; both are listed here.
A0230,Cambridge,r-0020,pending,False,,"Bill, not law: a pending bill or proposal, not yet enacted."
A0230,Cambridge,r-0021,applies,False,,Applies: apartments per the assessor.
A0230,Cambridge,r-0022,applies,False,,"Applies: 18 units, so the exemption for an owner-occupied two-family dwelling cannot apply. State screening rules apply too; both are listed here."
A0230,Cambridge,r-0033,pending,False,,"Bill, not law: a pending bill or proposal, not yet enacted."
A0230,Cambridge,r-0034,pending,False,,"Bill, not law: a pending bill or proposal, not yet enacted."
A0230,Cambridge,r-0035,applies,False,,Applies to all residential rentals in Massachusetts.
A0230,Cambridge,r-0036,applies,False,,Applies: apartments per the assessor.
A0230,Cambridge,r-0041,applies,False,,Applies to all residential rentals in Massachusetts.
A0230,Cambridge,r-0042,applies,False,,Applies to all residential rentals in Massachusetts.
A0230,Cambridge,r-0043,applies,False,,Applies: apartments per the assessor.
A0231,San Francisco,r-0013,applies,False,,Applies to all residential rentals in California.
A0231,San Francisco,r-0014,applies,False,,Applies to all residential rentals in California.
A0231,San Francisco,r-0015,superseded,False,Not a unit where the tenant shares a bathroom or kitchen with the owner-occupant | Not deed-restricted affordable housing | Once the tenant has lived in the unit for 12 months,Governed instead by San Francisco Rent Ordinance just cause eviction (S.F. Admin. Code § 37.9(a)); the stricter local rule applies here.
A0231,San Francisco,r-0016,superseded,False,Not deed-restricted or subsidised affordable housing,Governed instead by San Francisco annual allowable rent increase (3/1/2026–2/28/2027); the stricter local rule applies here.
A0231,San Francisco,r-0017,applies,False,,Applies to all residential rentals in California.
A0231,San Francisco,r-0018,applies,False,,"Applies: 6 units, above the coverage threshold."
A0231,San Francisco,r-0019,applies,False,Once the deposit was collected on or after 1 Jul 2024,Applies to all residential rentals in California. Protection begins once the deposit was collected on or after 1 Jul 2024.
A0231,San Francisco,r-0057,applies,False,,Applies to all residential rentals in San Francisco. State algorithm rules apply too; both are listed here.
A0231,San Francisco,r-0058,applies,False,,Applies to all residential rentals in San Francisco. Statutory exemptions for certain owner-occupied shared units and institutional housing cannot be checked from county data.
A0231,San Francisco,r-0059,applies,False,,"Applies: built 1971, before the 13 Jun 1979 certificate of occupancy cutoff."
A0231,San Francisco,r-0060,unknown,False,,Unknown: needs affordable housing status. The rule covers affordable housing.
A0231,San Francisco,r-0061,applies,False,,Applies to all residential rentals in San Francisco. State deposit rules apply too; both are listed here.
A0232,Cambridge,r-0020,pending,False,,"Bill, not law: a pending bill or proposal, not yet enacted."
A0232,Cambridge,r-0021,applies,False,,Applies: apartments per the assessor.
A0232,Cambridge,r-0022,applies,False,,"Applies: 6 units, so the exemption for an owner-occupied two-family dwelling cannot apply. State screening rules apply too; both are listed here."
A0232,Cambridge,r-0033,pending,False,,"Bill, not law: a pending bill or proposal, not yet enacted."
A0232,Cambridge,r-0034,pending,False,,"Bill, not law: a pending bill or proposal, not yet enacted."
A0232,Cambridge,r-0035,applies,False,,Applies to all residential rentals in Massachusetts.
A0232,Cambridge,r-0036,applies,False,,Applies: apartments per the assessor.
A0232,Cambridge,r-0041,applies,False,,Applies to all residential rentals in Massachusetts.
A0232,Cambridge,r-0042,applies,False,,Applies to all residential rentals in Massachusetts.
A0232,Cambridge,r-0043,applies,False,,Applies: apartments per the assessor.
A0233,Boston,r-0008,applies,False,,Applies: apartments per the assessor.
A0233,Boston,r-0011,unknown,False,,Unknown: needs affordable housing status. The rule covers housing funded or land-assisted by the Boston Department of Neighborhood Development.
A0233,Boston,r-0012,applies,False,,Applies to all residential rentals in Boston. State screening rules apply too; both are listed here.
A0233,Boston,r-0033,pending,False,,"Bill, not law: a pending bill or proposal, not yet enacted."
A0233,Boston,r-0034,pending,False,,"Bill, not law: a pending bill or proposal, not yet enacted."
A0233,Boston,r-0035,applies,False,,Applies to all residential rentals in Massachusetts.
A0233,Boston,r-0036,applies,False,,Applies: apartments per the assessor.
A0233,Boston,r-0041,applies,False,,Applies to all residential rentals in Massachusetts.
A0233,Boston,r-0042,applies,False,,Applies to all residential rentals in Massachusetts.
A0233,Boston,r-0043,applies,False,,Applies: apartments per the assessor.
A0234,Berkeley,r-0001,applies,True,Not an affordable housing unit whose rent or income limits are set by programme guidelines,Applies unless the property is an affordable housing unit whose rent or income limits are set by programme guidelines. Open question: two published effective dates (1 March 2026 in the ordinance text; January 2026 in an August 2026 law firm alert). Flagged for human review. State algorithm rules apply too; both are listed here.
A0234,Berkeley,r-0002,applies,False,,Applies to all residential rentals in Berkeley. State fee rules apply; Berkeley adds stricter local limits.
A0234,Berkeley,r-0003,applies,False,,Applies to all residential rentals in Berkeley. State fee rules apply; Berkeley adds stricter local limits.
A0234,Berkeley,r-0004,applies,False,Not a nonprofit cooperative | Not a unit where the tenant shares a kitchen or bath with the landlord,"Applies unless the property is a nonprofit cooperative or a unit where the tenant shares a kitchen or bath with the landlord. Apartments per the assessor; at least 5 units per the assessor description, so the exemption for an owner-occupied duplex (a 'golden duplex') cannot apply."
A0234,Berkeley,r-0005,unknown,False,Not a nonprofit cooperative | Not a unit where the owner shares a kitchen or bath with the tenant,Unknown: needs year built. The rule covers multifamily buildings built before 1980.
A0234,Berkeley,r-0006,applies,False,Not public housing or a Section 8 property | Not a unit let under an agreement that lets the owner move back in | Not a unit where an existing tenant is subletting or adding a roommate,"Applies unless the property is public housing or a Section 8 property; a unit let under an agreement that lets the owner move back in; or a unit where an existing tenant is subletting or adding a roommate. At least 5 units per the assessor description, so the exemption for an owner-occupied building with one to three units cannot apply. State screening rules apply too; both are listed here."
A0234,Berkeley,r-0007,applies,False,Not a unit where the owner shares a kitchen or bath with the tenant | Not a nonprofit cooperative,"Applies unless the property is a unit where the owner shares a kitchen or bath with the tenant or a nonprofit cooperative. At least 5 units per the assessor description, so the exemption for an owner-occupied duplex (a 'golden duplex') cannot apply; at least 5 units per the assessor description, so the exemption for an owner-occupied property with an accessory dwelling unit cannot apply. State deposit rules apply too; both are listed here."
A0234,Berkeley,r-0013,applies,False,,Applies to all residential rentals in California.
A0234,Berkeley,r-0014,applies,False,,Applies to all residential rentals in California.
A0234,Berkeley,r-0015,superseded,False,Not a unit where the tenant shares a bathroom or kitchen with the owner-occupant | Not deed-restricted affordable housing | Once the tenant has lived in the unit for 12 months,Governed instead by Berkeley just cause eviction rules as amended by Measure BB; the stricter local rule applies here.
A0234,Berkeley,r-0016,unknown,False,Not deed-restricted or subsidised affordable housing,Unknown: needs year built. Exemption that depends on it: a building with a certificate of occupancy issued within the last 15 years.
A0234,Berkeley,r-0017,applies,False,,Applies to all residential rentals in California.
A0234,Berkeley,r-0018,applies,False,,"Applies: at least 5 units per the assessor description, above the coverage threshold."
A0234,Berkeley,r-0019,applies,False,Once the deposit was collected on or after 1 Jul 2024,Applies to all residential rentals in California. Protection begins once the deposit was collected on or after 1 Jul 2024.
A0235,Los Angeles,r-0013,applies,False,,Applies to all residential rentals in California.
A0235,Los Angeles,r-0014,applies,False,,Applies to all residential rentals in California.
A0235,Los Angeles,r-0015,superseded,False,Not a unit where the tenant shares a bathroom or kitchen with the owner-occupant | Not deed-restricted affordable housing | Once the tenant has lived in the unit for 12 months,"Governed instead by Los Angeles Just Cause for Eviction Ordinance (JCO) and Relocation assistance for no-fault evictions under the RSO and JCO; together they cover every residential unit, so a local rule applies whatever the year built."
A0235,Los Angeles,r-0016,unknown,False,Not deed-restricted or subsidised affordable housing,Unknown: needs year built. Exemption that depends on it: a building with a certificate of occupancy issued within the last 15 years.
A0235,Los Angeles,r-0017,applies,False,,Applies to all residential rentals in California.
A0235,Los Angeles,r-0018,applies,False,,"Applies: at least 5 units per the assessor description, above the coverage threshold."
A0235,Los Angeles,r-0019,applies,False,Once the deposit was collected on or after 1 Jul 2024,Applies to all residential rentals in California. Protection begins once the deposit was collected on or after 1 Jul 2024.
A0235,Los Angeles,r-0028,unknown,False,"Not a cooperative, nonprofit homeless facility or short-term treatment facility | Once the tenant has lived in the unit for six months or the first lease has ended",Unknown: needs year built. The rule covers residential units not covered by the Rent Stabilization Ordinance (certificate of occupancy after 1 Oct 1978).
A0235,Los Angeles,r-0029,unknown,False,Not a housing authority or government-owned property,Unknown: needs year built. The rule covers rental units first built on or before 1 Oct 1978.
A0235,Los Angeles,r-0030,unknown,True,"Not government-owned or regulated housing, or affordable housing with a recorded covenant",Unknown: needs year built. The rule covers rental properties first built on or before 1 Oct 1978. Open question: two published effective dates for the new formula (2 February 2026 per LAHD; 24 January 2026 per a landlord association). Flagged for human review.
A0235,Los Angeles,r-0031,applies,False,,Applies to all residential rentals in Los Angeles. State screening rules apply too; both are listed here.
A0235,Los Angeles,r-0032,unknown,False,Once the deposit has been held for at least one year,Unknown: needs year built. The rule covers rent-stabilised units (first built on or before 1 Oct 1978).
A0236,San Francisco,r-0013,applies,False,,Applies to all residential rentals in California.
A0236,San Francisco,r-0014,applies,False,,Applies to all residential rentals in California.
A0236,San Francisco,r-0015,superseded,False,Not a unit where the tenant shares a bathroom or kitchen with the owner-occupant | Not deed-restricted affordable housing | Once the tenant has lived in the unit for 12 months,Governed instead by San Francisco Rent Ordinance just cause eviction (S.F. Admin. Code § 37.9(a)); the stricter local rule applies here.
A0236,San Francisco,r-0016,superseded,False,Not deed-restricted or subsidised affordable housing,Governed instead by San Francisco annual allowable rent increase (3/1/2026–2/28/2027); the stricter local rule applies here.
A0236,San Francisco,r-0017,applies,False,,Applies to all residential rentals in California.
A0236,San Francisco,r-0018,applies,False,,"Applies: 9 units, above the coverage threshold."
A0236,San Francisco,r-0019,applies,False,Once the deposit was collected on or after 1 Jul 2024,Applies to all residential rentals in California. Protection begins once the deposit was collected on or after 1 Jul 2024.
A0236,San Francisco,r-0057,applies,False,,Applies to all residential rentals in San Francisco. State algorithm rules apply too; both are listed here.
A0236,San Francisco,r-0058,applies,False,,Applies to all residential rentals in San Francisco. Statutory exemptions for certain owner-occupied shared units and institutional housing cannot be checked from county data.
A0236,San Francisco,r-0059,applies,False,,"Applies: built 1961, before the 13 Jun 1979 certificate of occupancy cutoff."
A0236,San Francisco,r-0060,unknown,False,,Unknown: needs affordable housing status. The rule covers affordable housing.
A0236,San Francisco,r-0061,applies,False,,Applies to all residential rentals in San Francisco. State deposit rules apply too; both are listed here.
A0237,San Francisco,r-0013,applies,False,,Applies to all residential rentals in California.
A0237,San Francisco,r-0014,applies,False,,Applies to all residential rentals in California.
A0237,San Francisco,r-0015,superseded,False,Not a unit where the tenant shares a bathroom or kitchen with the owner-occupant | Not deed-restricted affordable housing | Once the tenant has lived in the unit for 12 months,Governed instead by San Francisco Rent Ordinance just cause eviction (S.F. Admin. Code § 37.9(a)); the stricter local rule applies here.
A0237,San Francisco,r-0016,superseded,False,Not deed-restricted or subsidised affordable housing,Governed instead by San Francisco annual allowable rent increase (3/1/2026–2/28/2027); the stricter local rule applies here.
A0237,San Francisco,r-0017,applies,False,,Applies to all residential rentals in California.
A0237,San Francisco,r-0018,applies,False,,"Applies: 12 units, above the coverage threshold."
A0237,San Francisco,r-0019,applies,False,Once the deposit was collected on or after 1 Jul 2024,Applies to all residential rentals in California. Protection begins once the deposit was collected on or after 1 Jul 2024.
A0237,San Francisco,r-0057,applies,False,,Applies to all residential rentals in San Francisco. State algorithm rules apply too; both are listed here.
A0237,San Francisco,r-0058,applies,False,,Applies to all residential rentals in San Francisco. Statutory exemptions for certain owner-occupied shared units and institutional housing cannot be checked from county data.
A0237,San Francisco,r-0059,applies,False,,"Applies: built 1927, before the 13 Jun 1979 certificate of occupancy cutoff."
A0237,San Francisco,r-0060,unknown,False,,Unknown: needs affordable housing status. The rule covers affordable housing.
A0237,San Francisco,r-0061,applies,False,,Applies to all residential rentals in San Francisco. State deposit rules apply too; both are listed here.
A0238,Los Angeles,r-0013,applies,False,,Applies to all residential rentals in California.
A0238,Los Angeles,r-0014,applies,False,,Applies to all residential rentals in California.
A0238,Los Angeles,r-0015,superseded,False,Not a unit where the tenant shares a bathroom or kitchen with the owner-occupant | Not deed-restricted affordable housing | Once the tenant has lived in the unit for 12 months,Governed instead by Relocation assistance for no-fault evictions under the RSO and JCO; the stricter local rule applies here.
A0238,Los Angeles,r-0016,superseded,False,Not deed-restricted or subsidised affordable housing,Governed instead by Los Angeles Rent Stabilization Ordinance (RSO) allowable rent increases; the stricter local rule applies here.
A0238,Los Angeles,r-0017,applies,False,,Applies to all residential rentals in California.
A0238,Los Angeles,r-0018,applies,False,,"Applies: 6 units, above the coverage threshold."
A0238,Los Angeles,r-0019,applies,False,Once the deposit was collected on or after 1 Jul 2024,Applies to all residential rentals in California. Protection begins once the deposit was collected on or after 1 Jul 2024.
A0238,Los Angeles,r-0028,unknown,False,"Not a cooperative, nonprofit homeless facility or short-term treatment facility | Once the tenant has lived in the unit for six months or the first lease has ended","Unknown: this building is under the RSO (built 1957), so the JCO applies only if the unit is exempt from the RSO; RSO exemption status is not in the data."
A0238,Los Angeles,r-0029,applies,False,Not a housing authority or government-owned property,"Applies unless the property is a housing authority or government-owned property. Apartments per the assessor; built 1957, before the 1 Oct 1978 certificate of occupancy cutoff."
A0238,Los Angeles,r-0030,applies,True,"Not government-owned or regulated housing, or affordable housing with a recorded covenant","Applies unless the property is government-owned or regulated housing, or affordable housing with a recorded covenant. Built 1957, before the 1 Oct 1978 certificate of occupancy cutoff; apartments per the assessor. Open question: two published effective dates for the new formula (2 February 2026 per LAHD; 24 January 2026 per a landlord association). Flagged for human review."
A0238,Los Angeles,r-0031,applies,False,,Applies to all residential rentals in Los Angeles. State screening rules apply too; both are listed here.
A0238,Los Angeles,r-0032,applies,False,Once the deposit has been held for at least one year,"Applies: built 1957, before the 1 Oct 1978 certificate of occupancy cutoff; apartments per the assessor. Protection begins once the deposit has been held for at least one year. State deposit rules apply too; both are listed here."
A0239,Berkeley,r-0001,applies,True,Not an affordable housing unit whose rent or income limits are set by programme guidelines,Applies unless the property is an affordable housing unit whose rent or income limits are set by programme guidelines. Open question: two published effective dates (1 March 2026 in the ordinance text; January 2026 in an August 2026 law firm alert). Flagged for human review. State algorithm rules apply too; both are listed here.
A0239,Berkeley,r-0002,applies,False,,Applies to all residential rentals in Berkeley. State fee rules apply; Berkeley adds stricter local limits.
A0239,Berkeley,r-0003,applies,False,,Applies to all residential rentals in Berkeley. State fee rules apply; Berkeley adds stricter local limits.
A0239,Berkeley,r-0004,applies,False,Not a nonprofit cooperative | Not a unit where the tenant shares a kitchen or bath with the landlord,"Applies unless the property is a nonprofit cooperative or a unit where the tenant shares a kitchen or bath with the landlord. Apartments per the assessor; at least 5 units per the assessor description, so the exemption for an owner-occupied duplex (a 'golden duplex') cannot apply."
A0239,Berkeley,r-0005,unknown,False,Not a nonprofit cooperative | Not a unit where the owner shares a kitchen or bath with the tenant,Unknown: needs year built. The rule covers multifamily buildings built before 1980.
A0239,Berkeley,r-0006,applies,False,Not public housing or a Section 8 property | Not a unit let under an agreement that lets the owner move back in | Not a unit where an existing tenant is subletting or adding a roommate,"Applies unless the property is public housing or a Section 8 property; a unit let under an agreement that lets the owner move back in; or a unit where an existing tenant is subletting or adding a roommate. At least 5 units per the assessor description, so the exemption for an owner-occupied building with one to three units cannot apply. State screening rules apply too; both are listed here."
A0239,Berkeley,r-0007,applies,False,Not a unit where the owner shares a kitchen or bath with the tenant | Not a nonprofit cooperative,"Applies unless the property is a unit where the owner shares a kitchen or bath with the tenant or a nonprofit cooperative. At least 5 units per the assessor description, so the exemption for an owner-occupied duplex (a 'golden duplex') cannot apply; at least 5 units per the assessor description, so the exemption for an owner-occupied property with an accessory dwelling unit cannot apply. State deposit rules apply too; both are listed here."
A0239,Berkeley,r-0013,applies,False,,Applies to all residential rentals in California.
A0239,Berkeley,r-0014,applies,False,,Applies to all residential rentals in California.
A0239,Berkeley,r-0015,superseded,False,Not a unit where the tenant shares a bathroom or kitchen with the owner-occupant | Not deed-restricted affordable housing | Once the tenant has lived in the unit for 12 months,Governed instead by Berkeley just cause eviction rules as amended by Measure BB; the stricter local rule applies here.
A0239,Berkeley,r-0016,unknown,False,Not deed-restricted or subsidised affordable housing,Unknown: needs year built. Exemption that depends on it: a building with a certificate of occupancy issued within the last 15 years.
A0239,Berkeley,r-0017,applies,False,,Applies to all residential rentals in California.
A0239,Berkeley,r-0018,applies,False,,"Applies: at least 5 units per the assessor description, above the coverage threshold."
A0239,Berkeley,r-0019,applies,False,Once the deposit was collected on or after 1 Jul 2024,Applies to all residential rentals in California. Protection begins once the deposit was collected on or after 1 Jul 2024.
A0240,San Diego,r-0013,applies,False,,Applies to all residential rentals in California.
A0240,San Diego,r-0014,applies,False,,Applies to all residential rentals in California.
A0240,San Diego,r-0015,superseded,False,Not a unit where the tenant shares a bathroom or kitchen with the owner-occupant | Not deed-restricted affordable housing | Once the tenant has lived in the unit for 12 months,"Governed instead by San Diego Residential Tenant Protections (just cause for termination of tenancy); it shares the same coverage condition, so wherever this rule applies the stricter local rule governs."
A0240,San Diego,r-0016,unknown,False,Not deed-restricted or subsidised affordable housing,Unknown: needs year built. Exemption that depends on it: a building with a certificate of occupancy issued within the last 15 years.
A0240,San Diego,r-0017,applies,False,,Applies to all residential rentals in California.
A0240,San Diego,r-0018,applies,False,,"Applies: 7 units, above the coverage threshold."
A0240,San Diego,r-0019,applies,False,Once the deposit was collected on or after 1 Jul 2024,Applies to all residential rentals in California. Protection begins once the deposit was collected on or after 1 Jul 2024.
A0240,San Diego,r-0054,applies,False,Not an affordable housing unit whose rent or income limits are set by programme guidelines,Applies unless the property is an affordable housing unit whose rent or income limits are set by programme guidelines. State algorithm rules apply too; both are listed here.
A0240,San Diego,r-0055,unknown,False,Not deed-restricted or subsidised affordable housing (Section 8 vouchers do not count) | Not a unit where the tenant shares a bath or kitchen with the owner | Once the tenancy has lasted more than 30 days,Unknown: needs year built. The rule covers buildings with a certificate of occupancy at least 15 years old.
A0240,San Diego,r-0056,applies,False,,"Applies: 7 units, above the coverage threshold. State screening rules apply too; both are listed here."
A0241,Hoboken,r-0023,applies,True,"Not a medical, long-term care or detention facility","Applies unless the property is a medical, long-term care or detention facility. Possible preemption: from 1 July 2027 the NJ FAIR Act may preempt the Hoboken and Jersey City algorithmic rent ordinances. Flagged for human review; not decided here."
A0241,Hoboken,r-0024,applies,False,,Applies to all residential rentals in Hoboken.
A0241,Hoboken,r-0025,unknown,False,"Not a hotel, motel, commercial or industrial unit, or institutional student housing","Unknown: needs year built. The rule covers buildings built on or before 25 Jun 1987, or newer buildings whose exemption period (at most 30 years) has ended."
A0241,Hoboken,r-0044,not_yet_effective,True,,Not yet in force: takes effect 1 Jul 2027. Possible preemption: from 1 July 2027 the NJ FAIR Act may preempt the Hoboken and Jersey City algorithmic rent ordinances. Flagged for human review; not decided here.
A0241,Hoboken,r-0045,unknown,False,Not let through a licensed real estate agent who is not the landlord,Unknown: needs the building type. Exemption that depends on it: a one-family or two-family dwelling.
A0241,Hoboken,r-0046,unknown,False,"Not a hotel, motel or guest house let to transient or seasonal guests",Unknown: needs owner identity. Exemption that depends on it: an owner-occupied building with two or fewer rental units.
A0241,Hoboken,r-0047,unknown,False,"Not a hotel, motel or seasonal rental",Unknown: needs owner identity. Exemption that depends on it: an owner-occupied two- or three-family dwelling.
A0241,Hoboken,r-0049,unknown,False,,"Unknown: needs the unit count. Exemption that depends on it: an owner-occupied two-family dwelling. The assessor building code '5B-14U-H-BA' suggests 14 units (derived, unconfirmed)."
A0241,Hoboken,r-0050,unknown,False,,Unknown: needs owner identity. Exemption that depends on it: an owner-occupied building with four or fewer units.
A0241,Hoboken,r-0051,unknown,False,Not a seasonal rental of 125 days or less,Unknown: needs owner identity. Exemption that depends on it: an owner-occupied building with two or fewer rental units.
A0242,Boston,r-0008,applies,False,,Applies: apartments per the assessor.
A0242,Boston,r-0011,unknown,False,,Unknown: needs affordable housing status. The rule covers housing funded or land-assisted by the Boston Department of Neighborhood Development.
A0242,Boston,r-0012,applies,False,,Applies to all residential rentals in Boston. State screening rules apply too; both are listed here.
A0242,Boston,r-0033,pending,False,,"Bill, not law: a pending bill or proposal, not yet enacted."
A0242,Boston,r-0034,pending,False,,"Bill, not law: a pending bill or proposal, not yet enacted."
A0242,Boston,r-0035,applies,False,,Applies to all residential rentals in Massachusetts.
A0242,Boston,r-0036,applies,False,,Applies: apartments per the assessor.
A0242,Boston,r-0041,applies,False,,Applies to all residential rentals in Massachusetts.
A0242,Boston,r-0042,applies,False,,Applies to all residential rentals in Massachusetts.
A0242,Boston,r-0043,applies,False,,Applies: apartments per the assessor.
A0243,Jersey City,r-0026,applies,True,"Not an inpatient medical, licensed long-term care or detention facility","Applies unless the property is an inpatient medical, licensed long-term care or detention facility. Possible preemption: from 1 July 2027 the NJ FAIR Act may preempt the Hoboken and Jersey City algorithmic rent ordinances. Flagged for human review; not decided here."
A0243,Jersey City,r-0027,unknown,False,,"Unknown: needs the unit count. The rule covers buildings with five or more units. The assessor building code '3S+BT-F-6U' suggests 6 units (derived, unconfirmed)."
A0243,Jersey City,r-0044,not_yet_effective,True,,Not yet in force: takes effect 1 Jul 2027. Possible preemption: from 1 July 2027 the NJ FAIR Act may preempt the Hoboken and Jersey City algorithmic rent ordinances. Flagged for human review; not decided here.
A0243,Jersey City,r-0045,unknown,False,Not let through a licensed real estate agent who is not the landlord,Unknown: needs the building type. Exemption that depends on it: a one-family or two-family dwelling.
A0243,Jersey City,r-0046,unknown,False,"Not a hotel, motel or guest house let to transient or seasonal guests",Unknown: needs owner identity. Exemption that depends on it: an owner-occupied building with two or fewer rental units.
A0243,Jersey City,r-0047,unknown,False,"Not a hotel, motel or seasonal rental",Unknown: needs owner identity. Exemption that depends on it: an owner-occupied two- or three-family dwelling.
A0243,Jersey City,r-0049,unknown,False,,"Unknown: needs the unit count. Exemption that depends on it: an owner-occupied two-family dwelling. The assessor building code '3S+BT-F-6U' suggests 6 units (derived, unconfirmed)."
A0243,Jersey City,r-0050,unknown,False,,Unknown: needs owner identity. Exemption that depends on it: an owner-occupied building with four or fewer units.
A0243,Jersey City,r-0051,unknown,False,Not a seasonal rental of 125 days or less,Unknown: needs owner identity. Exemption that depends on it: an owner-occupied building with two or fewer rental units.
A0244,Hoboken,r-0023,applies,True,"Not a medical, long-term care or detention facility","Applies unless the property is a medical, long-term care or detention facility. Possible preemption: from 1 July 2027 the NJ FAIR Act may preempt the Hoboken and Jersey City algorithmic rent ordinances. Flagged for human review; not decided here."
A0244,Hoboken,r-0024,applies,False,,Applies to all residential rentals in Hoboken.
A0244,Hoboken,r-0025,unknown,False,"Not a hotel, motel, commercial or industrial unit, or institutional student housing","Unknown: needs year built. The rule covers buildings built on or before 25 Jun 1987, or newer buildings whose exemption period (at most 30 years) has ended."
A0244,Hoboken,r-0044,not_yet_effective,True,,Not yet in force: takes effect 1 Jul 2027. Possible preemption: from 1 July 2027 the NJ FAIR Act may preempt the Hoboken and Jersey City algorithmic rent ordinances. Flagged for human review; not decided here.
A0244,Hoboken,r-0045,unknown,False,Not let through a licensed real estate agent who is not the landlord,Unknown: needs the building type. Exemption that depends on it: a one-family or two-family dwelling.
A0244,Hoboken,r-0046,unknown,False,"Not a hotel, motel or guest house let to transient or seasonal guests",Unknown: needs owner identity. Exemption that depends on it: an owner-occupied building with two or fewer rental units.
A0244,Hoboken,r-0047,unknown,False,"Not a hotel, motel or seasonal rental",Unknown: needs owner identity. Exemption that depends on it: an owner-occupied two- or three-family dwelling.
A0244,Hoboken,r-0049,unknown,False,,"Unknown: needs the unit count. Exemption that depends on it: an owner-occupied two-family dwelling. The assessor building code '5B-12U-1BX-H-BA' suggests 12 units (derived, unconfirmed)."
A0244,Hoboken,r-0050,unknown,False,,Unknown: needs owner identity. Exemption that depends on it: an owner-occupied building with four or fewer units.
A0244,Hoboken,r-0051,unknown,False,Not a seasonal rental of 125 days or less,Unknown: needs owner identity. Exemption that depends on it: an owner-occupied building with two or fewer rental units.
A0245,Boston,r-0008,applies,False,,Applies: apartments per the assessor.
A0245,Boston,r-0011,unknown,False,,Unknown: needs affordable housing status. The rule covers housing funded or land-assisted by the Boston Department of Neighborhood Development.
A0245,Boston,r-0012,applies,False,,Applies to all residential rentals in Boston. State screening rules apply too; both are listed here.
A0245,Boston,r-0033,pending,False,,"Bill, not law: a pending bill or proposal, not yet enacted."
A0245,Boston,r-0034,pending,False,,"Bill, not law: a pending bill or proposal, not yet enacted."
A0245,Boston,r-0035,applies,False,,Applies to all residential rentals in Massachusetts.
A0245,Boston,r-0036,applies,False,,Applies: apartments per the assessor.
A0245,Boston,r-0041,applies,False,,Applies to all residential rentals in Massachusetts.
A0245,Boston,r-0042,applies,False,,Applies to all residential rentals in Massachusetts.
A0245,Boston,r-0043,applies,False,,Applies: apartments per the assessor.
A0246,San Diego,r-0013,applies,False,,Applies to all residential rentals in California.
A0246,San Diego,r-0014,applies,False,,Applies to all residential rentals in California.
A0246,San Diego,r-0015,superseded,False,Not a unit where the tenant shares a bathroom or kitchen with the owner-occupant | Not deed-restricted affordable housing | Once the tenant has lived in the unit for 12 months,"Governed instead by San Diego Residential Tenant Protections (just cause for termination of tenancy); it shares the same coverage condition, so wherever this rule applies the stricter local rule governs."
A0246,San Diego,r-0016,unknown,False,Not deed-restricted or subsidised affordable housing,Unknown: needs year built. Exemption that depends on it: a building with a certificate of occupancy issued within the last 15 years.
A0246,San Diego,r-0017,applies,False,,Applies to all residential rentals in California.
A0246,San Diego,r-0018,applies,False,,"Applies: 8 units, above the coverage threshold."
A0246,San Diego,r-0019,applies,False,Once the deposit was collected on or after 1 Jul 2024,Applies to all residential rentals in California. Protection begins once the deposit was collected on or after 1 Jul 2024.
A0246,San Diego,r-0054,applies,False,Not an affordable housing unit whose rent or income limits are set by programme guidelines,Applies unless the property is an affordable housing unit whose rent or income limits are set by programme guidelines. State algorithm rules apply too; both are listed here.
A0246,San Diego,r-0055,unknown,False,Not deed-restricted or subsidised affordable housing (Section 8 vouchers do not count) | Not a unit where the tenant shares a bath or kitchen with the owner | Once the tenancy has lasted more than 30 days,Unknown: needs year built. The rule covers buildings with a certificate of occupancy at least 15 years old.
A0246,San Diego,r-0056,applies,False,,"Applies: 8 units, above the coverage threshold. State screening rules apply too; both are listed here."
A0247,San Diego,r-0013,applies,False,,Applies to all residential rentals in California.
A0247,San Diego,r-0014,applies,False,,Applies to all residential rentals in California.
A0247,San Diego,r-0015,superseded,False,Not a unit where the tenant shares a bathroom or kitchen with the owner-occupant | Not deed-restricted affordable housing | Once the tenant has lived in the unit for 12 months,"Governed instead by San Diego Residential Tenant Protections (just cause for termination of tenancy); it shares the same coverage condition, so wherever this rule applies the stricter local rule governs."
A0247,San Diego,r-0016,unknown,False,Not deed-restricted or subsidised affordable housing,Unknown: needs year built. Exemption that depends on it: a building with a certificate of occupancy issued within the last 15 years.
A0247,San Diego,r-0017,applies,False,,Applies to all residential rentals in California.
A0247,San Diego,r-0018,applies,False,,"Applies: 10 units, above the coverage threshold."
A0247,San Diego,r-0019,applies,False,Once the deposit was collected on or after 1 Jul 2024,Applies to all residential rentals in California. Protection begins once the deposit was collected on or after 1 Jul 2024.
A0247,San Diego,r-0054,applies,False,Not an affordable housing unit whose rent or income limits are set by programme guidelines,Applies unless the property is an affordable housing unit whose rent or income limits are set by programme guidelines. State algorithm rules apply too; both are listed here.
A0247,San Diego,r-0055,unknown,False,Not deed-restricted or subsidised affordable housing (Section 8 vouchers do not count) | Not a unit where the tenant shares a bath or kitchen with the owner | Once the tenancy has lasted more than 30 days,Unknown: needs year built. The rule covers buildings with a certificate of occupancy at least 15 years old.
A0247,San Diego,r-0056,applies,False,,"Applies: 10 units, above the coverage threshold. State screening rules apply too; both are listed here."
A0248,Los Angeles,r-0013,applies,False,,Applies to all residential rentals in California.
A0248,Los Angeles,r-0014,applies,False,,Applies to all residential rentals in California.
A0248,Los Angeles,r-0015,superseded,False,Not a unit where the tenant shares a bathroom or kitchen with the owner-occupant | Not deed-restricted affordable housing | Once the tenant has lived in the unit for 12 months,Governed instead by Relocation assistance for no-fault evictions under the RSO and JCO; the stricter local rule applies here.
A0248,Los Angeles,r-0016,superseded,False,Not deed-restricted or subsidised affordable housing,Governed instead by Los Angeles Rent Stabilization Ordinance (RSO) allowable rent increases; the stricter local rule applies here.
A0248,Los Angeles,r-0017,applies,False,,Applies to all residential rentals in California.
A0248,Los Angeles,r-0018,applies,False,,"Applies: 24 units, above the coverage threshold."
A0248,Los Angeles,r-0019,applies,False,Once the deposit was collected on or after 1 Jul 2024,Applies to all residential rentals in California. Protection begins once the deposit was collected on or after 1 Jul 2024.
A0248,Los Angeles,r-0028,unknown,False,"Not a cooperative, nonprofit homeless facility or short-term treatment facility | Once the tenant has lived in the unit for six months or the first lease has ended","Unknown: this building is under the RSO (built 1923), so the JCO applies only if the unit is exempt from the RSO; RSO exemption status is not in the data."
A0248,Los Angeles,r-0029,applies,False,Not a housing authority or government-owned property,"Applies unless the property is a housing authority or government-owned property. Apartments per the assessor; built 1923, before the 1 Oct 1978 certificate of occupancy cutoff."
A0248,Los Angeles,r-0030,applies,True,"Not government-owned or regulated housing, or affordable housing with a recorded covenant","Applies unless the property is government-owned or regulated housing, or affordable housing with a recorded covenant. Built 1923, before the 1 Oct 1978 certificate of occupancy cutoff; apartments per the assessor. Open question: two published effective dates for the new formula (2 February 2026 per LAHD; 24 January 2026 per a landlord association). Flagged for human review."
A0248,Los Angeles,r-0031,applies,False,,Applies to all residential rentals in Los Angeles. State screening rules apply too; both are listed here.
A0248,Los Angeles,r-0032,applies,False,Once the deposit has been held for at least one year,"Applies: built 1923, before the 1 Oct 1978 certificate of occupancy cutoff; apartments per the assessor. Protection begins once the deposit has been held for at least one year. State deposit rules apply too; both are listed here."
A0249,Newark,r-0044,not_yet_effective,False,,Not yet in force: takes effect 1 Jul 2027.
A0249,Newark,r-0045,unknown,False,Not let through a licensed real estate agent who is not the landlord,Unknown: needs the building type. Exemption that depends on it: a one-family or two-family dwelling.
A0249,Newark,r-0046,unknown,False,"Not a hotel, motel or guest house let to transient or seasonal guests",Unknown: needs owner identity. Exemption that depends on it: an owner-occupied building with two or fewer rental units.
A0249,Newark,r-0047,unknown,False,"Not a hotel, motel or seasonal rental",Unknown: needs owner identity. Exemption that depends on it: an owner-occupied two- or three-family dwelling.
A0249,Newark,r-0049,unknown,False,,"Unknown: needs the unit count. Exemption that depends on it: an owner-occupied two-family dwelling. The assessor building code '3SF4UG' suggests 4 units (derived, unconfirmed)."
A0249,Newark,r-0050,unknown,False,,Unknown: needs owner identity. Exemption that depends on it: an owner-occupied building with four or fewer units.
A0249,Newark,r-0051,unknown,False,Not a seasonal rental of 125 days or less,Unknown: needs owner identity. Exemption that depends on it: an owner-occupied building with two or fewer rental units.
A0249,Newark,r-0052,unknown,False,Not a hotel or motel let day to day to transients | Not public housing or a unit whose rent a government agency regulates,Unknown: needs year built. Exemption that depends on it: a newly built multiple dwelling still within its exemption period (at most 30 years).
A0249,Newark,r-0053,unknown,False,Not housing designated for a programme for people with criminal records,"Unknown: needs the unit count. Exemption that depends on it: an owner-occupied two-family dwelling or a room in an owner-occupied home. The assessor building code '3SF4UG' suggests 4 units (derived, unconfirmed)."
A0250,Jersey City,r-0026,applies,True,"Not an inpatient medical, licensed long-term care or detention facility","Applies unless the property is an inpatient medical, licensed long-term care or detention facility. Possible preemption: from 1 July 2027 the NJ FAIR Act may preempt the Hoboken and Jersey City algorithmic rent ordinances. Flagged for human review; not decided here."
A0250,Jersey City,r-0027,unknown,False,,"Unknown: needs the unit count. The rule covers buildings with five or more units. The assessor building code '6S-B+F-45U-17G' suggests 45 units (derived, unconfirmed)."
A0250,Jersey City,r-0044,not_yet_effective,True,,Not yet in force: takes effect 1 Jul 2027. Possible preemption: from 1 July 2027 the NJ FAIR Act may preempt the Hoboken and Jersey City algorithmic rent ordinances. Flagged for human review; not decided here.
A0250,Jersey City,r-0045,unknown,False,Not let through a licensed real estate agent who is not the landlord,Unknown: needs the building type. Exemption that depends on it: a one-family or two-family dwelling.
A0250,Jersey City,r-0046,unknown,False,"Not a hotel, motel or guest house let to transient or seasonal guests",Unknown: needs owner identity. Exemption that depends on it: an owner-occupied building with two or fewer rental units.
A0250,Jersey City,r-0047,unknown,False,"Not a hotel, motel or seasonal rental",Unknown: needs owner identity. Exemption that depends on it: an owner-occupied two- or three-family dwelling.
A0250,Jersey City,r-0049,unknown,False,,"Unknown: needs the unit count. Exemption that depends on it: an owner-occupied two-family dwelling. The assessor building code '6S-B+F-45U-17G' suggests 45 units (derived, unconfirmed)."
A0250,Jersey City,r-0050,unknown,False,,Unknown: needs owner identity. Exemption that depends on it: an owner-occupied building with four or fewer units.
A0250,Jersey City,r-0051,unknown,False,Not a seasonal rental of 125 days or less,Unknown: needs owner identity. Exemption that depends on it: an owner-occupied building with two or fewer rental units.
A0251,San Diego,r-0013,applies,False,,Applies to all residential rentals in California.
A0251,San Diego,r-0014,applies,False,,Applies to all residential rentals in California.
A0251,San Diego,r-0015,superseded,False,Not a unit where the tenant shares a bathroom or kitchen with the owner-occupant | Not deed-restricted affordable housing | Once the tenant has lived in the unit for 12 months,"Governed instead by San Diego Residential Tenant Protections (just cause for termination of tenancy); it shares the same coverage condition, so wherever this rule applies the stricter local rule governs."
A0251,San Diego,r-0016,unknown,False,Not deed-restricted or subsidised affordable housing,Unknown: needs year built. Exemption that depends on it: a building with a certificate of occupancy issued within the last 15 years.
A0251,San Diego,r-0017,applies,False,,Applies to all residential rentals in California.
A0251,San Diego,r-0018,applies,False,,"Applies: 8 units, above the coverage threshold."
A0251,San Diego,r-0019,applies,False,Once the deposit was collected on or after 1 Jul 2024,Applies to all residential rentals in California. Protection begins once the deposit was collected on or after 1 Jul 2024.
A0251,San Diego,r-0054,applies,False,Not an affordable housing unit whose rent or income limits are set by programme guidelines,Applies unless the property is an affordable housing unit whose rent or income limits are set by programme guidelines. State algorithm rules apply too; both are listed here.
A0251,San Diego,r-0055,unknown,False,Not deed-restricted or subsidised affordable housing (Section 8 vouchers do not count) | Not a unit where the tenant shares a bath or kitchen with the owner | Once the tenancy has lasted more than 30 days,Unknown: needs year built. The rule covers buildings with a certificate of occupancy at least 15 years old.
A0251,San Diego,r-0056,applies,False,,"Applies: 8 units, above the coverage threshold. State screening rules apply too; both are listed here."
A0252,Los Angeles,r-0013,applies,False,,Applies to all residential rentals in California.
A0252,Los Angeles,r-0014,applies,False,,Applies to all residential rentals in California.
A0252,Los Angeles,r-0015,superseded,False,Not a unit where the tenant shares a bathroom or kitchen with the owner-occupant | Not deed-restricted affordable housing | Once the tenant has lived in the unit for 12 months,Governed instead by Los Angeles Just Cause for Eviction Ordinance (JCO); the stricter local rule applies here.
A0252,Los Angeles,r-0016,applies,False,Not deed-restricted or subsidised affordable housing,"Applies unless the property is deed-restricted or subsidised affordable housing. Built 1984, before the 15 year certificate of occupancy window (built before 2011); apartments per the assessor."
A0252,Los Angeles,r-0017,applies,False,,Applies to all residential rentals in California.
A0252,Los Angeles,r-0018,applies,False,,"Applies: 6 units, above the coverage threshold."
A0252,Los Angeles,r-0019,applies,False,Once the deposit was collected on or after 1 Jul 2024,Applies to all residential rentals in California. Protection begins once the deposit was collected on or after 1 Jul 2024.
A0252,Los Angeles,r-0028,applies,False,"Not a cooperative, nonprofit homeless facility or short-term treatment facility | Once the tenant has lived in the unit for six months or the first lease has ended","Applies unless the property is a cooperative, nonprofit homeless facility or short-term treatment facility. Apartments per the assessor; built 1984, after the 1 Oct 1978 certificate of occupancy cutoff. Protection begins once the tenant has lived in the unit for six months or the first lease has ended."
A0252,Los Angeles,r-0031,applies,False,,Applies to all residential rentals in Los Angeles. State screening rules apply too; both are listed here.
A0253,San Francisco,r-0013,applies,False,,Applies to all residential rentals in California.
A0253,San Francisco,r-0014,applies,False,,Applies to all residential rentals in California.
A0253,San Francisco,r-0015,superseded,False,Not a unit where the tenant shares a bathroom or kitchen with the owner-occupant | Not deed-restricted affordable housing | Once the tenant has lived in the unit for 12 months,Governed instead by San Francisco Rent Ordinance just cause eviction (S.F. Admin. Code § 37.9(a)); the stricter local rule applies here.
A0253,San Francisco,r-0016,superseded,False,Not deed-restricted or subsidised affordable housing,Governed instead by San Francisco annual allowable rent increase (3/1/2026–2/28/2027); the stricter local rule applies here.
A0253,San Francisco,r-0017,applies,False,,Applies to all residential rentals in California.
A0253,San Francisco,r-0018,applies,False,,"Applies: 7 units, above the coverage threshold."
A0253,San Francisco,r-0019,applies,False,Once the deposit was collected on or after 1 Jul 2024,Applies to all residential rentals in California. Protection begins once the deposit was collected on or after 1 Jul 2024.
A0253,San Francisco,r-0057,applies,False,,Applies to all residential rentals in San Francisco. State algorithm rules apply too; both are listed here.
A0253,San Francisco,r-0058,applies,False,,Applies to all residential rentals in San Francisco. Statutory exemptions for certain owner-occupied shared units and institutional housing cannot be checked from county data.
A0253,San Francisco,r-0059,applies,False,,"Applies: built 1928, before the 13 Jun 1979 certificate of occupancy cutoff."
A0253,San Francisco,r-0060,unknown,False,,Unknown: needs affordable housing status. The rule covers affordable housing.
A0253,San Francisco,r-0061,applies,False,,Applies to all residential rentals in San Francisco. State deposit rules apply too; both are listed here.
A0254,Hoboken,r-0023,applies,True,"Not a medical, long-term care or detention facility","Applies unless the property is a medical, long-term care or detention facility. Possible preemption: from 1 July 2027 the NJ FAIR Act may preempt the Hoboken and Jersey City algorithmic rent ordinances. Flagged for human review; not decided here."
A0254,Hoboken,r-0024,applies,False,,Applies to all residential rentals in Hoboken.
A0254,Hoboken,r-0025,unknown,False,"Not a hotel, motel, commercial or industrial unit, or institutional student housing","Unknown: needs year built. The rule covers buildings built on or before 25 Jun 1987, or newer buildings whose exemption period (at most 30 years) has ended."
A0254,Hoboken,r-0044,not_yet_effective,True,,Not yet in force: takes effect 1 Jul 2027. Possible preemption: from 1 July 2027 the NJ FAIR Act may preempt the Hoboken and Jersey City algorithmic rent ordinances. Flagged for human review; not decided here.
A0254,Hoboken,r-0045,unknown,False,Not let through a licensed real estate agent who is not the landlord,Unknown: needs the building type. Exemption that depends on it: a one-family or two-family dwelling.
A0254,Hoboken,r-0046,unknown,False,"Not a hotel, motel or guest house let to transient or seasonal guests",Unknown: needs owner identity. Exemption that depends on it: an owner-occupied building with two or fewer rental units.
A0254,Hoboken,r-0047,unknown,False,"Not a hotel, motel or seasonal rental",Unknown: needs owner identity. Exemption that depends on it: an owner-occupied two- or three-family dwelling.
A0254,Hoboken,r-0049,unknown,False,,"Unknown: needs the unit count. Exemption that depends on it: an owner-occupied two-family dwelling. The assessor building code '4B-9U-H-BA' suggests 9 units (derived, unconfirmed)."
A0254,Hoboken,r-0050,unknown,False,,Unknown: needs owner identity. Exemption that depends on it: an owner-occupied building with four or fewer units.
A0254,Hoboken,r-0051,unknown,False,Not a seasonal rental of 125 days or less,Unknown: needs owner identity. Exemption that depends on it: an owner-occupied building with two or fewer rental units.
A0255,Los Angeles,r-0013,applies,False,,Applies to all residential rentals in California.
A0255,Los Angeles,r-0014,applies,False,,Applies to all residential rentals in California.
A0255,Los Angeles,r-0015,superseded,False,Not a unit where the tenant shares a bathroom or kitchen with the owner-occupant | Not deed-restricted affordable housing | Once the tenant has lived in the unit for 12 months,Governed instead by Relocation assistance for no-fault evictions under the RSO and JCO; the stricter local rule applies here.
A0255,Los Angeles,r-0016,superseded,False,Not deed-restricted or subsidised affordable housing,Governed instead by Los Angeles Rent Stabilization Ordinance (RSO) allowable rent increases; the stricter local rule applies here.
A0255,Los Angeles,r-0017,applies,False,,Applies to all residential rentals in California.
A0255,Los Angeles,r-0018,applies,False,,"Applies: 8 units, above the coverage threshold."
A0255,Los Angeles,r-0019,applies,False,Once the deposit was collected on or after 1 Jul 2024,Applies to all residential rentals in California. Protection begins once the deposit was collected on or after 1 Jul 2024.
A0255,Los Angeles,r-0028,unknown,False,"Not a cooperative, nonprofit homeless facility or short-term treatment facility | Once the tenant has lived in the unit for six months or the first lease has ended","Unknown: this building is under the RSO (built 1923), so the JCO applies only if the unit is exempt from the RSO; RSO exemption status is not in the data."
A0255,Los Angeles,r-0029,applies,False,Not a housing authority or government-owned property,"Applies unless the property is a housing authority or government-owned property. Apartments per the assessor; built 1923, before the 1 Oct 1978 certificate of occupancy cutoff."
A0255,Los Angeles,r-0030,applies,True,"Not government-owned or regulated housing, or affordable housing with a recorded covenant","Applies unless the property is government-owned or regulated housing, or affordable housing with a recorded covenant. Built 1923, before the 1 Oct 1978 certificate of occupancy cutoff; apartments per the assessor. Open question: two published effective dates for the new formula (2 February 2026 per LAHD; 24 January 2026 per a landlord association). Flagged for human review."
A0255,Los Angeles,r-0031,applies,False,,Applies to all residential rentals in Los Angeles. State screening rules apply too; both are listed here.
A0255,Los Angeles,r-0032,applies,False,Once the deposit has been held for at least one year,"Applies: built 1923, before the 1 Oct 1978 certificate of occupancy cutoff; apartments per the assessor. Protection begins once the deposit has been held for at least one year. State deposit rules apply too; both are listed here."
A0256,Hoboken,r-0023,applies,True,"Not a medical, long-term care or detention facility","Applies unless the property is a medical, long-term care or detention facility. Possible preemption: from 1 July 2027 the NJ FAIR Act may preempt the Hoboken and Jersey City algorithmic rent ordinances. Flagged for human review; not decided here."
A0256,Hoboken,r-0024,applies,False,,Applies to all residential rentals in Hoboken.
A0256,Hoboken,r-0025,unknown,False,"Not a hotel, motel, commercial or industrial unit, or institutional student housing","Unknown: needs year built. The rule covers buildings built on or before 25 Jun 1987, or newer buildings whose exemption period (at most 30 years) has ended."
A0256,Hoboken,r-0044,not_yet_effective,True,,Not yet in force: takes effect 1 Jul 2027. Possible preemption: from 1 July 2027 the NJ FAIR Act may preempt the Hoboken and Jersey City algorithmic rent ordinances. Flagged for human review; not decided here.
A0256,Hoboken,r-0045,unknown,False,Not let through a licensed real estate agent who is not the landlord,Unknown: needs the building type. Exemption that depends on it: a one-family or two-family dwelling.
A0256,Hoboken,r-0046,unknown,False,"Not a hotel, motel or guest house let to transient or seasonal guests",Unknown: needs owner identity. Exemption that depends on it: an owner-occupied building with two or fewer rental units.
A0256,Hoboken,r-0047,unknown,False,"Not a hotel, motel or seasonal rental",Unknown: needs owner identity. Exemption that depends on it: an owner-occupied two- or three-family dwelling.
A0256,Hoboken,r-0049,unknown,False,,"Unknown: needs the unit count. Exemption that depends on it: an owner-occupied two-family dwelling. The assessor building code '5B-20U-H' suggests 20 units (derived, unconfirmed)."
A0256,Hoboken,r-0050,unknown,False,,Unknown: needs owner identity. Exemption that depends on it: an owner-occupied building with four or fewer units.
A0256,Hoboken,r-0051,unknown,False,Not a seasonal rental of 125 days or less,Unknown: needs owner identity. Exemption that depends on it: an owner-occupied building with two or fewer rental units.
A0257,San Francisco,r-0013,applies,False,,Applies to all residential rentals in California.
A0257,San Francisco,r-0014,applies,False,,Applies to all residential rentals in California.
A0257,San Francisco,r-0015,superseded,False,Not a unit where the tenant shares a bathroom or kitchen with the owner-occupant | Not deed-restricted affordable housing | Once the tenant has lived in the unit for 12 months,Governed instead by San Francisco Rent Ordinance just cause eviction (S.F. Admin. Code § 37.9(a)); the stricter local rule applies here.
A0257,San Francisco,r-0016,unknown,False,Not deed-restricted or subsidised affordable housing,Unknown: needs year built. Exemption that depends on it: a building with a certificate of occupancy issued within the last 15 years.
A0257,San Francisco,r-0017,applies,False,,Applies to all residential rentals in California.
A0257,San Francisco,r-0018,applies,False,,"Applies: 6 units, above the coverage threshold."
A0257,San Francisco,r-0019,applies,False,Once the deposit was collected on or after 1 Jul 2024,Applies to all residential rentals in California. Protection begins once the deposit was collected on or after 1 Jul 2024.
A0257,San Francisco,r-0057,applies,False,,Applies to all residential rentals in San Francisco. State algorithm rules apply too; both are listed here.
A0257,San Francisco,r-0058,applies,False,,Applies to all residential rentals in San Francisco. Statutory exemptions for certain owner-occupied shared units and institutional housing cannot be checked from county data.
A0257,San Francisco,r-0059,unknown,False,,Unknown: needs year built. The rule covers units with a certificate of occupancy on or before 13 Jun 1979.
A0257,San Francisco,r-0060,unknown,False,,Unknown: needs affordable housing status. The rule covers affordable housing.
A0257,San Francisco,r-0061,applies,False,,Applies to all residential rentals in San Francisco. State deposit rules apply too; both are listed here.
A0258,Boston,r-0008,applies,False,,Applies: apartments per the assessor.
A0258,Boston,r-0011,unknown,False,,Unknown: needs affordable housing status. The rule covers housing funded or land-assisted by the Boston Department of Neighborhood Development.
A0258,Boston,r-0012,applies,False,,Applies to all residential rentals in Boston. State screening rules apply too; both are listed here.
A0258,Boston,r-0033,pending,False,,"Bill, not law: a pending bill or proposal, not yet enacted."
A0258,Boston,r-0034,pending,False,,"Bill, not law: a pending bill or proposal, not yet enacted."
A0258,Boston,r-0035,applies,False,,Applies to all residential rentals in Massachusetts.
A0258,Boston,r-0036,applies,False,,Applies: apartments per the assessor.
A0258,Boston,r-0041,applies,False,,Applies to all residential rentals in Massachusetts.
A0258,Boston,r-0042,applies,False,,Applies to all residential rentals in Massachusetts.
A0258,Boston,r-0043,applies,False,,Applies: apartments per the assessor.
A0259,San Francisco,r-0013,applies,False,,Applies to all residential rentals in California.
A0259,San Francisco,r-0014,applies,False,,Applies to all residential rentals in California.
A0259,San Francisco,r-0015,superseded,False,Not a unit where the tenant shares a bathroom or kitchen with the owner-occupant | Not deed-restricted affordable housing | Once the tenant has lived in the unit for 12 months,Governed instead by San Francisco Rent Ordinance just cause eviction (S.F. Admin. Code § 37.9(a)); the stricter local rule applies here.
A0259,San Francisco,r-0016,superseded,False,Not deed-restricted or subsidised affordable housing,Governed instead by San Francisco annual allowable rent increase (3/1/2026–2/28/2027); the stricter local rule applies here.
A0259,San Francisco,r-0017,applies,False,,Applies to all residential rentals in California.
A0259,San Francisco,r-0018,applies,False,,"Applies: 5 units, above the coverage threshold."
A0259,San Francisco,r-0019,applies,False,Once the deposit was collected on or after 1 Jul 2024,Applies to all residential rentals in California. Protection begins once the deposit was collected on or after 1 Jul 2024.
A0259,San Francisco,r-0057,applies,False,,Applies to all residential rentals in San Francisco. State algorithm rules apply too; both are listed here.
A0259,San Francisco,r-0058,applies,False,,Applies to all residential rentals in San Francisco. Statutory exemptions for certain owner-occupied shared units and institutional housing cannot be checked from county data.
A0259,San Francisco,r-0059,applies,False,,"Applies: built 1900, before the 13 Jun 1979 certificate of occupancy cutoff."
A0259,San Francisco,r-0060,unknown,False,,Unknown: needs affordable housing status. The rule covers affordable housing.
A0259,San Francisco,r-0061,applies,False,,Applies to all residential rentals in San Francisco. State deposit rules apply too; both are listed here.
A0260,Berkeley,r-0001,applies,True,Not an affordable housing unit whose rent or income limits are set by programme guidelines,Applies unless the property is an affordable housing unit whose rent or income limits are set by programme guidelines. Open question: two published effective dates (1 March 2026 in the ordinance text; January 2026 in an August 2026 law firm alert). Flagged for human review. State algorithm rules apply too; both are listed here.
A0260,Berkeley,r-0002,applies,False,,Applies to all residential rentals in Berkeley. State fee rules apply; Berkeley adds stricter local limits.
A0260,Berkeley,r-0003,applies,False,,Applies to all residential rentals in Berkeley. State fee rules apply; Berkeley adds stricter local limits.
A0260,Berkeley,r-0004,applies,False,Not a nonprofit cooperative | Not a unit where the tenant shares a kitchen or bath with the landlord,"Applies unless the property is a nonprofit cooperative or a unit where the tenant shares a kitchen or bath with the landlord. Apartments per the assessor; at least 5 units per the assessor description, so the exemption for an owner-occupied duplex (a 'golden duplex') cannot apply."
A0260,Berkeley,r-0005,unknown,False,Not a nonprofit cooperative | Not a unit where the owner shares a kitchen or bath with the tenant,Unknown: needs year built. The rule covers multifamily buildings built before 1980.
A0260,Berkeley,r-0006,applies,False,Not public housing or a Section 8 property | Not a unit let under an agreement that lets the owner move back in | Not a unit where an existing tenant is subletting or adding a roommate,"Applies unless the property is public housing or a Section 8 property; a unit let under an agreement that lets the owner move back in; or a unit where an existing tenant is subletting or adding a roommate. At least 5 units per the assessor description, so the exemption for an owner-occupied building with one to three units cannot apply. State screening rules apply too; both are listed here."
A0260,Berkeley,r-0007,applies,False,Not a unit where the owner shares a kitchen or bath with the tenant | Not a nonprofit cooperative,"Applies unless the property is a unit where the owner shares a kitchen or bath with the tenant or a nonprofit cooperative. At least 5 units per the assessor description, so the exemption for an owner-occupied duplex (a 'golden duplex') cannot apply; at least 5 units per the assessor description, so the exemption for an owner-occupied property with an accessory dwelling unit cannot apply. State deposit rules apply too; both are listed here."
A0260,Berkeley,r-0013,applies,False,,Applies to all residential rentals in California.
A0260,Berkeley,r-0014,applies,False,,Applies to all residential rentals in California.
A0260,Berkeley,r-0015,superseded,False,Not a unit where the tenant shares a bathroom or kitchen with the owner-occupant | Not deed-restricted affordable housing | Once the tenant has lived in the unit for 12 months,Governed instead by Berkeley just cause eviction rules as amended by Measure BB; the stricter local rule applies here.
A0260,Berkeley,r-0016,unknown,False,Not deed-restricted or subsidised affordable housing,Unknown: needs year built. Exemption that depends on it: a building with a certificate of occupancy issued within the last 15 years.
A0260,Berkeley,r-0017,applies,False,,Applies to all residential rentals in California.
A0260,Berkeley,r-0018,applies,False,,"Applies: at least 5 units per the assessor description, above the coverage threshold."
A0260,Berkeley,r-0019,applies,False,Once the deposit was collected on or after 1 Jul 2024,Applies to all residential rentals in California. Protection begins once the deposit was collected on or after 1 Jul 2024.
A0261,Hoboken,r-0023,applies,True,"Not a medical, long-term care or detention facility","Applies unless the property is a medical, long-term care or detention facility. Possible preemption: from 1 July 2027 the NJ FAIR Act may preempt the Hoboken and Jersey City algorithmic rent ordinances. Flagged for human review; not decided here."
A0261,Hoboken,r-0024,applies,False,,Applies to all residential rentals in Hoboken.
A0261,Hoboken,r-0025,unknown,False,"Not a hotel, motel, commercial or industrial unit, or institutional student housing","Unknown: needs year built. The rule covers buildings built on or before 25 Jun 1987, or newer buildings whose exemption period (at most 30 years) has ended."
A0261,Hoboken,r-0044,not_yet_effective,True,,Not yet in force: takes effect 1 Jul 2027. Possible preemption: from 1 July 2027 the NJ FAIR Act may preempt the Hoboken and Jersey City algorithmic rent ordinances. Flagged for human review; not decided here.
A0261,Hoboken,r-0045,unknown,False,Not let through a licensed real estate agent who is not the landlord,Unknown: needs the building type. Exemption that depends on it: a one-family or two-family dwelling.
A0261,Hoboken,r-0046,unknown,False,"Not a hotel, motel or guest house let to transient or seasonal guests",Unknown: needs owner identity. Exemption that depends on it: an owner-occupied building with two or fewer rental units.
A0261,Hoboken,r-0047,unknown,False,"Not a hotel, motel or seasonal rental",Unknown: needs owner identity. Exemption that depends on it: an owner-occupied two- or three-family dwelling.
A0261,Hoboken,r-0049,unknown,False,,Unknown: needs the unit count. Exemption that depends on it: an owner-occupied two-family dwelling.
A0261,Hoboken,r-0050,unknown,False,,Unknown: needs owner identity. Exemption that depends on it: an owner-occupied building with four or fewer units.
A0261,Hoboken,r-0051,unknown,False,Not a seasonal rental of 125 days or less,Unknown: needs owner identity. Exemption that depends on it: an owner-occupied building with two or fewer rental units.
A0262,San Diego,r-0013,applies,False,,Applies to all residential rentals in California.
A0262,San Diego,r-0014,applies,False,,Applies to all residential rentals in California.
A0262,San Diego,r-0015,superseded,False,Not a unit where the tenant shares a bathroom or kitchen with the owner-occupant | Not deed-restricted affordable housing | Once the tenant has lived in the unit for 12 months,"Governed instead by San Diego Residential Tenant Protections (just cause for termination of tenancy); it shares the same coverage condition, so wherever this rule applies the stricter local rule governs."
A0262,San Diego,r-0016,unknown,False,Not deed-restricted or subsidised affordable housing,Unknown: needs year built. Exemption that depends on it: a building with a certificate of occupancy issued within the last 15 years.
A0262,San Diego,r-0017,applies,False,,Applies to all residential rentals in California.
A0262,San Diego,r-0018,applies,False,,"Applies: 18 units, above the coverage threshold."
A0262,San Diego,r-0019,applies,False,Once the deposit was collected on or after 1 Jul 2024,Applies to all residential rentals in California. Protection begins once the deposit was collected on or after 1 Jul 2024.
A0262,San Diego,r-0054,applies,False,Not an affordable housing unit whose rent or income limits are set by programme guidelines,Applies unless the property is an affordable housing unit whose rent or income limits are set by programme guidelines. State algorithm rules apply too; both are listed here.
A0262,San Diego,r-0055,unknown,False,Not deed-restricted or subsidised affordable housing (Section 8 vouchers do not count) | Not a unit where the tenant shares a bath or kitchen with the owner | Once the tenancy has lasted more than 30 days,Unknown: needs year built. The rule covers buildings with a certificate of occupancy at least 15 years old.
A0262,San Diego,r-0056,applies,False,,"Applies: 18 units, above the coverage threshold. State screening rules apply too; both are listed here."
A0263,Berkeley,r-0001,applies,True,Not an affordable housing unit whose rent or income limits are set by programme guidelines,Applies unless the property is an affordable housing unit whose rent or income limits are set by programme guidelines. Open question: two published effective dates (1 March 2026 in the ordinance text; January 2026 in an August 2026 law firm alert). Flagged for human review. State algorithm rules apply too; both are listed here.
A0263,Berkeley,r-0002,applies,False,,Applies to all residential rentals in Berkeley. State fee rules apply; Berkeley adds stricter local limits.
A0263,Berkeley,r-0003,applies,False,,Applies to all residential rentals in Berkeley. State fee rules apply; Berkeley adds stricter local limits.
A0263,Berkeley,r-0004,applies,False,Not a nonprofit cooperative | Not a unit where the tenant shares a kitchen or bath with the landlord,"Applies unless the property is a nonprofit cooperative or a unit where the tenant shares a kitchen or bath with the landlord. Apartments per the assessor; at least 5 units per the assessor description, so the exemption for an owner-occupied duplex (a 'golden duplex') cannot apply."
A0263,Berkeley,r-0005,unknown,False,Not a nonprofit cooperative | Not a unit where the owner shares a kitchen or bath with the tenant,Unknown: needs year built. The rule covers multifamily buildings built before 1980.
A0263,Berkeley,r-0006,applies,False,Not public housing or a Section 8 property | Not a unit let under an agreement that lets the owner move back in | Not a unit where an existing tenant is subletting or adding a roommate,"Applies unless the property is public housing or a Section 8 property; a unit let under an agreement that lets the owner move back in; or a unit where an existing tenant is subletting or adding a roommate. At least 5 units per the assessor description, so the exemption for an owner-occupied building with one to three units cannot apply. State screening rules apply too; both are listed here."
A0263,Berkeley,r-0007,applies,False,Not a unit where the owner shares a kitchen or bath with the tenant | Not a nonprofit cooperative,"Applies unless the property is a unit where the owner shares a kitchen or bath with the tenant or a nonprofit cooperative. At least 5 units per the assessor description, so the exemption for an owner-occupied duplex (a 'golden duplex') cannot apply; at least 5 units per the assessor description, so the exemption for an owner-occupied property with an accessory dwelling unit cannot apply. State deposit rules apply too; both are listed here."
A0263,Berkeley,r-0013,applies,False,,Applies to all residential rentals in California.
A0263,Berkeley,r-0014,applies,False,,Applies to all residential rentals in California.
A0263,Berkeley,r-0015,superseded,False,Not a unit where the tenant shares a bathroom or kitchen with the owner-occupant | Not deed-restricted affordable housing | Once the tenant has lived in the unit for 12 months,Governed instead by Berkeley just cause eviction rules as amended by Measure BB; the stricter local rule applies here.
A0263,Berkeley,r-0016,unknown,False,Not deed-restricted or subsidised affordable housing,Unknown: needs year built. Exemption that depends on it: a building with a certificate of occupancy issued within the last 15 years.
A0263,Berkeley,r-0017,applies,False,,Applies to all residential rentals in California.
A0263,Berkeley,r-0018,applies,False,,"Applies: at least 5 units per the assessor description, above the coverage threshold."
A0263,Berkeley,r-0019,applies,False,Once the deposit was collected on or after 1 Jul 2024,Applies to all residential rentals in California. Protection begins once the deposit was collected on or after 1 Jul 2024.
A0264,Newark,r-0044,not_yet_effective,False,,Not yet in force: takes effect 1 Jul 2027.
A0264,Newark,r-0045,unknown,False,Not let through a licensed real estate agent who is not the landlord,Unknown: needs the building type. Exemption that depends on it: a one-family or two-family dwelling.
A0264,Newark,r-0046,unknown,False,"Not a hotel, motel or guest house let to transient or seasonal guests",Unknown: needs owner identity. Exemption that depends on it: an owner-occupied building with two or fewer rental units.
A0264,Newark,r-0047,unknown,False,"Not a hotel, motel or seasonal rental",Unknown: needs owner identity. Exemption that depends on it: an owner-occupied two- or three-family dwelling.
A0264,Newark,r-0049,unknown,False,,Unknown: needs the unit count. Exemption that depends on it: an owner-occupied two-family dwelling.
A0264,Newark,r-0050,unknown,False,,Unknown: needs owner identity. Exemption that depends on it: an owner-occupied building with four or fewer units.
A0264,Newark,r-0051,unknown,False,Not a seasonal rental of 125 days or less,Unknown: needs owner identity. Exemption that depends on it: an owner-occupied building with two or fewer rental units.
A0264,Newark,r-0052,unknown,False,Not a hotel or motel let day to day to transients | Not public housing or a unit whose rent a government agency regulates,Unknown: needs year built. Exemption that depends on it: a newly built multiple dwelling still within its exemption period (at most 30 years).
A0264,Newark,r-0053,unknown,False,Not housing designated for a programme for people with criminal records,Unknown: needs the unit count. Exemption that depends on it: an owner-occupied two-family dwelling or a room in an owner-occupied home.
A0265,Jersey City,r-0026,applies,True,"Not an inpatient medical, licensed long-term care or detention facility","Applies unless the property is an inpatient medical, licensed long-term care or detention facility. Possible preemption: from 1 July 2027 the NJ FAIR Act may preempt the Hoboken and Jersey City algorithmic rent ordinances. Flagged for human review; not decided here."
A0265,Jersey City,r-0027,unknown,False,,"Unknown: needs the unit count. The rule covers buildings with five or more units. The assessor building code '3S-B-A-13U-H' suggests 13 units (derived, unconfirmed)."
A0265,Jersey City,r-0044,not_yet_effective,True,,Not yet in force: takes effect 1 Jul 2027. Possible preemption: from 1 July 2027 the NJ FAIR Act may preempt the Hoboken and Jersey City algorithmic rent ordinances. Flagged for human review; not decided here.
A0265,Jersey City,r-0045,unknown,False,Not let through a licensed real estate agent who is not the landlord,Unknown: needs the building type. Exemption that depends on it: a one-family or two-family dwelling.
A0265,Jersey City,r-0046,unknown,False,"Not a hotel, motel or guest house let to transient or seasonal guests",Unknown: needs owner identity. Exemption that depends on it: an owner-occupied building with two or fewer rental units.
A0265,Jersey City,r-0047,unknown,False,"Not a hotel, motel or seasonal rental",Unknown: needs owner identity. Exemption that depends on it: an owner-occupied two- or three-family dwelling.
A0265,Jersey City,r-0049,unknown,False,,"Unknown: needs the unit count. Exemption that depends on it: an owner-occupied two-family dwelling. The assessor building code '3S-B-A-13U-H' suggests 13 units (derived, unconfirmed)."
A0265,Jersey City,r-0050,unknown,False,,Unknown: needs owner identity. Exemption that depends on it: an owner-occupied building with four or fewer units.
A0265,Jersey City,r-0051,unknown,False,Not a seasonal rental of 125 days or less,Unknown: needs owner identity. Exemption that depends on it: an owner-occupied building with two or fewer rental units.
A0266,Jersey City,r-0026,applies,True,"Not an inpatient medical, licensed long-term care or detention facility","Applies unless the property is an inpatient medical, licensed long-term care or detention facility. Possible preemption: from 1 July 2027 the NJ FAIR Act may preempt the Hoboken and Jersey City algorithmic rent ordinances. Flagged for human review; not decided here."
A0266,Jersey City,r-0027,unknown,False,,"Unknown: needs the unit count. The rule covers buildings with five or more units. The assessor building code '4S-B-D-8U-NH' suggests 8 units (derived, unconfirmed)."
A0266,Jersey City,r-0044,not_yet_effective,True,,Not yet in force: takes effect 1 Jul 2027. Possible preemption: from 1 July 2027 the NJ FAIR Act may preempt the Hoboken and Jersey City algorithmic rent ordinances. Flagged for human review; not decided here.
A0266,Jersey City,r-0045,unknown,False,Not let through a licensed real estate agent who is not the landlord,Unknown: needs the building type. Exemption that depends on it: a one-family or two-family dwelling.
A0266,Jersey City,r-0046,unknown,False,"Not a hotel, motel or guest house let to transient or seasonal guests",Unknown: needs owner identity. Exemption that depends on it: an owner-occupied building with two or fewer rental units.
A0266,Jersey City,r-0047,unknown,False,"Not a hotel, motel or seasonal rental",Unknown: needs owner identity. Exemption that depends on it: an owner-occupied two- or three-family dwelling.
A0266,Jersey City,r-0049,unknown,False,,"Unknown: needs the unit count. Exemption that depends on it: an owner-occupied two-family dwelling. The assessor building code '4S-B-D-8U-NH' suggests 8 units (derived, unconfirmed)."
A0266,Jersey City,r-0050,unknown,False,,Unknown: needs owner identity. Exemption that depends on it: an owner-occupied building with four or fewer units.
A0266,Jersey City,r-0051,unknown,False,Not a seasonal rental of 125 days or less,Unknown: needs owner identity. Exemption that depends on it: an owner-occupied building with two or fewer rental units.
A0267,Los Angeles,r-0013,applies,False,,Applies to all residential rentals in California.
A0267,Los Angeles,r-0014,applies,False,,Applies to all residential rentals in California.
A0267,Los Angeles,r-0015,superseded,False,Not a unit where the tenant shares a bathroom or kitchen with the owner-occupant | Not deed-restricted affordable housing | Once the tenant has lived in the unit for 12 months,"Governed instead by Los Angeles Just Cause for Eviction Ordinance (JCO) and Relocation assistance for no-fault evictions under the RSO and JCO; together they cover every residential unit, so a local rule applies whatever the year built."
A0267,Los Angeles,r-0016,unknown,False,Not deed-restricted or subsidised affordable housing,Unknown: needs year built. Exemption that depends on it: a building with a certificate of occupancy issued within the last 15 years.
A0267,Los Angeles,r-0017,applies,False,,Applies to all residential rentals in California.
A0267,Los Angeles,r-0018,applies,False,,"Applies: at least 5 units per the assessor description, above the coverage threshold."
A0267,Los Angeles,r-0019,applies,False,Once the deposit was collected on or after 1 Jul 2024,Applies to all residential rentals in California. Protection begins once the deposit was collected on or after 1 Jul 2024.
A0267,Los Angeles,r-0028,unknown,False,"Not a cooperative, nonprofit homeless facility or short-term treatment facility | Once the tenant has lived in the unit for six months or the first lease has ended",Unknown: needs year built. The rule covers residential units not covered by the Rent Stabilization Ordinance (certificate of occupancy after 1 Oct 1978).
A0267,Los Angeles,r-0029,unknown,False,Not a housing authority or government-owned property,Unknown: needs year built. The rule covers rental units first built on or before 1 Oct 1978.
A0267,Los Angeles,r-0030,unknown,True,"Not government-owned or regulated housing, or affordable housing with a recorded covenant",Unknown: needs year built. The rule covers rental properties first built on or before 1 Oct 1978. Open question: two published effective dates for the new formula (2 February 2026 per LAHD; 24 January 2026 per a landlord association). Flagged for human review.
A0267,Los Angeles,r-0031,applies,False,,Applies to all residential rentals in Los Angeles. State screening rules apply too; both are listed here.
A0267,Los Angeles,r-0032,unknown,False,Once the deposit has been held for at least one year,Unknown: needs year built. The rule covers rent-stabilised units (first built on or before 1 Oct 1978).
A0268,San Francisco,r-0013,applies,False,,Applies to all residential rentals in California.
A0268,San Francisco,r-0014,applies,False,,Applies to all residential rentals in California.
A0268,San Francisco,r-0015,superseded,False,Not a unit where the tenant shares a bathroom or kitchen with the owner-occupant | Not deed-restricted affordable housing | Once the tenant has lived in the unit for 12 months,Governed instead by San Francisco Rent Ordinance just cause eviction (S.F. Admin. Code § 37.9(a)); the stricter local rule applies here.
A0268,San Francisco,r-0016,superseded,False,Not deed-restricted or subsidised affordable housing,Governed instead by San Francisco annual allowable rent increase (3/1/2026–2/28/2027); the stricter local rule applies here.
A0268,San Francisco,r-0017,applies,False,,Applies to all residential rentals in California.
A0268,San Francisco,r-0018,applies,False,,"Applies: 7 units, above the coverage threshold."
A0268,San Francisco,r-0019,applies,False,Once the deposit was collected on or after 1 Jul 2024,Applies to all residential rentals in California. Protection begins once the deposit was collected on or after 1 Jul 2024.
A0268,San Francisco,r-0057,applies,False,,Applies to all residential rentals in San Francisco. State algorithm rules apply too; both are listed here.
A0268,San Francisco,r-0058,applies,False,,Applies to all residential rentals in San Francisco. Statutory exemptions for certain owner-occupied shared units and institutional housing cannot be checked from county data.
A0268,San Francisco,r-0059,applies,False,,"Applies: built 1914, before the 13 Jun 1979 certificate of occupancy cutoff."
A0268,San Francisco,r-0060,unknown,False,,Unknown: needs affordable housing status. The rule covers affordable housing.
A0268,San Francisco,r-0061,applies,False,,Applies to all residential rentals in San Francisco. State deposit rules apply too; both are listed here.
A0269,Hoboken,r-0023,applies,True,"Not a medical, long-term care or detention facility","Applies unless the property is a medical, long-term care or detention facility. Possible preemption: from 1 July 2027 the NJ FAIR Act may preempt the Hoboken and Jersey City algorithmic rent ordinances. Flagged for human review; not decided here."
A0269,Hoboken,r-0024,applies,False,,Applies to all residential rentals in Hoboken.
A0269,Hoboken,r-0025,unknown,False,"Not a hotel, motel, commercial or industrial unit, or institutional student housing","Unknown: needs year built. The rule covers buildings built on or before 25 Jun 1987, or newer buildings whose exemption period (at most 30 years) has ended."
A0269,Hoboken,r-0044,not_yet_effective,True,,Not yet in force: takes effect 1 Jul 2027. Possible preemption: from 1 July 2027 the NJ FAIR Act may preempt the Hoboken and Jersey City algorithmic rent ordinances. Flagged for human review; not decided here.
A0269,Hoboken,r-0045,unknown,False,Not let through a licensed real estate agent who is not the landlord,Unknown: needs the building type. Exemption that depends on it: a one-family or two-family dwelling.
A0269,Hoboken,r-0046,unknown,False,"Not a hotel, motel or guest house let to transient or seasonal guests",Unknown: needs owner identity. Exemption that depends on it: an owner-occupied building with two or fewer rental units.
A0269,Hoboken,r-0047,unknown,False,"Not a hotel, motel or seasonal rental",Unknown: needs owner identity. Exemption that depends on it: an owner-occupied two- or three-family dwelling.
A0269,Hoboken,r-0049,unknown,False,,"Unknown: needs the unit count. Exemption that depends on it: an owner-occupied two-family dwelling. The assessor building code '5B-14U' suggests 14 units (derived, unconfirmed)."
A0269,Hoboken,r-0050,unknown,False,,Unknown: needs owner identity. Exemption that depends on it: an owner-occupied building with four or fewer units.
A0269,Hoboken,r-0051,unknown,False,Not a seasonal rental of 125 days or less,Unknown: needs owner identity. Exemption that depends on it: an owner-occupied building with two or fewer rental units.
A0270,Jersey City,r-0026,applies,True,"Not an inpatient medical, licensed long-term care or detention facility","Applies unless the property is an inpatient medical, licensed long-term care or detention facility. Possible preemption: from 1 July 2027 the NJ FAIR Act may preempt the Hoboken and Jersey City algorithmic rent ordinances. Flagged for human review; not decided here."
A0270,Jersey City,r-0027,unknown,False,,"Unknown: needs the unit count. The rule covers buildings with five or more units. The assessor building code '4S-B-8U-H' suggests 8 units (derived, unconfirmed)."
A0270,Jersey City,r-0044,not_yet_effective,True,,Not yet in force: takes effect 1 Jul 2027. Possible preemption: from 1 July 2027 the NJ FAIR Act may preempt the Hoboken and Jersey City algorithmic rent ordinances. Flagged for human review; not decided here.
A0270,Jersey City,r-0045,unknown,False,Not let through a licensed real estate agent who is not the landlord,Unknown: needs the building type. Exemption that depends on it: a one-family or two-family dwelling.
A0270,Jersey City,r-0046,unknown,False,"Not a hotel, motel or guest house let to transient or seasonal guests",Unknown: needs owner identity. Exemption that depends on it: an owner-occupied building with two or fewer rental units.
A0270,Jersey City,r-0047,unknown,False,"Not a hotel, motel or seasonal rental",Unknown: needs owner identity. Exemption that depends on it: an owner-occupied two- or three-family dwelling.
A0270,Jersey City,r-0049,unknown,False,,"Unknown: needs the unit count. Exemption that depends on it: an owner-occupied two-family dwelling. The assessor building code '4S-B-8U-H' suggests 8 units (derived, unconfirmed)."
A0270,Jersey City,r-0050,unknown,False,,Unknown: needs owner identity. Exemption that depends on it: an owner-occupied building with four or fewer units.
A0270,Jersey City,r-0051,unknown,False,Not a seasonal rental of 125 days or less,Unknown: needs owner identity. Exemption that depends on it: an owner-occupied building with two or fewer rental units.
A0271,San Francisco,r-0013,applies,False,,Applies to all residential rentals in California.
A0271,San Francisco,r-0014,applies,False,,Applies to all residential rentals in California.
A0271,San Francisco,r-0015,superseded,False,Not a unit where the tenant shares a bathroom or kitchen with the owner-occupant | Not deed-restricted affordable housing | Once the tenant has lived in the unit for 12 months,Governed instead by San Francisco Rent Ordinance just cause eviction (S.F. Admin. Code § 37.9(a)); the stricter local rule applies here.
A0271,San Francisco,r-0016,superseded,False,Not deed-restricted or subsidised affordable housing,Governed instead by San Francisco annual allowable rent increase (3/1/2026–2/28/2027); the stricter local rule applies here.
A0271,San Francisco,r-0017,applies,False,,Applies to all residential rentals in California.
A0271,San Francisco,r-0018,applies,False,,"Applies: 13 units, above the coverage threshold."
A0271,San Francisco,r-0019,applies,False,Once the deposit was collected on or after 1 Jul 2024,Applies to all residential rentals in California. Protection begins once the deposit was collected on or after 1 Jul 2024.
A0271,San Francisco,r-0057,applies,False,,Applies to all residential rentals in San Francisco. State algorithm rules apply too; both are listed here.
A0271,San Francisco,r-0058,applies,False,,Applies to all residential rentals in San Francisco. Statutory exemptions for certain owner-occupied shared units and institutional housing cannot be checked from county data.
A0271,San Francisco,r-0059,applies,False,,"Applies: built 1928, before the 13 Jun 1979 certificate of occupancy cutoff."
A0271,San Francisco,r-0060,unknown,False,,Unknown: needs affordable housing status. The rule covers affordable housing.
A0271,San Francisco,r-0061,applies,False,,Applies to all residential rentals in San Francisco. State deposit rules apply too; both are listed here.
A0272,Cambridge,r-0020,pending,False,,"Bill, not law: a pending bill or proposal, not yet enacted."
A0272,Cambridge,r-0021,applies,False,,Applies: apartments per the assessor.
A0272,Cambridge,r-0022,applies,False,,"Applies: 6 units, so the exemption for an owner-occupied two-family dwelling cannot apply. State screening rules apply too; both are listed here."
A0272,Cambridge,r-0033,pending,False,,"Bill, not law: a pending bill or proposal, not yet enacted."
A0272,Cambridge,r-0034,pending,False,,"Bill, not law: a pending bill or proposal, not yet enacted."
A0272,Cambridge,r-0035,applies,False,,Applies to all residential rentals in Massachusetts.
A0272,Cambridge,r-0036,applies,False,,Applies: apartments per the assessor.
A0272,Cambridge,r-0041,applies,False,,Applies to all residential rentals in Massachusetts.
A0272,Cambridge,r-0042,applies,False,,Applies to all residential rentals in Massachusetts.
A0272,Cambridge,r-0043,applies,False,,Applies: apartments per the assessor.
A0273,San Diego,r-0013,applies,False,,Applies to all residential rentals in California.
A0273,San Diego,r-0014,applies,False,,Applies to all residential rentals in California.
A0273,San Diego,r-0015,superseded,False,Not a unit where the tenant shares a bathroom or kitchen with the owner-occupant | Not deed-restricted affordable housing | Once the tenant has lived in the unit for 12 months,"Governed instead by San Diego Residential Tenant Protections (just cause for termination of tenancy); it shares the same coverage condition, so wherever this rule applies the stricter local rule governs."
A0273,San Diego,r-0016,unknown,False,Not deed-restricted or subsidised affordable housing,Unknown: needs year built. Exemption that depends on it: a building with a certificate of occupancy issued within the last 15 years.
A0273,San Diego,r-0017,applies,False,,Applies to all residential rentals in California.
A0273,San Diego,r-0018,applies,False,,"Applies: 10 units, above the coverage threshold."
A0273,San Diego,r-0019,applies,False,Once the deposit was collected on or after 1 Jul 2024,Applies to all residential rentals in California. Protection begins once the deposit was collected on or after 1 Jul 2024.
A0273,San Diego,r-0054,applies,False,Not an affordable housing unit whose rent or income limits are set by programme guidelines,Applies unless the property is an affordable housing unit whose rent or income limits are set by programme guidelines. State algorithm rules apply too; both are listed here.
A0273,San Diego,r-0055,unknown,False,Not deed-restricted or subsidised affordable housing (Section 8 vouchers do not count) | Not a unit where the tenant shares a bath or kitchen with the owner | Once the tenancy has lasted more than 30 days,Unknown: needs year built. The rule covers buildings with a certificate of occupancy at least 15 years old.
A0273,San Diego,r-0056,applies,False,,"Applies: 10 units, above the coverage threshold. State screening rules apply too; both are listed here."
A0274,San Diego,r-0013,applies,False,,Applies to all residential rentals in California.
A0274,San Diego,r-0014,applies,False,,Applies to all residential rentals in California.
A0274,San Diego,r-0015,superseded,False,Not a unit where the tenant shares a bathroom or kitchen with the owner-occupant | Not deed-restricted affordable housing | Once the tenant has lived in the unit for 12 months,"Governed instead by San Diego Residential Tenant Protections (just cause for termination of tenancy); it shares the same coverage condition, so wherever this rule applies the stricter local rule governs."
A0274,San Diego,r-0016,unknown,False,Not deed-restricted or subsidised affordable housing,Unknown: needs year built. Exemption that depends on it: a building with a certificate of occupancy issued within the last 15 years.
A0274,San Diego,r-0017,applies,False,,Applies to all residential rentals in California.
A0274,San Diego,r-0018,applies,False,,"Applies: 6 units, above the coverage threshold."
A0274,San Diego,r-0019,applies,False,Once the deposit was collected on or after 1 Jul 2024,Applies to all residential rentals in California. Protection begins once the deposit was collected on or after 1 Jul 2024.
A0274,San Diego,r-0054,applies,False,Not an affordable housing unit whose rent or income limits are set by programme guidelines,Applies unless the property is an affordable housing unit whose rent or income limits are set by programme guidelines. State algorithm rules apply too; both are listed here.
A0274,San Diego,r-0055,unknown,False,Not deed-restricted or subsidised affordable housing (Section 8 vouchers do not count) | Not a unit where the tenant shares a bath or kitchen with the owner | Once the tenancy has lasted more than 30 days,Unknown: needs year built. The rule covers buildings with a certificate of occupancy at least 15 years old.
A0274,San Diego,r-0056,applies,False,,"Applies: 6 units, above the coverage threshold. State screening rules apply too; both are listed here."
A0275,San Diego,r-0013,applies,False,,Applies to all residential rentals in California.
A0275,San Diego,r-0014,applies,False,,Applies to all residential rentals in California.
A0275,San Diego,r-0015,superseded,False,Not a unit where the tenant shares a bathroom or kitchen with the owner-occupant | Not deed-restricted affordable housing | Once the tenant has lived in the unit for 12 months,"Governed instead by San Diego Residential Tenant Protections (just cause for termination of tenancy); it shares the same coverage condition, so wherever this rule applies the stricter local rule governs."
A0275,San Diego,r-0016,unknown,False,Not deed-restricted or subsidised affordable housing,Unknown: needs year built. Exemption that depends on it: a building with a certificate of occupancy issued within the last 15 years.
A0275,San Diego,r-0017,applies,False,,Applies to all residential rentals in California.
A0275,San Diego,r-0018,applies,False,,"Applies: 7 units, above the coverage threshold."
A0275,San Diego,r-0019,applies,False,Once the deposit was collected on or after 1 Jul 2024,Applies to all residential rentals in California. Protection begins once the deposit was collected on or after 1 Jul 2024.
A0275,San Diego,r-0054,applies,False,Not an affordable housing unit whose rent or income limits are set by programme guidelines,Applies unless the property is an affordable housing unit whose rent or income limits are set by programme guidelines. State algorithm rules apply too; both are listed here.
A0275,San Diego,r-0055,unknown,False,Not deed-restricted or subsidised affordable housing (Section 8 vouchers do not count) | Not a unit where the tenant shares a bath or kitchen with the owner | Once the tenancy has lasted more than 30 days,Unknown: needs year built. The rule covers buildings with a certificate of occupancy at least 15 years old.
A0275,San Diego,r-0056,applies,False,,"Applies: 7 units, above the coverage threshold. State screening rules apply too; both are listed here."
A0276,San Diego,r-0013,applies,False,,Applies to all residential rentals in California.
A0276,San Diego,r-0014,applies,False,,Applies to all residential rentals in California.
A0276,San Diego,r-0015,superseded,False,Not a unit where the tenant shares a bathroom or kitchen with the owner-occupant | Not deed-restricted affordable housing | Once the tenant has lived in the unit for 12 months,"Governed instead by San Diego Residential Tenant Protections (just cause for termination of tenancy); it shares the same coverage condition, so wherever this rule applies the stricter local rule governs."
A0276,San Diego,r-0016,unknown,False,Not deed-restricted or subsidised affordable housing,Unknown: needs year built. Exemption that depends on it: a building with a certificate of occupancy issued within the last 15 years.
A0276,San Diego,r-0017,applies,False,,Applies to all residential rentals in California.
A0276,San Diego,r-0018,applies,False,,"Applies: 6 units, above the coverage threshold."
A0276,San Diego,r-0019,applies,False,Once the deposit was collected on or after 1 Jul 2024,Applies to all residential rentals in California. Protection begins once the deposit was collected on or after 1 Jul 2024.
A0276,San Diego,r-0054,applies,False,Not an affordable housing unit whose rent or income limits are set by programme guidelines,Applies unless the property is an affordable housing unit whose rent or income limits are set by programme guidelines. State algorithm rules apply too; both are listed here.
A0276,San Diego,r-0055,unknown,False,Not deed-restricted or subsidised affordable housing (Section 8 vouchers do not count) | Not a unit where the tenant shares a bath or kitchen with the owner | Once the tenancy has lasted more than 30 days,Unknown: needs year built. The rule covers buildings with a certificate of occupancy at least 15 years old.
A0276,San Diego,r-0056,applies,False,,"Applies: 6 units, above the coverage threshold. State screening rules apply too; both are listed here."
A0277,Berkeley,r-0001,applies,True,Not an affordable housing unit whose rent or income limits are set by programme guidelines,Applies unless the property is an affordable housing unit whose rent or income limits are set by programme guidelines. Open question: two published effective dates (1 March 2026 in the ordinance text; January 2026 in an August 2026 law firm alert). Flagged for human review. State algorithm rules apply too; both are listed here.
A0277,Berkeley,r-0002,applies,False,,Applies to all residential rentals in Berkeley. State fee rules apply; Berkeley adds stricter local limits.
A0277,Berkeley,r-0003,applies,False,,Applies to all residential rentals in Berkeley. State fee rules apply; Berkeley adds stricter local limits.
A0277,Berkeley,r-0004,applies,False,Not a nonprofit cooperative | Not a unit where the tenant shares a kitchen or bath with the landlord,"Applies unless the property is a nonprofit cooperative or a unit where the tenant shares a kitchen or bath with the landlord. Apartments per the assessor; at least 5 units per the assessor description, so the exemption for an owner-occupied duplex (a 'golden duplex') cannot apply."
A0277,Berkeley,r-0005,unknown,False,Not a nonprofit cooperative | Not a unit where the owner shares a kitchen or bath with the tenant,Unknown: needs year built. The rule covers multifamily buildings built before 1980.
A0277,Berkeley,r-0006,applies,False,Not public housing or a Section 8 property | Not a unit let under an agreement that lets the owner move back in | Not a unit where an existing tenant is subletting or adding a roommate,"Applies unless the property is public housing or a Section 8 property; a unit let under an agreement that lets the owner move back in; or a unit where an existing tenant is subletting or adding a roommate. At least 5 units per the assessor description, so the exemption for an owner-occupied building with one to three units cannot apply. State screening rules apply too; both are listed here."
A0277,Berkeley,r-0007,applies,False,Not a unit where the owner shares a kitchen or bath with the tenant | Not a nonprofit cooperative,"Applies unless the property is a unit where the owner shares a kitchen or bath with the tenant or a nonprofit cooperative. At least 5 units per the assessor description, so the exemption for an owner-occupied duplex (a 'golden duplex') cannot apply; at least 5 units per the assessor description, so the exemption for an owner-occupied property with an accessory dwelling unit cannot apply. State deposit rules apply too; both are listed here."
A0277,Berkeley,r-0013,applies,False,,Applies to all residential rentals in California.
A0277,Berkeley,r-0014,applies,False,,Applies to all residential rentals in California.
A0277,Berkeley,r-0015,superseded,False,Not a unit where the tenant shares a bathroom or kitchen with the owner-occupant | Not deed-restricted affordable housing | Once the tenant has lived in the unit for 12 months,Governed instead by Berkeley just cause eviction rules as amended by Measure BB; the stricter local rule applies here.
A0277,Berkeley,r-0016,unknown,False,Not deed-restricted or subsidised affordable housing,Unknown: needs year built. Exemption that depends on it: a building with a certificate of occupancy issued within the last 15 years.
A0277,Berkeley,r-0017,applies,False,,Applies to all residential rentals in California.
A0277,Berkeley,r-0018,applies,False,,"Applies: at least 5 units per the assessor description, above the coverage threshold."
A0277,Berkeley,r-0019,applies,False,Once the deposit was collected on or after 1 Jul 2024,Applies to all residential rentals in California. Protection begins once the deposit was collected on or after 1 Jul 2024.
A0278,San Francisco,r-0013,applies,False,,Applies to all residential rentals in California.
A0278,San Francisco,r-0014,applies,False,,Applies to all residential rentals in California.
A0278,San Francisco,r-0015,superseded,False,Not a unit where the tenant shares a bathroom or kitchen with the owner-occupant | Not deed-restricted affordable housing | Once the tenant has lived in the unit for 12 months,Governed instead by San Francisco Rent Ordinance just cause eviction (S.F. Admin. Code § 37.9(a)); the stricter local rule applies here.
A0278,San Francisco,r-0016,superseded,False,Not deed-restricted or subsidised affordable housing,Governed instead by San Francisco annual allowable rent increase (3/1/2026–2/28/2027); the stricter local rule applies here.
A0278,San Francisco,r-0017,applies,False,,Applies to all residential rentals in California.
A0278,San Francisco,r-0018,applies,False,,"Applies: 17 units, above the coverage threshold."
A0278,San Francisco,r-0019,applies,False,Once the deposit was collected on or after 1 Jul 2024,Applies to all residential rentals in California. Protection begins once the deposit was collected on or after 1 Jul 2024.
A0278,San Francisco,r-0057,applies,False,,Applies to all residential rentals in San Francisco. State algorithm rules apply too; both are listed here.
A0278,San Francisco,r-0058,applies,False,,Applies to all residential rentals in San Francisco. Statutory exemptions for certain owner-occupied shared units and institutional housing cannot be checked from county data.
A0278,San Francisco,r-0059,applies,False,,"Applies: built 1919, before the 13 Jun 1979 certificate of occupancy cutoff."
A0278,San Francisco,r-0060,unknown,False,,Unknown: needs affordable housing status. The rule covers affordable housing.
A0278,San Francisco,r-0061,applies,False,,Applies to all residential rentals in San Francisco. State deposit rules apply too; both are listed here.
A0279,Jersey City,r-0026,applies,True,"Not an inpatient medical, licensed long-term care or detention facility","Applies unless the property is an inpatient medical, licensed long-term care or detention facility. Possible preemption: from 1 July 2027 the NJ FAIR Act may preempt the Hoboken and Jersey City algorithmic rent ordinances. Flagged for human review; not decided here."
A0279,Jersey City,r-0027,unknown,False,,"Unknown: needs the unit count. The rule covers buildings with five or more units. The assessor building code '4S-B-A-17U' suggests 17 units (derived, unconfirmed)."
A0279,Jersey City,r-0044,not_yet_effective,True,,Not yet in force: takes effect 1 Jul 2027. Possible preemption: from 1 July 2027 the NJ FAIR Act may preempt the Hoboken and Jersey City algorithmic rent ordinances. Flagged for human review; not decided here.
A0279,Jersey City,r-0045,unknown,False,Not let through a licensed real estate agent who is not the landlord,Unknown: needs the building type. Exemption that depends on it: a one-family or two-family dwelling.
A0279,Jersey City,r-0046,unknown,False,"Not a hotel, motel or guest house let to transient or seasonal guests",Unknown: needs owner identity. Exemption that depends on it: an owner-occupied building with two or fewer rental units.
A0279,Jersey City,r-0047,unknown,False,"Not a hotel, motel or seasonal rental",Unknown: needs owner identity. Exemption that depends on it: an owner-occupied two- or three-family dwelling.
A0279,Jersey City,r-0049,unknown,False,,"Unknown: needs the unit count. Exemption that depends on it: an owner-occupied two-family dwelling. The assessor building code '4S-B-A-17U' suggests 17 units (derived, unconfirmed)."
A0279,Jersey City,r-0050,unknown,False,,Unknown: needs owner identity. Exemption that depends on it: an owner-occupied building with four or fewer units.
A0279,Jersey City,r-0051,unknown,False,Not a seasonal rental of 125 days or less,Unknown: needs owner identity. Exemption that depends on it: an owner-occupied building with two or fewer rental units.
A0280,San Francisco,r-0013,applies,False,,Applies to all residential rentals in California.
A0280,San Francisco,r-0014,applies,False,,Applies to all residential rentals in California.
A0280,San Francisco,r-0015,superseded,False,Not a unit where the tenant shares a bathroom or kitchen with the owner-occupant | Not deed-restricted affordable housing | Once the tenant has lived in the unit for 12 months,Governed instead by San Francisco Rent Ordinance just cause eviction (S.F. Admin. Code § 37.9(a)); the stricter local rule applies here.
A0280,San Francisco,r-0016,superseded,False,Not deed-restricted or subsidised affordable housing,Governed instead by San Francisco annual allowable rent increase (3/1/2026–2/28/2027); the stricter local rule applies here.
A0280,San Francisco,r-0017,applies,False,,Applies to all residential rentals in California.
A0280,San Francisco,r-0018,applies,False,,"Applies: 6 units, above the coverage threshold."
A0280,San Francisco,r-0019,applies,False,Once the deposit was collected on or after 1 Jul 2024,Applies to all residential rentals in California. Protection begins once the deposit was collected on or after 1 Jul 2024.
A0280,San Francisco,r-0057,applies,False,,Applies to all residential rentals in San Francisco. State algorithm rules apply too; both are listed here.
A0280,San Francisco,r-0058,applies,False,,Applies to all residential rentals in San Francisco. Statutory exemptions for certain owner-occupied shared units and institutional housing cannot be checked from county data.
A0280,San Francisco,r-0059,applies,False,,"Applies: built 1971, before the 13 Jun 1979 certificate of occupancy cutoff."
A0280,San Francisco,r-0060,unknown,False,,Unknown: needs affordable housing status. The rule covers affordable housing.
A0280,San Francisco,r-0061,applies,False,,Applies to all residential rentals in San Francisco. State deposit rules apply too; both are listed here.
A0281,Los Angeles,r-0013,applies,False,,Applies to all residential rentals in California.
A0281,Los Angeles,r-0014,applies,False,,Applies to all residential rentals in California.
A0281,Los Angeles,r-0015,superseded,False,Not a unit where the tenant shares a bathroom or kitchen with the owner-occupant | Not deed-restricted affordable housing | Once the tenant has lived in the unit for 12 months,Governed instead by Relocation assistance for no-fault evictions under the RSO and JCO; the stricter local rule applies here.
A0281,Los Angeles,r-0016,superseded,False,Not deed-restricted or subsidised affordable housing,Governed instead by Los Angeles Rent Stabilization Ordinance (RSO) allowable rent increases; the stricter local rule applies here.
A0281,Los Angeles,r-0017,applies,False,,Applies to all residential rentals in California.
A0281,Los Angeles,r-0018,applies,False,,"Applies: 20 units, above the coverage threshold."
A0281,Los Angeles,r-0019,applies,False,Once the deposit was collected on or after 1 Jul 2024,Applies to all residential rentals in California. Protection begins once the deposit was collected on or after 1 Jul 2024.
A0281,Los Angeles,r-0028,unknown,False,"Not a cooperative, nonprofit homeless facility or short-term treatment facility | Once the tenant has lived in the unit for six months or the first lease has ended","Unknown: this building is under the RSO (built 1946), so the JCO applies only if the unit is exempt from the RSO; RSO exemption status is not in the data."
A0281,Los Angeles,r-0029,applies,False,Not a housing authority or government-owned property,"Applies unless the property is a housing authority or government-owned property. Apartments per the assessor; built 1946, before the 1 Oct 1978 certificate of occupancy cutoff."
A0281,Los Angeles,r-0030,applies,True,"Not government-owned or regulated housing, or affordable housing with a recorded covenant","Applies unless the property is government-owned or regulated housing, or affordable housing with a recorded covenant. Built 1946, before the 1 Oct 1978 certificate of occupancy cutoff; apartments per the assessor. Open question: two published effective dates for the new formula (2 February 2026 per LAHD; 24 January 2026 per a landlord association). Flagged for human review."
A0281,Los Angeles,r-0031,applies,False,,Applies to all residential rentals in Los Angeles. State screening rules apply too; both are listed here.
A0281,Los Angeles,r-0032,applies,False,Once the deposit has been held for at least one year,"Applies: built 1946, before the 1 Oct 1978 certificate of occupancy cutoff; apartments per the assessor. Protection begins once the deposit has been held for at least one year. State deposit rules apply too; both are listed here."
A0282,Berkeley,r-0001,applies,True,Not an affordable housing unit whose rent or income limits are set by programme guidelines,Applies unless the property is an affordable housing unit whose rent or income limits are set by programme guidelines. Open question: two published effective dates (1 March 2026 in the ordinance text; January 2026 in an August 2026 law firm alert). Flagged for human review. State algorithm rules apply too; both are listed here.
A0282,Berkeley,r-0002,applies,False,,Applies to all residential rentals in Berkeley. State fee rules apply; Berkeley adds stricter local limits.
A0282,Berkeley,r-0003,applies,False,,Applies to all residential rentals in Berkeley. State fee rules apply; Berkeley adds stricter local limits.
A0282,Berkeley,r-0004,applies,False,Not a nonprofit cooperative | Not a unit where the tenant shares a kitchen or bath with the landlord,"Applies unless the property is a nonprofit cooperative or a unit where the tenant shares a kitchen or bath with the landlord. Apartments per the assessor; at least 5 units per the assessor description, so the exemption for an owner-occupied duplex (a 'golden duplex') cannot apply."
A0282,Berkeley,r-0005,unknown,False,Not a nonprofit cooperative | Not a unit where the owner shares a kitchen or bath with the tenant,Unknown: needs year built. The rule covers multifamily buildings built before 1980.
A0282,Berkeley,r-0006,applies,False,Not public housing or a Section 8 property | Not a unit let under an agreement that lets the owner move back in | Not a unit where an existing tenant is subletting or adding a roommate,"Applies unless the property is public housing or a Section 8 property; a unit let under an agreement that lets the owner move back in; or a unit where an existing tenant is subletting or adding a roommate. At least 5 units per the assessor description, so the exemption for an owner-occupied building with one to three units cannot apply. State screening rules apply too; both are listed here."
A0282,Berkeley,r-0007,applies,False,Not a unit where the owner shares a kitchen or bath with the tenant | Not a nonprofit cooperative,"Applies unless the property is a unit where the owner shares a kitchen or bath with the tenant or a nonprofit cooperative. At least 5 units per the assessor description, so the exemption for an owner-occupied duplex (a 'golden duplex') cannot apply; at least 5 units per the assessor description, so the exemption for an owner-occupied property with an accessory dwelling unit cannot apply. State deposit rules apply too; both are listed here."
A0282,Berkeley,r-0013,applies,False,,Applies to all residential rentals in California.
A0282,Berkeley,r-0014,applies,False,,Applies to all residential rentals in California.
A0282,Berkeley,r-0015,superseded,False,Not a unit where the tenant shares a bathroom or kitchen with the owner-occupant | Not deed-restricted affordable housing | Once the tenant has lived in the unit for 12 months,Governed instead by Berkeley just cause eviction rules as amended by Measure BB; the stricter local rule applies here.
A0282,Berkeley,r-0016,unknown,False,Not deed-restricted or subsidised affordable housing,Unknown: needs year built. Exemption that depends on it: a building with a certificate of occupancy issued within the last 15 years.
A0282,Berkeley,r-0017,applies,False,,Applies to all residential rentals in California.
A0282,Berkeley,r-0018,applies,False,,"Applies: at least 5 units per the assessor description, above the coverage threshold."
A0282,Berkeley,r-0019,applies,False,Once the deposit was collected on or after 1 Jul 2024,Applies to all residential rentals in California. Protection begins once the deposit was collected on or after 1 Jul 2024.
A0283,San Francisco,r-0013,applies,False,,Applies to all residential rentals in California.
A0283,San Francisco,r-0014,applies,False,,Applies to all residential rentals in California.
A0283,San Francisco,r-0015,superseded,False,Not a unit where the tenant shares a bathroom or kitchen with the owner-occupant | Not deed-restricted affordable housing | Once the tenant has lived in the unit for 12 months,Governed instead by San Francisco Rent Ordinance just cause eviction (S.F. Admin. Code § 37.9(a)); the stricter local rule applies here.
A0283,San Francisco,r-0016,applies,False,Not deed-restricted or subsidised affordable housing,"Applies unless the property is deed-restricted or subsidised affordable housing. Built 1986, before the 15 year certificate of occupancy window (built before 2011); apartments per the assessor."
A0283,San Francisco,r-0017,applies,False,,Applies to all residential rentals in California.
A0283,San Francisco,r-0018,applies,False,,"Applies: 51 units, above the coverage threshold."
A0283,San Francisco,r-0019,applies,False,Once the deposit was collected on or after 1 Jul 2024,Applies to all residential rentals in California. Protection begins once the deposit was collected on or after 1 Jul 2024.
A0283,San Francisco,r-0057,applies,False,,Applies to all residential rentals in San Francisco. State algorithm rules apply too; both are listed here.
A0283,San Francisco,r-0058,applies,False,,Applies to all residential rentals in San Francisco. Statutory exemptions for certain owner-occupied shared units and institutional housing cannot be checked from county data.
A0283,San Francisco,r-0060,unknown,False,,Unknown: needs affordable housing status. The rule covers affordable housing.
A0283,San Francisco,r-0061,applies,False,,Applies to all residential rentals in San Francisco. State deposit rules apply too; both are listed here.
A0284,Cambridge,r-0020,pending,False,,"Bill, not law: a pending bill or proposal, not yet enacted."
A0284,Cambridge,r-0021,applies,False,,Applies: apartments per the assessor.
A0284,Cambridge,r-0022,applies,False,,"Applies: 9 units, so the exemption for an owner-occupied two-family dwelling cannot apply. State screening rules apply too; both are listed here."
A0284,Cambridge,r-0033,pending,False,,"Bill, not law: a pending bill or proposal, not yet enacted."
A0284,Cambridge,r-0034,pending,False,,"Bill, not law: a pending bill or proposal, not yet enacted."
A0284,Cambridge,r-0035,applies,False,,Applies to all residential rentals in Massachusetts.
A0284,Cambridge,r-0036,applies,False,,Applies: apartments per the assessor.
A0284,Cambridge,r-0041,applies,False,,Applies to all residential rentals in Massachusetts.
A0284,Cambridge,r-0042,applies,False,,Applies to all residential rentals in Massachusetts.
A0284,Cambridge,r-0043,applies,False,,Applies: apartments per the assessor.
A0285,Los Angeles,r-0013,applies,False,,Applies to all residential rentals in California.
A0285,Los Angeles,r-0014,applies,False,,Applies to all residential rentals in California.
A0285,Los Angeles,r-0015,superseded,False,Not a unit where the tenant shares a bathroom or kitchen with the owner-occupant | Not deed-restricted affordable housing | Once the tenant has lived in the unit for 12 months,"Governed instead by Los Angeles Just Cause for Eviction Ordinance (JCO) and Relocation assistance for no-fault evictions under the RSO and JCO; together they cover every residential unit, so a local rule applies whatever the year built."
A0285,Los Angeles,r-0016,unknown,False,Not deed-restricted or subsidised affordable housing,Unknown: needs year built. Exemption that depends on it: a building with a certificate of occupancy issued within the last 15 years.
A0285,Los Angeles,r-0017,applies,False,,Applies to all residential rentals in California.
A0285,Los Angeles,r-0018,applies,False,,"Applies: 8 units, above the coverage threshold."
A0285,Los Angeles,r-0019,applies,False,Once the deposit was collected on or after 1 Jul 2024,Applies to all residential rentals in California. Protection begins once the deposit was collected on or after 1 Jul 2024.
A0285,Los Angeles,r-0028,unknown,False,"Not a cooperative, nonprofit homeless facility or short-term treatment facility | Once the tenant has lived in the unit for six months or the first lease has ended",Unknown: needs year built. The rule covers residential units not covered by the Rent Stabilization Ordinance (certificate of occupancy after 1 Oct 1978).
A0285,Los Angeles,r-0029,unknown,False,Not a housing authority or government-owned property,Unknown: needs year built. The rule covers rental units first built on or before 1 Oct 1978.
A0285,Los Angeles,r-0030,unknown,True,"Not government-owned or regulated housing, or affordable housing with a recorded covenant",Unknown: needs year built. The rule covers rental properties first built on or before 1 Oct 1978. Open question: two published effective dates for the new formula (2 February 2026 per LAHD; 24 January 2026 per a landlord association). Flagged for human review.
A0285,Los Angeles,r-0031,applies,False,,Applies to all residential rentals in Los Angeles. State screening rules apply too; both are listed here.
A0285,Los Angeles,r-0032,unknown,False,Once the deposit has been held for at least one year,Unknown: needs year built. The rule covers rent-stabilised units (first built on or before 1 Oct 1978).
A0286,Cambridge,r-0020,pending,False,,"Bill, not law: a pending bill or proposal, not yet enacted."
A0286,Cambridge,r-0021,applies,False,,Applies: apartments per the assessor.
A0286,Cambridge,r-0022,applies,False,,"Applies: 29 units, so the exemption for an owner-occupied two-family dwelling cannot apply. State screening rules apply too; both are listed here."
A0286,Cambridge,r-0033,pending,False,,"Bill, not law: a pending bill or proposal, not yet enacted."
A0286,Cambridge,r-0034,pending,False,,"Bill, not law: a pending bill or proposal, not yet enacted."
A0286,Cambridge,r-0035,applies,False,,Applies to all residential rentals in Massachusetts.
A0286,Cambridge,r-0036,applies,False,,Applies: apartments per the assessor.
A0286,Cambridge,r-0041,applies,False,,Applies to all residential rentals in Massachusetts.
A0286,Cambridge,r-0042,applies,False,,Applies to all residential rentals in Massachusetts.
A0286,Cambridge,r-0043,applies,False,,Applies: apartments per the assessor.
A0287,Hoboken,r-0023,applies,True,"Not a medical, long-term care or detention facility","Applies unless the property is a medical, long-term care or detention facility. Possible preemption: from 1 July 2027 the NJ FAIR Act may preempt the Hoboken and Jersey City algorithmic rent ordinances. Flagged for human review; not decided here."
A0287,Hoboken,r-0024,applies,False,,Applies to all residential rentals in Hoboken.
A0287,Hoboken,r-0025,unknown,False,"Not a hotel, motel, commercial or industrial unit, or institutional student housing","Unknown: needs year built. The rule covers buildings built on or before 25 Jun 1987, or newer buildings whose exemption period (at most 30 years) has ended."
A0287,Hoboken,r-0044,not_yet_effective,True,,Not yet in force: takes effect 1 Jul 2027. Possible preemption: from 1 July 2027 the NJ FAIR Act may preempt the Hoboken and Jersey City algorithmic rent ordinances. Flagged for human review; not decided here.
A0287,Hoboken,r-0045,unknown,False,Not let through a licensed real estate agent who is not the landlord,Unknown: needs the building type. Exemption that depends on it: a one-family or two-family dwelling.
A0287,Hoboken,r-0046,unknown,False,"Not a hotel, motel or guest house let to transient or seasonal guests",Unknown: needs owner identity. Exemption that depends on it: an owner-occupied building with two or fewer rental units.
A0287,Hoboken,r-0047,unknown,False,"Not a hotel, motel or seasonal rental",Unknown: needs owner identity. Exemption that depends on it: an owner-occupied two- or three-family dwelling.
A0287,Hoboken,r-0049,unknown,False,,"Unknown: needs the unit count. Exemption that depends on it: an owner-occupied two-family dwelling. The assessor building code '4B-7U-H-BA' suggests 7 units (derived, unconfirmed)."
A0287,Hoboken,r-0050,unknown,False,,Unknown: needs owner identity. Exemption that depends on it: an owner-occupied building with four or fewer units.
A0287,Hoboken,r-0051,unknown,False,Not a seasonal rental of 125 days or less,Unknown: needs owner identity. Exemption that depends on it: an owner-occupied building with two or fewer rental units.
A0288,Jersey City,r-0026,applies,True,"Not an inpatient medical, licensed long-term care or detention facility","Applies unless the property is an inpatient medical, licensed long-term care or detention facility. Possible preemption: from 1 July 2027 the NJ FAIR Act may preempt the Hoboken and Jersey City algorithmic rent ordinances. Flagged for human review; not decided here."
A0288,Jersey City,r-0027,unknown,False,,"Unknown: needs the unit count. The rule covers buildings with five or more units. The assessor building code '3S-B-12U' suggests 12 units (derived, unconfirmed)."
A0288,Jersey City,r-0044,not_yet_effective,True,,Not yet in force: takes effect 1 Jul 2027. Possible preemption: from 1 July 2027 the NJ FAIR Act may preempt the Hoboken and Jersey City algorithmic rent ordinances. Flagged for human review; not decided here.
A0288,Jersey City,r-0045,unknown,False,Not let through a licensed real estate agent who is not the landlord,Unknown: needs the building type. Exemption that depends on it: a one-family or two-family dwelling.
A0288,Jersey City,r-0046,unknown,False,"Not a hotel, motel or guest house let to transient or seasonal guests",Unknown: needs owner identity. Exemption that depends on it: an owner-occupied building with two or fewer rental units.
A0288,Jersey City,r-0047,unknown,False,"Not a hotel, motel or seasonal rental",Unknown: needs owner identity. Exemption that depends on it: an owner-occupied two- or three-family dwelling.
A0288,Jersey City,r-0049,unknown,False,,"Unknown: needs the unit count. Exemption that depends on it: an owner-occupied two-family dwelling. The assessor building code '3S-B-12U' suggests 12 units (derived, unconfirmed)."
A0288,Jersey City,r-0050,unknown,False,,Unknown: needs owner identity. Exemption that depends on it: an owner-occupied building with four or fewer units.
A0288,Jersey City,r-0051,unknown,False,Not a seasonal rental of 125 days or less,Unknown: needs owner identity. Exemption that depends on it: an owner-occupied building with two or fewer rental units.
A0289,Berkeley,r-0001,applies,True,Not an affordable housing unit whose rent or income limits are set by programme guidelines,Applies unless the property is an affordable housing unit whose rent or income limits are set by programme guidelines. Open question: two published effective dates (1 March 2026 in the ordinance text; January 2026 in an August 2026 law firm alert). Flagged for human review. State algorithm rules apply too; both are listed here.
A0289,Berkeley,r-0002,applies,False,,Applies to all residential rentals in Berkeley. State fee rules apply; Berkeley adds stricter local limits.
A0289,Berkeley,r-0003,applies,False,,Applies to all residential rentals in Berkeley. State fee rules apply; Berkeley adds stricter local limits.
A0289,Berkeley,r-0004,applies,False,Not a nonprofit cooperative | Not a unit where the tenant shares a kitchen or bath with the landlord,"Applies unless the property is a nonprofit cooperative or a unit where the tenant shares a kitchen or bath with the landlord. Apartments per the assessor; at least 5 units per the assessor description, so the exemption for an owner-occupied duplex (a 'golden duplex') cannot apply."
A0289,Berkeley,r-0005,unknown,False,Not a nonprofit cooperative | Not a unit where the owner shares a kitchen or bath with the tenant,Unknown: needs year built. The rule covers multifamily buildings built before 1980.
A0289,Berkeley,r-0006,applies,False,Not public housing or a Section 8 property | Not a unit let under an agreement that lets the owner move back in | Not a unit where an existing tenant is subletting or adding a roommate,"Applies unless the property is public housing or a Section 8 property; a unit let under an agreement that lets the owner move back in; or a unit where an existing tenant is subletting or adding a roommate. At least 5 units per the assessor description, so the exemption for an owner-occupied building with one to three units cannot apply. State screening rules apply too; both are listed here."
A0289,Berkeley,r-0007,applies,False,Not a unit where the owner shares a kitchen or bath with the tenant | Not a nonprofit cooperative,"Applies unless the property is a unit where the owner shares a kitchen or bath with the tenant or a nonprofit cooperative. At least 5 units per the assessor description, so the exemption for an owner-occupied duplex (a 'golden duplex') cannot apply; at least 5 units per the assessor description, so the exemption for an owner-occupied property with an accessory dwelling unit cannot apply. State deposit rules apply too; both are listed here."
A0289,Berkeley,r-0013,applies,False,,Applies to all residential rentals in California.
A0289,Berkeley,r-0014,applies,False,,Applies to all residential rentals in California.
A0289,Berkeley,r-0015,superseded,False,Not a unit where the tenant shares a bathroom or kitchen with the owner-occupant | Not deed-restricted affordable housing | Once the tenant has lived in the unit for 12 months,Governed instead by Berkeley just cause eviction rules as amended by Measure BB; the stricter local rule applies here.
A0289,Berkeley,r-0016,unknown,False,Not deed-restricted or subsidised affordable housing,Unknown: needs year built. Exemption that depends on it: a building with a certificate of occupancy issued within the last 15 years.
A0289,Berkeley,r-0017,applies,False,,Applies to all residential rentals in California.
A0289,Berkeley,r-0018,applies,False,,"Applies: at least 5 units per the assessor description, above the coverage threshold."
A0289,Berkeley,r-0019,applies,False,Once the deposit was collected on or after 1 Jul 2024,Applies to all residential rentals in California. Protection begins once the deposit was collected on or after 1 Jul 2024.
A0290,Cambridge,r-0020,pending,False,,"Bill, not law: a pending bill or proposal, not yet enacted."
A0290,Cambridge,r-0021,applies,False,,Applies: apartments per the assessor.
A0290,Cambridge,r-0022,applies,False,,"Applies: 10 units, so the exemption for an owner-occupied two-family dwelling cannot apply. State screening rules apply too; both are listed here."
A0290,Cambridge,r-0033,pending,False,,"Bill, not law: a pending bill or proposal, not yet enacted."
A0290,Cambridge,r-0034,pending,False,,"Bill, not law: a pending bill or proposal, not yet enacted."
A0290,Cambridge,r-0035,applies,False,,Applies to all residential rentals in Massachusetts.
A0290,Cambridge,r-0036,applies,False,,Applies: apartments per the assessor.
A0290,Cambridge,r-0041,applies,False,,Applies to all residential rentals in Massachusetts.
A0290,Cambridge,r-0042,applies,False,,Applies to all residential rentals in Massachusetts.
A0290,Cambridge,r-0043,applies,False,,Applies: apartments per the assessor.
A0291,Cambridge,r-0020,pending,False,,"Bill, not law: a pending bill or proposal, not yet enacted."
A0291,Cambridge,r-0021,applies,False,,Applies: apartments per the assessor.
A0291,Cambridge,r-0022,applies,False,,"Applies: 244 units, so the exemption for an owner-occupied two-family dwelling cannot apply. State screening rules apply too; both are listed here."
A0291,Cambridge,r-0033,pending,False,,"Bill, not law: a pending bill or proposal, not yet enacted."
A0291,Cambridge,r-0034,pending,False,,"Bill, not law: a pending bill or proposal, not yet enacted."
A0291,Cambridge,r-0035,applies,False,,Applies to all residential rentals in Massachusetts.
A0291,Cambridge,r-0036,applies,False,,Applies: apartments per the assessor.
A0291,Cambridge,r-0041,applies,False,,Applies to all residential rentals in Massachusetts.
A0291,Cambridge,r-0042,applies,False,,Applies to all residential rentals in Massachusetts.
A0291,Cambridge,r-0043,applies,False,,Applies: apartments per the assessor.
A0292,Cambridge,r-0020,pending,False,,"Bill, not law: a pending bill or proposal, not yet enacted."
A0292,Cambridge,r-0021,applies,False,,Applies: apartments per the assessor.
A0292,Cambridge,r-0022,applies,False,,"Applies: 6 units, so the exemption for an owner-occupied two-family dwelling cannot apply. State screening rules apply too; both are listed here."
A0292,Cambridge,r-0033,pending,False,,"Bill, not law: a pending bill or proposal, not yet enacted."
A0292,Cambridge,r-0034,pending,False,,"Bill, not law: a pending bill or proposal, not yet enacted."
A0292,Cambridge,r-0035,applies,False,,Applies to all residential rentals in Massachusetts.
A0292,Cambridge,r-0036,applies,False,,Applies: apartments per the assessor.
A0292,Cambridge,r-0041,applies,False,,Applies to all residential rentals in Massachusetts.
A0292,Cambridge,r-0042,applies,False,,Applies to all residential rentals in Massachusetts.
A0292,Cambridge,r-0043,applies,False,,Applies: apartments per the assessor.
A0293,San Francisco,r-0013,applies,False,,Applies to all residential rentals in California.
A0293,San Francisco,r-0014,applies,False,,Applies to all residential rentals in California.
A0293,San Francisco,r-0015,superseded,False,Not a unit where the tenant shares a bathroom or kitchen with the owner-occupant | Not deed-restricted affordable housing | Once the tenant has lived in the unit for 12 months,Governed instead by San Francisco Rent Ordinance just cause eviction (S.F. Admin. Code § 37.9(a)); the stricter local rule applies here.
A0293,San Francisco,r-0016,superseded,False,Not deed-restricted or subsidised affordable housing,Governed instead by San Francisco annual allowable rent increase (3/1/2026–2/28/2027); the stricter local rule applies here.
A0293,San Francisco,r-0017,applies,False,,Applies to all residential rentals in California.
A0293,San Francisco,r-0018,applies,False,,"Applies: 6 units, above the coverage threshold."
A0293,San Francisco,r-0019,applies,False,Once the deposit was collected on or after 1 Jul 2024,Applies to all residential rentals in California. Protection begins once the deposit was collected on or after 1 Jul 2024.
A0293,San Francisco,r-0057,applies,False,,Applies to all residential rentals in San Francisco. State algorithm rules apply too; both are listed here.
A0293,San Francisco,r-0058,applies,False,,Applies to all residential rentals in San Francisco. Statutory exemptions for certain owner-occupied shared units and institutional housing cannot be checked from county data.
A0293,San Francisco,r-0059,applies,False,,"Applies: built 1907, before the 13 Jun 1979 certificate of occupancy cutoff."
A0293,San Francisco,r-0060,unknown,False,,Unknown: needs affordable housing status. The rule covers affordable housing.
A0293,San Francisco,r-0061,applies,False,,Applies to all residential rentals in San Francisco. State deposit rules apply too; both are listed here.
A0294,Cambridge,r-0020,pending,False,,"Bill, not law: a pending bill or proposal, not yet enacted."
A0294,Cambridge,r-0021,applies,False,,Applies: apartments per the assessor.
A0294,Cambridge,r-0022,applies,False,,"Applies: 6 units, so the exemption for an owner-occupied two-family dwelling cannot apply. State screening rules apply too; both are listed here."
A0294,Cambridge,r-0033,pending,False,,"Bill, not law: a pending bill or proposal, not yet enacted."
A0294,Cambridge,r-0034,pending,False,,"Bill, not law: a pending bill or proposal, not yet enacted."
A0294,Cambridge,r-0035,applies,False,,Applies to all residential rentals in Massachusetts.
A0294,Cambridge,r-0036,applies,False,,Applies: apartments per the assessor.
A0294,Cambridge,r-0041,applies,False,,Applies to all residential rentals in Massachusetts.
A0294,Cambridge,r-0042,applies,False,,Applies to all residential rentals in Massachusetts.
A0294,Cambridge,r-0043,applies,False,,Applies: apartments per the assessor.
A0295,Boston,r-0008,applies,False,,Applies: apartments per the assessor.
A0295,Boston,r-0011,unknown,False,,Unknown: needs affordable housing status. The rule covers housing funded or land-assisted by the Boston Department of Neighborhood Development.
A0295,Boston,r-0012,applies,False,,Applies to all residential rentals in Boston. State screening rules apply too; both are listed here.
A0295,Boston,r-0033,pending,False,,"Bill, not law: a pending bill or proposal, not yet enacted."
A0295,Boston,r-0034,pending,False,,"Bill, not law: a pending bill or proposal, not yet enacted."
A0295,Boston,r-0035,applies,False,,Applies to all residential rentals in Massachusetts.
A0295,Boston,r-0036,applies,False,,Applies: apartments per the assessor.
A0295,Boston,r-0041,applies,False,,Applies to all residential rentals in Massachusetts.
A0295,Boston,r-0042,applies,False,,Applies to all residential rentals in Massachusetts.
A0295,Boston,r-0043,applies,False,,Applies: apartments per the assessor.
A0296,Newark,r-0044,not_yet_effective,False,,Not yet in force: takes effect 1 Jul 2027.
A0296,Newark,r-0045,unknown,False,Not let through a licensed real estate agent who is not the landlord,Unknown: needs the building type. Exemption that depends on it: a one-family or two-family dwelling.
A0296,Newark,r-0046,unknown,False,"Not a hotel, motel or guest house let to transient or seasonal guests",Unknown: needs owner identity. Exemption that depends on it: an owner-occupied building with two or fewer rental units.
A0296,Newark,r-0047,unknown,False,"Not a hotel, motel or seasonal rental",Unknown: needs owner identity. Exemption that depends on it: an owner-occupied two- or three-family dwelling.
A0296,Newark,r-0049,unknown,False,,Unknown: needs the unit count. Exemption that depends on it: an owner-occupied two-family dwelling.
A0296,Newark,r-0050,unknown,False,,Unknown: needs owner identity. Exemption that depends on it: an owner-occupied building with four or fewer units.
A0296,Newark,r-0051,unknown,False,Not a seasonal rental of 125 days or less,Unknown: needs owner identity. Exemption that depends on it: an owner-occupied building with two or fewer rental units.
A0296,Newark,r-0052,unknown,False,Not a hotel or motel let day to day to transients | Not public housing or a unit whose rent a government agency regulates,Unknown: needs year built. Exemption that depends on it: a newly built multiple dwelling still within its exemption period (at most 30 years).
A0296,Newark,r-0053,unknown,False,Not housing designated for a programme for people with criminal records,Unknown: needs the unit count. Exemption that depends on it: an owner-occupied two-family dwelling or a room in an owner-occupied home.
A0297,Newark,r-0044,not_yet_effective,False,,Not yet in force: takes effect 1 Jul 2027.
A0297,Newark,r-0045,unknown,False,Not let through a licensed real estate agent who is not the landlord,Unknown: needs the building type. Exemption that depends on it: a one-family or two-family dwelling.
A0297,Newark,r-0046,unknown,False,"Not a hotel, motel or guest house let to transient or seasonal guests",Unknown: needs owner identity. Exemption that depends on it: an owner-occupied building with two or fewer rental units.
A0297,Newark,r-0047,unknown,False,"Not a hotel, motel or seasonal rental",Unknown: needs owner identity. Exemption that depends on it: an owner-occupied two- or three-family dwelling.
A0297,Newark,r-0049,unknown,False,,Unknown: needs the unit count. Exemption that depends on it: an owner-occupied two-family dwelling.
A0297,Newark,r-0050,unknown,False,,Unknown: needs owner identity. Exemption that depends on it: an owner-occupied building with four or fewer units.
A0297,Newark,r-0051,unknown,False,Not a seasonal rental of 125 days or less,Unknown: needs owner identity. Exemption that depends on it: an owner-occupied building with two or fewer rental units.
A0297,Newark,r-0052,unknown,False,Not a hotel or motel let day to day to transients | Not public housing or a unit whose rent a government agency regulates,Unknown: needs year built. Exemption that depends on it: a newly built multiple dwelling still within its exemption period (at most 30 years).
A0297,Newark,r-0053,unknown,False,Not housing designated for a programme for people with criminal records,Unknown: needs the unit count. Exemption that depends on it: an owner-occupied two-family dwelling or a room in an owner-occupied home.
A0298,Cambridge,r-0020,pending,False,,"Bill, not law: a pending bill or proposal, not yet enacted."
A0298,Cambridge,r-0021,applies,False,,Applies: apartments per the assessor.
A0298,Cambridge,r-0022,applies,False,,"Applies: 6 units, so the exemption for an owner-occupied two-family dwelling cannot apply. State screening rules apply too; both are listed here."
A0298,Cambridge,r-0033,pending,False,,"Bill, not law: a pending bill or proposal, not yet enacted."
A0298,Cambridge,r-0034,pending,False,,"Bill, not law: a pending bill or proposal, not yet enacted."
A0298,Cambridge,r-0035,applies,False,,Applies to all residential rentals in Massachusetts.
A0298,Cambridge,r-0036,applies,False,,Applies: apartments per the assessor.
A0298,Cambridge,r-0041,applies,False,,Applies to all residential rentals in Massachusetts.
A0298,Cambridge,r-0042,applies,False,,Applies to all residential rentals in Massachusetts.
A0298,Cambridge,r-0043,applies,False,,Applies: apartments per the assessor.
A0299,Hoboken,r-0023,applies,True,"Not a medical, long-term care or detention facility","Applies unless the property is a medical, long-term care or detention facility. Possible preemption: from 1 July 2027 the NJ FAIR Act may preempt the Hoboken and Jersey City algorithmic rent ordinances. Flagged for human review; not decided here."
A0299,Hoboken,r-0024,applies,False,,Applies to all residential rentals in Hoboken.
A0299,Hoboken,r-0025,unknown,False,"Not a hotel, motel, commercial or industrial unit, or institutional student housing","Unknown: needs year built. The rule covers buildings built on or before 25 Jun 1987, or newer buildings whose exemption period (at most 30 years) has ended."
A0299,Hoboken,r-0044,not_yet_effective,True,,Not yet in force: takes effect 1 Jul 2027. Possible preemption: from 1 July 2027 the NJ FAIR Act may preempt the Hoboken and Jersey City algorithmic rent ordinances. Flagged for human review; not decided here.
A0299,Hoboken,r-0045,unknown,False,Not let through a licensed real estate agent who is not the landlord,Unknown: needs the building type. Exemption that depends on it: a one-family or two-family dwelling.
A0299,Hoboken,r-0046,unknown,False,"Not a hotel, motel or guest house let to transient or seasonal guests",Unknown: needs owner identity. Exemption that depends on it: an owner-occupied building with two or fewer rental units.
A0299,Hoboken,r-0047,unknown,False,"Not a hotel, motel or seasonal rental",Unknown: needs owner identity. Exemption that depends on it: an owner-occupied two- or three-family dwelling.
A0299,Hoboken,r-0049,unknown,False,,"Unknown: needs the unit count. Exemption that depends on it: an owner-occupied two-family dwelling. The assessor building code '4B-8U-BA' suggests 8 units (derived, unconfirmed)."
A0299,Hoboken,r-0050,unknown,False,,Unknown: needs owner identity. Exemption that depends on it: an owner-occupied building with four or fewer units.
A0299,Hoboken,r-0051,unknown,False,Not a seasonal rental of 125 days or less,Unknown: needs owner identity. Exemption that depends on it: an owner-occupied building with two or fewer rental units.
A0300,Cambridge,r-0020,pending,False,,"Bill, not law: a pending bill or proposal, not yet enacted."
A0300,Cambridge,r-0021,applies,False,,Applies: apartments per the assessor.
A0300,Cambridge,r-0022,applies,False,,"Applies: 5 units, so the exemption for an owner-occupied two-family dwelling cannot apply. State screening rules apply too; both are listed here."
A0300,Cambridge,r-0033,pending,False,,"Bill, not law: a pending bill or proposal, not yet enacted."
A0300,Cambridge,r-0034,pending,False,,"Bill, not law: a pending bill or proposal, not yet enacted."
A0300,Cambridge,r-0035,applies,False,,Applies to all residential rentals in Massachusetts.
A0300,Cambridge,r-0036,applies,False,,Applies: apartments per the assessor.
A0300,Cambridge,r-0041,applies,False,,Applies to all residential rentals in Massachusetts.
A0300,Cambridge,r-0042,applies,False,,Applies to all residential rentals in Massachusetts.
A0300,Cambridge,r-0043,applies,False,,Applies: apartments per the assessor.
A0301,Cambridge,r-0020,pending,False,,"Bill, not law: a pending bill or proposal, not yet enacted."
A0301,Cambridge,r-0021,applies,False,,Applies: apartments per the assessor.
A0301,Cambridge,r-0022,applies,False,,"Applies: 6 units, so the exemption for an owner-occupied two-family dwelling cannot apply. State screening rules apply too; both are listed here."
A0301,Cambridge,r-0033,pending,False,,"Bill, not law: a pending bill or proposal, not yet enacted."
A0301,Cambridge,r-0034,pending,False,,"Bill, not law: a pending bill or proposal, not yet enacted."
A0301,Cambridge,r-0035,applies,False,,Applies to all residential rentals in Massachusetts.
A0301,Cambridge,r-0036,applies,False,,Applies: apartments per the assessor.
A0301,Cambridge,r-0041,applies,False,,Applies to all residential rentals in Massachusetts.
A0301,Cambridge,r-0042,applies,False,,Applies to all residential rentals in Massachusetts.
A0301,Cambridge,r-0043,applies,False,,Applies: apartments per the assessor.
A0302,Cambridge,r-0020,pending,False,,"Bill, not law: a pending bill or proposal, not yet enacted."
A0302,Cambridge,r-0021,applies,False,,Applies: apartments per the assessor.
A0302,Cambridge,r-0022,applies,False,,"Applies: 8 units, so the exemption for an owner-occupied two-family dwelling cannot apply. State screening rules apply too; both are listed here."
A0302,Cambridge,r-0033,pending,False,,"Bill, not law: a pending bill or proposal, not yet enacted."
A0302,Cambridge,r-0034,pending,False,,"Bill, not law: a pending bill or proposal, not yet enacted."
A0302,Cambridge,r-0035,applies,False,,Applies to all residential rentals in Massachusetts.
A0302,Cambridge,r-0036,applies,False,,Applies: apartments per the assessor.
A0302,Cambridge,r-0041,applies,False,,Applies to all residential rentals in Massachusetts.
A0302,Cambridge,r-0042,applies,False,,Applies to all residential rentals in Massachusetts.
A0302,Cambridge,r-0043,applies,False,,Applies: apartments per the assessor.
A0303,Los Angeles,r-0013,applies,False,,Applies to all residential rentals in California.
A0303,Los Angeles,r-0014,applies,False,,Applies to all residential rentals in California.
A0303,Los Angeles,r-0015,superseded,False,Not a unit where the tenant shares a bathroom or kitchen with the owner-occupant | Not deed-restricted affordable housing | Once the tenant has lived in the unit for 12 months,Governed instead by Relocation assistance for no-fault evictions under the RSO and JCO; the stricter local rule applies here.
A0303,Los Angeles,r-0016,superseded,False,Not deed-restricted or subsidised affordable housing,Governed instead by Los Angeles Rent Stabilization Ordinance (RSO) allowable rent increases; the stricter local rule applies here.
A0303,Los Angeles,r-0017,applies,False,,Applies to all residential rentals in California.
A0303,Los Angeles,r-0018,applies,False,,"Applies: 10 units, above the coverage threshold."
A0303,Los Angeles,r-0019,applies,False,Once the deposit was collected on or after 1 Jul 2024,Applies to all residential rentals in California. Protection begins once the deposit was collected on or after 1 Jul 2024.
A0303,Los Angeles,r-0028,unknown,False,"Not a cooperative, nonprofit homeless facility or short-term treatment facility | Once the tenant has lived in the unit for six months or the first lease has ended","Unknown: this building is under the RSO (built 1909), so the JCO applies only if the unit is exempt from the RSO; RSO exemption status is not in the data."
A0303,Los Angeles,r-0029,applies,False,Not a housing authority or government-owned property,"Applies unless the property is a housing authority or government-owned property. Apartments per the assessor; built 1909, before the 1 Oct 1978 certificate of occupancy cutoff."
A0303,Los Angeles,r-0030,applies,True,"Not government-owned or regulated housing, or affordable housing with a recorded covenant","Applies unless the property is government-owned or regulated housing, or affordable housing with a recorded covenant. Built 1909, before the 1 Oct 1978 certificate of occupancy cutoff; apartments per the assessor. Open question: two published effective dates for the new formula (2 February 2026 per LAHD; 24 January 2026 per a landlord association). Flagged for human review."
A0303,Los Angeles,r-0031,applies,False,,Applies to all residential rentals in Los Angeles. State screening rules apply too; both are listed here.
A0303,Los Angeles,r-0032,applies,False,Once the deposit has been held for at least one year,"Applies: built 1909, before the 1 Oct 1978 certificate of occupancy cutoff; apartments per the assessor. Protection begins once the deposit has been held for at least one year. State deposit rules apply too; both are listed here."
A0304,San Diego,r-0013,applies,False,,Applies to all residential rentals in California.
A0304,San Diego,r-0014,applies,False,,Applies to all residential rentals in California.
A0304,San Diego,r-0015,superseded,False,Not a unit where the tenant shares a bathroom or kitchen with the owner-occupant | Not deed-restricted affordable housing | Once the tenant has lived in the unit for 12 months,"Governed instead by San Diego Residential Tenant Protections (just cause for termination of tenancy); it shares the same coverage condition, so wherever this rule applies the stricter local rule governs."
A0304,San Diego,r-0016,unknown,False,Not deed-restricted or subsidised affordable housing,Unknown: needs year built. Exemption that depends on it: a building with a certificate of occupancy issued within the last 15 years.
A0304,San Diego,r-0017,applies,False,,Applies to all residential rentals in California.
A0304,San Diego,r-0018,applies,False,,"Applies: 7 units, above the coverage threshold."
A0304,San Diego,r-0019,applies,False,Once the deposit was collected on or after 1 Jul 2024,Applies to all residential rentals in California. Protection begins once the deposit was collected on or after 1 Jul 2024.
A0304,San Diego,r-0054,applies,False,Not an affordable housing unit whose rent or income limits are set by programme guidelines,Applies unless the property is an affordable housing unit whose rent or income limits are set by programme guidelines. State algorithm rules apply too; both are listed here.
A0304,San Diego,r-0055,unknown,False,Not deed-restricted or subsidised affordable housing (Section 8 vouchers do not count) | Not a unit where the tenant shares a bath or kitchen with the owner | Once the tenancy has lasted more than 30 days,Unknown: needs year built. The rule covers buildings with a certificate of occupancy at least 15 years old.
A0304,San Diego,r-0056,applies,False,,"Applies: 7 units, above the coverage threshold. State screening rules apply too; both are listed here."
A0305,San Francisco,r-0013,applies,False,,Applies to all residential rentals in California.
A0305,San Francisco,r-0014,applies,False,,Applies to all residential rentals in California.
A0305,San Francisco,r-0015,superseded,False,Not a unit where the tenant shares a bathroom or kitchen with the owner-occupant | Not deed-restricted affordable housing | Once the tenant has lived in the unit for 12 months,Governed instead by San Francisco Rent Ordinance just cause eviction (S.F. Admin. Code § 37.9(a)); the stricter local rule applies here.
A0305,San Francisco,r-0016,superseded,False,Not deed-restricted or subsidised affordable housing,Governed instead by San Francisco annual allowable rent increase (3/1/2026–2/28/2027); the stricter local rule applies here.
A0305,San Francisco,r-0017,applies,False,,Applies to all residential rentals in California.
A0305,San Francisco,r-0018,applies,False,,"Applies: 5 units, above the coverage threshold."
A0305,San Francisco,r-0019,applies,False,Once the deposit was collected on or after 1 Jul 2024,Applies to all residential rentals in California. Protection begins once the deposit was collected on or after 1 Jul 2024.
A0305,San Francisco,r-0057,applies,False,,Applies to all residential rentals in San Francisco. State algorithm rules apply too; both are listed here.
A0305,San Francisco,r-0058,applies,False,,Applies to all residential rentals in San Francisco. Statutory exemptions for certain owner-occupied shared units and institutional housing cannot be checked from county data.
A0305,San Francisco,r-0059,applies,False,,"Applies: built 1908, before the 13 Jun 1979 certificate of occupancy cutoff."
A0305,San Francisco,r-0060,unknown,False,,Unknown: needs affordable housing status. The rule covers affordable housing.
A0305,San Francisco,r-0061,applies,False,,Applies to all residential rentals in San Francisco. State deposit rules apply too; both are listed here.
A0306,Cambridge,r-0020,pending,False,,"Bill, not law: a pending bill or proposal, not yet enacted."
A0306,Cambridge,r-0021,applies,False,,Applies: apartments per the assessor.
A0306,Cambridge,r-0022,applies,False,,"Applies: 17 units, so the exemption for an owner-occupied two-family dwelling cannot apply. State screening rules apply too; both are listed here."
A0306,Cambridge,r-0033,pending,False,,"Bill, not law: a pending bill or proposal, not yet enacted."
A0306,Cambridge,r-0034,pending,False,,"Bill, not law: a pending bill or proposal, not yet enacted."
A0306,Cambridge,r-0035,applies,False,,Applies to all residential rentals in Massachusetts.
A0306,Cambridge,r-0036,applies,False,,Applies: apartments per the assessor.
A0306,Cambridge,r-0041,applies,False,,Applies to all residential rentals in Massachusetts.
A0306,Cambridge,r-0042,applies,False,,Applies to all residential rentals in Massachusetts.
A0306,Cambridge,r-0043,applies,False,,Applies: apartments per the assessor.
A0307,Newark,r-0044,not_yet_effective,False,,Not yet in force: takes effect 1 Jul 2027.
A0307,Newark,r-0045,unknown,False,Not let through a licensed real estate agent who is not the landlord,Unknown: needs the building type. Exemption that depends on it: a one-family or two-family dwelling.
A0307,Newark,r-0046,unknown,False,"Not a hotel, motel or guest house let to transient or seasonal guests",Unknown: needs owner identity. Exemption that depends on it: an owner-occupied building with two or fewer rental units.
A0307,Newark,r-0047,unknown,False,"Not a hotel, motel or seasonal rental",Unknown: needs owner identity. Exemption that depends on it: an owner-occupied two- or three-family dwelling.
A0307,Newark,r-0049,unknown,False,,"Unknown: needs the unit count. Exemption that depends on it: an owner-occupied two-family dwelling. The assessor building code '3SB3UG' suggests 3 units (derived, unconfirmed)."
A0307,Newark,r-0050,unknown,False,,Unknown: needs owner identity. Exemption that depends on it: an owner-occupied building with four or fewer units.
A0307,Newark,r-0051,unknown,False,Not a seasonal rental of 125 days or less,Unknown: needs owner identity. Exemption that depends on it: an owner-occupied building with two or fewer rental units.
A0307,Newark,r-0052,unknown,False,Not a hotel or motel let day to day to transients | Not public housing or a unit whose rent a government agency regulates,Unknown: needs year built. Exemption that depends on it: a newly built multiple dwelling still within its exemption period (at most 30 years).
A0307,Newark,r-0053,unknown,False,Not housing designated for a programme for people with criminal records,"Unknown: needs the unit count. Exemption that depends on it: an owner-occupied two-family dwelling or a room in an owner-occupied home. The assessor building code '3SB3UG' suggests 3 units (derived, unconfirmed)."
A0308,Hoboken,r-0023,applies,True,"Not a medical, long-term care or detention facility","Applies unless the property is a medical, long-term care or detention facility. Possible preemption: from 1 July 2027 the NJ FAIR Act may preempt the Hoboken and Jersey City algorithmic rent ordinances. Flagged for human review; not decided here."
A0308,Hoboken,r-0024,applies,False,,Applies to all residential rentals in Hoboken.
A0308,Hoboken,r-0025,unknown,False,"Not a hotel, motel, commercial or industrial unit, or institutional student housing","Unknown: needs year built. The rule covers buildings built on or before 25 Jun 1987, or newer buildings whose exemption period (at most 30 years) has ended."
A0308,Hoboken,r-0044,not_yet_effective,True,,Not yet in force: takes effect 1 Jul 2027. Possible preemption: from 1 July 2027 the NJ FAIR Act may preempt the Hoboken and Jersey City algorithmic rent ordinances. Flagged for human review; not decided here.
A0308,Hoboken,r-0045,unknown,False,Not let through a licensed real estate agent who is not the landlord,Unknown: needs the building type. Exemption that depends on it: a one-family or two-family dwelling.
A0308,Hoboken,r-0046,unknown,False,"Not a hotel, motel or guest house let to transient or seasonal guests",Unknown: needs owner identity. Exemption that depends on it: an owner-occupied building with two or fewer rental units.
A0308,Hoboken,r-0047,unknown,False,"Not a hotel, motel or seasonal rental",Unknown: needs owner identity. Exemption that depends on it: an owner-occupied two- or three-family dwelling.
A0308,Hoboken,r-0049,unknown,False,,"Unknown: needs the unit count. Exemption that depends on it: an owner-occupied two-family dwelling. The assessor building code '5B-11U-H-BA-G' suggests 11 units (derived, unconfirmed)."
A0308,Hoboken,r-0050,unknown,False,,Unknown: needs owner identity. Exemption that depends on it: an owner-occupied building with four or fewer units.
A0308,Hoboken,r-0051,unknown,False,Not a seasonal rental of 125 days or less,Unknown: needs owner identity. Exemption that depends on it: an owner-occupied building with two or fewer rental units.
A0309,Los Angeles,r-0013,applies,False,,Applies to all residential rentals in California.
A0309,Los Angeles,r-0014,applies,False,,Applies to all residential rentals in California.
A0309,Los Angeles,r-0015,superseded,False,Not a unit where the tenant shares a bathroom or kitchen with the owner-occupant | Not deed-restricted affordable housing | Once the tenant has lived in the unit for 12 months,Governed instead by Relocation assistance for no-fault evictions under the RSO and JCO; the stricter local rule applies here.
A0309,Los Angeles,r-0016,superseded,False,Not deed-restricted or subsidised affordable housing,Governed instead by Los Angeles Rent Stabilization Ordinance (RSO) allowable rent increases; the stricter local rule applies here.
A0309,Los Angeles,r-0017,applies,False,,Applies to all residential rentals in California.
A0309,Los Angeles,r-0018,applies,False,,"Applies: 6 units, above the coverage threshold."
A0309,Los Angeles,r-0019,applies,False,Once the deposit was collected on or after 1 Jul 2024,Applies to all residential rentals in California. Protection begins once the deposit was collected on or after 1 Jul 2024.
A0309,Los Angeles,r-0028,unknown,False,"Not a cooperative, nonprofit homeless facility or short-term treatment facility | Once the tenant has lived in the unit for six months or the first lease has ended","Unknown: this building is under the RSO (built 1951), so the JCO applies only if the unit is exempt from the RSO; RSO exemption status is not in the data."
A0309,Los Angeles,r-0029,applies,False,Not a housing authority or government-owned property,"Applies unless the property is a housing authority or government-owned property. Apartments per the assessor; built 1951, before the 1 Oct 1978 certificate of occupancy cutoff."
A0309,Los Angeles,r-0030,applies,True,"Not government-owned or regulated housing, or affordable housing with a recorded covenant","Applies unless the property is government-owned or regulated housing, or affordable housing with a recorded covenant. Built 1951, before the 1 Oct 1978 certificate of occupancy cutoff; apartments per the assessor. Open question: two published effective dates for the new formula (2 February 2026 per LAHD; 24 January 2026 per a landlord association). Flagged for human review."
A0309,Los Angeles,r-0031,applies,False,,Applies to all residential rentals in Los Angeles. State screening rules apply too; both are listed here.
A0309,Los Angeles,r-0032,applies,False,Once the deposit has been held for at least one year,"Applies: built 1951, before the 1 Oct 1978 certificate of occupancy cutoff; apartments per the assessor. Protection begins once the deposit has been held for at least one year. State deposit rules apply too; both are listed here."
A0310,Boston,r-0008,applies,False,,Applies: apartments per the assessor.
A0310,Boston,r-0011,unknown,False,,Unknown: needs affordable housing status. The rule covers housing funded or land-assisted by the Boston Department of Neighborhood Development.
A0310,Boston,r-0012,applies,False,,Applies to all residential rentals in Boston. State screening rules apply too; both are listed here.
A0310,Boston,r-0033,pending,False,,"Bill, not law: a pending bill or proposal, not yet enacted."
A0310,Boston,r-0034,pending,False,,"Bill, not law: a pending bill or proposal, not yet enacted."
A0310,Boston,r-0035,applies,False,,Applies to all residential rentals in Massachusetts.
A0310,Boston,r-0036,applies,False,,Applies: apartments per the assessor.
A0310,Boston,r-0041,applies,False,,Applies to all residential rentals in Massachusetts.
A0310,Boston,r-0042,applies,False,,Applies to all residential rentals in Massachusetts.
A0310,Boston,r-0043,applies,False,,Applies: apartments per the assessor.
A0311,Newark,r-0044,not_yet_effective,False,,Not yet in force: takes effect 1 Jul 2027.
A0311,Newark,r-0045,unknown,False,Not let through a licensed real estate agent who is not the landlord,Unknown: needs the building type. Exemption that depends on it: a one-family or two-family dwelling.
A0311,Newark,r-0046,unknown,False,"Not a hotel, motel or guest house let to transient or seasonal guests",Unknown: needs owner identity. Exemption that depends on it: an owner-occupied building with two or fewer rental units.
A0311,Newark,r-0047,unknown,False,"Not a hotel, motel or seasonal rental",Unknown: needs owner identity. Exemption that depends on it: an owner-occupied two- or three-family dwelling.
A0311,Newark,r-0049,unknown,False,,Unknown: needs the unit count. Exemption that depends on it: an owner-occupied two-family dwelling.
A0311,Newark,r-0050,unknown,False,,Unknown: needs owner identity. Exemption that depends on it: an owner-occupied building with four or fewer units.
A0311,Newark,r-0051,unknown,False,Not a seasonal rental of 125 days or less,Unknown: needs owner identity. Exemption that depends on it: an owner-occupied building with two or fewer rental units.
A0311,Newark,r-0052,unknown,False,Not a hotel or motel let day to day to transients | Not public housing or a unit whose rent a government agency regulates,Unknown: needs year built. Exemption that depends on it: a newly built multiple dwelling still within its exemption period (at most 30 years).
A0311,Newark,r-0053,unknown,False,Not housing designated for a programme for people with criminal records,Unknown: needs the unit count. Exemption that depends on it: an owner-occupied two-family dwelling or a room in an owner-occupied home.
A0312,Boston,r-0008,applies,False,,Applies: apartments per the assessor.
A0312,Boston,r-0011,unknown,False,,Unknown: needs affordable housing status. The rule covers housing funded or land-assisted by the Boston Department of Neighborhood Development.
A0312,Boston,r-0012,applies,False,,Applies to all residential rentals in Boston. State screening rules apply too; both are listed here.
A0312,Boston,r-0033,pending,False,,"Bill, not law: a pending bill or proposal, not yet enacted."
A0312,Boston,r-0034,pending,False,,"Bill, not law: a pending bill or proposal, not yet enacted."
A0312,Boston,r-0035,applies,False,,Applies to all residential rentals in Massachusetts.
A0312,Boston,r-0036,applies,False,,Applies: apartments per the assessor.
A0312,Boston,r-0041,applies,False,,Applies to all residential rentals in Massachusetts.
A0312,Boston,r-0042,applies,False,,Applies to all residential rentals in Massachusetts.
A0312,Boston,r-0043,applies,False,,Applies: apartments per the assessor.
A0313,Newark,r-0044,not_yet_effective,False,,Not yet in force: takes effect 1 Jul 2027.
A0313,Newark,r-0045,unknown,False,Not let through a licensed real estate agent who is not the landlord,Unknown: needs the building type. Exemption that depends on it: a one-family or two-family dwelling.
A0313,Newark,r-0046,unknown,False,"Not a hotel, motel or guest house let to transient or seasonal guests",Unknown: needs owner identity. Exemption that depends on it: an owner-occupied building with two or fewer rental units.
A0313,Newark,r-0047,unknown,False,"Not a hotel, motel or seasonal rental",Unknown: needs owner identity. Exemption that depends on it: an owner-occupied two- or three-family dwelling.
A0313,Newark,r-0049,unknown,False,,Unknown: needs the unit count. Exemption that depends on it: an owner-occupied two-family dwelling.
A0313,Newark,r-0050,unknown,False,,Unknown: needs owner identity. Exemption that depends on it: an owner-occupied building with four or fewer units.
A0313,Newark,r-0051,unknown,False,Not a seasonal rental of 125 days or less,Unknown: needs owner identity. Exemption that depends on it: an owner-occupied building with two or fewer rental units.
A0313,Newark,r-0052,unknown,False,Not a hotel or motel let day to day to transients | Not public housing or a unit whose rent a government agency regulates,Unknown: needs year built. Exemption that depends on it: a newly built multiple dwelling still within its exemption period (at most 30 years).
A0313,Newark,r-0053,unknown,False,Not housing designated for a programme for people with criminal records,Unknown: needs the unit count. Exemption that depends on it: an owner-occupied two-family dwelling or a room in an owner-occupied home.
A0314,Los Angeles,r-0013,applies,False,,Applies to all residential rentals in California.
A0314,Los Angeles,r-0014,applies,False,,Applies to all residential rentals in California.
A0314,Los Angeles,r-0015,superseded,False,Not a unit where the tenant shares a bathroom or kitchen with the owner-occupant | Not deed-restricted affordable housing | Once the tenant has lived in the unit for 12 months,Governed instead by Relocation assistance for no-fault evictions under the RSO and JCO; the stricter local rule applies here.
A0314,Los Angeles,r-0016,superseded,False,Not deed-restricted or subsidised affordable housing,Governed instead by Los Angeles Rent Stabilization Ordinance (RSO) allowable rent increases; the stricter local rule applies here.
A0314,Los Angeles,r-0017,applies,False,,Applies to all residential rentals in California.
A0314,Los Angeles,r-0018,applies,False,,"Applies: 7 units, above the coverage threshold."
A0314,Los Angeles,r-0019,applies,False,Once the deposit was collected on or after 1 Jul 2024,Applies to all residential rentals in California. Protection begins once the deposit was collected on or after 1 Jul 2024.
A0314,Los Angeles,r-0028,unknown,False,"Not a cooperative, nonprofit homeless facility or short-term treatment facility | Once the tenant has lived in the unit for six months or the first lease has ended","Unknown: this building is under the RSO (built 1919), so the JCO applies only if the unit is exempt from the RSO; RSO exemption status is not in the data."
A0314,Los Angeles,r-0029,applies,False,Not a housing authority or government-owned property,"Applies unless the property is a housing authority or government-owned property. Apartments per the assessor; built 1919, before the 1 Oct 1978 certificate of occupancy cutoff."
A0314,Los Angeles,r-0030,applies,True,"Not government-owned or regulated housing, or affordable housing with a recorded covenant","Applies unless the property is government-owned or regulated housing, or affordable housing with a recorded covenant. Built 1919, before the 1 Oct 1978 certificate of occupancy cutoff; apartments per the assessor. Open question: two published effective dates for the new formula (2 February 2026 per LAHD; 24 January 2026 per a landlord association). Flagged for human review."
A0314,Los Angeles,r-0031,applies,False,,Applies to all residential rentals in Los Angeles. State screening rules apply too; both are listed here.
A0314,Los Angeles,r-0032,applies,False,Once the deposit has been held for at least one year,"Applies: built 1919, before the 1 Oct 1978 certificate of occupancy cutoff; apartments per the assessor. Protection begins once the deposit has been held for at least one year. State deposit rules apply too; both are listed here."
A0315,Los Angeles,r-0013,applies,False,,Applies to all residential rentals in California.
A0315,Los Angeles,r-0014,applies,False,,Applies to all residential rentals in California.
A0315,Los Angeles,r-0015,superseded,False,Not a unit where the tenant shares a bathroom or kitchen with the owner-occupant | Not deed-restricted affordable housing | Once the tenant has lived in the unit for 12 months,Governed instead by Los Angeles Just Cause for Eviction Ordinance (JCO); the stricter local rule applies here.
A0315,Los Angeles,r-0016,applies,False,Not deed-restricted or subsidised affordable housing,"Applies unless the property is deed-restricted or subsidised affordable housing. Built 1990, before the 15 year certificate of occupancy window (built before 2011); apartments per the assessor."
A0315,Los Angeles,r-0017,applies,False,,Applies to all residential rentals in California.
A0315,Los Angeles,r-0018,applies,False,,"Applies: 8 units, above the coverage threshold."
A0315,Los Angeles,r-0019,applies,False,Once the deposit was collected on or after 1 Jul 2024,Applies to all residential rentals in California. Protection begins once the deposit was collected on or after 1 Jul 2024.
A0315,Los Angeles,r-0028,applies,False,"Not a cooperative, nonprofit homeless facility or short-term treatment facility | Once the tenant has lived in the unit for six months or the first lease has ended","Applies unless the property is a cooperative, nonprofit homeless facility or short-term treatment facility. Apartments per the assessor; built 1990, after the 1 Oct 1978 certificate of occupancy cutoff. Protection begins once the tenant has lived in the unit for six months or the first lease has ended."
A0315,Los Angeles,r-0031,applies,False,,Applies to all residential rentals in Los Angeles. State screening rules apply too; both are listed here.
A0316,San Diego,r-0013,applies,False,,Applies to all residential rentals in California.
A0316,San Diego,r-0014,applies,False,,Applies to all residential rentals in California.
A0316,San Diego,r-0015,superseded,False,Not a unit where the tenant shares a bathroom or kitchen with the owner-occupant | Not deed-restricted affordable housing | Once the tenant has lived in the unit for 12 months,"Governed instead by San Diego Residential Tenant Protections (just cause for termination of tenancy); it shares the same coverage condition, so wherever this rule applies the stricter local rule governs."
A0316,San Diego,r-0016,unknown,False,Not deed-restricted or subsidised affordable housing,Unknown: needs year built. Exemption that depends on it: a building with a certificate of occupancy issued within the last 15 years.
A0316,San Diego,r-0017,applies,False,,Applies to all residential rentals in California.
A0316,San Diego,r-0018,applies,False,,"Applies: 8 units, above the coverage threshold."
A0316,San Diego,r-0019,applies,False,Once the deposit was collected on or after 1 Jul 2024,Applies to all residential rentals in California. Protection begins once the deposit was collected on or after 1 Jul 2024.
A0316,San Diego,r-0054,applies,False,Not an affordable housing unit whose rent or income limits are set by programme guidelines,Applies unless the property is an affordable housing unit whose rent or income limits are set by programme guidelines. State algorithm rules apply too; both are listed here.
A0316,San Diego,r-0055,unknown,False,Not deed-restricted or subsidised affordable housing (Section 8 vouchers do not count) | Not a unit where the tenant shares a bath or kitchen with the owner | Once the tenancy has lasted more than 30 days,Unknown: needs year built. The rule covers buildings with a certificate of occupancy at least 15 years old.
A0316,San Diego,r-0056,applies,False,,"Applies: 8 units, above the coverage threshold. State screening rules apply too; both are listed here."
A0317,Berkeley,r-0001,applies,True,Not an affordable housing unit whose rent or income limits are set by programme guidelines,Applies unless the property is an affordable housing unit whose rent or income limits are set by programme guidelines. Open question: two published effective dates (1 March 2026 in the ordinance text; January 2026 in an August 2026 law firm alert). Flagged for human review. State algorithm rules apply too; both are listed here.
A0317,Berkeley,r-0002,applies,False,,Applies to all residential rentals in Berkeley. State fee rules apply; Berkeley adds stricter local limits.
A0317,Berkeley,r-0003,applies,False,,Applies to all residential rentals in Berkeley. State fee rules apply; Berkeley adds stricter local limits.
A0317,Berkeley,r-0004,applies,False,Not a nonprofit cooperative | Not a unit where the tenant shares a kitchen or bath with the landlord,"Applies unless the property is a nonprofit cooperative or a unit where the tenant shares a kitchen or bath with the landlord. Apartments per the assessor; at least 5 units per the assessor description, so the exemption for an owner-occupied duplex (a 'golden duplex') cannot apply."
A0317,Berkeley,r-0005,unknown,False,Not a nonprofit cooperative | Not a unit where the owner shares a kitchen or bath with the tenant,Unknown: needs year built. The rule covers multifamily buildings built before 1980.
A0317,Berkeley,r-0006,applies,False,Not public housing or a Section 8 property | Not a unit let under an agreement that lets the owner move back in | Not a unit where an existing tenant is subletting or adding a roommate,"Applies unless the property is public housing or a Section 8 property; a unit let under an agreement that lets the owner move back in; or a unit where an existing tenant is subletting or adding a roommate. At least 5 units per the assessor description, so the exemption for an owner-occupied building with one to three units cannot apply. State screening rules apply too; both are listed here."
A0317,Berkeley,r-0007,applies,False,Not a unit where the owner shares a kitchen or bath with the tenant | Not a nonprofit cooperative,"Applies unless the property is a unit where the owner shares a kitchen or bath with the tenant or a nonprofit cooperative. At least 5 units per the assessor description, so the exemption for an owner-occupied duplex (a 'golden duplex') cannot apply; at least 5 units per the assessor description, so the exemption for an owner-occupied property with an accessory dwelling unit cannot apply. State deposit rules apply too; both are listed here."
A0317,Berkeley,r-0013,applies,False,,Applies to all residential rentals in California.
A0317,Berkeley,r-0014,applies,False,,Applies to all residential rentals in California.
A0317,Berkeley,r-0015,superseded,False,Not a unit where the tenant shares a bathroom or kitchen with the owner-occupant | Not deed-restricted affordable housing | Once the tenant has lived in the unit for 12 months,Governed instead by Berkeley just cause eviction rules as amended by Measure BB; the stricter local rule applies here.
A0317,Berkeley,r-0016,unknown,False,Not deed-restricted or subsidised affordable housing,Unknown: needs year built. Exemption that depends on it: a building with a certificate of occupancy issued within the last 15 years.
A0317,Berkeley,r-0017,applies,False,,Applies to all residential rentals in California.
A0317,Berkeley,r-0018,applies,False,,"Applies: at least 5 units per the assessor description, above the coverage threshold."
A0317,Berkeley,r-0019,applies,False,Once the deposit was collected on or after 1 Jul 2024,Applies to all residential rentals in California. Protection begins once the deposit was collected on or after 1 Jul 2024.
A0318,Berkeley,r-0001,applies,True,Not an affordable housing unit whose rent or income limits are set by programme guidelines,Applies unless the property is an affordable housing unit whose rent or income limits are set by programme guidelines. Open question: two published effective dates (1 March 2026 in the ordinance text; January 2026 in an August 2026 law firm alert). Flagged for human review. State algorithm rules apply too; both are listed here.
A0318,Berkeley,r-0002,applies,False,,Applies to all residential rentals in Berkeley. State fee rules apply; Berkeley adds stricter local limits.
A0318,Berkeley,r-0003,applies,False,,Applies to all residential rentals in Berkeley. State fee rules apply; Berkeley adds stricter local limits.
A0318,Berkeley,r-0004,applies,False,Not a nonprofit cooperative | Not a unit where the tenant shares a kitchen or bath with the landlord,"Applies unless the property is a nonprofit cooperative or a unit where the tenant shares a kitchen or bath with the landlord. Apartments per the assessor; at least 5 units per the assessor description, so the exemption for an owner-occupied duplex (a 'golden duplex') cannot apply."
A0318,Berkeley,r-0005,unknown,False,Not a nonprofit cooperative | Not a unit where the owner shares a kitchen or bath with the tenant,Unknown: needs year built. The rule covers multifamily buildings built before 1980.
A0318,Berkeley,r-0006,applies,False,Not public housing or a Section 8 property | Not a unit let under an agreement that lets the owner move back in | Not a unit where an existing tenant is subletting or adding a roommate,"Applies unless the property is public housing or a Section 8 property; a unit let under an agreement that lets the owner move back in; or a unit where an existing tenant is subletting or adding a roommate. At least 5 units per the assessor description, so the exemption for an owner-occupied building with one to three units cannot apply. State screening rules apply too; both are listed here."
A0318,Berkeley,r-0007,applies,False,Not a unit where the owner shares a kitchen or bath with the tenant | Not a nonprofit cooperative,"Applies unless the property is a unit where the owner shares a kitchen or bath with the tenant or a nonprofit cooperative. At least 5 units per the assessor description, so the exemption for an owner-occupied duplex (a 'golden duplex') cannot apply; at least 5 units per the assessor description, so the exemption for an owner-occupied property with an accessory dwelling unit cannot apply. State deposit rules apply too; both are listed here."
A0318,Berkeley,r-0013,applies,False,,Applies to all residential rentals in California.
A0318,Berkeley,r-0014,applies,False,,Applies to all residential rentals in California.
A0318,Berkeley,r-0015,superseded,False,Not a unit where the tenant shares a bathroom or kitchen with the owner-occupant | Not deed-restricted affordable housing | Once the tenant has lived in the unit for 12 months,Governed instead by Berkeley just cause eviction rules as amended by Measure BB; the stricter local rule applies here.
A0318,Berkeley,r-0016,unknown,False,Not deed-restricted or subsidised affordable housing,Unknown: needs year built. Exemption that depends on it: a building with a certificate of occupancy issued within the last 15 years.
A0318,Berkeley,r-0017,applies,False,,Applies to all residential rentals in California.
A0318,Berkeley,r-0018,applies,False,,"Applies: at least 5 units per the assessor description, above the coverage threshold."
A0318,Berkeley,r-0019,applies,False,Once the deposit was collected on or after 1 Jul 2024,Applies to all residential rentals in California. Protection begins once the deposit was collected on or after 1 Jul 2024.
A0319,Berkeley,r-0001,applies,True,Not an affordable housing unit whose rent or income limits are set by programme guidelines,Applies unless the property is an affordable housing unit whose rent or income limits are set by programme guidelines. Open question: two published effective dates (1 March 2026 in the ordinance text; January 2026 in an August 2026 law firm alert). Flagged for human review. State algorithm rules apply too; both are listed here.
A0319,Berkeley,r-0002,applies,False,,Applies to all residential rentals in Berkeley. State fee rules apply; Berkeley adds stricter local limits.
A0319,Berkeley,r-0003,applies,False,,Applies to all residential rentals in Berkeley. State fee rules apply; Berkeley adds stricter local limits.
A0319,Berkeley,r-0004,applies,False,Not a nonprofit cooperative | Not a unit where the tenant shares a kitchen or bath with the landlord,"Applies unless the property is a nonprofit cooperative or a unit where the tenant shares a kitchen or bath with the landlord. Apartments per the assessor; at least 5 units per the assessor description, so the exemption for an owner-occupied duplex (a 'golden duplex') cannot apply."
A0319,Berkeley,r-0005,unknown,False,Not a nonprofit cooperative | Not a unit where the owner shares a kitchen or bath with the tenant,Unknown: needs year built. The rule covers multifamily buildings built before 1980.
A0319,Berkeley,r-0006,applies,False,Not public housing or a Section 8 property | Not a unit let under an agreement that lets the owner move back in | Not a unit where an existing tenant is subletting or adding a roommate,"Applies unless the property is public housing or a Section 8 property; a unit let under an agreement that lets the owner move back in; or a unit where an existing tenant is subletting or adding a roommate. At least 5 units per the assessor description, so the exemption for an owner-occupied building with one to three units cannot apply. State screening rules apply too; both are listed here."
A0319,Berkeley,r-0007,applies,False,Not a unit where the owner shares a kitchen or bath with the tenant | Not a nonprofit cooperative,"Applies unless the property is a unit where the owner shares a kitchen or bath with the tenant or a nonprofit cooperative. At least 5 units per the assessor description, so the exemption for an owner-occupied duplex (a 'golden duplex') cannot apply; at least 5 units per the assessor description, so the exemption for an owner-occupied property with an accessory dwelling unit cannot apply. State deposit rules apply too; both are listed here."
A0319,Berkeley,r-0013,applies,False,,Applies to all residential rentals in California.
A0319,Berkeley,r-0014,applies,False,,Applies to all residential rentals in California.
A0319,Berkeley,r-0015,superseded,False,Not a unit where the tenant shares a bathroom or kitchen with the owner-occupant | Not deed-restricted affordable housing | Once the tenant has lived in the unit for 12 months,Governed instead by Berkeley just cause eviction rules as amended by Measure BB; the stricter local rule applies here.
A0319,Berkeley,r-0016,unknown,False,Not deed-restricted or subsidised affordable housing,Unknown: needs year built. Exemption that depends on it: a building with a certificate of occupancy issued within the last 15 years.
A0319,Berkeley,r-0017,applies,False,,Applies to all residential rentals in California.
A0319,Berkeley,r-0018,applies,False,,"Applies: at least 5 units per the assessor description, above the coverage threshold."
A0319,Berkeley,r-0019,applies,False,Once the deposit was collected on or after 1 Jul 2024,Applies to all residential rentals in California. Protection begins once the deposit was collected on or after 1 Jul 2024.
A0320,Hoboken,r-0023,applies,True,"Not a medical, long-term care or detention facility","Applies unless the property is a medical, long-term care or detention facility. Possible preemption: from 1 July 2027 the NJ FAIR Act may preempt the Hoboken and Jersey City algorithmic rent ordinances. Flagged for human review; not decided here."
A0320,Hoboken,r-0024,applies,False,,Applies to all residential rentals in Hoboken.
A0320,Hoboken,r-0025,unknown,False,"Not a hotel, motel, commercial or industrial unit, or institutional student housing","Unknown: needs year built. The rule covers buildings built on or before 25 Jun 1987, or newer buildings whose exemption period (at most 30 years) has ended."
A0320,Hoboken,r-0044,not_yet_effective,True,,Not yet in force: takes effect 1 Jul 2027. Possible preemption: from 1 July 2027 the NJ FAIR Act may preempt the Hoboken and Jersey City algorithmic rent ordinances. Flagged for human review; not decided here.
A0320,Hoboken,r-0045,unknown,False,Not let through a licensed real estate agent who is not the landlord,Unknown: needs the building type. Exemption that depends on it: a one-family or two-family dwelling.
A0320,Hoboken,r-0046,unknown,False,"Not a hotel, motel or guest house let to transient or seasonal guests",Unknown: needs owner identity. Exemption that depends on it: an owner-occupied building with two or fewer rental units.
A0320,Hoboken,r-0047,unknown,False,"Not a hotel, motel or seasonal rental",Unknown: needs owner identity. Exemption that depends on it: an owner-occupied two- or three-family dwelling.
A0320,Hoboken,r-0049,unknown,False,,"Unknown: needs the unit count. Exemption that depends on it: an owner-occupied two-family dwelling. The assessor building code '4F-6U' suggests 6 units (derived, unconfirmed)."
A0320,Hoboken,r-0050,unknown,False,,Unknown: needs owner identity. Exemption that depends on it: an owner-occupied building with four or fewer units.
A0320,Hoboken,r-0051,unknown,False,Not a seasonal rental of 125 days or less,Unknown: needs owner identity. Exemption that depends on it: an owner-occupied building with two or fewer rental units.
A0321,Jersey City,r-0026,applies,True,"Not an inpatient medical, licensed long-term care or detention facility","Applies unless the property is an inpatient medical, licensed long-term care or detention facility. Possible preemption: from 1 July 2027 the NJ FAIR Act may preempt the Hoboken and Jersey City algorithmic rent ordinances. Flagged for human review; not decided here."
A0321,Jersey City,r-0027,unknown,False,,"Unknown: needs the unit count. The rule covers buildings with five or more units. The assessor building code '3S-F-D-7U-NH' suggests 7 units (derived, unconfirmed)."
A0321,Jersey City,r-0044,not_yet_effective,True,,Not yet in force: takes effect 1 Jul 2027. Possible preemption: from 1 July 2027 the NJ FAIR Act may preempt the Hoboken and Jersey City algorithmic rent ordinances. Flagged for human review; not decided here.
A0321,Jersey City,r-0045,unknown,False,Not let through a licensed real estate agent who is not the landlord,Unknown: needs the building type. Exemption that depends on it: a one-family or two-family dwelling.
A0321,Jersey City,r-0046,unknown,False,"Not a hotel, motel or guest house let to transient or seasonal guests",Unknown: needs owner identity. Exemption that depends on it: an owner-occupied building with two or fewer rental units.
A0321,Jersey City,r-0047,unknown,False,"Not a hotel, motel or seasonal rental",Unknown: needs owner identity. Exemption that depends on it: an owner-occupied two- or three-family dwelling.
A0321,Jersey City,r-0049,unknown,False,,"Unknown: needs the unit count. Exemption that depends on it: an owner-occupied two-family dwelling. The assessor building code '3S-F-D-7U-NH' suggests 7 units (derived, unconfirmed)."
A0321,Jersey City,r-0050,unknown,False,,Unknown: needs owner identity. Exemption that depends on it: an owner-occupied building with four or fewer units.
A0321,Jersey City,r-0051,unknown,False,Not a seasonal rental of 125 days or less,Unknown: needs owner identity. Exemption that depends on it: an owner-occupied building with two or fewer rental units.
A0322,San Diego,r-0013,applies,False,,Applies to all residential rentals in California.
A0322,San Diego,r-0014,applies,False,,Applies to all residential rentals in California.
A0322,San Diego,r-0015,superseded,False,Not a unit where the tenant shares a bathroom or kitchen with the owner-occupant | Not deed-restricted affordable housing | Once the tenant has lived in the unit for 12 months,"Governed instead by San Diego Residential Tenant Protections (just cause for termination of tenancy); it shares the same coverage condition, so wherever this rule applies the stricter local rule governs."
A0322,San Diego,r-0016,unknown,False,Not deed-restricted or subsidised affordable housing,Unknown: needs year built. Exemption that depends on it: a building with a certificate of occupancy issued within the last 15 years.
A0322,San Diego,r-0017,applies,False,,Applies to all residential rentals in California.
A0322,San Diego,r-0018,applies,False,,"Applies: 31 units, above the coverage threshold."
A0322,San Diego,r-0019,applies,False,Once the deposit was collected on or after 1 Jul 2024,Applies to all residential rentals in California. Protection begins once the deposit was collected on or after 1 Jul 2024.
A0322,San Diego,r-0054,applies,False,Not an affordable housing unit whose rent or income limits are set by programme guidelines,Applies unless the property is an affordable housing unit whose rent or income limits are set by programme guidelines. State algorithm rules apply too; both are listed here.
A0322,San Diego,r-0055,unknown,False,Not deed-restricted or subsidised affordable housing (Section 8 vouchers do not count) | Not a unit where the tenant shares a bath or kitchen with the owner | Once the tenancy has lasted more than 30 days,Unknown: needs year built. The rule covers buildings with a certificate of occupancy at least 15 years old.
A0322,San Diego,r-0056,applies,False,,"Applies: 31 units, above the coverage threshold. State screening rules apply too; both are listed here."
A0323,Los Angeles,r-0013,applies,False,,Applies to all residential rentals in California.
A0323,Los Angeles,r-0014,applies,False,,Applies to all residential rentals in California.
A0323,Los Angeles,r-0015,superseded,False,Not a unit where the tenant shares a bathroom or kitchen with the owner-occupant | Not deed-restricted affordable housing | Once the tenant has lived in the unit for 12 months,Governed instead by Relocation assistance for no-fault evictions under the RSO and JCO; the stricter local rule applies here.
A0323,Los Angeles,r-0016,superseded,False,Not deed-restricted or subsidised affordable housing,Governed instead by Los Angeles Rent Stabilization Ordinance (RSO) allowable rent increases; the stricter local rule applies here.
A0323,Los Angeles,r-0017,applies,False,,Applies to all residential rentals in California.
A0323,Los Angeles,r-0018,applies,False,,"Applies: 5 units, above the coverage threshold."
A0323,Los Angeles,r-0019,applies,False,Once the deposit was collected on or after 1 Jul 2024,Applies to all residential rentals in California. Protection begins once the deposit was collected on or after 1 Jul 2024.
A0323,Los Angeles,r-0028,unknown,False,"Not a cooperative, nonprofit homeless facility or short-term treatment facility | Once the tenant has lived in the unit for six months or the first lease has ended","Unknown: this building is under the RSO (built 1907), so the JCO applies only if the unit is exempt from the RSO; RSO exemption status is not in the data."
A0323,Los Angeles,r-0029,applies,False,Not a housing authority or government-owned property,"Applies unless the property is a housing authority or government-owned property. Apartments per the assessor; built 1907, before the 1 Oct 1978 certificate of occupancy cutoff."
A0323,Los Angeles,r-0030,applies,True,"Not government-owned or regulated housing, or affordable housing with a recorded covenant","Applies unless the property is government-owned or regulated housing, or affordable housing with a recorded covenant. Built 1907, before the 1 Oct 1978 certificate of occupancy cutoff; apartments per the assessor. Open question: two published effective dates for the new formula (2 February 2026 per LAHD; 24 January 2026 per a landlord association). Flagged for human review."
A0323,Los Angeles,r-0031,applies,False,,Applies to all residential rentals in Los Angeles. State screening rules apply too; both are listed here.
A0323,Los Angeles,r-0032,applies,False,Once the deposit has been held for at least one year,"Applies: built 1907, before the 1 Oct 1978 certificate of occupancy cutoff; apartments per the assessor. Protection begins once the deposit has been held for at least one year. State deposit rules apply too; both are listed here."
A0324,San Francisco,r-0013,applies,False,,Applies to all residential rentals in California.
A0324,San Francisco,r-0014,applies,False,,Applies to all residential rentals in California.
A0324,San Francisco,r-0015,superseded,False,Not a unit where the tenant shares a bathroom or kitchen with the owner-occupant | Not deed-restricted affordable housing | Once the tenant has lived in the unit for 12 months,Governed instead by San Francisco Rent Ordinance just cause eviction (S.F. Admin. Code § 37.9(a)); the stricter local rule applies here.
A0324,San Francisco,r-0016,superseded,False,Not deed-restricted or subsidised affordable housing,Governed instead by San Francisco annual allowable rent increase (3/1/2026–2/28/2027); the stricter local rule applies here.
A0324,San Francisco,r-0017,applies,False,,Applies to all residential rentals in California.
A0324,San Francisco,r-0018,applies,False,,"Applies: 6 units, above the coverage threshold."
A0324,San Francisco,r-0019,applies,False,Once the deposit was collected on or after 1 Jul 2024,Applies to all residential rentals in California. Protection begins once the deposit was collected on or after 1 Jul 2024.
A0324,San Francisco,r-0057,applies,False,,Applies to all residential rentals in San Francisco. State algorithm rules apply too; both are listed here.
A0324,San Francisco,r-0058,applies,False,,Applies to all residential rentals in San Francisco. Statutory exemptions for certain owner-occupied shared units and institutional housing cannot be checked from county data.
A0324,San Francisco,r-0059,applies,False,,"Applies: built 1885, before the 13 Jun 1979 certificate of occupancy cutoff."
A0324,San Francisco,r-0060,unknown,False,,Unknown: needs affordable housing status. The rule covers affordable housing.
A0324,San Francisco,r-0061,applies,False,,Applies to all residential rentals in San Francisco. State deposit rules apply too; both are listed here.
A0325,Jersey City,r-0026,applies,True,"Not an inpatient medical, licensed long-term care or detention facility","Applies unless the property is an inpatient medical, licensed long-term care or detention facility. Possible preemption: from 1 July 2027 the NJ FAIR Act may preempt the Hoboken and Jersey City algorithmic rent ordinances. Flagged for human review; not decided here."
A0325,Jersey City,r-0027,unknown,False,,"Unknown: needs the unit count. The rule covers buildings with five or more units. The assessor building code '4S-B-A-21U' suggests 21 units (derived, unconfirmed)."
A0325,Jersey City,r-0044,not_yet_effective,True,,Not yet in force: takes effect 1 Jul 2027. Possible preemption: from 1 July 2027 the NJ FAIR Act may preempt the Hoboken and Jersey City algorithmic rent ordinances. Flagged for human review; not decided here.
A0325,Jersey City,r-0045,unknown,False,Not let through a licensed real estate agent who is not the landlord,Unknown: needs the building type. Exemption that depends on it: a one-family or two-family dwelling.
A0325,Jersey City,r-0046,unknown,False,"Not a hotel, motel or guest house let to transient or seasonal guests",Unknown: needs owner identity. Exemption that depends on it: an owner-occupied building with two or fewer rental units.
A0325,Jersey City,r-0047,unknown,False,"Not a hotel, motel or seasonal rental",Unknown: needs owner identity. Exemption that depends on it: an owner-occupied two- or three-family dwelling.
A0325,Jersey City,r-0049,unknown,False,,"Unknown: needs the unit count. Exemption that depends on it: an owner-occupied two-family dwelling. The assessor building code '4S-B-A-21U' suggests 21 units (derived, unconfirmed)."
A0325,Jersey City,r-0050,unknown,False,,Unknown: needs owner identity. Exemption that depends on it: an owner-occupied building with four or fewer units.
A0325,Jersey City,r-0051,unknown,False,Not a seasonal rental of 125 days or less,Unknown: needs owner identity. Exemption that depends on it: an owner-occupied building with two or fewer rental units.
A0326,Newark,r-0044,not_yet_effective,False,,Not yet in force: takes effect 1 Jul 2027.
A0326,Newark,r-0045,unknown,False,Not let through a licensed real estate agent who is not the landlord,Unknown: needs the building type. Exemption that depends on it: a one-family or two-family dwelling.
A0326,Newark,r-0046,unknown,False,"Not a hotel, motel or guest house let to transient or seasonal guests",Unknown: needs owner identity. Exemption that depends on it: an owner-occupied building with two or fewer rental units.
A0326,Newark,r-0047,unknown,False,"Not a hotel, motel or seasonal rental",Unknown: needs owner identity. Exemption that depends on it: an owner-occupied two- or three-family dwelling.
A0326,Newark,r-0049,unknown,False,,Unknown: needs the unit count. Exemption that depends on it: an owner-occupied two-family dwelling.
A0326,Newark,r-0050,unknown,False,,Unknown: needs owner identity. Exemption that depends on it: an owner-occupied building with four or fewer units.
A0326,Newark,r-0051,unknown,False,Not a seasonal rental of 125 days or less,Unknown: needs owner identity. Exemption that depends on it: an owner-occupied building with two or fewer rental units.
A0326,Newark,r-0052,unknown,False,Not a hotel or motel let day to day to transients | Not public housing or a unit whose rent a government agency regulates,Unknown: needs year built. Exemption that depends on it: a newly built multiple dwelling still within its exemption period (at most 30 years).
A0326,Newark,r-0053,unknown,False,Not housing designated for a programme for people with criminal records,Unknown: needs the unit count. Exemption that depends on it: an owner-occupied two-family dwelling or a room in an owner-occupied home.
A0327,Los Angeles,r-0013,applies,False,,Applies to all residential rentals in California.
A0327,Los Angeles,r-0014,applies,False,,Applies to all residential rentals in California.
A0327,Los Angeles,r-0015,superseded,False,Not a unit where the tenant shares a bathroom or kitchen with the owner-occupant | Not deed-restricted affordable housing | Once the tenant has lived in the unit for 12 months,Governed instead by Relocation assistance for no-fault evictions under the RSO and JCO; the stricter local rule applies here.
A0327,Los Angeles,r-0016,superseded,False,Not deed-restricted or subsidised affordable housing,Governed instead by Los Angeles Rent Stabilization Ordinance (RSO) allowable rent increases; the stricter local rule applies here.
A0327,Los Angeles,r-0017,applies,False,,Applies to all residential rentals in California.
A0327,Los Angeles,r-0018,applies,False,,"Applies: 36 units, above the coverage threshold."
A0327,Los Angeles,r-0019,applies,False,Once the deposit was collected on or after 1 Jul 2024,Applies to all residential rentals in California. Protection begins once the deposit was collected on or after 1 Jul 2024.
A0327,Los Angeles,r-0028,unknown,False,"Not a cooperative, nonprofit homeless facility or short-term treatment facility | Once the tenant has lived in the unit for six months or the first lease has ended","Unknown: this building is under the RSO (built 1954), so the JCO applies only if the unit is exempt from the RSO; RSO exemption status is not in the data."
A0327,Los Angeles,r-0029,applies,False,Not a housing authority or government-owned property,"Applies unless the property is a housing authority or government-owned property. Apartments per the assessor; built 1954, before the 1 Oct 1978 certificate of occupancy cutoff."
A0327,Los Angeles,r-0030,applies,True,"Not government-owned or regulated housing, or affordable housing with a recorded covenant","Applies unless the property is government-owned or regulated housing, or affordable housing with a recorded covenant. Built 1954, before the 1 Oct 1978 certificate of occupancy cutoff; apartments per the assessor. Open question: two published effective dates for the new formula (2 February 2026 per LAHD; 24 January 2026 per a landlord association). Flagged for human review."
A0327,Los Angeles,r-0031,applies,False,,Applies to all residential rentals in Los Angeles. State screening rules apply too; both are listed here.
A0327,Los Angeles,r-0032,applies,False,Once the deposit has been held for at least one year,"Applies: built 1954, before the 1 Oct 1978 certificate of occupancy cutoff; apartments per the assessor. Protection begins once the deposit has been held for at least one year. State deposit rules apply too; both are listed here."
A0328,San Francisco,r-0013,applies,False,,Applies to all residential rentals in California.
A0328,San Francisco,r-0014,applies,False,,Applies to all residential rentals in California.
A0328,San Francisco,r-0015,superseded,False,Not a unit where the tenant shares a bathroom or kitchen with the owner-occupant | Not deed-restricted affordable housing | Once the tenant has lived in the unit for 12 months,Governed instead by San Francisco Rent Ordinance just cause eviction (S.F. Admin. Code § 37.9(a)); the stricter local rule applies here.
A0328,San Francisco,r-0016,superseded,False,Not deed-restricted or subsidised affordable housing,Governed instead by San Francisco annual allowable rent increase (3/1/2026–2/28/2027); the stricter local rule applies here.
A0328,San Francisco,r-0017,applies,False,,Applies to all residential rentals in California.
A0328,San Francisco,r-0018,applies,False,,"Applies: 6 units, above the coverage threshold."
A0328,San Francisco,r-0019,applies,False,Once the deposit was collected on or after 1 Jul 2024,Applies to all residential rentals in California. Protection begins once the deposit was collected on or after 1 Jul 2024.
A0328,San Francisco,r-0057,applies,False,,Applies to all residential rentals in San Francisco. State algorithm rules apply too; both are listed here.
A0328,San Francisco,r-0058,applies,False,,Applies to all residential rentals in San Francisco. Statutory exemptions for certain owner-occupied shared units and institutional housing cannot be checked from county data.
A0328,San Francisco,r-0059,applies,False,,"Applies: built 1960, before the 13 Jun 1979 certificate of occupancy cutoff."
A0328,San Francisco,r-0060,unknown,False,,Unknown: needs affordable housing status. The rule covers affordable housing.
A0328,San Francisco,r-0061,applies,False,,Applies to all residential rentals in San Francisco. State deposit rules apply too; both are listed here.
A0329,Newark,r-0044,not_yet_effective,False,,Not yet in force: takes effect 1 Jul 2027.
A0329,Newark,r-0045,unknown,False,Not let through a licensed real estate agent who is not the landlord,Unknown: needs the building type. Exemption that depends on it: a one-family or two-family dwelling.
A0329,Newark,r-0046,unknown,False,"Not a hotel, motel or guest house let to transient or seasonal guests",Unknown: needs owner identity. Exemption that depends on it: an owner-occupied building with two or fewer rental units.
A0329,Newark,r-0047,unknown,False,"Not a hotel, motel or seasonal rental",Unknown: needs owner identity. Exemption that depends on it: an owner-occupied two- or three-family dwelling.
A0329,Newark,r-0049,unknown,False,,Unknown: needs the unit count. Exemption that depends on it: an owner-occupied two-family dwelling.
A0329,Newark,r-0050,unknown,False,,Unknown: needs owner identity. Exemption that depends on it: an owner-occupied building with four or fewer units.
A0329,Newark,r-0051,unknown,False,Not a seasonal rental of 125 days or less,Unknown: needs owner identity. Exemption that depends on it: an owner-occupied building with two or fewer rental units.
A0329,Newark,r-0052,unknown,False,Not a hotel or motel let day to day to transients | Not public housing or a unit whose rent a government agency regulates,Unknown: needs year built. Exemption that depends on it: a newly built multiple dwelling still within its exemption period (at most 30 years).
A0329,Newark,r-0053,unknown,False,Not housing designated for a programme for people with criminal records,Unknown: needs the unit count. Exemption that depends on it: an owner-occupied two-family dwelling or a room in an owner-occupied home.
A0330,Los Angeles,r-0013,applies,False,,Applies to all residential rentals in California.
A0330,Los Angeles,r-0014,applies,False,,Applies to all residential rentals in California.
A0330,Los Angeles,r-0015,superseded,False,Not a unit where the tenant shares a bathroom or kitchen with the owner-occupant | Not deed-restricted affordable housing | Once the tenant has lived in the unit for 12 months,Governed instead by Los Angeles Just Cause for Eviction Ordinance (JCO); the stricter local rule applies here.
A0330,Los Angeles,r-0016,unknown,False,Not deed-restricted or subsidised affordable housing,Unknown: needs owner identity. Exemption that depends on it: a building with a certificate of occupancy issued within the last 15 years.
A0330,Los Angeles,r-0017,applies,False,,Applies to all residential rentals in California.
A0330,Los Angeles,r-0018,applies,False,,"Applies: 24 units, above the coverage threshold."
A0330,Los Angeles,r-0019,applies,False,Once the deposit was collected on or after 1 Jul 2024,Applies to all residential rentals in California. Protection begins once the deposit was collected on or after 1 Jul 2024.
A0330,Los Angeles,r-0028,applies,False,"Not a cooperative, nonprofit homeless facility or short-term treatment facility | Once the tenant has lived in the unit for six months or the first lease has ended","Applies unless the property is a cooperative, nonprofit homeless facility or short-term treatment facility. Apartments per the assessor; built 2018, after the 1 Oct 1978 certificate of occupancy cutoff. Protection begins once the tenant has lived in the unit for six months or the first lease has ended."
A0330,Los Angeles,r-0031,applies,False,,Applies to all residential rentals in Los Angeles. State screening rules apply too; both are listed here.
A0331,Newark,r-0044,not_yet_effective,False,,Not yet in force: takes effect 1 Jul 2027.
A0331,Newark,r-0045,unknown,False,Not let through a licensed real estate agent who is not the landlord,Unknown: needs the building type. Exemption that depends on it: a one-family or two-family dwelling.
A0331,Newark,r-0046,unknown,False,"Not a hotel, motel or guest house let to transient or seasonal guests",Unknown: needs owner identity. Exemption that depends on it: an owner-occupied building with two or fewer rental units.
A0331,Newark,r-0047,unknown,False,"Not a hotel, motel or seasonal rental",Unknown: needs owner identity. Exemption that depends on it: an owner-occupied two- or three-family dwelling.
A0331,Newark,r-0049,unknown,False,,"Unknown: needs the unit count. Exemption that depends on it: an owner-occupied two-family dwelling. The assessor building code '2.5SF4UG' suggests 4 units (derived, unconfirmed)."
A0331,Newark,r-0050,unknown,False,,Unknown: needs owner identity. Exemption that depends on it: an owner-occupied building with four or fewer units.
A0331,Newark,r-0051,unknown,False,Not a seasonal rental of 125 days or less,Unknown: needs owner identity. Exemption that depends on it: an owner-occupied building with two or fewer rental units.
A0331,Newark,r-0052,applies,False,Not a hotel or motel let day to day to transients | Not public housing or a unit whose rent a government agency regulates,"Applies unless the property is a hotel or motel let day to day to transients or public housing or a unit whose rent a government agency regulates. Built 1910, before the 30 year certificate of occupancy window (built before 1996)."
A0331,Newark,r-0053,unknown,False,Not housing designated for a programme for people with criminal records,"Unknown: needs the unit count. Exemption that depends on it: an owner-occupied two-family dwelling or a room in an owner-occupied home. The assessor building code '2.5SF4UG' suggests 4 units (derived, unconfirmed)."
A0332,Boston,r-0008,applies,False,,Applies: apartments per the assessor.
A0332,Boston,r-0011,unknown,False,,Unknown: needs affordable housing status. The rule covers housing funded or land-assisted by the Boston Department of Neighborhood Development.
A0332,Boston,r-0012,applies,False,,Applies to all residential rentals in Boston. State screening rules apply too; both are listed here.
A0332,Boston,r-0033,pending,False,,"Bill, not law: a pending bill or proposal, not yet enacted."
A0332,Boston,r-0034,pending,False,,"Bill, not law: a pending bill or proposal, not yet enacted."
A0332,Boston,r-0035,applies,False,,Applies to all residential rentals in Massachusetts.
A0332,Boston,r-0036,applies,False,,Applies: apartments per the assessor.
A0332,Boston,r-0041,applies,False,,Applies to all residential rentals in Massachusetts.
A0332,Boston,r-0042,applies,False,,Applies to all residential rentals in Massachusetts.
A0332,Boston,r-0043,applies,False,,Applies: apartments per the assessor.
A0333,San Diego,r-0013,applies,False,,Applies to all residential rentals in California.
A0333,San Diego,r-0014,applies,False,,Applies to all residential rentals in California.
A0333,San Diego,r-0015,superseded,False,Not a unit where the tenant shares a bathroom or kitchen with the owner-occupant | Not deed-restricted affordable housing | Once the tenant has lived in the unit for 12 months,"Governed instead by San Diego Residential Tenant Protections (just cause for termination of tenancy); it shares the same coverage condition, so wherever this rule applies the stricter local rule governs."
A0333,San Diego,r-0016,unknown,False,Not deed-restricted or subsidised affordable housing,Unknown: needs year built. Exemption that depends on it: a building with a certificate of occupancy issued within the last 15 years.
A0333,San Diego,r-0017,applies,False,,Applies to all residential rentals in California.
A0333,San Diego,r-0018,applies,False,,"Applies: 8 units, above the coverage threshold."
A0333,San Diego,r-0019,applies,False,Once the deposit was collected on or after 1 Jul 2024,Applies to all residential rentals in California. Protection begins once the deposit was collected on or after 1 Jul 2024.
A0333,San Diego,r-0054,applies,False,Not an affordable housing unit whose rent or income limits are set by programme guidelines,Applies unless the property is an affordable housing unit whose rent or income limits are set by programme guidelines. State algorithm rules apply too; both are listed here.
A0333,San Diego,r-0055,unknown,False,Not deed-restricted or subsidised affordable housing (Section 8 vouchers do not count) | Not a unit where the tenant shares a bath or kitchen with the owner | Once the tenancy has lasted more than 30 days,Unknown: needs year built. The rule covers buildings with a certificate of occupancy at least 15 years old.
A0333,San Diego,r-0056,applies,False,,"Applies: 8 units, above the coverage threshold. State screening rules apply too; both are listed here."
A0334,Berkeley,r-0001,applies,True,Not an affordable housing unit whose rent or income limits are set by programme guidelines,Applies unless the property is an affordable housing unit whose rent or income limits are set by programme guidelines. Open question: two published effective dates (1 March 2026 in the ordinance text; January 2026 in an August 2026 law firm alert). Flagged for human review. State algorithm rules apply too; both are listed here.
A0334,Berkeley,r-0002,applies,False,,Applies to all residential rentals in Berkeley. State fee rules apply; Berkeley adds stricter local limits.
A0334,Berkeley,r-0003,applies,False,,Applies to all residential rentals in Berkeley. State fee rules apply; Berkeley adds stricter local limits.
A0334,Berkeley,r-0004,applies,False,Not a nonprofit cooperative | Not a unit where the tenant shares a kitchen or bath with the landlord,"Applies unless the property is a nonprofit cooperative or a unit where the tenant shares a kitchen or bath with the landlord. Apartments per the assessor; at least 5 units per the assessor description, so the exemption for an owner-occupied duplex (a 'golden duplex') cannot apply."
A0334,Berkeley,r-0005,unknown,False,Not a nonprofit cooperative | Not a unit where the owner shares a kitchen or bath with the tenant,Unknown: needs year built. The rule covers multifamily buildings built before 1980.
A0334,Berkeley,r-0006,applies,False,Not public housing or a Section 8 property | Not a unit let under an agreement that lets the owner move back in | Not a unit where an existing tenant is subletting or adding a roommate,"Applies unless the property is public housing or a Section 8 property; a unit let under an agreement that lets the owner move back in; or a unit where an existing tenant is subletting or adding a roommate. At least 5 units per the assessor description, so the exemption for an owner-occupied building with one to three units cannot apply. State screening rules apply too; both are listed here."
A0334,Berkeley,r-0007,applies,False,Not a unit where the owner shares a kitchen or bath with the tenant | Not a nonprofit cooperative,"Applies unless the property is a unit where the owner shares a kitchen or bath with the tenant or a nonprofit cooperative. At least 5 units per the assessor description, so the exemption for an owner-occupied duplex (a 'golden duplex') cannot apply; at least 5 units per the assessor description, so the exemption for an owner-occupied property with an accessory dwelling unit cannot apply. State deposit rules apply too; both are listed here."
A0334,Berkeley,r-0013,applies,False,,Applies to all residential rentals in California.
A0334,Berkeley,r-0014,applies,False,,Applies to all residential rentals in California.
A0334,Berkeley,r-0015,superseded,False,Not a unit where the tenant shares a bathroom or kitchen with the owner-occupant | Not deed-restricted affordable housing | Once the tenant has lived in the unit for 12 months,Governed instead by Berkeley just cause eviction rules as amended by Measure BB; the stricter local rule applies here.
A0334,Berkeley,r-0016,unknown,False,Not deed-restricted or subsidised affordable housing,Unknown: needs year built. Exemption that depends on it: a building with a certificate of occupancy issued within the last 15 years.
A0334,Berkeley,r-0017,applies,False,,Applies to all residential rentals in California.
A0334,Berkeley,r-0018,applies,False,,"Applies: at least 5 units per the assessor description, above the coverage threshold."
A0334,Berkeley,r-0019,applies,False,Once the deposit was collected on or after 1 Jul 2024,Applies to all residential rentals in California. Protection begins once the deposit was collected on or after 1 Jul 2024.
A0335,San Francisco,r-0013,applies,False,,Applies to all residential rentals in California.
A0335,San Francisco,r-0014,applies,False,,Applies to all residential rentals in California.
A0335,San Francisco,r-0015,superseded,False,Not a unit where the tenant shares a bathroom or kitchen with the owner-occupant | Not deed-restricted affordable housing | Once the tenant has lived in the unit for 12 months,Governed instead by San Francisco Rent Ordinance just cause eviction (S.F. Admin. Code § 37.9(a)); the stricter local rule applies here.
A0335,San Francisco,r-0016,superseded,False,Not deed-restricted or subsidised affordable housing,Governed instead by San Francisco annual allowable rent increase (3/1/2026–2/28/2027); the stricter local rule applies here.
A0335,San Francisco,r-0017,applies,False,,Applies to all residential rentals in California.
A0335,San Francisco,r-0018,applies,False,,"Applies: 10 units, above the coverage threshold."
A0335,San Francisco,r-0019,applies,False,Once the deposit was collected on or after 1 Jul 2024,Applies to all residential rentals in California. Protection begins once the deposit was collected on or after 1 Jul 2024.
A0335,San Francisco,r-0057,applies,False,,Applies to all residential rentals in San Francisco. State algorithm rules apply too; both are listed here.
A0335,San Francisco,r-0058,applies,False,,Applies to all residential rentals in San Francisco. Statutory exemptions for certain owner-occupied shared units and institutional housing cannot be checked from county data.
A0335,San Francisco,r-0059,applies,False,,"Applies: built 1968, before the 13 Jun 1979 certificate of occupancy cutoff."
A0335,San Francisco,r-0060,unknown,False,,Unknown: needs affordable housing status. The rule covers affordable housing.
A0335,San Francisco,r-0061,applies,False,,Applies to all residential rentals in San Francisco. State deposit rules apply too; both are listed here.
A0336,Cambridge,r-0020,pending,False,,"Bill, not law: a pending bill or proposal, not yet enacted."
A0336,Cambridge,r-0021,applies,False,,Applies: apartments per the assessor.
A0336,Cambridge,r-0022,applies,False,,"Applies: 468 units, so the exemption for an owner-occupied two-family dwelling cannot apply. State screening rules apply too; both are listed here."
A0336,Cambridge,r-0033,pending,False,,"Bill, not law: a pending bill or proposal, not yet enacted."
A0336,Cambridge,r-0034,pending,False,,"Bill, not law: a pending bill or proposal, not yet enacted."
A0336,Cambridge,r-0035,applies,False,,Applies to all residential rentals in Massachusetts.
A0336,Cambridge,r-0036,applies,False,,Applies: apartments per the assessor.
A0336,Cambridge,r-0041,applies,False,,Applies to all residential rentals in Massachusetts.
A0336,Cambridge,r-0042,applies,False,,Applies to all residential rentals in Massachusetts.
A0336,Cambridge,r-0043,applies,False,,Applies: apartments per the assessor.
A0337,Newark,r-0044,not_yet_effective,False,,Not yet in force: takes effect 1 Jul 2027.
A0337,Newark,r-0045,unknown,False,Not let through a licensed real estate agent who is not the landlord,Unknown: needs the building type. Exemption that depends on it: a one-family or two-family dwelling.
A0337,Newark,r-0046,unknown,False,"Not a hotel, motel or guest house let to transient or seasonal guests",Unknown: needs owner identity. Exemption that depends on it: an owner-occupied building with two or fewer rental units.
A0337,Newark,r-0047,unknown,False,"Not a hotel, motel or seasonal rental",Unknown: needs owner identity. Exemption that depends on it: an owner-occupied two- or three-family dwelling.
A0337,Newark,r-0049,unknown,False,,Unknown: needs the unit count. Exemption that depends on it: an owner-occupied two-family dwelling.
A0337,Newark,r-0050,unknown,False,,Unknown: needs owner identity. Exemption that depends on it: an owner-occupied building with four or fewer units.
A0337,Newark,r-0051,unknown,False,Not a seasonal rental of 125 days or less,Unknown: needs owner identity. Exemption that depends on it: an owner-occupied building with two or fewer rental units.
A0337,Newark,r-0052,unknown,False,Not a hotel or motel let day to day to transients | Not public housing or a unit whose rent a government agency regulates,Unknown: needs year built. Exemption that depends on it: a newly built multiple dwelling still within its exemption period (at most 30 years).
A0337,Newark,r-0053,unknown,False,Not housing designated for a programme for people with criminal records,Unknown: needs the unit count. Exemption that depends on it: an owner-occupied two-family dwelling or a room in an owner-occupied home.
A0338,Newark,r-0044,not_yet_effective,False,,Not yet in force: takes effect 1 Jul 2027.
A0338,Newark,r-0045,unknown,False,Not let through a licensed real estate agent who is not the landlord,Unknown: needs the building type. Exemption that depends on it: a one-family or two-family dwelling.
A0338,Newark,r-0046,unknown,False,"Not a hotel, motel or guest house let to transient or seasonal guests",Unknown: needs owner identity. Exemption that depends on it: an owner-occupied building with two or fewer rental units.
A0338,Newark,r-0047,unknown,False,"Not a hotel, motel or seasonal rental",Unknown: needs owner identity. Exemption that depends on it: an owner-occupied two- or three-family dwelling.
A0338,Newark,r-0049,unknown,False,,Unknown: needs the unit count. Exemption that depends on it: an owner-occupied two-family dwelling.
A0338,Newark,r-0050,unknown,False,,Unknown: needs owner identity. Exemption that depends on it: an owner-occupied building with four or fewer units.
A0338,Newark,r-0051,unknown,False,Not a seasonal rental of 125 days or less,Unknown: needs owner identity. Exemption that depends on it: an owner-occupied building with two or fewer rental units.
A0338,Newark,r-0052,unknown,False,Not a hotel or motel let day to day to transients | Not public housing or a unit whose rent a government agency regulates,Unknown: needs year built. Exemption that depends on it: a newly built multiple dwelling still within its exemption period (at most 30 years).
A0338,Newark,r-0053,unknown,False,Not housing designated for a programme for people with criminal records,Unknown: needs the unit count. Exemption that depends on it: an owner-occupied two-family dwelling or a room in an owner-occupied home.
A0339,Cambridge,r-0020,pending,False,,"Bill, not law: a pending bill or proposal, not yet enacted."
A0339,Cambridge,r-0021,applies,False,,Applies: apartments per the assessor.
A0339,Cambridge,r-0022,applies,False,,"Applies: 8 units, so the exemption for an owner-occupied two-family dwelling cannot apply. State screening rules apply too; both are listed here."
A0339,Cambridge,r-0033,pending,False,,"Bill, not law: a pending bill or proposal, not yet enacted."
A0339,Cambridge,r-0034,pending,False,,"Bill, not law: a pending bill or proposal, not yet enacted."
A0339,Cambridge,r-0035,applies,False,,Applies to all residential rentals in Massachusetts.
A0339,Cambridge,r-0036,applies,False,,Applies: apartments per the assessor.
A0339,Cambridge,r-0041,applies,False,,Applies to all residential rentals in Massachusetts.
A0339,Cambridge,r-0042,applies,False,,Applies to all residential rentals in Massachusetts.
A0339,Cambridge,r-0043,applies,False,,Applies: apartments per the assessor.
A0340,Los Angeles,r-0013,applies,False,,Applies to all residential rentals in California.
A0340,Los Angeles,r-0014,applies,False,,Applies to all residential rentals in California.
A0340,Los Angeles,r-0015,superseded,False,Not a unit where the tenant shares a bathroom or kitchen with the owner-occupant | Not deed-restricted affordable housing | Once the tenant has lived in the unit for 12 months,Governed instead by Relocation assistance for no-fault evictions under the RSO and JCO; the stricter local rule applies here.
A0340,Los Angeles,r-0016,superseded,False,Not deed-restricted or subsidised affordable housing,Governed instead by Los Angeles Rent Stabilization Ordinance (RSO) allowable rent increases; the stricter local rule applies here.
A0340,Los Angeles,r-0017,applies,False,,Applies to all residential rentals in California.
A0340,Los Angeles,r-0018,applies,False,,"Applies: 50 units, above the coverage threshold."
A0340,Los Angeles,r-0019,applies,False,Once the deposit was collected on or after 1 Jul 2024,Applies to all residential rentals in California. Protection begins once the deposit was collected on or after 1 Jul 2024.
A0340,Los Angeles,r-0028,unknown,False,"Not a cooperative, nonprofit homeless facility or short-term treatment facility | Once the tenant has lived in the unit for six months or the first lease has ended","Unknown: this building is under the RSO (built 1959), so the JCO applies only if the unit is exempt from the RSO; RSO exemption status is not in the data."
A0340,Los Angeles,r-0029,applies,False,Not a housing authority or government-owned property,"Applies unless the property is a housing authority or government-owned property. Apartments per the assessor; built 1959, before the 1 Oct 1978 certificate of occupancy cutoff."
A0340,Los Angeles,r-0030,applies,True,"Not government-owned or regulated housing, or affordable housing with a recorded covenant","Applies unless the property is government-owned or regulated housing, or affordable housing with a recorded covenant. Built 1959, before the 1 Oct 1978 certificate of occupancy cutoff; apartments per the assessor. Open question: two published effective dates for the new formula (2 February 2026 per LAHD; 24 January 2026 per a landlord association). Flagged for human review."
A0340,Los Angeles,r-0031,applies,False,,Applies to all residential rentals in Los Angeles. State screening rules apply too; both are listed here.
A0340,Los Angeles,r-0032,applies,False,Once the deposit has been held for at least one year,"Applies: built 1959, before the 1 Oct 1978 certificate of occupancy cutoff; apartments per the assessor. Protection begins once the deposit has been held for at least one year. State deposit rules apply too; both are listed here."
A0341,San Diego,r-0013,applies,False,,Applies to all residential rentals in California.
A0341,San Diego,r-0014,applies,False,,Applies to all residential rentals in California.
A0341,San Diego,r-0015,superseded,False,Not a unit where the tenant shares a bathroom or kitchen with the owner-occupant | Not deed-restricted affordable housing | Once the tenant has lived in the unit for 12 months,"Governed instead by San Diego Residential Tenant Protections (just cause for termination of tenancy); it shares the same coverage condition, so wherever this rule applies the stricter local rule governs."
A0341,San Diego,r-0016,unknown,False,Not deed-restricted or subsidised affordable housing,Unknown: needs year built. Exemption that depends on it: a building with a certificate of occupancy issued within the last 15 years.
A0341,San Diego,r-0017,applies,False,,Applies to all residential rentals in California.
A0341,San Diego,r-0018,applies,False,,"Applies: 6 units, above the coverage threshold."
A0341,San Diego,r-0019,applies,False,Once the deposit was collected on or after 1 Jul 2024,Applies to all residential rentals in California. Protection begins once the deposit was collected on or after 1 Jul 2024.
A0341,San Diego,r-0054,applies,False,Not an affordable housing unit whose rent or income limits are set by programme guidelines,Applies unless the property is an affordable housing unit whose rent or income limits are set by programme guidelines. State algorithm rules apply too; both are listed here.
A0341,San Diego,r-0055,unknown,False,Not deed-restricted or subsidised affordable housing (Section 8 vouchers do not count) | Not a unit where the tenant shares a bath or kitchen with the owner | Once the tenancy has lasted more than 30 days,Unknown: needs year built. The rule covers buildings with a certificate of occupancy at least 15 years old.
A0341,San Diego,r-0056,applies,False,,"Applies: 6 units, above the coverage threshold. State screening rules apply too; both are listed here."
A0342,Cambridge,r-0020,pending,False,,"Bill, not law: a pending bill or proposal, not yet enacted."
A0342,Cambridge,r-0021,applies,False,,Applies: apartments per the assessor.
A0342,Cambridge,r-0022,applies,False,,"Applies: 6 units, so the exemption for an owner-occupied two-family dwelling cannot apply. State screening rules apply too; both are listed here."
A0342,Cambridge,r-0033,pending,False,,"Bill, not law: a pending bill or proposal, not yet enacted."
A0342,Cambridge,r-0034,pending,False,,"Bill, not law: a pending bill or proposal, not yet enacted."
A0342,Cambridge,r-0035,applies,False,,Applies to all residential rentals in Massachusetts.
A0342,Cambridge,r-0036,applies,False,,Applies: apartments per the assessor.
A0342,Cambridge,r-0041,applies,False,,Applies to all residential rentals in Massachusetts.
A0342,Cambridge,r-0042,applies,False,,Applies to all residential rentals in Massachusetts.
A0342,Cambridge,r-0043,applies,False,,Applies: apartments per the assessor.
A0343,Newark,r-0044,not_yet_effective,False,,Not yet in force: takes effect 1 Jul 2027.
A0343,Newark,r-0045,unknown,False,Not let through a licensed real estate agent who is not the landlord,Unknown: needs the building type. Exemption that depends on it: a one-family or two-family dwelling.
A0343,Newark,r-0046,unknown,False,"Not a hotel, motel or guest house let to transient or seasonal guests",Unknown: needs owner identity. Exemption that depends on it: an owner-occupied building with two or fewer rental units.
A0343,Newark,r-0047,unknown,False,"Not a hotel, motel or seasonal rental",Unknown: needs owner identity. Exemption that depends on it: an owner-occupied two- or three-family dwelling.
A0343,Newark,r-0049,unknown,False,,Unknown: needs the unit count. Exemption that depends on it: an owner-occupied two-family dwelling.
A0343,Newark,r-0050,unknown,False,,Unknown: needs owner identity. Exemption that depends on it: an owner-occupied building with four or fewer units.
A0343,Newark,r-0051,unknown,False,Not a seasonal rental of 125 days or less,Unknown: needs owner identity. Exemption that depends on it: an owner-occupied building with two or fewer rental units.
A0343,Newark,r-0052,unknown,False,Not a hotel or motel let day to day to transients | Not public housing or a unit whose rent a government agency regulates,Unknown: needs year built. Exemption that depends on it: a newly built multiple dwelling still within its exemption period (at most 30 years).
A0343,Newark,r-0053,unknown,False,Not housing designated for a programme for people with criminal records,Unknown: needs the unit count. Exemption that depends on it: an owner-occupied two-family dwelling or a room in an owner-occupied home.
A0344,Jersey City,r-0026,applies,True,"Not an inpatient medical, licensed long-term care or detention facility","Applies unless the property is an inpatient medical, licensed long-term care or detention facility. Possible preemption: from 1 July 2027 the NJ FAIR Act may preempt the Hoboken and Jersey City algorithmic rent ordinances. Flagged for human review; not decided here."
A0344,Jersey City,r-0027,unknown,False,,"Unknown: needs the unit count. The rule covers buildings with five or more units. The assessor building code '4S-B-44U' suggests 44 units (derived, unconfirmed)."
A0344,Jersey City,r-0044,not_yet_effective,True,,Not yet in force: takes effect 1 Jul 2027. Possible preemption: from 1 July 2027 the NJ FAIR Act may preempt the Hoboken and Jersey City algorithmic rent ordinances. Flagged for human review; not decided here.
A0344,Jersey City,r-0045,unknown,False,Not let through a licensed real estate agent who is not the landlord,Unknown: needs the building type. Exemption that depends on it: a one-family or two-family dwelling.
A0344,Jersey City,r-0046,unknown,False,"Not a hotel, motel or guest house let to transient or seasonal guests",Unknown: needs owner identity. Exemption that depends on it: an owner-occupied building with two or fewer rental units.
A0344,Jersey City,r-0047,unknown,False,"Not a hotel, motel or seasonal rental",Unknown: needs owner identity. Exemption that depends on it: an owner-occupied two- or three-family dwelling.
A0344,Jersey City,r-0049,unknown,False,,"Unknown: needs the unit count. Exemption that depends on it: an owner-occupied two-family dwelling. The assessor building code '4S-B-44U' suggests 44 units (derived, unconfirmed)."
A0344,Jersey City,r-0050,unknown,False,,Unknown: needs owner identity. Exemption that depends on it: an owner-occupied building with four or fewer units.
A0344,Jersey City,r-0051,unknown,False,Not a seasonal rental of 125 days or less,Unknown: needs owner identity. Exemption that depends on it: an owner-occupied building with two or fewer rental units.
A0345,Los Angeles,r-0013,applies,False,,Applies to all residential rentals in California.
A0345,Los Angeles,r-0014,applies,False,,Applies to all residential rentals in California.
A0345,Los Angeles,r-0015,superseded,False,Not a unit where the tenant shares a bathroom or kitchen with the owner-occupant | Not deed-restricted affordable housing | Once the tenant has lived in the unit for 12 months,Governed instead by Relocation assistance for no-fault evictions under the RSO and JCO; the stricter local rule applies here.
A0345,Los Angeles,r-0016,superseded,False,Not deed-restricted or subsidised affordable housing,Governed instead by Los Angeles Rent Stabilization Ordinance (RSO) allowable rent increases; the stricter local rule applies here.
A0345,Los Angeles,r-0017,applies,False,,Applies to all residential rentals in California.
A0345,Los Angeles,r-0018,applies,False,,"Applies: 5 units, above the coverage threshold."
A0345,Los Angeles,r-0019,applies,False,Once the deposit was collected on or after 1 Jul 2024,Applies to all residential rentals in California. Protection begins once the deposit was collected on or after 1 Jul 2024.
A0345,Los Angeles,r-0028,unknown,False,"Not a cooperative, nonprofit homeless facility or short-term treatment facility | Once the tenant has lived in the unit for six months or the first lease has ended","Unknown: this building is under the RSO (built 1921), so the JCO applies only if the unit is exempt from the RSO; RSO exemption status is not in the data."
A0345,Los Angeles,r-0029,applies,False,Not a housing authority or government-owned property,"Applies unless the property is a housing authority or government-owned property. Apartments per the assessor; built 1921, before the 1 Oct 1978 certificate of occupancy cutoff."
A0345,Los Angeles,r-0030,applies,True,"Not government-owned or regulated housing, or affordable housing with a recorded covenant","Applies unless the property is government-owned or regulated housing, or affordable housing with a recorded covenant. Built 1921, before the 1 Oct 1978 certificate of occupancy cutoff; apartments per the assessor. Open question: two published effective dates for the new formula (2 February 2026 per LAHD; 24 January 2026 per a landlord association). Flagged for human review."
A0345,Los Angeles,r-0031,applies,False,,Applies to all residential rentals in Los Angeles. State screening rules apply too; both are listed here.
A0345,Los Angeles,r-0032,applies,False,Once the deposit has been held for at least one year,"Applies: built 1921, before the 1 Oct 1978 certificate of occupancy cutoff; apartments per the assessor. Protection begins once the deposit has been held for at least one year. State deposit rules apply too; both are listed here."
A0346,San Diego,r-0013,applies,False,,Applies to all residential rentals in California.
A0346,San Diego,r-0014,applies,False,,Applies to all residential rentals in California.
A0346,San Diego,r-0015,superseded,False,Not a unit where the tenant shares a bathroom or kitchen with the owner-occupant | Not deed-restricted affordable housing | Once the tenant has lived in the unit for 12 months,"Governed instead by San Diego Residential Tenant Protections (just cause for termination of tenancy); it shares the same coverage condition, so wherever this rule applies the stricter local rule governs."
A0346,San Diego,r-0016,unknown,False,Not deed-restricted or subsidised affordable housing,Unknown: needs year built. Exemption that depends on it: a building with a certificate of occupancy issued within the last 15 years.
A0346,San Diego,r-0017,applies,False,,Applies to all residential rentals in California.
A0346,San Diego,r-0018,applies,False,,"Applies: 8 units, above the coverage threshold."
A0346,San Diego,r-0019,applies,False,Once the deposit was collected on or after 1 Jul 2024,Applies to all residential rentals in California. Protection begins once the deposit was collected on or after 1 Jul 2024.
A0346,San Diego,r-0054,applies,False,Not an affordable housing unit whose rent or income limits are set by programme guidelines,Applies unless the property is an affordable housing unit whose rent or income limits are set by programme guidelines. State algorithm rules apply too; both are listed here.
A0346,San Diego,r-0055,unknown,False,Not deed-restricted or subsidised affordable housing (Section 8 vouchers do not count) | Not a unit where the tenant shares a bath or kitchen with the owner | Once the tenancy has lasted more than 30 days,Unknown: needs year built. The rule covers buildings with a certificate of occupancy at least 15 years old.
A0346,San Diego,r-0056,applies,False,,"Applies: 8 units, above the coverage threshold. State screening rules apply too; both are listed here."
A0347,San Diego,r-0013,applies,False,,Applies to all residential rentals in California.
A0347,San Diego,r-0014,applies,False,,Applies to all residential rentals in California.
A0347,San Diego,r-0015,superseded,False,Not a unit where the tenant shares a bathroom or kitchen with the owner-occupant | Not deed-restricted affordable housing | Once the tenant has lived in the unit for 12 months,"Governed instead by San Diego Residential Tenant Protections (just cause for termination of tenancy); it shares the same coverage condition, so wherever this rule applies the stricter local rule governs."
A0347,San Diego,r-0016,unknown,False,Not deed-restricted or subsidised affordable housing,Unknown: needs year built. Exemption that depends on it: a building with a certificate of occupancy issued within the last 15 years.
A0347,San Diego,r-0017,applies,False,,Applies to all residential rentals in California.
A0347,San Diego,r-0018,applies,False,,"Applies: 9 units, above the coverage threshold."
A0347,San Diego,r-0019,applies,False,Once the deposit was collected on or after 1 Jul 2024,Applies to all residential rentals in California. Protection begins once the deposit was collected on or after 1 Jul 2024.
A0347,San Diego,r-0054,applies,False,Not an affordable housing unit whose rent or income limits are set by programme guidelines,Applies unless the property is an affordable housing unit whose rent or income limits are set by programme guidelines. State algorithm rules apply too; both are listed here.
A0347,San Diego,r-0055,unknown,False,Not deed-restricted or subsidised affordable housing (Section 8 vouchers do not count) | Not a unit where the tenant shares a bath or kitchen with the owner | Once the tenancy has lasted more than 30 days,Unknown: needs year built. The rule covers buildings with a certificate of occupancy at least 15 years old.
A0347,San Diego,r-0056,applies,False,,"Applies: 9 units, above the coverage threshold. State screening rules apply too; both are listed here."
A0348,Hoboken,r-0023,applies,True,"Not a medical, long-term care or detention facility","Applies unless the property is a medical, long-term care or detention facility. Possible preemption: from 1 July 2027 the NJ FAIR Act may preempt the Hoboken and Jersey City algorithmic rent ordinances. Flagged for human review; not decided here."
A0348,Hoboken,r-0024,applies,False,,Applies to all residential rentals in Hoboken.
A0348,Hoboken,r-0025,unknown,False,"Not a hotel, motel, commercial or industrial unit, or institutional student housing","Unknown: needs year built. The rule covers buildings built on or before 25 Jun 1987, or newer buildings whose exemption period (at most 30 years) has ended."
A0348,Hoboken,r-0044,not_yet_effective,True,,Not yet in force: takes effect 1 Jul 2027. Possible preemption: from 1 July 2027 the NJ FAIR Act may preempt the Hoboken and Jersey City algorithmic rent ordinances. Flagged for human review; not decided here.
A0348,Hoboken,r-0045,unknown,False,Not let through a licensed real estate agent who is not the landlord,Unknown: needs the building type. Exemption that depends on it: a one-family or two-family dwelling.
A0348,Hoboken,r-0046,unknown,False,"Not a hotel, motel or guest house let to transient or seasonal guests",Unknown: needs owner identity. Exemption that depends on it: an owner-occupied building with two or fewer rental units.
A0348,Hoboken,r-0047,unknown,False,"Not a hotel, motel or seasonal rental",Unknown: needs owner identity. Exemption that depends on it: an owner-occupied two- or three-family dwelling.
A0348,Hoboken,r-0049,unknown,False,,"Unknown: needs the unit count. Exemption that depends on it: an owner-occupied two-family dwelling. The assessor building code '4F-7U' suggests 7 units (derived, unconfirmed)."
A0348,Hoboken,r-0050,unknown,False,,Unknown: needs owner identity. Exemption that depends on it: an owner-occupied building with four or fewer units.
A0348,Hoboken,r-0051,unknown,False,Not a seasonal rental of 125 days or less,Unknown: needs owner identity. Exemption that depends on it: an owner-occupied building with two or fewer rental units.
A0349,Berkeley,r-0001,applies,True,Not an affordable housing unit whose rent or income limits are set by programme guidelines,Applies unless the property is an affordable housing unit whose rent or income limits are set by programme guidelines. Open question: two published effective dates (1 March 2026 in the ordinance text; January 2026 in an August 2026 law firm alert). Flagged for human review. State algorithm rules apply too; both are listed here.
A0349,Berkeley,r-0002,applies,False,,Applies to all residential rentals in Berkeley. State fee rules apply; Berkeley adds stricter local limits.
A0349,Berkeley,r-0003,applies,False,,Applies to all residential rentals in Berkeley. State fee rules apply; Berkeley adds stricter local limits.
A0349,Berkeley,r-0004,applies,False,Not a nonprofit cooperative | Not a unit where the tenant shares a kitchen or bath with the landlord,"Applies unless the property is a nonprofit cooperative or a unit where the tenant shares a kitchen or bath with the landlord. Apartments per the assessor; at least 5 units per the assessor description, so the exemption for an owner-occupied duplex (a 'golden duplex') cannot apply."
A0349,Berkeley,r-0005,unknown,False,Not a nonprofit cooperative | Not a unit where the owner shares a kitchen or bath with the tenant,Unknown: needs year built. The rule covers multifamily buildings built before 1980.
A0349,Berkeley,r-0006,applies,False,Not public housing or a Section 8 property | Not a unit let under an agreement that lets the owner move back in | Not a unit where an existing tenant is subletting or adding a roommate,"Applies unless the property is public housing or a Section 8 property; a unit let under an agreement that lets the owner move back in; or a unit where an existing tenant is subletting or adding a roommate. At least 5 units per the assessor description, so the exemption for an owner-occupied building with one to three units cannot apply. State screening rules apply too; both are listed here."
A0349,Berkeley,r-0007,applies,False,Not a unit where the owner shares a kitchen or bath with the tenant | Not a nonprofit cooperative,"Applies unless the property is a unit where the owner shares a kitchen or bath with the tenant or a nonprofit cooperative. At least 5 units per the assessor description, so the exemption for an owner-occupied duplex (a 'golden duplex') cannot apply; at least 5 units per the assessor description, so the exemption for an owner-occupied property with an accessory dwelling unit cannot apply. State deposit rules apply too; both are listed here."
A0349,Berkeley,r-0013,applies,False,,Applies to all residential rentals in California.
A0349,Berkeley,r-0014,applies,False,,Applies to all residential rentals in California.
A0349,Berkeley,r-0015,superseded,False,Not a unit where the tenant shares a bathroom or kitchen with the owner-occupant | Not deed-restricted affordable housing | Once the tenant has lived in the unit for 12 months,Governed instead by Berkeley just cause eviction rules as amended by Measure BB; the stricter local rule applies here.
A0349,Berkeley,r-0016,unknown,False,Not deed-restricted or subsidised affordable housing,Unknown: needs year built. Exemption that depends on it: a building with a certificate of occupancy issued within the last 15 years.
A0349,Berkeley,r-0017,applies,False,,Applies to all residential rentals in California.
A0349,Berkeley,r-0018,applies,False,,"Applies: at least 5 units per the assessor description, above the coverage threshold."
A0349,Berkeley,r-0019,applies,False,Once the deposit was collected on or after 1 Jul 2024,Applies to all residential rentals in California. Protection begins once the deposit was collected on or after 1 Jul 2024.
A0350,Jersey City,r-0026,applies,True,"Not an inpatient medical, licensed long-term care or detention facility","Applies unless the property is an inpatient medical, licensed long-term care or detention facility. Possible preemption: from 1 July 2027 the NJ FAIR Act may preempt the Hoboken and Jersey City algorithmic rent ordinances. Flagged for human review; not decided here."
A0350,Jersey City,r-0027,unknown,False,,"Unknown: needs the unit count. The rule covers buildings with five or more units. The assessor building code '3S-B-D-6U-NH' suggests 6 units (derived, unconfirmed)."
A0350,Jersey City,r-0044,not_yet_effective,True,,Not yet in force: takes effect 1 Jul 2027. Possible preemption: from 1 July 2027 the NJ FAIR Act may preempt the Hoboken and Jersey City algorithmic rent ordinances. Flagged for human review; not decided here.
A0350,Jersey City,r-0045,unknown,False,Not let through a licensed real estate agent who is not the landlord,Unknown: needs the building type. Exemption that depends on it: a one-family or two-family dwelling.
A0350,Jersey City,r-0046,unknown,False,"Not a hotel, motel or guest house let to transient or seasonal guests",Unknown: needs owner identity. Exemption that depends on it: an owner-occupied building with two or fewer rental units.
A0350,Jersey City,r-0047,unknown,False,"Not a hotel, motel or seasonal rental",Unknown: needs owner identity. Exemption that depends on it: an owner-occupied two- or three-family dwelling.
A0350,Jersey City,r-0049,unknown,False,,"Unknown: needs the unit count. Exemption that depends on it: an owner-occupied two-family dwelling. The assessor building code '3S-B-D-6U-NH' suggests 6 units (derived, unconfirmed)."
A0350,Jersey City,r-0050,unknown,False,,Unknown: needs owner identity. Exemption that depends on it: an owner-occupied building with four or fewer units.
A0350,Jersey City,r-0051,unknown,False,Not a seasonal rental of 125 days or less,Unknown: needs owner identity. Exemption that depends on it: an owner-occupied building with two or fewer rental units.
A0351,San Francisco,r-0013,applies,False,,Applies to all residential rentals in California.
A0351,San Francisco,r-0014,applies,False,,Applies to all residential rentals in California.
A0351,San Francisco,r-0015,superseded,False,Not a unit where the tenant shares a bathroom or kitchen with the owner-occupant | Not deed-restricted affordable housing | Once the tenant has lived in the unit for 12 months,Governed instead by San Francisco Rent Ordinance just cause eviction (S.F. Admin. Code § 37.9(a)); the stricter local rule applies here.
A0351,San Francisco,r-0016,superseded,False,Not deed-restricted or subsidised affordable housing,Governed instead by San Francisco annual allowable rent increase (3/1/2026–2/28/2027); the stricter local rule applies here.
A0351,San Francisco,r-0017,applies,False,,Applies to all residential rentals in California.
A0351,San Francisco,r-0018,applies,False,,"Applies: 7 units, above the coverage threshold."
A0351,San Francisco,r-0019,applies,False,Once the deposit was collected on or after 1 Jul 2024,Applies to all residential rentals in California. Protection begins once the deposit was collected on or after 1 Jul 2024.
A0351,San Francisco,r-0057,applies,False,,Applies to all residential rentals in San Francisco. State algorithm rules apply too; both are listed here.
A0351,San Francisco,r-0058,applies,False,,Applies to all residential rentals in San Francisco. Statutory exemptions for certain owner-occupied shared units and institutional housing cannot be checked from county data.
A0351,San Francisco,r-0059,applies,False,,"Applies: built 1907, before the 13 Jun 1979 certificate of occupancy cutoff."
A0351,San Francisco,r-0060,unknown,False,,Unknown: needs affordable housing status. The rule covers affordable housing.
A0351,San Francisco,r-0061,applies,False,,Applies to all residential rentals in San Francisco. State deposit rules apply too; both are listed here.
A0352,Newark,r-0044,not_yet_effective,False,,Not yet in force: takes effect 1 Jul 2027.
A0352,Newark,r-0045,unknown,False,Not let through a licensed real estate agent who is not the landlord,Unknown: needs the building type. Exemption that depends on it: a one-family or two-family dwelling.
A0352,Newark,r-0046,unknown,False,"Not a hotel, motel or guest house let to transient or seasonal guests",Unknown: needs owner identity. Exemption that depends on it: an owner-occupied building with two or fewer rental units.
A0352,Newark,r-0047,unknown,False,"Not a hotel, motel or seasonal rental",Unknown: needs owner identity. Exemption that depends on it: an owner-occupied two- or three-family dwelling.
A0352,Newark,r-0049,unknown,False,,Unknown: needs the unit count. Exemption that depends on it: an owner-occupied two-family dwelling.
A0352,Newark,r-0050,unknown,False,,Unknown: needs owner identity. Exemption that depends on it: an owner-occupied building with four or fewer units.
A0352,Newark,r-0051,unknown,False,Not a seasonal rental of 125 days or less,Unknown: needs owner identity. Exemption that depends on it: an owner-occupied building with two or fewer rental units.
A0352,Newark,r-0052,applies,False,Not a hotel or motel let day to day to transients | Not public housing or a unit whose rent a government agency regulates,"Applies unless the property is a hotel or motel let day to day to transients or public housing or a unit whose rent a government agency regulates. Built 1900, before the 30 year certificate of occupancy window (built before 1996)."
A0352,Newark,r-0053,unknown,False,Not housing designated for a programme for people with criminal records,Unknown: needs the unit count. Exemption that depends on it: an owner-occupied two-family dwelling or a room in an owner-occupied home.
A0353,Los Angeles,r-0013,applies,False,,Applies to all residential rentals in California.
A0353,Los Angeles,r-0014,applies,False,,Applies to all residential rentals in California.
A0353,Los Angeles,r-0015,superseded,False,Not a unit where the tenant shares a bathroom or kitchen with the owner-occupant | Not deed-restricted affordable housing | Once the tenant has lived in the unit for 12 months,"Governed instead by Los Angeles Just Cause for Eviction Ordinance (JCO) and Relocation assistance for no-fault evictions under the RSO and JCO; together they cover every residential unit, so a local rule applies whatever the year built."
A0353,Los Angeles,r-0016,unknown,False,Not deed-restricted or subsidised affordable housing,Unknown: needs year built. Exemption that depends on it: a building with a certificate of occupancy issued within the last 15 years.
A0353,Los Angeles,r-0017,applies,False,,Applies to all residential rentals in California.
A0353,Los Angeles,r-0018,applies,False,,"Applies: at least 5 units per the assessor description, above the coverage threshold."
A0353,Los Angeles,r-0019,applies,False,Once the deposit was collected on or after 1 Jul 2024,Applies to all residential rentals in California. Protection begins once the deposit was collected on or after 1 Jul 2024.
A0353,Los Angeles,r-0028,unknown,False,"Not a cooperative, nonprofit homeless facility or short-term treatment facility | Once the tenant has lived in the unit for six months or the first lease has ended",Unknown: needs year built. The rule covers residential units not covered by the Rent Stabilization Ordinance (certificate of occupancy after 1 Oct 1978).
A0353,Los Angeles,r-0029,unknown,False,Not a housing authority or government-owned property,Unknown: needs year built. The rule covers rental units first built on or before 1 Oct 1978.
A0353,Los Angeles,r-0030,unknown,True,"Not government-owned or regulated housing, or affordable housing with a recorded covenant",Unknown: needs year built. The rule covers rental properties first built on or before 1 Oct 1978. Open question: two published effective dates for the new formula (2 February 2026 per LAHD; 24 January 2026 per a landlord association). Flagged for human review.
A0353,Los Angeles,r-0031,applies,False,,Applies to all residential rentals in Los Angeles. State screening rules apply too; both are listed here.
A0353,Los Angeles,r-0032,unknown,False,Once the deposit has been held for at least one year,Unknown: needs year built. The rule covers rent-stabilised units (first built on or before 1 Oct 1978).
A0354,Boston,r-0008,applies,False,,Applies: apartments per the assessor.
A0354,Boston,r-0011,unknown,False,,Unknown: needs affordable housing status. The rule covers housing funded or land-assisted by the Boston Department of Neighborhood Development.
A0354,Boston,r-0012,applies,False,,Applies to all residential rentals in Boston. State screening rules apply too; both are listed here.
A0354,Boston,r-0033,pending,False,,"Bill, not law: a pending bill or proposal, not yet enacted."
A0354,Boston,r-0034,pending,False,,"Bill, not law: a pending bill or proposal, not yet enacted."
A0354,Boston,r-0035,applies,False,,Applies to all residential rentals in Massachusetts.
A0354,Boston,r-0036,applies,False,,Applies: apartments per the assessor.
A0354,Boston,r-0041,applies,False,,Applies to all residential rentals in Massachusetts.
A0354,Boston,r-0042,applies,False,,Applies to all residential rentals in Massachusetts.
A0354,Boston,r-0043,applies,False,,Applies: apartments per the assessor.
A0355,Los Angeles,r-0013,applies,False,,Applies to all residential rentals in California.
A0355,Los Angeles,r-0014,applies,False,,Applies to all residential rentals in California.
A0355,Los Angeles,r-0015,superseded,False,Not a unit where the tenant shares a bathroom or kitchen with the owner-occupant | Not deed-restricted affordable housing | Once the tenant has lived in the unit for 12 months,Governed instead by Los Angeles Just Cause for Eviction Ordinance (JCO); the stricter local rule applies here.
A0355,Los Angeles,r-0016,applies,False,Not deed-restricted or subsidised affordable housing,"Applies unless the property is deed-restricted or subsidised affordable housing. Built 1986, before the 15 year certificate of occupancy window (built before 2011); apartments per the assessor."
A0355,Los Angeles,r-0017,applies,False,,Applies to all residential rentals in California.
A0355,Los Angeles,r-0018,applies,False,,"Applies: 7 units, above the coverage threshold."
A0355,Los Angeles,r-0019,applies,False,Once the deposit was collected on or after 1 Jul 2024,Applies to all residential rentals in California. Protection begins once the deposit was collected on or after 1 Jul 2024.
A0355,Los Angeles,r-0028,applies,False,"Not a cooperative, nonprofit homeless facility or short-term treatment facility | Once the tenant has lived in the unit for six months or the first lease has ended","Applies unless the property is a cooperative, nonprofit homeless facility or short-term treatment facility. Apartments per the assessor; built 1986, after the 1 Oct 1978 certificate of occupancy cutoff. Protection begins once the tenant has lived in the unit for six months or the first lease has ended."
A0355,Los Angeles,r-0031,applies,False,,Applies to all residential rentals in Los Angeles. State screening rules apply too; both are listed here.
A0356,Boston,r-0008,applies,False,,Applies: apartments per the assessor.
A0356,Boston,r-0011,unknown,False,,Unknown: needs affordable housing status. The rule covers housing funded or land-assisted by the Boston Department of Neighborhood Development.
A0356,Boston,r-0012,applies,False,,Applies to all residential rentals in Boston. State screening rules apply too; both are listed here.
A0356,Boston,r-0033,pending,False,,"Bill, not law: a pending bill or proposal, not yet enacted."
A0356,Boston,r-0034,pending,False,,"Bill, not law: a pending bill or proposal, not yet enacted."
A0356,Boston,r-0035,applies,False,,Applies to all residential rentals in Massachusetts.
A0356,Boston,r-0036,applies,False,,Applies: apartments per the assessor.
A0356,Boston,r-0041,applies,False,,Applies to all residential rentals in Massachusetts.
A0356,Boston,r-0042,applies,False,,Applies to all residential rentals in Massachusetts.
A0356,Boston,r-0043,applies,False,,Applies: apartments per the assessor.
A0357,San Francisco,r-0013,applies,False,,Applies to all residential rentals in California.
A0357,San Francisco,r-0014,applies,False,,Applies to all residential rentals in California.
A0357,San Francisco,r-0015,superseded,False,Not a unit where the tenant shares a bathroom or kitchen with the owner-occupant | Not deed-restricted affordable housing | Once the tenant has lived in the unit for 12 months,Governed instead by San Francisco Rent Ordinance just cause eviction (S.F. Admin. Code § 37.9(a)); the stricter local rule applies here.
A0357,San Francisco,r-0016,applies,False,Not deed-restricted or subsidised affordable housing,"Applies unless the property is deed-restricted or subsidised affordable housing. Built 1997, before the 15 year certificate of occupancy window (built before 2011); apartments per the assessor."
A0357,San Francisco,r-0017,applies,False,,Applies to all residential rentals in California.
A0357,San Francisco,r-0018,applies,False,,"Applies: 29 units, above the coverage threshold."
A0357,San Francisco,r-0019,applies,False,Once the deposit was collected on or after 1 Jul 2024,Applies to all residential rentals in California. Protection begins once the deposit was collected on or after 1 Jul 2024.
A0357,San Francisco,r-0057,applies,False,,Applies to all residential rentals in San Francisco. State algorithm rules apply too; both are listed here.
A0357,San Francisco,r-0058,applies,False,,Applies to all residential rentals in San Francisco. Statutory exemptions for certain owner-occupied shared units and institutional housing cannot be checked from county data.
A0357,San Francisco,r-0060,unknown,False,,Unknown: needs affordable housing status. The rule covers affordable housing.
A0357,San Francisco,r-0061,applies,False,,Applies to all residential rentals in San Francisco. State deposit rules apply too; both are listed here.
A0358,Newark,r-0044,not_yet_effective,False,,Not yet in force: takes effect 1 Jul 2027.
A0358,Newark,r-0045,unknown,False,Not let through a licensed real estate agent who is not the landlord,Unknown: needs the building type. Exemption that depends on it: a one-family or two-family dwelling.
A0358,Newark,r-0046,unknown,False,"Not a hotel, motel or guest house let to transient or seasonal guests",Unknown: needs owner identity. Exemption that depends on it: an owner-occupied building with two or fewer rental units.
A0358,Newark,r-0047,unknown,False,"Not a hotel, motel or seasonal rental",Unknown: needs owner identity. Exemption that depends on it: an owner-occupied two- or three-family dwelling.
A0358,Newark,r-0049,unknown,False,,"Unknown: needs the unit count. Exemption that depends on it: an owner-occupied two-family dwelling. The assessor building code '3SB-2UG' suggests 2 units (derived, unconfirmed)."
A0358,Newark,r-0050,unknown,False,,Unknown: needs owner identity. Exemption that depends on it: an owner-occupied building with four or fewer units.
A0358,Newark,r-0051,unknown,False,Not a seasonal rental of 125 days or less,Unknown: needs owner identity. Exemption that depends on it: an owner-occupied building with two or fewer rental units.
A0358,Newark,r-0052,unknown,False,Not a hotel or motel let day to day to transients | Not public housing or a unit whose rent a government agency regulates,Unknown: needs year built. Exemption that depends on it: a newly built multiple dwelling still within its exemption period (at most 30 years).
A0358,Newark,r-0053,unknown,False,Not housing designated for a programme for people with criminal records,"Unknown: needs the unit count. Exemption that depends on it: an owner-occupied two-family dwelling or a room in an owner-occupied home. The assessor building code '3SB-2UG' suggests 2 units (derived, unconfirmed)."
A0359,Hoboken,r-0023,applies,True,"Not a medical, long-term care or detention facility","Applies unless the property is a medical, long-term care or detention facility. Possible preemption: from 1 July 2027 the NJ FAIR Act may preempt the Hoboken and Jersey City algorithmic rent ordinances. Flagged for human review; not decided here."
A0359,Hoboken,r-0024,applies,False,,Applies to all residential rentals in Hoboken.
A0359,Hoboken,r-0025,unknown,False,"Not a hotel, motel, commercial or industrial unit, or institutional student housing","Unknown: needs year built. The rule covers buildings built on or before 25 Jun 1987, or newer buildings whose exemption period (at most 30 years) has ended."
A0359,Hoboken,r-0044,not_yet_effective,True,,Not yet in force: takes effect 1 Jul 2027. Possible preemption: from 1 July 2027 the NJ FAIR Act may preempt the Hoboken and Jersey City algorithmic rent ordinances. Flagged for human review; not decided here.
A0359,Hoboken,r-0045,unknown,False,Not let through a licensed real estate agent who is not the landlord,Unknown: needs the building type. Exemption that depends on it: a one-family or two-family dwelling.
A0359,Hoboken,r-0046,unknown,False,"Not a hotel, motel or guest house let to transient or seasonal guests",Unknown: needs owner identity. Exemption that depends on it: an owner-occupied building with two or fewer rental units.
A0359,Hoboken,r-0047,unknown,False,"Not a hotel, motel or seasonal rental",Unknown: needs owner identity. Exemption that depends on it: an owner-occupied two- or three-family dwelling.
A0359,Hoboken,r-0049,unknown,False,,"Unknown: needs the unit count. Exemption that depends on it: an owner-occupied two-family dwelling. The assessor building code '5B-10U-H-BA' suggests 10 units (derived, unconfirmed)."
A0359,Hoboken,r-0050,unknown,False,,Unknown: needs owner identity. Exemption that depends on it: an owner-occupied building with four or fewer units.
A0359,Hoboken,r-0051,unknown,False,Not a seasonal rental of 125 days or less,Unknown: needs owner identity. Exemption that depends on it: an owner-occupied building with two or fewer rental units.
A0360,Jersey City,r-0026,applies,True,"Not an inpatient medical, licensed long-term care or detention facility","Applies unless the property is an inpatient medical, licensed long-term care or detention facility. Possible preemption: from 1 July 2027 the NJ FAIR Act may preempt the Hoboken and Jersey City algorithmic rent ordinances. Flagged for human review; not decided here."
A0360,Jersey City,r-0027,unknown,False,,"Unknown: needs the unit count. The rule covers buildings with five or more units. The assessor building code '3S-B-A-14U-H' suggests 14 units (derived, unconfirmed)."
A0360,Jersey City,r-0044,not_yet_effective,True,,Not yet in force: takes effect 1 Jul 2027. Possible preemption: from 1 July 2027 the NJ FAIR Act may preempt the Hoboken and Jersey City algorithmic rent ordinances. Flagged for human review; not decided here.
A0360,Jersey City,r-0045,unknown,False,Not let through a licensed real estate agent who is not the landlord,Unknown: needs the building type. Exemption that depends on it: a one-family or two-family dwelling.
A0360,Jersey City,r-0046,unknown,False,"Not a hotel, motel or guest house let to transient or seasonal guests",Unknown: needs owner identity. Exemption that depends on it: an owner-occupied building with two or fewer rental units.
A0360,Jersey City,r-0047,unknown,False,"Not a hotel, motel or seasonal rental",Unknown: needs owner identity. Exemption that depends on it: an owner-occupied two- or three-family dwelling.
A0360,Jersey City,r-0049,unknown,False,,"Unknown: needs the unit count. Exemption that depends on it: an owner-occupied two-family dwelling. The assessor building code '3S-B-A-14U-H' suggests 14 units (derived, unconfirmed)."
A0360,Jersey City,r-0050,unknown,False,,Unknown: needs owner identity. Exemption that depends on it: an owner-occupied building with four or fewer units.
A0360,Jersey City,r-0051,unknown,False,Not a seasonal rental of 125 days or less,Unknown: needs owner identity. Exemption that depends on it: an owner-occupied building with two or fewer rental units.
A0361,Cambridge,r-0020,pending,False,,"Bill, not law: a pending bill or proposal, not yet enacted."
A0361,Cambridge,r-0021,applies,False,,Applies: apartments per the assessor.
A0361,Cambridge,r-0022,applies,False,,"Applies: 6 units, so the exemption for an owner-occupied two-family dwelling cannot apply. State screening rules apply too; both are listed here."
A0361,Cambridge,r-0033,pending,False,,"Bill, not law: a pending bill or proposal, not yet enacted."
A0361,Cambridge,r-0034,pending,False,,"Bill, not law: a pending bill or proposal, not yet enacted."
A0361,Cambridge,r-0035,applies,False,,Applies to all residential rentals in Massachusetts.
A0361,Cambridge,r-0036,applies,False,,Applies: apartments per the assessor.
A0361,Cambridge,r-0041,applies,False,,Applies to all residential rentals in Massachusetts.
A0361,Cambridge,r-0042,applies,False,,Applies to all residential rentals in Massachusetts.
A0361,Cambridge,r-0043,applies,False,,Applies: apartments per the assessor.
A0362,Boston,r-0008,applies,False,,Applies: apartments per the assessor.
A0362,Boston,r-0011,unknown,False,,Unknown: needs affordable housing status. The rule covers housing funded or land-assisted by the Boston Department of Neighborhood Development.
A0362,Boston,r-0012,applies,False,,Applies to all residential rentals in Boston. State screening rules apply too; both are listed here.
A0362,Boston,r-0033,pending,False,,"Bill, not law: a pending bill or proposal, not yet enacted."
A0362,Boston,r-0034,pending,False,,"Bill, not law: a pending bill or proposal, not yet enacted."
A0362,Boston,r-0035,applies,False,,Applies to all residential rentals in Massachusetts.
A0362,Boston,r-0036,applies,False,,Applies: apartments per the assessor.
A0362,Boston,r-0041,applies,False,,Applies to all residential rentals in Massachusetts.
A0362,Boston,r-0042,applies,False,,Applies to all residential rentals in Massachusetts.
A0362,Boston,r-0043,applies,False,,Applies: apartments per the assessor.
A0363,Berkeley,r-0001,applies,True,Not an affordable housing unit whose rent or income limits are set by programme guidelines,Applies unless the property is an affordable housing unit whose rent or income limits are set by programme guidelines. Open question: two published effective dates (1 March 2026 in the ordinance text; January 2026 in an August 2026 law firm alert). Flagged for human review. State algorithm rules apply too; both are listed here.
A0363,Berkeley,r-0002,applies,False,,Applies to all residential rentals in Berkeley. State fee rules apply; Berkeley adds stricter local limits.
A0363,Berkeley,r-0003,applies,False,,Applies to all residential rentals in Berkeley. State fee rules apply; Berkeley adds stricter local limits.
A0363,Berkeley,r-0004,applies,False,Not a nonprofit cooperative | Not a unit where the tenant shares a kitchen or bath with the landlord,"Applies unless the property is a nonprofit cooperative or a unit where the tenant shares a kitchen or bath with the landlord. Apartments per the assessor; at least 5 units per the assessor description, so the exemption for an owner-occupied duplex (a 'golden duplex') cannot apply."
A0363,Berkeley,r-0005,unknown,False,Not a nonprofit cooperative | Not a unit where the owner shares a kitchen or bath with the tenant,Unknown: needs year built. The rule covers multifamily buildings built before 1980.
A0363,Berkeley,r-0006,applies,False,Not public housing or a Section 8 property | Not a unit let under an agreement that lets the owner move back in | Not a unit where an existing tenant is subletting or adding a roommate,"Applies unless the property is public housing or a Section 8 property; a unit let under an agreement that lets the owner move back in; or a unit where an existing tenant is subletting or adding a roommate. At least 5 units per the assessor description, so the exemption for an owner-occupied building with one to three units cannot apply. State screening rules apply too; both are listed here."
A0363,Berkeley,r-0007,applies,False,Not a unit where the owner shares a kitchen or bath with the tenant | Not a nonprofit cooperative,"Applies unless the property is a unit where the owner shares a kitchen or bath with the tenant or a nonprofit cooperative. At least 5 units per the assessor description, so the exemption for an owner-occupied duplex (a 'golden duplex') cannot apply; at least 5 units per the assessor description, so the exemption for an owner-occupied property with an accessory dwelling unit cannot apply. State deposit rules apply too; both are listed here."
A0363,Berkeley,r-0013,applies,False,,Applies to all residential rentals in California.
A0363,Berkeley,r-0014,applies,False,,Applies to all residential rentals in California.
A0363,Berkeley,r-0015,superseded,False,Not a unit where the tenant shares a bathroom or kitchen with the owner-occupant | Not deed-restricted affordable housing | Once the tenant has lived in the unit for 12 months,Governed instead by Berkeley just cause eviction rules as amended by Measure BB; the stricter local rule applies here.
A0363,Berkeley,r-0016,unknown,False,Not deed-restricted or subsidised affordable housing,Unknown: needs year built. Exemption that depends on it: a building with a certificate of occupancy issued within the last 15 years.
A0363,Berkeley,r-0017,applies,False,,Applies to all residential rentals in California.
A0363,Berkeley,r-0018,applies,False,,"Applies: at least 5 units per the assessor description, above the coverage threshold."
A0363,Berkeley,r-0019,applies,False,Once the deposit was collected on or after 1 Jul 2024,Applies to all residential rentals in California. Protection begins once the deposit was collected on or after 1 Jul 2024.
A0364,San Francisco,r-0013,applies,False,,Applies to all residential rentals in California.
A0364,San Francisco,r-0014,applies,False,,Applies to all residential rentals in California.
A0364,San Francisco,r-0015,superseded,False,Not a unit where the tenant shares a bathroom or kitchen with the owner-occupant | Not deed-restricted affordable housing | Once the tenant has lived in the unit for 12 months,Governed instead by San Francisco Rent Ordinance just cause eviction (S.F. Admin. Code § 37.9(a)); the stricter local rule applies here.
A0364,San Francisco,r-0016,superseded,False,Not deed-restricted or subsidised affordable housing,Governed instead by San Francisco annual allowable rent increase (3/1/2026–2/28/2027); the stricter local rule applies here.
A0364,San Francisco,r-0017,applies,False,,Applies to all residential rentals in California.
A0364,San Francisco,r-0018,applies,False,,"Applies: 6 units, above the coverage threshold."
A0364,San Francisco,r-0019,applies,False,Once the deposit was collected on or after 1 Jul 2024,Applies to all residential rentals in California. Protection begins once the deposit was collected on or after 1 Jul 2024.
A0364,San Francisco,r-0057,applies,False,,Applies to all residential rentals in San Francisco. State algorithm rules apply too; both are listed here.
A0364,San Francisco,r-0058,applies,False,,Applies to all residential rentals in San Francisco. Statutory exemptions for certain owner-occupied shared units and institutional housing cannot be checked from county data.
A0364,San Francisco,r-0059,applies,False,,"Applies: built 1964, before the 13 Jun 1979 certificate of occupancy cutoff."
A0364,San Francisco,r-0060,unknown,False,,Unknown: needs affordable housing status. The rule covers affordable housing.
A0364,San Francisco,r-0061,applies,False,,Applies to all residential rentals in San Francisco. State deposit rules apply too; both are listed here.
A0365,San Diego,r-0013,applies,False,,Applies to all residential rentals in California.
A0365,San Diego,r-0014,applies,False,,Applies to all residential rentals in California.
A0365,San Diego,r-0015,superseded,False,Not a unit where the tenant shares a bathroom or kitchen with the owner-occupant | Not deed-restricted affordable housing | Once the tenant has lived in the unit for 12 months,"Governed instead by San Diego Residential Tenant Protections (just cause for termination of tenancy); it shares the same coverage condition, so wherever this rule applies the stricter local rule governs."
A0365,San Diego,r-0016,unknown,False,Not deed-restricted or subsidised affordable housing,Unknown: needs year built. Exemption that depends on it: a building with a certificate of occupancy issued within the last 15 years.
A0365,San Diego,r-0017,applies,False,,Applies to all residential rentals in California.
A0365,San Diego,r-0018,applies,False,,"Applies: 12 units, above the coverage threshold."
A0365,San Diego,r-0019,applies,False,Once the deposit was collected on or after 1 Jul 2024,Applies to all residential rentals in California. Protection begins once the deposit was collected on or after 1 Jul 2024.
A0365,San Diego,r-0054,applies,False,Not an affordable housing unit whose rent or income limits are set by programme guidelines,Applies unless the property is an affordable housing unit whose rent or income limits are set by programme guidelines. State algorithm rules apply too; both are listed here.
A0365,San Diego,r-0055,unknown,False,Not deed-restricted or subsidised affordable housing (Section 8 vouchers do not count) | Not a unit where the tenant shares a bath or kitchen with the owner | Once the tenancy has lasted more than 30 days,Unknown: needs year built. The rule covers buildings with a certificate of occupancy at least 15 years old.
A0365,San Diego,r-0056,applies,False,,"Applies: 12 units, above the coverage threshold. State screening rules apply too; both are listed here."
A0366,Boston,r-0008,applies,False,,Applies: apartments per the assessor.
A0366,Boston,r-0011,unknown,False,,Unknown: needs affordable housing status. The rule covers housing funded or land-assisted by the Boston Department of Neighborhood Development.
A0366,Boston,r-0012,applies,False,,Applies to all residential rentals in Boston. State screening rules apply too; both are listed here.
A0366,Boston,r-0033,pending,False,,"Bill, not law: a pending bill or proposal, not yet enacted."
A0366,Boston,r-0034,pending,False,,"Bill, not law: a pending bill or proposal, not yet enacted."
A0366,Boston,r-0035,applies,False,,Applies to all residential rentals in Massachusetts.
A0366,Boston,r-0036,applies,False,,Applies: apartments per the assessor.
A0366,Boston,r-0041,applies,False,,Applies to all residential rentals in Massachusetts.
A0366,Boston,r-0042,applies,False,,Applies to all residential rentals in Massachusetts.
A0366,Boston,r-0043,applies,False,,Applies: apartments per the assessor.
A0367,San Diego,r-0013,applies,False,,Applies to all residential rentals in California.
A0367,San Diego,r-0014,applies,False,,Applies to all residential rentals in California.
A0367,San Diego,r-0015,superseded,False,Not a unit where the tenant shares a bathroom or kitchen with the owner-occupant | Not deed-restricted affordable housing | Once the tenant has lived in the unit for 12 months,"Governed instead by San Diego Residential Tenant Protections (just cause for termination of tenancy); it shares the same coverage condition, so wherever this rule applies the stricter local rule governs."
A0367,San Diego,r-0016,unknown,False,Not deed-restricted or subsidised affordable housing,Unknown: needs year built. Exemption that depends on it: a building with a certificate of occupancy issued within the last 15 years.
A0367,San Diego,r-0017,applies,False,,Applies to all residential rentals in California.
A0367,San Diego,r-0018,applies,False,,"Applies: 7 units, above the coverage threshold."
A0367,San Diego,r-0019,applies,False,Once the deposit was collected on or after 1 Jul 2024,Applies to all residential rentals in California. Protection begins once the deposit was collected on or after 1 Jul 2024.
A0367,San Diego,r-0054,applies,False,Not an affordable housing unit whose rent or income limits are set by programme guidelines,Applies unless the property is an affordable housing unit whose rent or income limits are set by programme guidelines. State algorithm rules apply too; both are listed here.
A0367,San Diego,r-0055,unknown,False,Not deed-restricted or subsidised affordable housing (Section 8 vouchers do not count) | Not a unit where the tenant shares a bath or kitchen with the owner | Once the tenancy has lasted more than 30 days,Unknown: needs year built. The rule covers buildings with a certificate of occupancy at least 15 years old.
A0367,San Diego,r-0056,applies,False,,"Applies: 7 units, above the coverage threshold. State screening rules apply too; both are listed here."
A0368,San Francisco,r-0013,applies,False,,Applies to all residential rentals in California.
A0368,San Francisco,r-0014,applies,False,,Applies to all residential rentals in California.
A0368,San Francisco,r-0015,superseded,False,Not a unit where the tenant shares a bathroom or kitchen with the owner-occupant | Not deed-restricted affordable housing | Once the tenant has lived in the unit for 12 months,Governed instead by San Francisco Rent Ordinance just cause eviction (S.F. Admin. Code § 37.9(a)); the stricter local rule applies here.
A0368,San Francisco,r-0016,superseded,False,Not deed-restricted or subsidised affordable housing,Governed instead by San Francisco annual allowable rent increase (3/1/2026–2/28/2027); the stricter local rule applies here.
A0368,San Francisco,r-0017,applies,False,,Applies to all residential rentals in California.
A0368,San Francisco,r-0018,applies,False,,"Applies: 12 units, above the coverage threshold."
A0368,San Francisco,r-0019,applies,False,Once the deposit was collected on or after 1 Jul 2024,Applies to all residential rentals in California. Protection begins once the deposit was collected on or after 1 Jul 2024.
A0368,San Francisco,r-0057,applies,False,,Applies to all residential rentals in San Francisco. State algorithm rules apply too; both are listed here.
A0368,San Francisco,r-0058,applies,False,,Applies to all residential rentals in San Francisco. Statutory exemptions for certain owner-occupied shared units and institutional housing cannot be checked from county data.
A0368,San Francisco,r-0059,applies,False,,"Applies: built 1926, before the 13 Jun 1979 certificate of occupancy cutoff."
A0368,San Francisco,r-0060,unknown,False,,Unknown: needs affordable housing status. The rule covers affordable housing.
A0368,San Francisco,r-0061,applies,False,,Applies to all residential rentals in San Francisco. State deposit rules apply too; both are listed here.
A0369,Berkeley,r-0001,applies,True,Not an affordable housing unit whose rent or income limits are set by programme guidelines,Applies unless the property is an affordable housing unit whose rent or income limits are set by programme guidelines. Open question: two published effective dates (1 March 2026 in the ordinance text; January 2026 in an August 2026 law firm alert). Flagged for human review. State algorithm rules apply too; both are listed here.
A0369,Berkeley,r-0002,applies,False,,Applies to all residential rentals in Berkeley. State fee rules apply; Berkeley adds stricter local limits.
A0369,Berkeley,r-0003,applies,False,,Applies to all residential rentals in Berkeley. State fee rules apply; Berkeley adds stricter local limits.
A0369,Berkeley,r-0004,applies,False,Not a nonprofit cooperative | Not a unit where the tenant shares a kitchen or bath with the landlord,"Applies unless the property is a nonprofit cooperative or a unit where the tenant shares a kitchen or bath with the landlord. Apartments per the assessor; at least 5 units per the assessor description, so the exemption for an owner-occupied duplex (a 'golden duplex') cannot apply."
A0369,Berkeley,r-0005,unknown,False,Not a nonprofit cooperative | Not a unit where the owner shares a kitchen or bath with the tenant,Unknown: needs year built. The rule covers multifamily buildings built before 1980.
A0369,Berkeley,r-0006,applies,False,Not public housing or a Section 8 property | Not a unit let under an agreement that lets the owner move back in | Not a unit where an existing tenant is subletting or adding a roommate,"Applies unless the property is public housing or a Section 8 property; a unit let under an agreement that lets the owner move back in; or a unit where an existing tenant is subletting or adding a roommate. At least 5 units per the assessor description, so the exemption for an owner-occupied building with one to three units cannot apply. State screening rules apply too; both are listed here."
A0369,Berkeley,r-0007,applies,False,Not a unit where the owner shares a kitchen or bath with the tenant | Not a nonprofit cooperative,"Applies unless the property is a unit where the owner shares a kitchen or bath with the tenant or a nonprofit cooperative. At least 5 units per the assessor description, so the exemption for an owner-occupied duplex (a 'golden duplex') cannot apply; at least 5 units per the assessor description, so the exemption for an owner-occupied property with an accessory dwelling unit cannot apply. State deposit rules apply too; both are listed here."
A0369,Berkeley,r-0013,applies,False,,Applies to all residential rentals in California.
A0369,Berkeley,r-0014,applies,False,,Applies to all residential rentals in California.
A0369,Berkeley,r-0015,superseded,False,Not a unit where the tenant shares a bathroom or kitchen with the owner-occupant | Not deed-restricted affordable housing | Once the tenant has lived in the unit for 12 months,Governed instead by Berkeley just cause eviction rules as amended by Measure BB; the stricter local rule applies here.
A0369,Berkeley,r-0016,unknown,False,Not deed-restricted or subsidised affordable housing,Unknown: needs year built. Exemption that depends on it: a building with a certificate of occupancy issued within the last 15 years.
A0369,Berkeley,r-0017,applies,False,,Applies to all residential rentals in California.
A0369,Berkeley,r-0018,applies,False,,"Applies: at least 5 units per the assessor description, above the coverage threshold."
A0369,Berkeley,r-0019,applies,False,Once the deposit was collected on or after 1 Jul 2024,Applies to all residential rentals in California. Protection begins once the deposit was collected on or after 1 Jul 2024.
A0370,Los Angeles,r-0013,applies,False,,Applies to all residential rentals in California.
A0370,Los Angeles,r-0014,applies,False,,Applies to all residential rentals in California.
A0370,Los Angeles,r-0015,superseded,False,Not a unit where the tenant shares a bathroom or kitchen with the owner-occupant | Not deed-restricted affordable housing | Once the tenant has lived in the unit for 12 months,Governed instead by Relocation assistance for no-fault evictions under the RSO and JCO; the stricter local rule applies here.
A0370,Los Angeles,r-0016,superseded,False,Not deed-restricted or subsidised affordable housing,Governed instead by Los Angeles Rent Stabilization Ordinance (RSO) allowable rent increases; the stricter local rule applies here.
A0370,Los Angeles,r-0017,applies,False,,Applies to all residential rentals in California.
A0370,Los Angeles,r-0018,applies,False,,"Applies: 6 units, above the coverage threshold."
A0370,Los Angeles,r-0019,applies,False,Once the deposit was collected on or after 1 Jul 2024,Applies to all residential rentals in California. Protection begins once the deposit was collected on or after 1 Jul 2024.
A0370,Los Angeles,r-0028,unknown,False,"Not a cooperative, nonprofit homeless facility or short-term treatment facility | Once the tenant has lived in the unit for six months or the first lease has ended","Unknown: this building is under the RSO (built 1924), so the JCO applies only if the unit is exempt from the RSO; RSO exemption status is not in the data."
A0370,Los Angeles,r-0029,applies,False,Not a housing authority or government-owned property,"Applies unless the property is a housing authority or government-owned property. Apartments per the assessor; built 1924, before the 1 Oct 1978 certificate of occupancy cutoff."
A0370,Los Angeles,r-0030,applies,True,"Not government-owned or regulated housing, or affordable housing with a recorded covenant","Applies unless the property is government-owned or regulated housing, or affordable housing with a recorded covenant. Built 1924, before the 1 Oct 1978 certificate of occupancy cutoff; apartments per the assessor. Open question: two published effective dates for the new formula (2 February 2026 per LAHD; 24 January 2026 per a landlord association). Flagged for human review."
A0370,Los Angeles,r-0031,applies,False,,Applies to all residential rentals in Los Angeles. State screening rules apply too; both are listed here.
A0370,Los Angeles,r-0032,applies,False,Once the deposit has been held for at least one year,"Applies: built 1924, before the 1 Oct 1978 certificate of occupancy cutoff; apartments per the assessor. Protection begins once the deposit has been held for at least one year. State deposit rules apply too; both are listed here."
A0371,Newark,r-0044,not_yet_effective,False,,Not yet in force: takes effect 1 Jul 2027.
A0371,Newark,r-0045,unknown,False,Not let through a licensed real estate agent who is not the landlord,Unknown: needs the building type. Exemption that depends on it: a one-family or two-family dwelling.
A0371,Newark,r-0046,unknown,False,"Not a hotel, motel or guest house let to transient or seasonal guests",Unknown: needs owner identity. Exemption that depends on it: an owner-occupied building with two or fewer rental units.
A0371,Newark,r-0047,unknown,False,"Not a hotel, motel or seasonal rental",Unknown: needs owner identity. Exemption that depends on it: an owner-occupied two- or three-family dwelling.
A0371,Newark,r-0049,unknown,False,,"Unknown: needs the unit count. Exemption that depends on it: an owner-occupied two-family dwelling. The assessor building code 'USCB16UG' suggests 16 units (derived, unconfirmed)."
A0371,Newark,r-0050,unknown,False,,Unknown: needs owner identity. Exemption that depends on it: an owner-occupied building with four or fewer units.
A0371,Newark,r-0051,unknown,False,Not a seasonal rental of 125 days or less,Unknown: needs owner identity. Exemption that depends on it: an owner-occupied building with two or fewer rental units.
A0371,Newark,r-0052,unknown,False,Not a hotel or motel let day to day to transients | Not public housing or a unit whose rent a government agency regulates,Unknown: needs year built. Exemption that depends on it: a newly built multiple dwelling still within its exemption period (at most 30 years).
A0371,Newark,r-0053,unknown,False,Not housing designated for a programme for people with criminal records,"Unknown: needs the unit count. Exemption that depends on it: an owner-occupied two-family dwelling or a room in an owner-occupied home. The assessor building code 'USCB16UG' suggests 16 units (derived, unconfirmed)."
A0372,Jersey City,r-0026,applies,True,"Not an inpatient medical, licensed long-term care or detention facility","Applies unless the property is an inpatient medical, licensed long-term care or detention facility. Possible preemption: from 1 July 2027 the NJ FAIR Act may preempt the Hoboken and Jersey City algorithmic rent ordinances. Flagged for human review; not decided here."
A0372,Jersey City,r-0027,unknown,False,,"Unknown: needs the unit count. The rule covers buildings with five or more units. The assessor building code '4S-B-D-7U-NH-G' suggests 7 units (derived, unconfirmed)."
A0372,Jersey City,r-0044,not_yet_effective,True,,Not yet in force: takes effect 1 Jul 2027. Possible preemption: from 1 July 2027 the NJ FAIR Act may preempt the Hoboken and Jersey City algorithmic rent ordinances. Flagged for human review; not decided here.
A0372,Jersey City,r-0045,unknown,False,Not let through a licensed real estate agent who is not the landlord,Unknown: needs the building type. Exemption that depends on it: a one-family or two-family dwelling.
A0372,Jersey City,r-0046,unknown,False,"Not a hotel, motel or guest house let to transient or seasonal guests",Unknown: needs owner identity. Exemption that depends on it: an owner-occupied building with two or fewer rental units.
A0372,Jersey City,r-0047,unknown,False,"Not a hotel, motel or seasonal rental",Unknown: needs owner identity. Exemption that depends on it: an owner-occupied two- or three-family dwelling.
A0372,Jersey City,r-0049,unknown,False,,"Unknown: needs the unit count. Exemption that depends on it: an owner-occupied two-family dwelling. The assessor building code '4S-B-D-7U-NH-G' suggests 7 units (derived, unconfirmed)."
A0372,Jersey City,r-0050,unknown,False,,Unknown: needs owner identity. Exemption that depends on it: an owner-occupied building with four or fewer units.
A0372,Jersey City,r-0051,unknown,False,Not a seasonal rental of 125 days or less,Unknown: needs owner identity. Exemption that depends on it: an owner-occupied building with two or fewer rental units.
A0373,Berkeley,r-0001,applies,True,Not an affordable housing unit whose rent or income limits are set by programme guidelines,Applies unless the property is an affordable housing unit whose rent or income limits are set by programme guidelines. Open question: two published effective dates (1 March 2026 in the ordinance text; January 2026 in an August 2026 law firm alert). Flagged for human review. State algorithm rules apply too; both are listed here.
A0373,Berkeley,r-0002,applies,False,,Applies to all residential rentals in Berkeley. State fee rules apply; Berkeley adds stricter local limits.
A0373,Berkeley,r-0003,applies,False,,Applies to all residential rentals in Berkeley. State fee rules apply; Berkeley adds stricter local limits.
A0373,Berkeley,r-0004,applies,False,Not a nonprofit cooperative | Not a unit where the tenant shares a kitchen or bath with the landlord,"Applies unless the property is a nonprofit cooperative or a unit where the tenant shares a kitchen or bath with the landlord. Apartments per the assessor; at least 5 units per the assessor description, so the exemption for an owner-occupied duplex (a 'golden duplex') cannot apply."
A0373,Berkeley,r-0005,unknown,False,Not a nonprofit cooperative | Not a unit where the owner shares a kitchen or bath with the tenant,Unknown: needs year built. The rule covers multifamily buildings built before 1980.
A0373,Berkeley,r-0006,applies,False,Not public housing or a Section 8 property | Not a unit let under an agreement that lets the owner move back in | Not a unit where an existing tenant is subletting or adding a roommate,"Applies unless the property is public housing or a Section 8 property; a unit let under an agreement that lets the owner move back in; or a unit where an existing tenant is subletting or adding a roommate. At least 5 units per the assessor description, so the exemption for an owner-occupied building with one to three units cannot apply. State screening rules apply too; both are listed here."
A0373,Berkeley,r-0007,applies,False,Not a unit where the owner shares a kitchen or bath with the tenant | Not a nonprofit cooperative,"Applies unless the property is a unit where the owner shares a kitchen or bath with the tenant or a nonprofit cooperative. At least 5 units per the assessor description, so the exemption for an owner-occupied duplex (a 'golden duplex') cannot apply; at least 5 units per the assessor description, so the exemption for an owner-occupied property with an accessory dwelling unit cannot apply. State deposit rules apply too; both are listed here."
A0373,Berkeley,r-0013,applies,False,,Applies to all residential rentals in California.
A0373,Berkeley,r-0014,applies,False,,Applies to all residential rentals in California.
A0373,Berkeley,r-0015,superseded,False,Not a unit where the tenant shares a bathroom or kitchen with the owner-occupant | Not deed-restricted affordable housing | Once the tenant has lived in the unit for 12 months,Governed instead by Berkeley just cause eviction rules as amended by Measure BB; the stricter local rule applies here.
A0373,Berkeley,r-0016,unknown,False,Not deed-restricted or subsidised affordable housing,Unknown: needs year built. Exemption that depends on it: a building with a certificate of occupancy issued within the last 15 years.
A0373,Berkeley,r-0017,applies,False,,Applies to all residential rentals in California.
A0373,Berkeley,r-0018,applies,False,,"Applies: at least 5 units per the assessor description, above the coverage threshold."
A0373,Berkeley,r-0019,applies,False,Once the deposit was collected on or after 1 Jul 2024,Applies to all residential rentals in California. Protection begins once the deposit was collected on or after 1 Jul 2024.
A0374,Los Angeles,r-0013,applies,False,,Applies to all residential rentals in California.
A0374,Los Angeles,r-0014,applies,False,,Applies to all residential rentals in California.
A0374,Los Angeles,r-0015,superseded,False,Not a unit where the tenant shares a bathroom or kitchen with the owner-occupant | Not deed-restricted affordable housing | Once the tenant has lived in the unit for 12 months,Governed instead by Los Angeles Just Cause for Eviction Ordinance (JCO); the stricter local rule applies here.
A0374,Los Angeles,r-0016,applies,False,Not deed-restricted or subsidised affordable housing,"Applies unless the property is deed-restricted or subsidised affordable housing. Built 1990, before the 15 year certificate of occupancy window (built before 2011); apartments per the assessor."
A0374,Los Angeles,r-0017,applies,False,,Applies to all residential rentals in California.
A0374,Los Angeles,r-0018,applies,False,,"Applies: 15 units, above the coverage threshold."
A0374,Los Angeles,r-0019,applies,False,Once the deposit was collected on or after 1 Jul 2024,Applies to all residential rentals in California. Protection begins once the deposit was collected on or after 1 Jul 2024.
A0374,Los Angeles,r-0028,applies,False,"Not a cooperative, nonprofit homeless facility or short-term treatment facility | Once the tenant has lived in the unit for six months or the first lease has ended","Applies unless the property is a cooperative, nonprofit homeless facility or short-term treatment facility. Apartments per the assessor; built 1990, after the 1 Oct 1978 certificate of occupancy cutoff. Protection begins once the tenant has lived in the unit for six months or the first lease has ended."
A0374,Los Angeles,r-0031,applies,False,,Applies to all residential rentals in Los Angeles. State screening rules apply too; both are listed here.
A0375,San Francisco,r-0013,applies,False,,Applies to all residential rentals in California.
A0375,San Francisco,r-0014,applies,False,,Applies to all residential rentals in California.
A0375,San Francisco,r-0015,superseded,False,Not a unit where the tenant shares a bathroom or kitchen with the owner-occupant | Not deed-restricted affordable housing | Once the tenant has lived in the unit for 12 months,Governed instead by San Francisco Rent Ordinance just cause eviction (S.F. Admin. Code § 37.9(a)); the stricter local rule applies here.
A0375,San Francisco,r-0016,superseded,False,Not deed-restricted or subsidised affordable housing,Governed instead by San Francisco annual allowable rent increase (3/1/2026–2/28/2027); the stricter local rule applies here.
A0375,San Francisco,r-0017,applies,False,,Applies to all residential rentals in California.
A0375,San Francisco,r-0018,applies,False,,"Applies: 9 units, above the coverage threshold."
A0375,San Francisco,r-0019,applies,False,Once the deposit was collected on or after 1 Jul 2024,Applies to all residential rentals in California. Protection begins once the deposit was collected on or after 1 Jul 2024.
A0375,San Francisco,r-0057,applies,False,,Applies to all residential rentals in San Francisco. State algorithm rules apply too; both are listed here.
A0375,San Francisco,r-0058,applies,False,,Applies to all residential rentals in San Francisco. Statutory exemptions for certain owner-occupied shared units and institutional housing cannot be checked from county data.
A0375,San Francisco,r-0059,applies,False,,"Applies: built 1921, before the 13 Jun 1979 certificate of occupancy cutoff."
A0375,San Francisco,r-0060,unknown,False,,Unknown: needs affordable housing status. The rule covers affordable housing.
A0375,San Francisco,r-0061,applies,False,,Applies to all residential rentals in San Francisco. State deposit rules apply too; both are listed here.
A0376,Boston,r-0008,applies,False,,Applies: apartments per the assessor.
A0376,Boston,r-0011,unknown,False,,Unknown: needs affordable housing status. The rule covers housing funded or land-assisted by the Boston Department of Neighborhood Development.
A0376,Boston,r-0012,applies,False,,Applies to all residential rentals in Boston. State screening rules apply too; both are listed here.
A0376,Boston,r-0033,pending,False,,"Bill, not law: a pending bill or proposal, not yet enacted."
A0376,Boston,r-0034,pending,False,,"Bill, not law: a pending bill or proposal, not yet enacted."
A0376,Boston,r-0035,applies,False,,Applies to all residential rentals in Massachusetts.
A0376,Boston,r-0036,applies,False,,Applies: apartments per the assessor.
A0376,Boston,r-0041,applies,False,,Applies to all residential rentals in Massachusetts.
A0376,Boston,r-0042,applies,False,,Applies to all residential rentals in Massachusetts.
A0376,Boston,r-0043,applies,False,,Applies: apartments per the assessor.
A0377,Hoboken,r-0023,applies,True,"Not a medical, long-term care or detention facility","Applies unless the property is a medical, long-term care or detention facility. Possible preemption: from 1 July 2027 the NJ FAIR Act may preempt the Hoboken and Jersey City algorithmic rent ordinances. Flagged for human review; not decided here."
A0377,Hoboken,r-0024,applies,False,,Applies to all residential rentals in Hoboken.
A0377,Hoboken,r-0025,unknown,False,"Not a hotel, motel, commercial or industrial unit, or institutional student housing","Unknown: needs year built. The rule covers buildings built on or before 25 Jun 1987, or newer buildings whose exemption period (at most 30 years) has ended."
A0377,Hoboken,r-0044,not_yet_effective,True,,Not yet in force: takes effect 1 Jul 2027. Possible preemption: from 1 July 2027 the NJ FAIR Act may preempt the Hoboken and Jersey City algorithmic rent ordinances. Flagged for human review; not decided here.
A0377,Hoboken,r-0045,unknown,False,Not let through a licensed real estate agent who is not the landlord,Unknown: needs the building type. Exemption that depends on it: a one-family or two-family dwelling.
A0377,Hoboken,r-0046,unknown,False,"Not a hotel, motel or guest house let to transient or seasonal guests",Unknown: needs owner identity. Exemption that depends on it: an owner-occupied building with two or fewer rental units.
A0377,Hoboken,r-0047,unknown,False,"Not a hotel, motel or seasonal rental",Unknown: needs owner identity. Exemption that depends on it: an owner-occupied two- or three-family dwelling.
A0377,Hoboken,r-0049,unknown,False,,"Unknown: needs the unit count. Exemption that depends on it: an owner-occupied two-family dwelling. The assessor building code '5B-14U-H-BA' suggests 14 units (derived, unconfirmed)."
A0377,Hoboken,r-0050,unknown,False,,Unknown: needs owner identity. Exemption that depends on it: an owner-occupied building with four or fewer units.
A0377,Hoboken,r-0051,unknown,False,Not a seasonal rental of 125 days or less,Unknown: needs owner identity. Exemption that depends on it: an owner-occupied building with two or fewer rental units.
A0378,San Diego,r-0013,applies,False,,Applies to all residential rentals in California.
A0378,San Diego,r-0014,applies,False,,Applies to all residential rentals in California.
A0378,San Diego,r-0015,superseded,False,Not a unit where the tenant shares a bathroom or kitchen with the owner-occupant | Not deed-restricted affordable housing | Once the tenant has lived in the unit for 12 months,"Governed instead by San Diego Residential Tenant Protections (just cause for termination of tenancy); it shares the same coverage condition, so wherever this rule applies the stricter local rule governs."
A0378,San Diego,r-0016,unknown,False,Not deed-restricted or subsidised affordable housing,Unknown: needs year built. Exemption that depends on it: a building with a certificate of occupancy issued within the last 15 years.
A0378,San Diego,r-0017,applies,False,,Applies to all residential rentals in California.
A0378,San Diego,r-0018,applies,False,,"Applies: 9 units, above the coverage threshold."
A0378,San Diego,r-0019,applies,False,Once the deposit was collected on or after 1 Jul 2024,Applies to all residential rentals in California. Protection begins once the deposit was collected on or after 1 Jul 2024.
A0378,San Diego,r-0054,applies,False,Not an affordable housing unit whose rent or income limits are set by programme guidelines,Applies unless the property is an affordable housing unit whose rent or income limits are set by programme guidelines. State algorithm rules apply too; both are listed here.
A0378,San Diego,r-0055,unknown,False,Not deed-restricted or subsidised affordable housing (Section 8 vouchers do not count) | Not a unit where the tenant shares a bath or kitchen with the owner | Once the tenancy has lasted more than 30 days,Unknown: needs year built. The rule covers buildings with a certificate of occupancy at least 15 years old.
A0378,San Diego,r-0056,applies,False,,"Applies: 9 units, above the coverage threshold. State screening rules apply too; both are listed here."
A0379,San Diego,r-0013,applies,False,,Applies to all residential rentals in California.
A0379,San Diego,r-0014,applies,False,,Applies to all residential rentals in California.
A0379,San Diego,r-0015,superseded,False,Not a unit where the tenant shares a bathroom or kitchen with the owner-occupant | Not deed-restricted affordable housing | Once the tenant has lived in the unit for 12 months,"Governed instead by San Diego Residential Tenant Protections (just cause for termination of tenancy); it shares the same coverage condition, so wherever this rule applies the stricter local rule governs."
A0379,San Diego,r-0016,unknown,False,Not deed-restricted or subsidised affordable housing,Unknown: needs year built. Exemption that depends on it: a building with a certificate of occupancy issued within the last 15 years.
A0379,San Diego,r-0017,applies,False,,Applies to all residential rentals in California.
A0379,San Diego,r-0018,applies,False,,"Applies: 12 units, above the coverage threshold."
A0379,San Diego,r-0019,applies,False,Once the deposit was collected on or after 1 Jul 2024,Applies to all residential rentals in California. Protection begins once the deposit was collected on or after 1 Jul 2024.
A0379,San Diego,r-0054,applies,False,Not an affordable housing unit whose rent or income limits are set by programme guidelines,Applies unless the property is an affordable housing unit whose rent or income limits are set by programme guidelines. State algorithm rules apply too; both are listed here.
A0379,San Diego,r-0055,unknown,False,Not deed-restricted or subsidised affordable housing (Section 8 vouchers do not count) | Not a unit where the tenant shares a bath or kitchen with the owner | Once the tenancy has lasted more than 30 days,Unknown: needs year built. The rule covers buildings with a certificate of occupancy at least 15 years old.
A0379,San Diego,r-0056,applies,False,,"Applies: 12 units, above the coverage threshold. State screening rules apply too; both are listed here."
A0380,Boston,r-0008,applies,False,,Applies: apartments per the assessor.
A0380,Boston,r-0011,unknown,False,,Unknown: needs affordable housing status. The rule covers housing funded or land-assisted by the Boston Department of Neighborhood Development.
A0380,Boston,r-0012,applies,False,,Applies to all residential rentals in Boston. State screening rules apply too; both are listed here.
A0380,Boston,r-0033,pending,False,,"Bill, not law: a pending bill or proposal, not yet enacted."
A0380,Boston,r-0034,pending,False,,"Bill, not law: a pending bill or proposal, not yet enacted."
A0380,Boston,r-0035,applies,False,,Applies to all residential rentals in Massachusetts.
A0380,Boston,r-0036,applies,False,,Applies: apartments per the assessor.
A0380,Boston,r-0041,applies,False,,Applies to all residential rentals in Massachusetts.
A0380,Boston,r-0042,applies,False,,Applies to all residential rentals in Massachusetts.
A0380,Boston,r-0043,applies,False,,Applies: apartments per the assessor.
A0381,Newark,r-0044,not_yet_effective,False,,Not yet in force: takes effect 1 Jul 2027.
A0381,Newark,r-0045,unknown,False,Not let through a licensed real estate agent who is not the landlord,Unknown: needs the building type. Exemption that depends on it: a one-family or two-family dwelling.
A0381,Newark,r-0046,unknown,False,"Not a hotel, motel or guest house let to transient or seasonal guests",Unknown: needs owner identity. Exemption that depends on it: an owner-occupied building with two or fewer rental units.
A0381,Newark,r-0047,unknown,False,"Not a hotel, motel or seasonal rental",Unknown: needs owner identity. Exemption that depends on it: an owner-occupied two- or three-family dwelling.
A0381,Newark,r-0049,unknown,False,,Unknown: needs the unit count. Exemption that depends on it: an owner-occupied two-family dwelling.
A0381,Newark,r-0050,unknown,False,,Unknown: needs owner identity. Exemption that depends on it: an owner-occupied building with four or fewer units.
A0381,Newark,r-0051,unknown,False,Not a seasonal rental of 125 days or less,Unknown: needs owner identity. Exemption that depends on it: an owner-occupied building with two or fewer rental units.
A0381,Newark,r-0052,unknown,False,Not a hotel or motel let day to day to transients | Not public housing or a unit whose rent a government agency regulates,Unknown: needs year built. Exemption that depends on it: a newly built multiple dwelling still within its exemption period (at most 30 years).
A0381,Newark,r-0053,unknown,False,Not housing designated for a programme for people with criminal records,Unknown: needs the unit count. Exemption that depends on it: an owner-occupied two-family dwelling or a room in an owner-occupied home.
A0382,San Francisco,r-0013,applies,False,,Applies to all residential rentals in California.
A0382,San Francisco,r-0014,applies,False,,Applies to all residential rentals in California.
A0382,San Francisco,r-0015,superseded,False,Not a unit where the tenant shares a bathroom or kitchen with the owner-occupant | Not deed-restricted affordable housing | Once the tenant has lived in the unit for 12 months,Governed instead by San Francisco Rent Ordinance just cause eviction (S.F. Admin. Code § 37.9(a)); the stricter local rule applies here.
A0382,San Francisco,r-0016,superseded,False,Not deed-restricted or subsidised affordable housing,Governed instead by San Francisco annual allowable rent increase (3/1/2026–2/28/2027); the stricter local rule applies here.
A0382,San Francisco,r-0017,applies,False,,Applies to all residential rentals in California.
A0382,San Francisco,r-0018,applies,False,,"Applies: 10 units, above the coverage threshold."
A0382,San Francisco,r-0019,applies,False,Once the deposit was collected on or after 1 Jul 2024,Applies to all residential rentals in California. Protection begins once the deposit was collected on or after 1 Jul 2024.
A0382,San Francisco,r-0057,applies,False,,Applies to all residential rentals in San Francisco. State algorithm rules apply too; both are listed here.
A0382,San Francisco,r-0058,applies,False,,Applies to all residential rentals in San Francisco. Statutory exemptions for certain owner-occupied shared units and institutional housing cannot be checked from county data.
A0382,San Francisco,r-0059,applies,False,,"Applies: built 1964, before the 13 Jun 1979 certificate of occupancy cutoff."
A0382,San Francisco,r-0060,unknown,False,,Unknown: needs affordable housing status. The rule covers affordable housing.
A0382,San Francisco,r-0061,applies,False,,Applies to all residential rentals in San Francisco. State deposit rules apply too; both are listed here.
A0383,Berkeley,r-0001,applies,True,Not an affordable housing unit whose rent or income limits are set by programme guidelines,Applies unless the property is an affordable housing unit whose rent or income limits are set by programme guidelines. Open question: two published effective dates (1 March 2026 in the ordinance text; January 2026 in an August 2026 law firm alert). Flagged for human review. State algorithm rules apply too; both are listed here.
A0383,Berkeley,r-0002,applies,False,,Applies to all residential rentals in Berkeley. State fee rules apply; Berkeley adds stricter local limits.
A0383,Berkeley,r-0003,applies,False,,Applies to all residential rentals in Berkeley. State fee rules apply; Berkeley adds stricter local limits.
A0383,Berkeley,r-0004,applies,False,Not a nonprofit cooperative | Not a unit where the tenant shares a kitchen or bath with the landlord,"Applies unless the property is a nonprofit cooperative or a unit where the tenant shares a kitchen or bath with the landlord. Apartments per the assessor; at least 5 units per the assessor description, so the exemption for an owner-occupied duplex (a 'golden duplex') cannot apply."
A0383,Berkeley,r-0005,unknown,False,Not a nonprofit cooperative | Not a unit where the owner shares a kitchen or bath with the tenant,Unknown: needs year built. The rule covers multifamily buildings built before 1980.
A0383,Berkeley,r-0006,applies,False,Not public housing or a Section 8 property | Not a unit let under an agreement that lets the owner move back in | Not a unit where an existing tenant is subletting or adding a roommate,"Applies unless the property is public housing or a Section 8 property; a unit let under an agreement that lets the owner move back in; or a unit where an existing tenant is subletting or adding a roommate. At least 5 units per the assessor description, so the exemption for an owner-occupied building with one to three units cannot apply. State screening rules apply too; both are listed here."
A0383,Berkeley,r-0007,applies,False,Not a unit where the owner shares a kitchen or bath with the tenant | Not a nonprofit cooperative,"Applies unless the property is a unit where the owner shares a kitchen or bath with the tenant or a nonprofit cooperative. At least 5 units per the assessor description, so the exemption for an owner-occupied duplex (a 'golden duplex') cannot apply; at least 5 units per the assessor description, so the exemption for an owner-occupied property with an accessory dwelling unit cannot apply. State deposit rules apply too; both are listed here."
A0383,Berkeley,r-0013,applies,False,,Applies to all residential rentals in California.
A0383,Berkeley,r-0014,applies,False,,Applies to all residential rentals in California.
A0383,Berkeley,r-0015,superseded,False,Not a unit where the tenant shares a bathroom or kitchen with the owner-occupant | Not deed-restricted affordable housing | Once the tenant has lived in the unit for 12 months,Governed instead by Berkeley just cause eviction rules as amended by Measure BB; the stricter local rule applies here.
A0383,Berkeley,r-0016,unknown,False,Not deed-restricted or subsidised affordable housing,Unknown: needs year built. Exemption that depends on it: a building with a certificate of occupancy issued within the last 15 years.
A0383,Berkeley,r-0017,applies,False,,Applies to all residential rentals in California.
A0383,Berkeley,r-0018,applies,False,,"Applies: at least 5 units per the assessor description, above the coverage threshold."
A0383,Berkeley,r-0019,applies,False,Once the deposit was collected on or after 1 Jul 2024,Applies to all residential rentals in California. Protection begins once the deposit was collected on or after 1 Jul 2024.
A0384,San Francisco,r-0013,applies,False,,Applies to all residential rentals in California.
A0384,San Francisco,r-0014,applies,False,,Applies to all residential rentals in California.
A0384,San Francisco,r-0015,superseded,False,Not a unit where the tenant shares a bathroom or kitchen with the owner-occupant | Not deed-restricted affordable housing | Once the tenant has lived in the unit for 12 months,Governed instead by San Francisco Rent Ordinance just cause eviction (S.F. Admin. Code § 37.9(a)); the stricter local rule applies here.
A0384,San Francisco,r-0016,superseded,False,Not deed-restricted or subsidised affordable housing,Governed instead by San Francisco annual allowable rent increase (3/1/2026–2/28/2027); the stricter local rule applies here.
A0384,San Francisco,r-0017,applies,False,,Applies to all residential rentals in California.
A0384,San Francisco,r-0018,applies,False,,"Applies: 7 units, above the coverage threshold."
A0384,San Francisco,r-0019,applies,False,Once the deposit was collected on or after 1 Jul 2024,Applies to all residential rentals in California. Protection begins once the deposit was collected on or after 1 Jul 2024.
A0384,San Francisco,r-0057,applies,False,,Applies to all residential rentals in San Francisco. State algorithm rules apply too; both are listed here.
A0384,San Francisco,r-0058,applies,False,,Applies to all residential rentals in San Francisco. Statutory exemptions for certain owner-occupied shared units and institutional housing cannot be checked from county data.
A0384,San Francisco,r-0059,applies,False,,"Applies: built 1925, before the 13 Jun 1979 certificate of occupancy cutoff."
A0384,San Francisco,r-0060,unknown,False,,Unknown: needs affordable housing status. The rule covers affordable housing.
A0384,San Francisco,r-0061,applies,False,,Applies to all residential rentals in San Francisco. State deposit rules apply too; both are listed here.
A0385,San Francisco,r-0013,applies,False,,Applies to all residential rentals in California.
A0385,San Francisco,r-0014,applies,False,,Applies to all residential rentals in California.
A0385,San Francisco,r-0015,superseded,False,Not a unit where the tenant shares a bathroom or kitchen with the owner-occupant | Not deed-restricted affordable housing | Once the tenant has lived in the unit for 12 months,Governed instead by San Francisco Rent Ordinance just cause eviction (S.F. Admin. Code § 37.9(a)); the stricter local rule applies here.
A0385,San Francisco,r-0016,applies,False,Not deed-restricted or subsidised affordable housing,"Applies unless the property is deed-restricted or subsidised affordable housing. Built 1986, before the 15 year certificate of occupancy window (built before 2011); apartments per the assessor."
A0385,San Francisco,r-0017,applies,False,,Applies to all residential rentals in California.
A0385,San Francisco,r-0018,applies,False,,"Applies: 16 units, above the coverage threshold."
A0385,San Francisco,r-0019,applies,False,Once the deposit was collected on or after 1 Jul 2024,Applies to all residential rentals in California. Protection begins once the deposit was collected on or after 1 Jul 2024.
A0385,San Francisco,r-0057,applies,False,,Applies to all residential rentals in San Francisco. State algorithm rules apply too; both are listed here.
A0385,San Francisco,r-0058,applies,False,,Applies to all residential rentals in San Francisco. Statutory exemptions for certain owner-occupied shared units and institutional housing cannot be checked from county data.
A0385,San Francisco,r-0060,unknown,False,,Unknown: needs affordable housing status. The rule covers affordable housing.
A0385,San Francisco,r-0061,applies,False,,Applies to all residential rentals in San Francisco. State deposit rules apply too; both are listed here.
A0386,San Diego,r-0013,applies,False,,Applies to all residential rentals in California.
A0386,San Diego,r-0014,applies,False,,Applies to all residential rentals in California.
A0386,San Diego,r-0015,superseded,False,Not a unit where the tenant shares a bathroom or kitchen with the owner-occupant | Not deed-restricted affordable housing | Once the tenant has lived in the unit for 12 months,"Governed instead by San Diego Residential Tenant Protections (just cause for termination of tenancy); it shares the same coverage condition, so wherever this rule applies the stricter local rule governs."
A0386,San Diego,r-0016,unknown,False,Not deed-restricted or subsidised affordable housing,Unknown: needs year built. Exemption that depends on it: a building with a certificate of occupancy issued within the last 15 years.
A0386,San Diego,r-0017,applies,False,,Applies to all residential rentals in California.
A0386,San Diego,r-0018,applies,False,,"Applies: 7 units, above the coverage threshold."
A0386,San Diego,r-0019,applies,False,Once the deposit was collected on or after 1 Jul 2024,Applies to all residential rentals in California. Protection begins once the deposit was collected on or after 1 Jul 2024.
A0386,San Diego,r-0054,applies,False,Not an affordable housing unit whose rent or income limits are set by programme guidelines,Applies unless the property is an affordable housing unit whose rent or income limits are set by programme guidelines. State algorithm rules apply too; both are listed here.
A0386,San Diego,r-0055,unknown,False,Not deed-restricted or subsidised affordable housing (Section 8 vouchers do not count) | Not a unit where the tenant shares a bath or kitchen with the owner | Once the tenancy has lasted more than 30 days,Unknown: needs year built. The rule covers buildings with a certificate of occupancy at least 15 years old.
A0386,San Diego,r-0056,applies,False,,"Applies: 7 units, above the coverage threshold. State screening rules apply too; both are listed here."
A0387,San Diego,r-0013,applies,False,,Applies to all residential rentals in California.
A0387,San Diego,r-0014,applies,False,,Applies to all residential rentals in California.
A0387,San Diego,r-0015,superseded,False,Not a unit where the tenant shares a bathroom or kitchen with the owner-occupant | Not deed-restricted affordable housing | Once the tenant has lived in the unit for 12 months,"Governed instead by San Diego Residential Tenant Protections (just cause for termination of tenancy); it shares the same coverage condition, so wherever this rule applies the stricter local rule governs."
A0387,San Diego,r-0016,unknown,False,Not deed-restricted or subsidised affordable housing,Unknown: needs year built. Exemption that depends on it: a building with a certificate of occupancy issued within the last 15 years.
A0387,San Diego,r-0017,applies,False,,Applies to all residential rentals in California.
A0387,San Diego,r-0018,applies,False,,"Applies: 152 units, above the coverage threshold."
A0387,San Diego,r-0019,applies,False,Once the deposit was collected on or after 1 Jul 2024,Applies to all residential rentals in California. Protection begins once the deposit was collected on or after 1 Jul 2024.
A0387,San Diego,r-0054,applies,False,Not an affordable housing unit whose rent or income limits are set by programme guidelines,Applies unless the property is an affordable housing unit whose rent or income limits are set by programme guidelines. State algorithm rules apply too; both are listed here.
A0387,San Diego,r-0055,unknown,False,Not deed-restricted or subsidised affordable housing (Section 8 vouchers do not count) | Not a unit where the tenant shares a bath or kitchen with the owner | Once the tenancy has lasted more than 30 days,Unknown: needs year built. The rule covers buildings with a certificate of occupancy at least 15 years old.
A0387,San Diego,r-0056,applies,False,,"Applies: 152 units, above the coverage threshold. State screening rules apply too; both are listed here."
A0388,Jersey City,r-0026,applies,True,"Not an inpatient medical, licensed long-term care or detention facility","Applies unless the property is an inpatient medical, licensed long-term care or detention facility. Possible preemption: from 1 July 2027 the NJ FAIR Act may preempt the Hoboken and Jersey City algorithmic rent ordinances. Flagged for human review; not decided here."
A0388,Jersey City,r-0027,unknown,False,,"Unknown: needs the unit count. The rule covers buildings with five or more units. The assessor building code '3S-F-D-6U-H' suggests 6 units (derived, unconfirmed)."
A0388,Jersey City,r-0044,not_yet_effective,True,,Not yet in force: takes effect 1 Jul 2027. Possible preemption: from 1 July 2027 the NJ FAIR Act may preempt the Hoboken and Jersey City algorithmic rent ordinances. Flagged for human review; not decided here.
A0388,Jersey City,r-0045,unknown,False,Not let through a licensed real estate agent who is not the landlord,Unknown: needs the building type. Exemption that depends on it: a one-family or two-family dwelling.
A0388,Jersey City,r-0046,unknown,False,"Not a hotel, motel or guest house let to transient or seasonal guests",Unknown: needs owner identity. Exemption that depends on it: an owner-occupied building with two or fewer rental units.
A0388,Jersey City,r-0047,unknown,False,"Not a hotel, motel or seasonal rental",Unknown: needs owner identity. Exemption that depends on it: an owner-occupied two- or three-family dwelling.
A0388,Jersey City,r-0049,unknown,False,,"Unknown: needs the unit count. Exemption that depends on it: an owner-occupied two-family dwelling. The assessor building code '3S-F-D-6U-H' suggests 6 units (derived, unconfirmed)."
A0388,Jersey City,r-0050,unknown,False,,Unknown: needs owner identity. Exemption that depends on it: an owner-occupied building with four or fewer units.
A0388,Jersey City,r-0051,unknown,False,Not a seasonal rental of 125 days or less,Unknown: needs owner identity. Exemption that depends on it: an owner-occupied building with two or fewer rental units.
A0389,Hoboken,r-0023,applies,True,"Not a medical, long-term care or detention facility","Applies unless the property is a medical, long-term care or detention facility. Possible preemption: from 1 July 2027 the NJ FAIR Act may preempt the Hoboken and Jersey City algorithmic rent ordinances. Flagged for human review; not decided here."
A0389,Hoboken,r-0024,applies,False,,Applies to all residential rentals in Hoboken.
A0389,Hoboken,r-0025,unknown,False,"Not a hotel, motel, commercial or industrial unit, or institutional student housing","Unknown: needs year built. The rule covers buildings built on or before 25 Jun 1987, or newer buildings whose exemption period (at most 30 years) has ended."
A0389,Hoboken,r-0044,not_yet_effective,True,,Not yet in force: takes effect 1 Jul 2027. Possible preemption: from 1 July 2027 the NJ FAIR Act may preempt the Hoboken and Jersey City algorithmic rent ordinances. Flagged for human review; not decided here.
A0389,Hoboken,r-0045,unknown,False,Not let through a licensed real estate agent who is not the landlord,Unknown: needs the building type. Exemption that depends on it: a one-family or two-family dwelling.
A0389,Hoboken,r-0046,unknown,False,"Not a hotel, motel or guest house let to transient or seasonal guests",Unknown: needs owner identity. Exemption that depends on it: an owner-occupied building with two or fewer rental units.
A0389,Hoboken,r-0047,unknown,False,"Not a hotel, motel or seasonal rental",Unknown: needs owner identity. Exemption that depends on it: an owner-occupied two- or three-family dwelling.
A0389,Hoboken,r-0049,unknown,False,,"Unknown: needs the unit count. Exemption that depends on it: an owner-occupied two-family dwelling. The assessor building code '5B-10U-H-BA' suggests 10 units (derived, unconfirmed)."
A0389,Hoboken,r-0050,unknown,False,,Unknown: needs owner identity. Exemption that depends on it: an owner-occupied building with four or fewer units.
A0389,Hoboken,r-0051,unknown,False,Not a seasonal rental of 125 days or less,Unknown: needs owner identity. Exemption that depends on it: an owner-occupied building with two or fewer rental units.
A0390,Newark,r-0044,not_yet_effective,False,,Not yet in force: takes effect 1 Jul 2027.
A0390,Newark,r-0045,unknown,False,Not let through a licensed real estate agent who is not the landlord,Unknown: needs the building type. Exemption that depends on it: a one-family or two-family dwelling.
A0390,Newark,r-0046,unknown,False,"Not a hotel, motel or guest house let to transient or seasonal guests",Unknown: needs owner identity. Exemption that depends on it: an owner-occupied building with two or fewer rental units.
A0390,Newark,r-0047,unknown,False,"Not a hotel, motel or seasonal rental",Unknown: needs owner identity. Exemption that depends on it: an owner-occupied two- or three-family dwelling.
A0390,Newark,r-0049,unknown,False,,Unknown: needs the unit count. Exemption that depends on it: an owner-occupied two-family dwelling.
A0390,Newark,r-0050,unknown,False,,Unknown: needs owner identity. Exemption that depends on it: an owner-occupied building with four or fewer units.
A0390,Newark,r-0051,unknown,False,Not a seasonal rental of 125 days or less,Unknown: needs owner identity. Exemption that depends on it: an owner-occupied building with two or fewer rental units.
A0390,Newark,r-0052,unknown,False,Not a hotel or motel let day to day to transients | Not public housing or a unit whose rent a government agency regulates,Unknown: needs year built. Exemption that depends on it: a newly built multiple dwelling still within its exemption period (at most 30 years).
A0390,Newark,r-0053,unknown,False,Not housing designated for a programme for people with criminal records,Unknown: needs the unit count. Exemption that depends on it: an owner-occupied two-family dwelling or a room in an owner-occupied home.
A0391,San Diego,r-0013,applies,False,,Applies to all residential rentals in California.
A0391,San Diego,r-0014,applies,False,,Applies to all residential rentals in California.
A0391,San Diego,r-0015,superseded,False,Not a unit where the tenant shares a bathroom or kitchen with the owner-occupant | Not deed-restricted affordable housing | Once the tenant has lived in the unit for 12 months,"Governed instead by San Diego Residential Tenant Protections (just cause for termination of tenancy); it shares the same coverage condition, so wherever this rule applies the stricter local rule governs."
A0391,San Diego,r-0016,unknown,False,Not deed-restricted or subsidised affordable housing,Unknown: needs year built. Exemption that depends on it: a building with a certificate of occupancy issued within the last 15 years.
A0391,San Diego,r-0017,applies,False,,Applies to all residential rentals in California.
A0391,San Diego,r-0018,applies,False,,"Applies: 9 units, above the coverage threshold."
A0391,San Diego,r-0019,applies,False,Once the deposit was collected on or after 1 Jul 2024,Applies to all residential rentals in California. Protection begins once the deposit was collected on or after 1 Jul 2024.
A0391,San Diego,r-0054,applies,False,Not an affordable housing unit whose rent or income limits are set by programme guidelines,Applies unless the property is an affordable housing unit whose rent or income limits are set by programme guidelines. State algorithm rules apply too; both are listed here.
A0391,San Diego,r-0055,unknown,False,Not deed-restricted or subsidised affordable housing (Section 8 vouchers do not count) | Not a unit where the tenant shares a bath or kitchen with the owner | Once the tenancy has lasted more than 30 days,Unknown: needs year built. The rule covers buildings with a certificate of occupancy at least 15 years old.
A0391,San Diego,r-0056,applies,False,,"Applies: 9 units, above the coverage threshold. State screening rules apply too; both are listed here."
A0392,San Diego,r-0013,applies,False,,Applies to all residential rentals in California.
A0392,San Diego,r-0014,applies,False,,Applies to all residential rentals in California.
A0392,San Diego,r-0015,superseded,False,Not a unit where the tenant shares a bathroom or kitchen with the owner-occupant | Not deed-restricted affordable housing | Once the tenant has lived in the unit for 12 months,"Governed instead by San Diego Residential Tenant Protections (just cause for termination of tenancy); it shares the same coverage condition, so wherever this rule applies the stricter local rule governs."
A0392,San Diego,r-0016,unknown,False,Not deed-restricted or subsidised affordable housing,Unknown: needs year built. Exemption that depends on it: a building with a certificate of occupancy issued within the last 15 years.
A0392,San Diego,r-0017,applies,False,,Applies to all residential rentals in California.
A0392,San Diego,r-0018,applies,False,,"Applies: 7 units, above the coverage threshold."
A0392,San Diego,r-0019,applies,False,Once the deposit was collected on or after 1 Jul 2024,Applies to all residential rentals in California. Protection begins once the deposit was collected on or after 1 Jul 2024.
A0392,San Diego,r-0054,applies,False,Not an affordable housing unit whose rent or income limits are set by programme guidelines,Applies unless the property is an affordable housing unit whose rent or income limits are set by programme guidelines. State algorithm rules apply too; both are listed here.
A0392,San Diego,r-0055,unknown,False,Not deed-restricted or subsidised affordable housing (Section 8 vouchers do not count) | Not a unit where the tenant shares a bath or kitchen with the owner | Once the tenancy has lasted more than 30 days,Unknown: needs year built. The rule covers buildings with a certificate of occupancy at least 15 years old.
A0392,San Diego,r-0056,applies,False,,"Applies: 7 units, above the coverage threshold. State screening rules apply too; both are listed here."
A0393,Jersey City,r-0026,applies,True,"Not an inpatient medical, licensed long-term care or detention facility","Applies unless the property is an inpatient medical, licensed long-term care or detention facility. Possible preemption: from 1 July 2027 the NJ FAIR Act may preempt the Hoboken and Jersey City algorithmic rent ordinances. Flagged for human review; not decided here."
A0393,Jersey City,r-0027,unknown,False,,"Unknown: needs the unit count. The rule covers buildings with five or more units. The assessor building code '4S-BA-21U-H' suggests 21 units (derived, unconfirmed)."
A0393,Jersey City,r-0044,not_yet_effective,True,,Not yet in force: takes effect 1 Jul 2027. Possible preemption: from 1 July 2027 the NJ FAIR Act may preempt the Hoboken and Jersey City algorithmic rent ordinances. Flagged for human review; not decided here.
A0393,Jersey City,r-0045,unknown,False,Not let through a licensed real estate agent who is not the landlord,Unknown: needs the building type. Exemption that depends on it: a one-family or two-family dwelling.
A0393,Jersey City,r-0046,unknown,False,"Not a hotel, motel or guest house let to transient or seasonal guests",Unknown: needs owner identity. Exemption that depends on it: an owner-occupied building with two or fewer rental units.
A0393,Jersey City,r-0047,unknown,False,"Not a hotel, motel or seasonal rental",Unknown: needs owner identity. Exemption that depends on it: an owner-occupied two- or three-family dwelling.
A0393,Jersey City,r-0049,unknown,False,,"Unknown: needs the unit count. Exemption that depends on it: an owner-occupied two-family dwelling. The assessor building code '4S-BA-21U-H' suggests 21 units (derived, unconfirmed)."
A0393,Jersey City,r-0050,unknown,False,,Unknown: needs owner identity. Exemption that depends on it: an owner-occupied building with four or fewer units.
A0393,Jersey City,r-0051,unknown,False,Not a seasonal rental of 125 days or less,Unknown: needs owner identity. Exemption that depends on it: an owner-occupied building with two or fewer rental units.
A0394,Jersey City,r-0026,applies,True,"Not an inpatient medical, licensed long-term care or detention facility","Applies unless the property is an inpatient medical, licensed long-term care or detention facility. Possible preemption: from 1 July 2027 the NJ FAIR Act may preempt the Hoboken and Jersey City algorithmic rent ordinances. Flagged for human review; not decided here."
A0394,Jersey City,r-0027,unknown,False,,"Unknown: needs the unit count. The rule covers buildings with five or more units. The assessor building code '3S-B-A-13U-H' suggests 13 units (derived, unconfirmed)."
A0394,Jersey City,r-0044,not_yet_effective,True,,Not yet in force: takes effect 1 Jul 2027. Possible preemption: from 1 July 2027 the NJ FAIR Act may preempt the Hoboken and Jersey City algorithmic rent ordinances. Flagged for human review; not decided here.
A0394,Jersey City,r-0045,unknown,False,Not let through a licensed real estate agent who is not the landlord,Unknown: needs the building type. Exemption that depends on it: a one-family or two-family dwelling.
A0394,Jersey City,r-0046,unknown,False,"Not a hotel, motel or guest house let to transient or seasonal guests",Unknown: needs owner identity. Exemption that depends on it: an owner-occupied building with two or fewer rental units.
A0394,Jersey City,r-0047,unknown,False,"Not a hotel, motel or seasonal rental",Unknown: needs owner identity. Exemption that depends on it: an owner-occupied two- or three-family dwelling.
A0394,Jersey City,r-0049,unknown,False,,"Unknown: needs the unit count. Exemption that depends on it: an owner-occupied two-family dwelling. The assessor building code '3S-B-A-13U-H' suggests 13 units (derived, unconfirmed)."
A0394,Jersey City,r-0050,unknown,False,,Unknown: needs owner identity. Exemption that depends on it: an owner-occupied building with four or fewer units.
A0394,Jersey City,r-0051,unknown,False,Not a seasonal rental of 125 days or less,Unknown: needs owner identity. Exemption that depends on it: an owner-occupied building with two or fewer rental units.
A0395,Berkeley,r-0001,applies,True,Not an affordable housing unit whose rent or income limits are set by programme guidelines,Applies unless the property is an affordable housing unit whose rent or income limits are set by programme guidelines. Open question: two published effective dates (1 March 2026 in the ordinance text; January 2026 in an August 2026 law firm alert). Flagged for human review. State algorithm rules apply too; both are listed here.
A0395,Berkeley,r-0002,applies,False,,Applies to all residential rentals in Berkeley. State fee rules apply; Berkeley adds stricter local limits.
A0395,Berkeley,r-0003,applies,False,,Applies to all residential rentals in Berkeley. State fee rules apply; Berkeley adds stricter local limits.
A0395,Berkeley,r-0004,applies,False,Not a nonprofit cooperative | Not a unit where the tenant shares a kitchen or bath with the landlord,"Applies unless the property is a nonprofit cooperative or a unit where the tenant shares a kitchen or bath with the landlord. Apartments per the assessor; at least 5 units per the assessor description, so the exemption for an owner-occupied duplex (a 'golden duplex') cannot apply."
A0395,Berkeley,r-0005,unknown,False,Not a nonprofit cooperative | Not a unit where the owner shares a kitchen or bath with the tenant,Unknown: needs year built. The rule covers multifamily buildings built before 1980.
A0395,Berkeley,r-0006,applies,False,Not public housing or a Section 8 property | Not a unit let under an agreement that lets the owner move back in | Not a unit where an existing tenant is subletting or adding a roommate,"Applies unless the property is public housing or a Section 8 property; a unit let under an agreement that lets the owner move back in; or a unit where an existing tenant is subletting or adding a roommate. At least 5 units per the assessor description, so the exemption for an owner-occupied building with one to three units cannot apply. State screening rules apply too; both are listed here."
A0395,Berkeley,r-0007,applies,False,Not a unit where the owner shares a kitchen or bath with the tenant | Not a nonprofit cooperative,"Applies unless the property is a unit where the owner shares a kitchen or bath with the tenant or a nonprofit cooperative. At least 5 units per the assessor description, so the exemption for an owner-occupied duplex (a 'golden duplex') cannot apply; at least 5 units per the assessor description, so the exemption for an owner-occupied property with an accessory dwelling unit cannot apply. State deposit rules apply too; both are listed here."
A0395,Berkeley,r-0013,applies,False,,Applies to all residential rentals in California.
A0395,Berkeley,r-0014,applies,False,,Applies to all residential rentals in California.
A0395,Berkeley,r-0015,superseded,False,Not a unit where the tenant shares a bathroom or kitchen with the owner-occupant | Not deed-restricted affordable housing | Once the tenant has lived in the unit for 12 months,Governed instead by Berkeley just cause eviction rules as amended by Measure BB; the stricter local rule applies here.
A0395,Berkeley,r-0016,unknown,False,Not deed-restricted or subsidised affordable housing,Unknown: needs year built. Exemption that depends on it: a building with a certificate of occupancy issued within the last 15 years.
A0395,Berkeley,r-0017,applies,False,,Applies to all residential rentals in California.
A0395,Berkeley,r-0018,applies,False,,"Applies: at least 5 units per the assessor description, above the coverage threshold."
A0395,Berkeley,r-0019,applies,False,Once the deposit was collected on or after 1 Jul 2024,Applies to all residential rentals in California. Protection begins once the deposit was collected on or after 1 Jul 2024.
A0396,San Diego,r-0013,applies,False,,Applies to all residential rentals in California.
A0396,San Diego,r-0014,applies,False,,Applies to all residential rentals in California.
A0396,San Diego,r-0015,superseded,False,Not a unit where the tenant shares a bathroom or kitchen with the owner-occupant | Not deed-restricted affordable housing | Once the tenant has lived in the unit for 12 months,"Governed instead by San Diego Residential Tenant Protections (just cause for termination of tenancy); it shares the same coverage condition, so wherever this rule applies the stricter local rule governs."
A0396,San Diego,r-0016,unknown,False,Not deed-restricted or subsidised affordable housing,Unknown: needs year built. Exemption that depends on it: a building with a certificate of occupancy issued within the last 15 years.
A0396,San Diego,r-0017,applies,False,,Applies to all residential rentals in California.
A0396,San Diego,r-0018,applies,False,,"Applies: 6 units, above the coverage threshold."
A0396,San Diego,r-0019,applies,False,Once the deposit was collected on or after 1 Jul 2024,Applies to all residential rentals in California. Protection begins once the deposit was collected on or after 1 Jul 2024.
A0396,San Diego,r-0054,applies,False,Not an affordable housing unit whose rent or income limits are set by programme guidelines,Applies unless the property is an affordable housing unit whose rent or income limits are set by programme guidelines. State algorithm rules apply too; both are listed here.
A0396,San Diego,r-0055,unknown,False,Not deed-restricted or subsidised affordable housing (Section 8 vouchers do not count) | Not a unit where the tenant shares a bath or kitchen with the owner | Once the tenancy has lasted more than 30 days,Unknown: needs year built. The rule covers buildings with a certificate of occupancy at least 15 years old.
A0396,San Diego,r-0056,applies,False,,"Applies: 6 units, above the coverage threshold. State screening rules apply too; both are listed here."
A0397,San Francisco,r-0013,applies,False,,Applies to all residential rentals in California.
A0397,San Francisco,r-0014,applies,False,,Applies to all residential rentals in California.
A0397,San Francisco,r-0015,superseded,False,Not a unit where the tenant shares a bathroom or kitchen with the owner-occupant | Not deed-restricted affordable housing | Once the tenant has lived in the unit for 12 months,Governed instead by San Francisco Rent Ordinance just cause eviction (S.F. Admin. Code § 37.9(a)); the stricter local rule applies here.
A0397,San Francisco,r-0016,superseded,False,Not deed-restricted or subsidised affordable housing,Governed instead by San Francisco annual allowable rent increase (3/1/2026–2/28/2027); the stricter local rule applies here.
A0397,San Francisco,r-0017,applies,False,,Applies to all residential rentals in California.
A0397,San Francisco,r-0018,applies,False,,"Applies: 21 units, above the coverage threshold."
A0397,San Francisco,r-0019,applies,False,Once the deposit was collected on or after 1 Jul 2024,Applies to all residential rentals in California. Protection begins once the deposit was collected on or after 1 Jul 2024.
A0397,San Francisco,r-0057,applies,False,,Applies to all residential rentals in San Francisco. State algorithm rules apply too; both are listed here.
A0397,San Francisco,r-0058,applies,False,,Applies to all residential rentals in San Francisco. Statutory exemptions for certain owner-occupied shared units and institutional housing cannot be checked from county data.
A0397,San Francisco,r-0059,applies,False,,"Applies: built 1900, before the 13 Jun 1979 certificate of occupancy cutoff."
A0397,San Francisco,r-0060,unknown,False,,Unknown: needs affordable housing status. The rule covers affordable housing.
A0397,San Francisco,r-0061,applies,False,,Applies to all residential rentals in San Francisco. State deposit rules apply too; both are listed here.
A0398,San Francisco,r-0013,applies,False,,Applies to all residential rentals in California.
A0398,San Francisco,r-0014,applies,False,,Applies to all residential rentals in California.
A0398,San Francisco,r-0015,superseded,False,Not a unit where the tenant shares a bathroom or kitchen with the owner-occupant | Not deed-restricted affordable housing | Once the tenant has lived in the unit for 12 months,Governed instead by San Francisco Rent Ordinance just cause eviction (S.F. Admin. Code § 37.9(a)); the stricter local rule applies here.
A0398,San Francisco,r-0016,superseded,False,Not deed-restricted or subsidised affordable housing,Governed instead by San Francisco annual allowable rent increase (3/1/2026–2/28/2027); the stricter local rule applies here.
A0398,San Francisco,r-0017,applies,False,,Applies to all residential rentals in California.
A0398,San Francisco,r-0018,applies,False,,"Applies: 5 units, above the coverage threshold."
A0398,San Francisco,r-0019,applies,False,Once the deposit was collected on or after 1 Jul 2024,Applies to all residential rentals in California. Protection begins once the deposit was collected on or after 1 Jul 2024.
A0398,San Francisco,r-0057,applies,False,,Applies to all residential rentals in San Francisco. State algorithm rules apply too; both are listed here.
A0398,San Francisco,r-0058,applies,False,,Applies to all residential rentals in San Francisco. Statutory exemptions for certain owner-occupied shared units and institutional housing cannot be checked from county data.
A0398,San Francisco,r-0059,applies,False,,"Applies: built 1908, before the 13 Jun 1979 certificate of occupancy cutoff."
A0398,San Francisco,r-0060,unknown,False,,Unknown: needs affordable housing status. The rule covers affordable housing.
A0398,San Francisco,r-0061,applies,False,,Applies to all residential rentals in San Francisco. State deposit rules apply too; both are listed here.
A0399,Hoboken,r-0023,applies,True,"Not a medical, long-term care or detention facility","Applies unless the property is a medical, long-term care or detention facility. Possible preemption: from 1 July 2027 the NJ FAIR Act may preempt the Hoboken and Jersey City algorithmic rent ordinances. Flagged for human review; not decided here."
A0399,Hoboken,r-0024,applies,False,,Applies to all residential rentals in Hoboken.
A0399,Hoboken,r-0025,unknown,False,"Not a hotel, motel, commercial or industrial unit, or institutional student housing","Unknown: needs year built. The rule covers buildings built on or before 25 Jun 1987, or newer buildings whose exemption period (at most 30 years) has ended."
A0399,Hoboken,r-0044,not_yet_effective,True,,Not yet in force: takes effect 1 Jul 2027. Possible preemption: from 1 July 2027 the NJ FAIR Act may preempt the Hoboken and Jersey City algorithmic rent ordinances. Flagged for human review; not decided here.
A0399,Hoboken,r-0045,unknown,False,Not let through a licensed real estate agent who is not the landlord,Unknown: needs the building type. Exemption that depends on it: a one-family or two-family dwelling.
A0399,Hoboken,r-0046,unknown,False,"Not a hotel, motel or guest house let to transient or seasonal guests",Unknown: needs owner identity. Exemption that depends on it: an owner-occupied building with two or fewer rental units.
A0399,Hoboken,r-0047,unknown,False,"Not a hotel, motel or seasonal rental",Unknown: needs owner identity. Exemption that depends on it: an owner-occupied two- or three-family dwelling.
A0399,Hoboken,r-0049,unknown,False,,"Unknown: needs the unit count. Exemption that depends on it: an owner-occupied two-family dwelling. The assessor building code '4B-9U' suggests 9 units (derived, unconfirmed)."
A0399,Hoboken,r-0050,unknown,False,,Unknown: needs owner identity. Exemption that depends on it: an owner-occupied building with four or fewer units.
A0399,Hoboken,r-0051,unknown,False,Not a seasonal rental of 125 days or less,Unknown: needs owner identity. Exemption that depends on it: an owner-occupied building with two or fewer rental units.
A0400,Newark,r-0044,not_yet_effective,False,,Not yet in force: takes effect 1 Jul 2027.
A0400,Newark,r-0045,unknown,False,Not let through a licensed real estate agent who is not the landlord,Unknown: needs the building type. Exemption that depends on it: a one-family or two-family dwelling.
A0400,Newark,r-0046,unknown,False,"Not a hotel, motel or guest house let to transient or seasonal guests",Unknown: needs owner identity. Exemption that depends on it: an owner-occupied building with two or fewer rental units.
A0400,Newark,r-0047,unknown,False,"Not a hotel, motel or seasonal rental",Unknown: needs owner identity. Exemption that depends on it: an owner-occupied two- or three-family dwelling.
A0400,Newark,r-0049,unknown,False,,Unknown: needs the unit count. Exemption that depends on it: an owner-occupied two-family dwelling.
A0400,Newark,r-0050,unknown,False,,Unknown: needs owner identity. Exemption that depends on it: an owner-occupied building with four or fewer units.
A0400,Newark,r-0051,unknown,False,Not a seasonal rental of 125 days or less,Unknown: needs owner identity. Exemption that depends on it: an owner-occupied building with two or fewer rental units.
A0400,Newark,r-0052,unknown,False,Not a hotel or motel let day to day to transients | Not public housing or a unit whose rent a government agency regulates,Unknown: needs year built. Exemption that depends on it: a newly built multiple dwelling still within its exemption period (at most 30 years).
A0400,Newark,r-0053,unknown,False,Not housing designated for a programme for people with criminal records,Unknown: needs the unit count. Exemption that depends on it: an owner-occupied two-family dwelling or a room in an owner-occupied home.
A0401,San Francisco,r-0013,applies,False,,Applies to all residential rentals in California.
A0401,San Francisco,r-0014,applies,False,,Applies to all residential rentals in California.
A0401,San Francisco,r-0015,superseded,False,Not a unit where the tenant shares a bathroom or kitchen with the owner-occupant | Not deed-restricted affordable housing | Once the tenant has lived in the unit for 12 months,Governed instead by San Francisco Rent Ordinance just cause eviction (S.F. Admin. Code § 37.9(a)); the stricter local rule applies here.
A0401,San Francisco,r-0016,superseded,False,Not deed-restricted or subsidised affordable housing,Governed instead by San Francisco annual allowable rent increase (3/1/2026–2/28/2027); the stricter local rule applies here.
A0401,San Francisco,r-0017,applies,False,,Applies to all residential rentals in California.
A0401,San Francisco,r-0018,applies,False,,"Applies: 6 units, above the coverage threshold."
A0401,San Francisco,r-0019,applies,False,Once the deposit was collected on or after 1 Jul 2024,Applies to all residential rentals in California. Protection begins once the deposit was collected on or after 1 Jul 2024.
A0401,San Francisco,r-0057,applies,False,,Applies to all residential rentals in San Francisco. State algorithm rules apply too; both are listed here.
A0401,San Francisco,r-0058,applies,False,,Applies to all residential rentals in San Francisco. Statutory exemptions for certain owner-occupied shared units and institutional housing cannot be checked from county data.
A0401,San Francisco,r-0059,applies,False,,"Applies: built 1908, before the 13 Jun 1979 certificate of occupancy cutoff."
A0401,San Francisco,r-0060,unknown,False,,Unknown: needs affordable housing status. The rule covers affordable housing.
A0401,San Francisco,r-0061,applies,False,,Applies to all residential rentals in San Francisco. State deposit rules apply too; both are listed here.
A0402,San Francisco,r-0013,applies,False,,Applies to all residential rentals in California.
A0402,San Francisco,r-0014,applies,False,,Applies to all residential rentals in California.
A0402,San Francisco,r-0015,superseded,False,Not a unit where the tenant shares a bathroom or kitchen with the owner-occupant | Not deed-restricted affordable housing | Once the tenant has lived in the unit for 12 months,Governed instead by San Francisco Rent Ordinance just cause eviction (S.F. Admin. Code § 37.9(a)); the stricter local rule applies here.
A0402,San Francisco,r-0016,superseded,False,Not deed-restricted or subsidised affordable housing,Governed instead by San Francisco annual allowable rent increase (3/1/2026–2/28/2027); the stricter local rule applies here.
A0402,San Francisco,r-0017,applies,False,,Applies to all residential rentals in California.
A0402,San Francisco,r-0018,applies,False,,"Applies: 5 units, above the coverage threshold."
A0402,San Francisco,r-0019,applies,False,Once the deposit was collected on or after 1 Jul 2024,Applies to all residential rentals in California. Protection begins once the deposit was collected on or after 1 Jul 2024.
A0402,San Francisco,r-0057,applies,False,,Applies to all residential rentals in San Francisco. State algorithm rules apply too; both are listed here.
A0402,San Francisco,r-0058,applies,False,,Applies to all residential rentals in San Francisco. Statutory exemptions for certain owner-occupied shared units and institutional housing cannot be checked from county data.
A0402,San Francisco,r-0059,applies,False,,"Applies: built 1900, before the 13 Jun 1979 certificate of occupancy cutoff."
A0402,San Francisco,r-0060,unknown,False,,Unknown: needs affordable housing status. The rule covers affordable housing.
A0402,San Francisco,r-0061,applies,False,,Applies to all residential rentals in San Francisco. State deposit rules apply too; both are listed here.
A0403,Boston,r-0008,applies,False,,Applies: apartments per the assessor.
A0403,Boston,r-0011,unknown,False,,Unknown: needs affordable housing status. The rule covers housing funded or land-assisted by the Boston Department of Neighborhood Development.
A0403,Boston,r-0012,applies,False,,Applies to all residential rentals in Boston. State screening rules apply too; both are listed here.
A0403,Boston,r-0033,pending,False,,"Bill, not law: a pending bill or proposal, not yet enacted."
A0403,Boston,r-0034,pending,False,,"Bill, not law: a pending bill or proposal, not yet enacted."
A0403,Boston,r-0035,applies,False,,Applies to all residential rentals in Massachusetts.
A0403,Boston,r-0036,applies,False,,Applies: apartments per the assessor.
A0403,Boston,r-0041,applies,False,,Applies to all residential rentals in Massachusetts.
A0403,Boston,r-0042,applies,False,,Applies to all residential rentals in Massachusetts.
A0403,Boston,r-0043,applies,False,,Applies: apartments per the assessor.
A0404,Jersey City,r-0026,applies,True,"Not an inpatient medical, licensed long-term care or detention facility","Applies unless the property is an inpatient medical, licensed long-term care or detention facility. Possible preemption: from 1 July 2027 the NJ FAIR Act may preempt the Hoboken and Jersey City algorithmic rent ordinances. Flagged for human review; not decided here."
A0404,Jersey City,r-0027,unknown,False,,"Unknown: needs the unit count. The rule covers buildings with five or more units. The assessor building code '3S-F-D-8U-H' suggests 8 units (derived, unconfirmed)."
A0404,Jersey City,r-0044,not_yet_effective,True,,Not yet in force: takes effect 1 Jul 2027. Possible preemption: from 1 July 2027 the NJ FAIR Act may preempt the Hoboken and Jersey City algorithmic rent ordinances. Flagged for human review; not decided here.
A0404,Jersey City,r-0045,unknown,False,Not let through a licensed real estate agent who is not the landlord,Unknown: needs the building type. Exemption that depends on it: a one-family or two-family dwelling.
A0404,Jersey City,r-0046,unknown,False,"Not a hotel, motel or guest house let to transient or seasonal guests",Unknown: needs owner identity. Exemption that depends on it: an owner-occupied building with two or fewer rental units.
A0404,Jersey City,r-0047,unknown,False,"Not a hotel, motel or seasonal rental",Unknown: needs owner identity. Exemption that depends on it: an owner-occupied two- or three-family dwelling.
A0404,Jersey City,r-0049,unknown,False,,"Unknown: needs the unit count. Exemption that depends on it: an owner-occupied two-family dwelling. The assessor building code '3S-F-D-8U-H' suggests 8 units (derived, unconfirmed)."
A0404,Jersey City,r-0050,unknown,False,,Unknown: needs owner identity. Exemption that depends on it: an owner-occupied building with four or fewer units.
A0404,Jersey City,r-0051,unknown,False,Not a seasonal rental of 125 days or less,Unknown: needs owner identity. Exemption that depends on it: an owner-occupied building with two or fewer rental units.
A0405,Los Angeles,r-0013,applies,False,,Applies to all residential rentals in California.
A0405,Los Angeles,r-0014,applies,False,,Applies to all residential rentals in California.
A0405,Los Angeles,r-0015,superseded,False,Not a unit where the tenant shares a bathroom or kitchen with the owner-occupant | Not deed-restricted affordable housing | Once the tenant has lived in the unit for 12 months,Governed instead by Los Angeles Just Cause for Eviction Ordinance (JCO); the stricter local rule applies here.
A0405,Los Angeles,r-0016,applies,False,Not deed-restricted or subsidised affordable housing,"Applies unless the property is deed-restricted or subsidised affordable housing. Built 2008, before the 15 year certificate of occupancy window (built before 2011); apartments per the assessor."
A0405,Los Angeles,r-0017,applies,False,,Applies to all residential rentals in California.
A0405,Los Angeles,r-0018,applies,False,,"Applies: 6 units, above the coverage threshold."
A0405,Los Angeles,r-0019,applies,False,Once the deposit was collected on or after 1 Jul 2024,Applies to all residential rentals in California. Protection begins once the deposit was collected on or after 1 Jul 2024.
A0405,Los Angeles,r-0028,applies,False,"Not a cooperative, nonprofit homeless facility or short-term treatment facility | Once the tenant has lived in the unit for six months or the first lease has ended","Applies unless the property is a cooperative, nonprofit homeless facility or short-term treatment facility. Apartments per the assessor; built 2008, after the 1 Oct 1978 certificate of occupancy cutoff. Protection begins once the tenant has lived in the unit for six months or the first lease has ended."
A0405,Los Angeles,r-0031,applies,False,,Applies to all residential rentals in Los Angeles. State screening rules apply too; both are listed here.
A0406,Boston,r-0008,applies,False,,Applies: apartments per the assessor.
A0406,Boston,r-0011,unknown,False,,Unknown: needs affordable housing status. The rule covers housing funded or land-assisted by the Boston Department of Neighborhood Development.
A0406,Boston,r-0012,applies,False,,Applies to all residential rentals in Boston. State screening rules apply too; both are listed here.
A0406,Boston,r-0033,pending,False,,"Bill, not law: a pending bill or proposal, not yet enacted."
A0406,Boston,r-0034,pending,False,,"Bill, not law: a pending bill or proposal, not yet enacted."
A0406,Boston,r-0035,applies,False,,Applies to all residential rentals in Massachusetts.
A0406,Boston,r-0036,applies,False,,Applies: apartments per the assessor.
A0406,Boston,r-0041,applies,False,,Applies to all residential rentals in Massachusetts.
A0406,Boston,r-0042,applies,False,,Applies to all residential rentals in Massachusetts.
A0406,Boston,r-0043,applies,False,,Applies: apartments per the assessor.
A0407,Los Angeles,r-0013,applies,False,,Applies to all residential rentals in California.
A0407,Los Angeles,r-0014,applies,False,,Applies to all residential rentals in California.
A0407,Los Angeles,r-0015,superseded,False,Not a unit where the tenant shares a bathroom or kitchen with the owner-occupant | Not deed-restricted affordable housing | Once the tenant has lived in the unit for 12 months,Governed instead by Relocation assistance for no-fault evictions under the RSO and JCO; the stricter local rule applies here.
A0407,Los Angeles,r-0016,superseded,False,Not deed-restricted or subsidised affordable housing,Governed instead by Los Angeles Rent Stabilization Ordinance (RSO) allowable rent increases; the stricter local rule applies here.
A0407,Los Angeles,r-0017,applies,False,,Applies to all residential rentals in California.
A0407,Los Angeles,r-0018,applies,False,,"Applies: 10 units, above the coverage threshold."
A0407,Los Angeles,r-0019,applies,False,Once the deposit was collected on or after 1 Jul 2024,Applies to all residential rentals in California. Protection begins once the deposit was collected on or after 1 Jul 2024.
A0407,Los Angeles,r-0028,unknown,False,"Not a cooperative, nonprofit homeless facility or short-term treatment facility | Once the tenant has lived in the unit for six months or the first lease has ended","Unknown: this building is under the RSO (built 1964), so the JCO applies only if the unit is exempt from the RSO; RSO exemption status is not in the data."
A0407,Los Angeles,r-0029,applies,False,Not a housing authority or government-owned property,"Applies unless the property is a housing authority or government-owned property. Apartments per the assessor; built 1964, before the 1 Oct 1978 certificate of occupancy cutoff."
A0407,Los Angeles,r-0030,applies,True,"Not government-owned or regulated housing, or affordable housing with a recorded covenant","Applies unless the property is government-owned or regulated housing, or affordable housing with a recorded covenant. Built 1964, before the 1 Oct 1978 certificate of occupancy cutoff; apartments per the assessor. Open question: two published effective dates for the new formula (2 February 2026 per LAHD; 24 January 2026 per a landlord association). Flagged for human review."
A0407,Los Angeles,r-0031,applies,False,,Applies to all residential rentals in Los Angeles. State screening rules apply too; both are listed here.
A0407,Los Angeles,r-0032,applies,False,Once the deposit has been held for at least one year,"Applies: built 1964, before the 1 Oct 1978 certificate of occupancy cutoff; apartments per the assessor. Protection begins once the deposit has been held for at least one year. State deposit rules apply too; both are listed here."
A0408,Los Angeles,r-0013,applies,False,,Applies to all residential rentals in California.
A0408,Los Angeles,r-0014,applies,False,,Applies to all residential rentals in California.
A0408,Los Angeles,r-0015,superseded,False,Not a unit where the tenant shares a bathroom or kitchen with the owner-occupant | Not deed-restricted affordable housing | Once the tenant has lived in the unit for 12 months,Governed instead by Relocation assistance for no-fault evictions under the RSO and JCO; the stricter local rule applies here.
A0408,Los Angeles,r-0016,superseded,False,Not deed-restricted or subsidised affordable housing,Governed instead by Los Angeles Rent Stabilization Ordinance (RSO) allowable rent increases; the stricter local rule applies here.
A0408,Los Angeles,r-0017,applies,False,,Applies to all residential rentals in California.
A0408,Los Angeles,r-0018,applies,False,,"Applies: 23 units, above the coverage threshold."
A0408,Los Angeles,r-0019,applies,False,Once the deposit was collected on or after 1 Jul 2024,Applies to all residential rentals in California. Protection begins once the deposit was collected on or after 1 Jul 2024.
A0408,Los Angeles,r-0028,unknown,False,"Not a cooperative, nonprofit homeless facility or short-term treatment facility | Once the tenant has lived in the unit for six months or the first lease has ended","Unknown: this building is under the RSO (built 1964), so the JCO applies only if the unit is exempt from the RSO; RSO exemption status is not in the data."
A0408,Los Angeles,r-0029,applies,False,Not a housing authority or government-owned property,"Applies unless the property is a housing authority or government-owned property. Apartments per the assessor; built 1964, before the 1 Oct 1978 certificate of occupancy cutoff."
A0408,Los Angeles,r-0030,applies,True,"Not government-owned or regulated housing, or affordable housing with a recorded covenant","Applies unless the property is government-owned or regulated housing, or affordable housing with a recorded covenant. Built 1964, before the 1 Oct 1978 certificate of occupancy cutoff; apartments per the assessor. Open question: two published effective dates for the new formula (2 February 2026 per LAHD; 24 January 2026 per a landlord association). Flagged for human review."
A0408,Los Angeles,r-0031,applies,False,,Applies to all residential rentals in Los Angeles. State screening rules apply too; both are listed here.
A0408,Los Angeles,r-0032,applies,False,Once the deposit has been held for at least one year,"Applies: built 1964, before the 1 Oct 1978 certificate of occupancy cutoff; apartments per the assessor. Protection begins once the deposit has been held for at least one year. State deposit rules apply too; both are listed here."
A0409,San Diego,r-0013,applies,False,,Applies to all residential rentals in California.
A0409,San Diego,r-0014,applies,False,,Applies to all residential rentals in California.
A0409,San Diego,r-0015,superseded,False,Not a unit where the tenant shares a bathroom or kitchen with the owner-occupant | Not deed-restricted affordable housing | Once the tenant has lived in the unit for 12 months,"Governed instead by San Diego Residential Tenant Protections (just cause for termination of tenancy); it shares the same coverage condition, so wherever this rule applies the stricter local rule governs."
A0409,San Diego,r-0016,unknown,False,Not deed-restricted or subsidised affordable housing,Unknown: needs year built. Exemption that depends on it: a building with a certificate of occupancy issued within the last 15 years.
A0409,San Diego,r-0017,applies,False,,Applies to all residential rentals in California.
A0409,San Diego,r-0018,applies,False,,"Applies: 5 units, above the coverage threshold."
A0409,San Diego,r-0019,applies,False,Once the deposit was collected on or after 1 Jul 2024,Applies to all residential rentals in California. Protection begins once the deposit was collected on or after 1 Jul 2024.
A0409,San Diego,r-0054,applies,False,Not an affordable housing unit whose rent or income limits are set by programme guidelines,Applies unless the property is an affordable housing unit whose rent or income limits are set by programme guidelines. State algorithm rules apply too; both are listed here.
A0409,San Diego,r-0055,unknown,False,Not deed-restricted or subsidised affordable housing (Section 8 vouchers do not count) | Not a unit where the tenant shares a bath or kitchen with the owner | Once the tenancy has lasted more than 30 days,Unknown: needs year built. The rule covers buildings with a certificate of occupancy at least 15 years old.
A0409,San Diego,r-0056,applies,False,,"Applies: 5 units, above the coverage threshold. State screening rules apply too; both are listed here."
A0410,Jersey City,r-0026,applies,True,"Not an inpatient medical, licensed long-term care or detention facility","Applies unless the property is an inpatient medical, licensed long-term care or detention facility. Possible preemption: from 1 July 2027 the NJ FAIR Act may preempt the Hoboken and Jersey City algorithmic rent ordinances. Flagged for human review; not decided here."
A0410,Jersey City,r-0027,unknown,False,,"Unknown: needs the unit count. The rule covers buildings with five or more units. The assessor building code '4-S-BT-21U-H' suggests 21 units (derived, unconfirmed)."
A0410,Jersey City,r-0044,not_yet_effective,True,,Not yet in force: takes effect 1 Jul 2027. Possible preemption: from 1 July 2027 the NJ FAIR Act may preempt the Hoboken and Jersey City algorithmic rent ordinances. Flagged for human review; not decided here.
A0410,Jersey City,r-0045,unknown,False,Not let through a licensed real estate agent who is not the landlord,Unknown: needs the building type. Exemption that depends on it: a one-family or two-family dwelling.
A0410,Jersey City,r-0046,unknown,False,"Not a hotel, motel or guest house let to transient or seasonal guests",Unknown: needs owner identity. Exemption that depends on it: an owner-occupied building with two or fewer rental units.
A0410,Jersey City,r-0047,unknown,False,"Not a hotel, motel or seasonal rental",Unknown: needs owner identity. Exemption that depends on it: an owner-occupied two- or three-family dwelling.
A0410,Jersey City,r-0049,unknown,False,,"Unknown: needs the unit count. Exemption that depends on it: an owner-occupied two-family dwelling. The assessor building code '4-S-BT-21U-H' suggests 21 units (derived, unconfirmed)."
A0410,Jersey City,r-0050,unknown,False,,Unknown: needs owner identity. Exemption that depends on it: an owner-occupied building with four or fewer units.
A0410,Jersey City,r-0051,unknown,False,Not a seasonal rental of 125 days or less,Unknown: needs owner identity. Exemption that depends on it: an owner-occupied building with two or fewer rental units.
A0411,Berkeley,r-0001,applies,True,Not an affordable housing unit whose rent or income limits are set by programme guidelines,Applies unless the property is an affordable housing unit whose rent or income limits are set by programme guidelines. Open question: two published effective dates (1 March 2026 in the ordinance text; January 2026 in an August 2026 law firm alert). Flagged for human review. State algorithm rules apply too; both are listed here.
A0411,Berkeley,r-0002,applies,False,,Applies to all residential rentals in Berkeley. State fee rules apply; Berkeley adds stricter local limits.
A0411,Berkeley,r-0003,applies,False,,Applies to all residential rentals in Berkeley. State fee rules apply; Berkeley adds stricter local limits.
A0411,Berkeley,r-0004,applies,False,Not a nonprofit cooperative | Not a unit where the tenant shares a kitchen or bath with the landlord,"Applies unless the property is a nonprofit cooperative or a unit where the tenant shares a kitchen or bath with the landlord. Apartments per the assessor; at least 5 units per the assessor description, so the exemption for an owner-occupied duplex (a 'golden duplex') cannot apply."
A0411,Berkeley,r-0005,unknown,False,Not a nonprofit cooperative | Not a unit where the owner shares a kitchen or bath with the tenant,Unknown: needs year built. The rule covers multifamily buildings built before 1980.
A0411,Berkeley,r-0006,applies,False,Not public housing or a Section 8 property | Not a unit let under an agreement that lets the owner move back in | Not a unit where an existing tenant is subletting or adding a roommate,"Applies unless the property is public housing or a Section 8 property; a unit let under an agreement that lets the owner move back in; or a unit where an existing tenant is subletting or adding a roommate. At least 5 units per the assessor description, so the exemption for an owner-occupied building with one to three units cannot apply. State screening rules apply too; both are listed here."
A0411,Berkeley,r-0007,applies,False,Not a unit where the owner shares a kitchen or bath with the tenant | Not a nonprofit cooperative,"Applies unless the property is a unit where the owner shares a kitchen or bath with the tenant or a nonprofit cooperative. At least 5 units per the assessor description, so the exemption for an owner-occupied duplex (a 'golden duplex') cannot apply; at least 5 units per the assessor description, so the exemption for an owner-occupied property with an accessory dwelling unit cannot apply. State deposit rules apply too; both are listed here."
A0411,Berkeley,r-0013,applies,False,,Applies to all residential rentals in California.
A0411,Berkeley,r-0014,applies,False,,Applies to all residential rentals in California.
A0411,Berkeley,r-0015,superseded,False,Not a unit where the tenant shares a bathroom or kitchen with the owner-occupant | Not deed-restricted affordable housing | Once the tenant has lived in the unit for 12 months,Governed instead by Berkeley just cause eviction rules as amended by Measure BB; the stricter local rule applies here.
A0411,Berkeley,r-0016,unknown,False,Not deed-restricted or subsidised affordable housing,Unknown: needs year built. Exemption that depends on it: a building with a certificate of occupancy issued within the last 15 years.
A0411,Berkeley,r-0017,applies,False,,Applies to all residential rentals in California.
A0411,Berkeley,r-0018,applies,False,,"Applies: at least 5 units per the assessor description, above the coverage threshold."
A0411,Berkeley,r-0019,applies,False,Once the deposit was collected on or after 1 Jul 2024,Applies to all residential rentals in California. Protection begins once the deposit was collected on or after 1 Jul 2024.
A0412,Newark,r-0044,not_yet_effective,False,,Not yet in force: takes effect 1 Jul 2027.
A0412,Newark,r-0045,unknown,False,Not let through a licensed real estate agent who is not the landlord,Unknown: needs the building type. Exemption that depends on it: a one-family or two-family dwelling.
A0412,Newark,r-0046,unknown,False,"Not a hotel, motel or guest house let to transient or seasonal guests",Unknown: needs owner identity. Exemption that depends on it: an owner-occupied building with two or fewer rental units.
A0412,Newark,r-0047,unknown,False,"Not a hotel, motel or seasonal rental",Unknown: needs owner identity. Exemption that depends on it: an owner-occupied two- or three-family dwelling.
A0412,Newark,r-0049,unknown,False,,Unknown: needs the unit count. Exemption that depends on it: an owner-occupied two-family dwelling.
A0412,Newark,r-0050,unknown,False,,Unknown: needs owner identity. Exemption that depends on it: an owner-occupied building with four or fewer units.
A0412,Newark,r-0051,unknown,False,Not a seasonal rental of 125 days or less,Unknown: needs owner identity. Exemption that depends on it: an owner-occupied building with two or fewer rental units.
A0412,Newark,r-0052,unknown,False,Not a hotel or motel let day to day to transients | Not public housing or a unit whose rent a government agency regulates,Unknown: needs year built. Exemption that depends on it: a newly built multiple dwelling still within its exemption period (at most 30 years).
A0412,Newark,r-0053,unknown,False,Not housing designated for a programme for people with criminal records,Unknown: needs the unit count. Exemption that depends on it: an owner-occupied two-family dwelling or a room in an owner-occupied home.
A0413,San Diego,r-0013,applies,False,,Applies to all residential rentals in California.
A0413,San Diego,r-0014,applies,False,,Applies to all residential rentals in California.
A0413,San Diego,r-0015,superseded,False,Not a unit where the tenant shares a bathroom or kitchen with the owner-occupant | Not deed-restricted affordable housing | Once the tenant has lived in the unit for 12 months,"Governed instead by San Diego Residential Tenant Protections (just cause for termination of tenancy); it shares the same coverage condition, so wherever this rule applies the stricter local rule governs."
A0413,San Diego,r-0016,unknown,False,Not deed-restricted or subsidised affordable housing,Unknown: needs year built. Exemption that depends on it: a building with a certificate of occupancy issued within the last 15 years.
A0413,San Diego,r-0017,applies,False,,Applies to all residential rentals in California.
A0413,San Diego,r-0018,applies,False,,"Applies: 8 units, above the coverage threshold."
A0413,San Diego,r-0019,applies,False,Once the deposit was collected on or after 1 Jul 2024,Applies to all residential rentals in California. Protection begins once the deposit was collected on or after 1 Jul 2024.
A0413,San Diego,r-0054,applies,False,Not an affordable housing unit whose rent or income limits are set by programme guidelines,Applies unless the property is an affordable housing unit whose rent or income limits are set by programme guidelines. State algorithm rules apply too; both are listed here.
A0413,San Diego,r-0055,unknown,False,Not deed-restricted or subsidised affordable housing (Section 8 vouchers do not count) | Not a unit where the tenant shares a bath or kitchen with the owner | Once the tenancy has lasted more than 30 days,Unknown: needs year built. The rule covers buildings with a certificate of occupancy at least 15 years old.
A0413,San Diego,r-0056,applies,False,,"Applies: 8 units, above the coverage threshold. State screening rules apply too; both are listed here."
A0414,San Francisco,r-0013,applies,False,,Applies to all residential rentals in California.
A0414,San Francisco,r-0014,applies,False,,Applies to all residential rentals in California.
A0414,San Francisco,r-0015,superseded,False,Not a unit where the tenant shares a bathroom or kitchen with the owner-occupant | Not deed-restricted affordable housing | Once the tenant has lived in the unit for 12 months,Governed instead by San Francisco Rent Ordinance just cause eviction (S.F. Admin. Code § 37.9(a)); the stricter local rule applies here.
A0414,San Francisco,r-0016,superseded,False,Not deed-restricted or subsidised affordable housing,Governed instead by San Francisco annual allowable rent increase (3/1/2026–2/28/2027); the stricter local rule applies here.
A0414,San Francisco,r-0017,applies,False,,Applies to all residential rentals in California.
A0414,San Francisco,r-0018,applies,False,,"Applies: 9 units, above the coverage threshold."
A0414,San Francisco,r-0019,applies,False,Once the deposit was collected on or after 1 Jul 2024,Applies to all residential rentals in California. Protection begins once the deposit was collected on or after 1 Jul 2024.
A0414,San Francisco,r-0057,applies,False,,Applies to all residential rentals in San Francisco. State algorithm rules apply too; both are listed here.
A0414,San Francisco,r-0058,applies,False,,Applies to all residential rentals in San Francisco. Statutory exemptions for certain owner-occupied shared units and institutional housing cannot be checked from county data.
A0414,San Francisco,r-0059,applies,False,,"Applies: built 1922, before the 13 Jun 1979 certificate of occupancy cutoff."
A0414,San Francisco,r-0060,unknown,False,,Unknown: needs affordable housing status. The rule covers affordable housing.
A0414,San Francisco,r-0061,applies,False,,Applies to all residential rentals in San Francisco. State deposit rules apply too; both are listed here.
A0415,Jersey City,r-0026,applies,True,"Not an inpatient medical, licensed long-term care or detention facility","Applies unless the property is an inpatient medical, licensed long-term care or detention facility. Possible preemption: from 1 July 2027 the NJ FAIR Act may preempt the Hoboken and Jersey City algorithmic rent ordinances. Flagged for human review; not decided here."
A0415,Jersey City,r-0027,unknown,False,,"Unknown: needs the unit count. The rule covers buildings with five or more units. The assessor building code '4S-B-A-46U-H' suggests 46 units (derived, unconfirmed)."
A0415,Jersey City,r-0044,not_yet_effective,True,,Not yet in force: takes effect 1 Jul 2027. Possible preemption: from 1 July 2027 the NJ FAIR Act may preempt the Hoboken and Jersey City algorithmic rent ordinances. Flagged for human review; not decided here.
A0415,Jersey City,r-0045,unknown,False,Not let through a licensed real estate agent who is not the landlord,Unknown: needs the building type. Exemption that depends on it: a one-family or two-family dwelling.
A0415,Jersey City,r-0046,unknown,False,"Not a hotel, motel or guest house let to transient or seasonal guests",Unknown: needs owner identity. Exemption that depends on it: an owner-occupied building with two or fewer rental units.
A0415,Jersey City,r-0047,unknown,False,"Not a hotel, motel or seasonal rental",Unknown: needs owner identity. Exemption that depends on it: an owner-occupied two- or three-family dwelling.
A0415,Jersey City,r-0049,unknown,False,,"Unknown: needs the unit count. Exemption that depends on it: an owner-occupied two-family dwelling. The assessor building code '4S-B-A-46U-H' suggests 46 units (derived, unconfirmed)."
A0415,Jersey City,r-0050,unknown,False,,Unknown: needs owner identity. Exemption that depends on it: an owner-occupied building with four or fewer units.
A0415,Jersey City,r-0051,unknown,False,Not a seasonal rental of 125 days or less,Unknown: needs owner identity. Exemption that depends on it: an owner-occupied building with two or fewer rental units.
A0416,Jersey City,r-0026,applies,True,"Not an inpatient medical, licensed long-term care or detention facility","Applies unless the property is an inpatient medical, licensed long-term care or detention facility. Possible preemption: from 1 July 2027 the NJ FAIR Act may preempt the Hoboken and Jersey City algorithmic rent ordinances. Flagged for human review; not decided here."
A0416,Jersey City,r-0027,unknown,False,,"Unknown: needs the unit count. The rule covers buildings with five or more units. The assessor building code '5S-BT-B-C-21U-H' suggests 21 units (derived, unconfirmed)."
A0416,Jersey City,r-0044,not_yet_effective,True,,Not yet in force: takes effect 1 Jul 2027. Possible preemption: from 1 July 2027 the NJ FAIR Act may preempt the Hoboken and Jersey City algorithmic rent ordinances. Flagged for human review; not decided here.
A0416,Jersey City,r-0045,unknown,False,Not let through a licensed real estate agent who is not the landlord,Unknown: needs the building type. Exemption that depends on it: a one-family or two-family dwelling.
A0416,Jersey City,r-0046,unknown,False,"Not a hotel, motel or guest house let to transient or seasonal guests",Unknown: needs owner identity. Exemption that depends on it: an owner-occupied building with two or fewer rental units.
A0416,Jersey City,r-0047,unknown,False,"Not a hotel, motel or seasonal rental",Unknown: needs owner identity. Exemption that depends on it: an owner-occupied two- or three-family dwelling.
A0416,Jersey City,r-0049,unknown,False,,"Unknown: needs the unit count. Exemption that depends on it: an owner-occupied two-family dwelling. The assessor building code '5S-BT-B-C-21U-H' suggests 21 units (derived, unconfirmed)."
A0416,Jersey City,r-0050,unknown,False,,Unknown: needs owner identity. Exemption that depends on it: an owner-occupied building with four or fewer units.
A0416,Jersey City,r-0051,unknown,False,Not a seasonal rental of 125 days or less,Unknown: needs owner identity. Exemption that depends on it: an owner-occupied building with two or fewer rental units.
A0417,Los Angeles,r-0013,applies,False,,Applies to all residential rentals in California.
A0417,Los Angeles,r-0014,applies,False,,Applies to all residential rentals in California.
A0417,Los Angeles,r-0015,superseded,False,Not a unit where the tenant shares a bathroom or kitchen with the owner-occupant | Not deed-restricted affordable housing | Once the tenant has lived in the unit for 12 months,"Governed instead by Los Angeles Just Cause for Eviction Ordinance (JCO) and Relocation assistance for no-fault evictions under the RSO and JCO; together they cover every residential unit, so a local rule applies whatever the year built."
A0417,Los Angeles,r-0016,unknown,False,Not deed-restricted or subsidised affordable housing,Unknown: needs year built. Exemption that depends on it: a building with a certificate of occupancy issued within the last 15 years.
A0417,Los Angeles,r-0017,applies,False,,Applies to all residential rentals in California.
A0417,Los Angeles,r-0018,applies,False,,"Applies: 5 units, above the coverage threshold."
A0417,Los Angeles,r-0019,applies,False,Once the deposit was collected on or after 1 Jul 2024,Applies to all residential rentals in California. Protection begins once the deposit was collected on or after 1 Jul 2024.
A0417,Los Angeles,r-0028,unknown,False,"Not a cooperative, nonprofit homeless facility or short-term treatment facility | Once the tenant has lived in the unit for six months or the first lease has ended",Unknown: needs year built. The rule covers residential units not covered by the Rent Stabilization Ordinance (certificate of occupancy after 1 Oct 1978).
A0417,Los Angeles,r-0029,unknown,False,Not a housing authority or government-owned property,Unknown: needs year built. The rule covers rental units first built on or before 1 Oct 1978.
A0417,Los Angeles,r-0030,unknown,True,"Not government-owned or regulated housing, or affordable housing with a recorded covenant",Unknown: needs year built. The rule covers rental properties first built on or before 1 Oct 1978. Open question: two published effective dates for the new formula (2 February 2026 per LAHD; 24 January 2026 per a landlord association). Flagged for human review.
A0417,Los Angeles,r-0031,applies,False,,Applies to all residential rentals in Los Angeles. State screening rules apply too; both are listed here.
A0417,Los Angeles,r-0032,unknown,False,Once the deposit has been held for at least one year,Unknown: needs year built. The rule covers rent-stabilised units (first built on or before 1 Oct 1978).
A0418,Jersey City,r-0026,applies,True,"Not an inpatient medical, licensed long-term care or detention facility","Applies unless the property is an inpatient medical, licensed long-term care or detention facility. Possible preemption: from 1 July 2027 the NJ FAIR Act may preempt the Hoboken and Jersey City algorithmic rent ordinances. Flagged for human review; not decided here."
A0418,Jersey City,r-0027,unknown,False,,"Unknown: needs the unit count. The rule covers buildings with five or more units. The assessor building code '3S-FD-12U-H' suggests 12 units (derived, unconfirmed)."
A0418,Jersey City,r-0044,not_yet_effective,True,,Not yet in force: takes effect 1 Jul 2027. Possible preemption: from 1 July 2027 the NJ FAIR Act may preempt the Hoboken and Jersey City algorithmic rent ordinances. Flagged for human review; not decided here.
A0418,Jersey City,r-0045,unknown,False,Not let through a licensed real estate agent who is not the landlord,Unknown: needs the building type. Exemption that depends on it: a one-family or two-family dwelling.
A0418,Jersey City,r-0046,unknown,False,"Not a hotel, motel or guest house let to transient or seasonal guests",Unknown: needs owner identity. Exemption that depends on it: an owner-occupied building with two or fewer rental units.
A0418,Jersey City,r-0047,unknown,False,"Not a hotel, motel or seasonal rental",Unknown: needs owner identity. Exemption that depends on it: an owner-occupied two- or three-family dwelling.
A0418,Jersey City,r-0049,unknown,False,,"Unknown: needs the unit count. Exemption that depends on it: an owner-occupied two-family dwelling. The assessor building code '3S-FD-12U-H' suggests 12 units (derived, unconfirmed)."
A0418,Jersey City,r-0050,unknown,False,,Unknown: needs owner identity. Exemption that depends on it: an owner-occupied building with four or fewer units.
A0418,Jersey City,r-0051,unknown,False,Not a seasonal rental of 125 days or less,Unknown: needs owner identity. Exemption that depends on it: an owner-occupied building with two or fewer rental units.
A0419,Berkeley,r-0001,applies,True,Not an affordable housing unit whose rent or income limits are set by programme guidelines,Applies unless the property is an affordable housing unit whose rent or income limits are set by programme guidelines. Open question: two published effective dates (1 March 2026 in the ordinance text; January 2026 in an August 2026 law firm alert). Flagged for human review. State algorithm rules apply too; both are listed here.
A0419,Berkeley,r-0002,applies,False,,Applies to all residential rentals in Berkeley. State fee rules apply; Berkeley adds stricter local limits.
A0419,Berkeley,r-0003,applies,False,,Applies to all residential rentals in Berkeley. State fee rules apply; Berkeley adds stricter local limits.
A0419,Berkeley,r-0004,applies,False,Not a nonprofit cooperative | Not a unit where the tenant shares a kitchen or bath with the landlord,"Applies unless the property is a nonprofit cooperative or a unit where the tenant shares a kitchen or bath with the landlord. Apartments per the assessor; at least 5 units per the assessor description, so the exemption for an owner-occupied duplex (a 'golden duplex') cannot apply."
A0419,Berkeley,r-0005,unknown,False,Not a nonprofit cooperative | Not a unit where the owner shares a kitchen or bath with the tenant,Unknown: needs year built. The rule covers multifamily buildings built before 1980.
A0419,Berkeley,r-0006,applies,False,Not public housing or a Section 8 property | Not a unit let under an agreement that lets the owner move back in | Not a unit where an existing tenant is subletting or adding a roommate,"Applies unless the property is public housing or a Section 8 property; a unit let under an agreement that lets the owner move back in; or a unit where an existing tenant is subletting or adding a roommate. At least 5 units per the assessor description, so the exemption for an owner-occupied building with one to three units cannot apply. State screening rules apply too; both are listed here."
A0419,Berkeley,r-0007,applies,False,Not a unit where the owner shares a kitchen or bath with the tenant | Not a nonprofit cooperative,"Applies unless the property is a unit where the owner shares a kitchen or bath with the tenant or a nonprofit cooperative. At least 5 units per the assessor description, so the exemption for an owner-occupied duplex (a 'golden duplex') cannot apply; at least 5 units per the assessor description, so the exemption for an owner-occupied property with an accessory dwelling unit cannot apply. State deposit rules apply too; both are listed here."
A0419,Berkeley,r-0013,applies,False,,Applies to all residential rentals in California.
A0419,Berkeley,r-0014,applies,False,,Applies to all residential rentals in California.
A0419,Berkeley,r-0015,superseded,False,Not a unit where the tenant shares a bathroom or kitchen with the owner-occupant | Not deed-restricted affordable housing | Once the tenant has lived in the unit for 12 months,Governed instead by Berkeley just cause eviction rules as amended by Measure BB; the stricter local rule applies here.
A0419,Berkeley,r-0016,unknown,False,Not deed-restricted or subsidised affordable housing,Unknown: needs year built. Exemption that depends on it: a building with a certificate of occupancy issued within the last 15 years.
A0419,Berkeley,r-0017,applies,False,,Applies to all residential rentals in California.
A0419,Berkeley,r-0018,applies,False,,"Applies: at least 5 units per the assessor description, above the coverage threshold."
A0419,Berkeley,r-0019,applies,False,Once the deposit was collected on or after 1 Jul 2024,Applies to all residential rentals in California. Protection begins once the deposit was collected on or after 1 Jul 2024.
A0420,San Diego,r-0013,applies,False,,Applies to all residential rentals in California.
A0420,San Diego,r-0014,applies,False,,Applies to all residential rentals in California.
A0420,San Diego,r-0015,superseded,False,Not a unit where the tenant shares a bathroom or kitchen with the owner-occupant | Not deed-restricted affordable housing | Once the tenant has lived in the unit for 12 months,"Governed instead by San Diego Residential Tenant Protections (just cause for termination of tenancy); it shares the same coverage condition, so wherever this rule applies the stricter local rule governs."
A0420,San Diego,r-0016,unknown,False,Not deed-restricted or subsidised affordable housing,Unknown: needs year built. Exemption that depends on it: a building with a certificate of occupancy issued within the last 15 years.
A0420,San Diego,r-0017,applies,False,,Applies to all residential rentals in California.
A0420,San Diego,r-0018,applies,False,,"Applies: 10 units, above the coverage threshold."
A0420,San Diego,r-0019,applies,False,Once the deposit was collected on or after 1 Jul 2024,Applies to all residential rentals in California. Protection begins once the deposit was collected on or after 1 Jul 2024.
A0420,San Diego,r-0054,applies,False,Not an affordable housing unit whose rent or income limits are set by programme guidelines,Applies unless the property is an affordable housing unit whose rent or income limits are set by programme guidelines. State algorithm rules apply too; both are listed here.
A0420,San Diego,r-0055,unknown,False,Not deed-restricted or subsidised affordable housing (Section 8 vouchers do not count) | Not a unit where the tenant shares a bath or kitchen with the owner | Once the tenancy has lasted more than 30 days,Unknown: needs year built. The rule covers buildings with a certificate of occupancy at least 15 years old.
A0420,San Diego,r-0056,applies,False,,"Applies: 10 units, above the coverage threshold. State screening rules apply too; both are listed here."
A0421,Los Angeles,r-0013,applies,False,,Applies to all residential rentals in California.
A0421,Los Angeles,r-0014,applies,False,,Applies to all residential rentals in California.
A0421,Los Angeles,r-0015,superseded,False,Not a unit where the tenant shares a bathroom or kitchen with the owner-occupant | Not deed-restricted affordable housing | Once the tenant has lived in the unit for 12 months,Governed instead by Relocation assistance for no-fault evictions under the RSO and JCO; the stricter local rule applies here.
A0421,Los Angeles,r-0016,superseded,False,Not deed-restricted or subsidised affordable housing,Governed instead by Los Angeles Rent Stabilization Ordinance (RSO) allowable rent increases; the stricter local rule applies here.
A0421,Los Angeles,r-0017,applies,False,,Applies to all residential rentals in California.
A0421,Los Angeles,r-0018,applies,False,,"Applies: 6 units, above the coverage threshold."
A0421,Los Angeles,r-0019,applies,False,Once the deposit was collected on or after 1 Jul 2024,Applies to all residential rentals in California. Protection begins once the deposit was collected on or after 1 Jul 2024.
A0421,Los Angeles,r-0028,unknown,False,"Not a cooperative, nonprofit homeless facility or short-term treatment facility | Once the tenant has lived in the unit for six months or the first lease has ended","Unknown: this building is under the RSO (built 1964), so the JCO applies only if the unit is exempt from the RSO; RSO exemption status is not in the data."
A0421,Los Angeles,r-0029,applies,False,Not a housing authority or government-owned property,"Applies unless the property is a housing authority or government-owned property. Apartments per the assessor; built 1964, before the 1 Oct 1978 certificate of occupancy cutoff."
A0421,Los Angeles,r-0030,applies,True,"Not government-owned or regulated housing, or affordable housing with a recorded covenant","Applies unless the property is government-owned or regulated housing, or affordable housing with a recorded covenant. Built 1964, before the 1 Oct 1978 certificate of occupancy cutoff; apartments per the assessor. Open question: two published effective dates for the new formula (2 February 2026 per LAHD; 24 January 2026 per a landlord association). Flagged for human review."
A0421,Los Angeles,r-0031,applies,False,,Applies to all residential rentals in Los Angeles. State screening rules apply too; both are listed here.
A0421,Los Angeles,r-0032,applies,False,Once the deposit has been held for at least one year,"Applies: built 1964, before the 1 Oct 1978 certificate of occupancy cutoff; apartments per the assessor. Protection begins once the deposit has been held for at least one year. State deposit rules apply too; both are listed here."
A0422,Cambridge,r-0020,pending,False,,"Bill, not law: a pending bill or proposal, not yet enacted."
A0422,Cambridge,r-0021,applies,False,,Applies: apartments per the assessor.
A0422,Cambridge,r-0022,applies,False,,"Applies: 6 units, so the exemption for an owner-occupied two-family dwelling cannot apply. State screening rules apply too; both are listed here."
A0422,Cambridge,r-0033,pending,False,,"Bill, not law: a pending bill or proposal, not yet enacted."
A0422,Cambridge,r-0034,pending,False,,"Bill, not law: a pending bill or proposal, not yet enacted."
A0422,Cambridge,r-0035,applies,False,,Applies to all residential rentals in Massachusetts.
A0422,Cambridge,r-0036,applies,False,,Applies: apartments per the assessor.
A0422,Cambridge,r-0041,applies,False,,Applies to all residential rentals in Massachusetts.
A0422,Cambridge,r-0042,applies,False,,Applies to all residential rentals in Massachusetts.
A0422,Cambridge,r-0043,applies,False,,Applies: apartments per the assessor.
A0423,Boston,r-0008,applies,False,,Applies: apartments per the assessor.
A0423,Boston,r-0011,unknown,False,,Unknown: needs affordable housing status. The rule covers housing funded or land-assisted by the Boston Department of Neighborhood Development.
A0423,Boston,r-0012,applies,False,,Applies to all residential rentals in Boston. State screening rules apply too; both are listed here.
A0423,Boston,r-0033,pending,False,,"Bill, not law: a pending bill or proposal, not yet enacted."
A0423,Boston,r-0034,pending,False,,"Bill, not law: a pending bill or proposal, not yet enacted."
A0423,Boston,r-0035,applies,False,,Applies to all residential rentals in Massachusetts.
A0423,Boston,r-0036,applies,False,,Applies: apartments per the assessor.
A0423,Boston,r-0041,applies,False,,Applies to all residential rentals in Massachusetts.
A0423,Boston,r-0042,applies,False,,Applies to all residential rentals in Massachusetts.
A0423,Boston,r-0043,applies,False,,Applies: apartments per the assessor.
A0424,Hoboken,r-0023,applies,True,"Not a medical, long-term care or detention facility","Applies unless the property is a medical, long-term care or detention facility. Possible preemption: from 1 July 2027 the NJ FAIR Act may preempt the Hoboken and Jersey City algorithmic rent ordinances. Flagged for human review; not decided here."
A0424,Hoboken,r-0024,applies,False,,Applies to all residential rentals in Hoboken.
A0424,Hoboken,r-0025,unknown,False,"Not a hotel, motel, commercial or industrial unit, or institutional student housing","Unknown: needs year built. The rule covers buildings built on or before 25 Jun 1987, or newer buildings whose exemption period (at most 30 years) has ended."
A0424,Hoboken,r-0044,not_yet_effective,True,,Not yet in force: takes effect 1 Jul 2027. Possible preemption: from 1 July 2027 the NJ FAIR Act may preempt the Hoboken and Jersey City algorithmic rent ordinances. Flagged for human review; not decided here.
A0424,Hoboken,r-0045,unknown,False,Not let through a licensed real estate agent who is not the landlord,Unknown: needs the building type. Exemption that depends on it: a one-family or two-family dwelling.
A0424,Hoboken,r-0046,unknown,False,"Not a hotel, motel or guest house let to transient or seasonal guests",Unknown: needs owner identity. Exemption that depends on it: an owner-occupied building with two or fewer rental units.
A0424,Hoboken,r-0047,unknown,False,"Not a hotel, motel or seasonal rental",Unknown: needs owner identity. Exemption that depends on it: an owner-occupied two- or three-family dwelling.
A0424,Hoboken,r-0049,unknown,False,,"Unknown: needs the unit count. Exemption that depends on it: an owner-occupied two-family dwelling. The assessor building code '4F-8U' suggests 8 units (derived, unconfirmed)."
A0424,Hoboken,r-0050,unknown,False,,Unknown: needs owner identity. Exemption that depends on it: an owner-occupied building with four or fewer units.
A0424,Hoboken,r-0051,unknown,False,Not a seasonal rental of 125 days or less,Unknown: needs owner identity. Exemption that depends on it: an owner-occupied building with two or fewer rental units.
A0425,San Francisco,r-0013,applies,False,,Applies to all residential rentals in California.
A0425,San Francisco,r-0014,applies,False,,Applies to all residential rentals in California.
A0425,San Francisco,r-0015,superseded,False,Not a unit where the tenant shares a bathroom or kitchen with the owner-occupant | Not deed-restricted affordable housing | Once the tenant has lived in the unit for 12 months,Governed instead by San Francisco Rent Ordinance just cause eviction (S.F. Admin. Code § 37.9(a)); the stricter local rule applies here.
A0425,San Francisco,r-0016,superseded,False,Not deed-restricted or subsidised affordable housing,Governed instead by San Francisco annual allowable rent increase (3/1/2026–2/28/2027); the stricter local rule applies here.
A0425,San Francisco,r-0017,applies,False,,Applies to all residential rentals in California.
A0425,San Francisco,r-0018,applies,False,,"Applies: 23 units, above the coverage threshold."
A0425,San Francisco,r-0019,applies,False,Once the deposit was collected on or after 1 Jul 2024,Applies to all residential rentals in California. Protection begins once the deposit was collected on or after 1 Jul 2024.
A0425,San Francisco,r-0057,applies,False,,Applies to all residential rentals in San Francisco. State algorithm rules apply too; both are listed here.
A0425,San Francisco,r-0058,applies,False,,Applies to all residential rentals in San Francisco. Statutory exemptions for certain owner-occupied shared units and institutional housing cannot be checked from county data.
A0425,San Francisco,r-0059,applies,False,,"Applies: built 1916, before the 13 Jun 1979 certificate of occupancy cutoff."
A0425,San Francisco,r-0060,unknown,False,,Unknown: needs affordable housing status. The rule covers affordable housing.
A0425,San Francisco,r-0061,applies,False,,Applies to all residential rentals in San Francisco. State deposit rules apply too; both are listed here.
A0426,San Diego,r-0013,applies,False,,Applies to all residential rentals in California.
A0426,San Diego,r-0014,applies,False,,Applies to all residential rentals in California.
A0426,San Diego,r-0015,superseded,False,Not a unit where the tenant shares a bathroom or kitchen with the owner-occupant | Not deed-restricted affordable housing | Once the tenant has lived in the unit for 12 months,"Governed instead by San Diego Residential Tenant Protections (just cause for termination of tenancy); it shares the same coverage condition, so wherever this rule applies the stricter local rule governs."
A0426,San Diego,r-0016,unknown,False,Not deed-restricted or subsidised affordable housing,Unknown: needs year built. Exemption that depends on it: a building with a certificate of occupancy issued within the last 15 years.
A0426,San Diego,r-0017,applies,False,,Applies to all residential rentals in California.
A0426,San Diego,r-0018,applies,False,,"Applies: 12 units, above the coverage threshold."
A0426,San Diego,r-0019,applies,False,Once the deposit was collected on or after 1 Jul 2024,Applies to all residential rentals in California. Protection begins once the deposit was collected on or after 1 Jul 2024.
A0426,San Diego,r-0054,applies,False,Not an affordable housing unit whose rent or income limits are set by programme guidelines,Applies unless the property is an affordable housing unit whose rent or income limits are set by programme guidelines. State algorithm rules apply too; both are listed here.
A0426,San Diego,r-0055,unknown,False,Not deed-restricted or subsidised affordable housing (Section 8 vouchers do not count) | Not a unit where the tenant shares a bath or kitchen with the owner | Once the tenancy has lasted more than 30 days,Unknown: needs year built. The rule covers buildings with a certificate of occupancy at least 15 years old.
A0426,San Diego,r-0056,applies,False,,"Applies: 12 units, above the coverage threshold. State screening rules apply too; both are listed here."
A0427,Los Angeles,r-0013,applies,False,,Applies to all residential rentals in California.
A0427,Los Angeles,r-0014,applies,False,,Applies to all residential rentals in California.
A0427,Los Angeles,r-0015,superseded,False,Not a unit where the tenant shares a bathroom or kitchen with the owner-occupant | Not deed-restricted affordable housing | Once the tenant has lived in the unit for 12 months,Governed instead by Los Angeles Just Cause for Eviction Ordinance (JCO); the stricter local rule applies here.
A0427,Los Angeles,r-0016,applies,False,Not deed-restricted or subsidised affordable housing,"Applies unless the property is deed-restricted or subsidised affordable housing. Built 1986, before the 15 year certificate of occupancy window (built before 2011); apartments per the assessor."
A0427,Los Angeles,r-0017,applies,False,,Applies to all residential rentals in California.
A0427,Los Angeles,r-0018,applies,False,,"Applies: 15 units, above the coverage threshold."
A0427,Los Angeles,r-0019,applies,False,Once the deposit was collected on or after 1 Jul 2024,Applies to all residential rentals in California. Protection begins once the deposit was collected on or after 1 Jul 2024.
A0427,Los Angeles,r-0028,applies,False,"Not a cooperative, nonprofit homeless facility or short-term treatment facility | Once the tenant has lived in the unit for six months or the first lease has ended","Applies unless the property is a cooperative, nonprofit homeless facility or short-term treatment facility. Apartments per the assessor; built 1986, after the 1 Oct 1978 certificate of occupancy cutoff. Protection begins once the tenant has lived in the unit for six months or the first lease has ended."
A0427,Los Angeles,r-0031,applies,False,,Applies to all residential rentals in Los Angeles. State screening rules apply too; both are listed here.
A0428,Newark,r-0044,not_yet_effective,False,,Not yet in force: takes effect 1 Jul 2027.
A0428,Newark,r-0045,unknown,False,Not let through a licensed real estate agent who is not the landlord,Unknown: needs the building type. Exemption that depends on it: a one-family or two-family dwelling.
A0428,Newark,r-0046,unknown,False,,Unknown: needs owner identity. Exemption that depends on it: an owner-occupied building with two or fewer rental units.
A0428,Newark,r-0047,unknown,False,,Unknown: needs owner identity. Exemption that depends on it: an owner-occupied two- or three-family dwelling.
A0428,Newark,r-0049,unknown,False,,Unknown: needs the unit count. Exemption that depends on it: an owner-occupied two-family dwelling.
A0428,Newark,r-0050,unknown,False,,Unknown: needs owner identity. Exemption that depends on it: an owner-occupied building with four or fewer units.
A0428,Newark,r-0051,unknown,False,,Unknown: needs owner identity. Exemption that depends on it: an owner-occupied building with two or fewer rental units.
A0428,Newark,r-0052,unknown,False,Not public housing or a unit whose rent a government agency regulates,Unknown: needs year built. Exemption that depends on it: a newly built multiple dwelling still within its exemption period (at most 30 years).
A0428,Newark,r-0053,unknown,False,Not housing designated for a programme for people with criminal records,Unknown: needs the unit count. Exemption that depends on it: an owner-occupied two-family dwelling or a room in an owner-occupied home.
A0429,Boston,r-0008,applies,False,,Applies: apartments per the assessor.
A0429,Boston,r-0011,unknown,False,,Unknown: needs affordable housing status. The rule covers housing funded or land-assisted by the Boston Department of Neighborhood Development.
A0429,Boston,r-0012,applies,False,,Applies to all residential rentals in Boston. State screening rules apply too; both are listed here.
A0429,Boston,r-0033,pending,False,,"Bill, not law: a pending bill or proposal, not yet enacted."
A0429,Boston,r-0034,pending,False,,"Bill, not law: a pending bill or proposal, not yet enacted."
A0429,Boston,r-0035,applies,False,,Applies to all residential rentals in Massachusetts.
A0429,Boston,r-0036,applies,False,,Applies: apartments per the assessor.
A0429,Boston,r-0041,applies,False,,Applies to all residential rentals in Massachusetts.
A0429,Boston,r-0042,applies,False,,Applies to all residential rentals in Massachusetts.
A0429,Boston,r-0043,applies,False,,Applies: apartments per the assessor.
A0430,Berkeley,r-0001,applies,True,Not an affordable housing unit whose rent or income limits are set by programme guidelines,Applies unless the property is an affordable housing unit whose rent or income limits are set by programme guidelines. Open question: two published effective dates (1 March 2026 in the ordinance text; January 2026 in an August 2026 law firm alert). Flagged for human review. State algorithm rules apply too; both are listed here.
A0430,Berkeley,r-0002,applies,False,,Applies to all residential rentals in Berkeley. State fee rules apply; Berkeley adds stricter local limits.
A0430,Berkeley,r-0003,applies,False,,Applies to all residential rentals in Berkeley. State fee rules apply; Berkeley adds stricter local limits.
A0430,Berkeley,r-0004,applies,False,Not a nonprofit cooperative | Not a unit where the tenant shares a kitchen or bath with the landlord,"Applies unless the property is a nonprofit cooperative or a unit where the tenant shares a kitchen or bath with the landlord. Apartments per the assessor; at least 5 units per the assessor description, so the exemption for an owner-occupied duplex (a 'golden duplex') cannot apply."
A0430,Berkeley,r-0005,unknown,False,Not a nonprofit cooperative | Not a unit where the owner shares a kitchen or bath with the tenant,Unknown: needs year built. The rule covers multifamily buildings built before 1980.
A0430,Berkeley,r-0006,applies,False,Not public housing or a Section 8 property | Not a unit let under an agreement that lets the owner move back in | Not a unit where an existing tenant is subletting or adding a roommate,"Applies unless the property is public housing or a Section 8 property; a unit let under an agreement that lets the owner move back in; or a unit where an existing tenant is subletting or adding a roommate. At least 5 units per the assessor description, so the exemption for an owner-occupied building with one to three units cannot apply. State screening rules apply too; both are listed here."
A0430,Berkeley,r-0007,applies,False,Not a unit where the owner shares a kitchen or bath with the tenant | Not a nonprofit cooperative,"Applies unless the property is a unit where the owner shares a kitchen or bath with the tenant or a nonprofit cooperative. At least 5 units per the assessor description, so the exemption for an owner-occupied duplex (a 'golden duplex') cannot apply; at least 5 units per the assessor description, so the exemption for an owner-occupied property with an accessory dwelling unit cannot apply. State deposit rules apply too; both are listed here."
A0430,Berkeley,r-0013,applies,False,,Applies to all residential rentals in California.
A0430,Berkeley,r-0014,applies,False,,Applies to all residential rentals in California.
A0430,Berkeley,r-0015,superseded,False,Not a unit where the tenant shares a bathroom or kitchen with the owner-occupant | Not deed-restricted affordable housing | Once the tenant has lived in the unit for 12 months,Governed instead by Berkeley just cause eviction rules as amended by Measure BB; the stricter local rule applies here.
A0430,Berkeley,r-0016,unknown,False,Not deed-restricted or subsidised affordable housing,Unknown: needs year built. Exemption that depends on it: a building with a certificate of occupancy issued within the last 15 years.
A0430,Berkeley,r-0017,applies,False,,Applies to all residential rentals in California.
A0430,Berkeley,r-0018,applies,False,,"Applies: at least 5 units per the assessor description, above the coverage threshold."
A0430,Berkeley,r-0019,applies,False,Once the deposit was collected on or after 1 Jul 2024,Applies to all residential rentals in California. Protection begins once the deposit was collected on or after 1 Jul 2024.
A0431,San Diego,r-0013,applies,False,,Applies to all residential rentals in California.
A0431,San Diego,r-0014,applies,False,,Applies to all residential rentals in California.
A0431,San Diego,r-0015,superseded,False,Not a unit where the tenant shares a bathroom or kitchen with the owner-occupant | Not deed-restricted affordable housing | Once the tenant has lived in the unit for 12 months,"Governed instead by San Diego Residential Tenant Protections (just cause for termination of tenancy); it shares the same coverage condition, so wherever this rule applies the stricter local rule governs."
A0431,San Diego,r-0016,unknown,False,Not deed-restricted or subsidised affordable housing,Unknown: needs year built. Exemption that depends on it: a building with a certificate of occupancy issued within the last 15 years.
A0431,San Diego,r-0017,applies,False,,Applies to all residential rentals in California.
A0431,San Diego,r-0018,applies,False,,"Applies: 5 units, above the coverage threshold."
A0431,San Diego,r-0019,applies,False,Once the deposit was collected on or after 1 Jul 2024,Applies to all residential rentals in California. Protection begins once the deposit was collected on or after 1 Jul 2024.
A0431,San Diego,r-0054,applies,False,Not an affordable housing unit whose rent or income limits are set by programme guidelines,Applies unless the property is an affordable housing unit whose rent or income limits are set by programme guidelines. State algorithm rules apply too; both are listed here.
A0431,San Diego,r-0055,unknown,False,Not deed-restricted or subsidised affordable housing (Section 8 vouchers do not count) | Not a unit where the tenant shares a bath or kitchen with the owner | Once the tenancy has lasted more than 30 days,Unknown: needs year built. The rule covers buildings with a certificate of occupancy at least 15 years old.
A0431,San Diego,r-0056,applies,False,,"Applies: 5 units, above the coverage threshold. State screening rules apply too; both are listed here."
A0432,Los Angeles,r-0013,applies,False,,Applies to all residential rentals in California.
A0432,Los Angeles,r-0014,applies,False,,Applies to all residential rentals in California.
A0432,Los Angeles,r-0015,superseded,False,Not a unit where the tenant shares a bathroom or kitchen with the owner-occupant | Not deed-restricted affordable housing | Once the tenant has lived in the unit for 12 months,"Governed instead by Los Angeles Just Cause for Eviction Ordinance (JCO) and Relocation assistance for no-fault evictions under the RSO and JCO; together they cover every residential unit, so a local rule applies whatever the year built."
A0432,Los Angeles,r-0016,unknown,False,Not deed-restricted or subsidised affordable housing,Unknown: needs year built. Whether Los Angeles Rent Stabilization Ordinance (RSO) allowable rent increases governs here depends on it.
A0432,Los Angeles,r-0017,applies,False,,Applies to all residential rentals in California.
A0432,Los Angeles,r-0018,applies,False,,"Applies: 23 units, above the coverage threshold."
A0432,Los Angeles,r-0019,applies,False,Once the deposit was collected on or after 1 Jul 2024,Applies to all residential rentals in California. Protection begins once the deposit was collected on or after 1 Jul 2024.
A0432,Los Angeles,r-0028,unknown,False,"Not a cooperative, nonprofit homeless facility or short-term treatment facility | Once the tenant has lived in the unit for six months or the first lease has ended",Unknown: needs year built. The rule covers residential units not covered by the Rent Stabilization Ordinance (certificate of occupancy after 1 Oct 1978).
A0432,Los Angeles,r-0029,unknown,False,Not a housing authority or government-owned property,Unknown: needs year built. The rule covers rental units first built on or before 1 Oct 1978.
A0432,Los Angeles,r-0030,unknown,True,"Not government-owned or regulated housing, or affordable housing with a recorded covenant",Unknown: needs year built. The rule covers rental properties first built on or before 1 Oct 1978. Open question: two published effective dates for the new formula (2 February 2026 per LAHD; 24 January 2026 per a landlord association). Flagged for human review.
A0432,Los Angeles,r-0031,applies,False,,Applies to all residential rentals in Los Angeles. State screening rules apply too; both are listed here.
A0432,Los Angeles,r-0032,unknown,False,Once the deposit has been held for at least one year,Unknown: needs year built. The rule covers rent-stabilised units (first built on or before 1 Oct 1978).
A0433,Los Angeles,r-0013,applies,False,,Applies to all residential rentals in California.
A0433,Los Angeles,r-0014,applies,False,,Applies to all residential rentals in California.
A0433,Los Angeles,r-0015,superseded,False,Not a unit where the tenant shares a bathroom or kitchen with the owner-occupant | Not deed-restricted affordable housing | Once the tenant has lived in the unit for 12 months,Governed instead by Relocation assistance for no-fault evictions under the RSO and JCO; the stricter local rule applies here.
A0433,Los Angeles,r-0016,superseded,False,Not deed-restricted or subsidised affordable housing,Governed instead by Los Angeles Rent Stabilization Ordinance (RSO) allowable rent increases; the stricter local rule applies here.
A0433,Los Angeles,r-0017,applies,False,,Applies to all residential rentals in California.
A0433,Los Angeles,r-0018,applies,False,,"Applies: 58 units, above the coverage threshold."
A0433,Los Angeles,r-0019,applies,False,Once the deposit was collected on or after 1 Jul 2024,Applies to all residential rentals in California. Protection begins once the deposit was collected on or after 1 Jul 2024.
A0433,Los Angeles,r-0028,unknown,False,"Not a cooperative, nonprofit homeless facility or short-term treatment facility | Once the tenant has lived in the unit for six months or the first lease has ended","Unknown: this building is under the RSO (built 1964), so the JCO applies only if the unit is exempt from the RSO; RSO exemption status is not in the data."
A0433,Los Angeles,r-0029,applies,False,Not a housing authority or government-owned property,"Applies unless the property is a housing authority or government-owned property. Apartments per the assessor; built 1964, before the 1 Oct 1978 certificate of occupancy cutoff."
A0433,Los Angeles,r-0030,applies,True,"Not government-owned or regulated housing, or affordable housing with a recorded covenant","Applies unless the property is government-owned or regulated housing, or affordable housing with a recorded covenant. Built 1964, before the 1 Oct 1978 certificate of occupancy cutoff; apartments per the assessor. Open question: two published effective dates for the new formula (2 February 2026 per LAHD; 24 January 2026 per a landlord association). Flagged for human review."
A0433,Los Angeles,r-0031,applies,False,,Applies to all residential rentals in Los Angeles. State screening rules apply too; both are listed here.
A0433,Los Angeles,r-0032,applies,False,Once the deposit has been held for at least one year,"Applies: built 1964, before the 1 Oct 1978 certificate of occupancy cutoff; apartments per the assessor. Protection begins once the deposit has been held for at least one year. State deposit rules apply too; both are listed here."
A0434,San Francisco,r-0013,applies,False,,Applies to all residential rentals in California.
A0434,San Francisco,r-0014,applies,False,,Applies to all residential rentals in California.
A0434,San Francisco,r-0015,superseded,False,Not a unit where the tenant shares a bathroom or kitchen with the owner-occupant | Not deed-restricted affordable housing | Once the tenant has lived in the unit for 12 months,Governed instead by San Francisco Rent Ordinance just cause eviction (S.F. Admin. Code § 37.9(a)); the stricter local rule applies here.
A0434,San Francisco,r-0016,superseded,False,Not deed-restricted or subsidised affordable housing,Governed instead by San Francisco annual allowable rent increase (3/1/2026–2/28/2027); the stricter local rule applies here.
A0434,San Francisco,r-0017,applies,False,,Applies to all residential rentals in California.
A0434,San Francisco,r-0018,applies,False,,"Applies: 8 units, above the coverage threshold."
A0434,San Francisco,r-0019,applies,False,Once the deposit was collected on or after 1 Jul 2024,Applies to all residential rentals in California. Protection begins once the deposit was collected on or after 1 Jul 2024.
A0434,San Francisco,r-0057,applies,False,,Applies to all residential rentals in San Francisco. State algorithm rules apply too; both are listed here.
A0434,San Francisco,r-0058,applies,False,,Applies to all residential rentals in San Francisco. Statutory exemptions for certain owner-occupied shared units and institutional housing cannot be checked from county data.
A0434,San Francisco,r-0059,applies,False,,"Applies: built 1913, before the 13 Jun 1979 certificate of occupancy cutoff."
A0434,San Francisco,r-0060,unknown,False,,Unknown: needs affordable housing status. The rule covers affordable housing.
A0434,San Francisco,r-0061,applies,False,,Applies to all residential rentals in San Francisco. State deposit rules apply too; both are listed here.
A0435,Hoboken,r-0023,applies,True,"Not a medical, long-term care or detention facility","Applies unless the property is a medical, long-term care or detention facility. Possible preemption: from 1 July 2027 the NJ FAIR Act may preempt the Hoboken and Jersey City algorithmic rent ordinances. Flagged for human review; not decided here."
A0435,Hoboken,r-0024,applies,False,,Applies to all residential rentals in Hoboken.
A0435,Hoboken,r-0025,unknown,False,"Not a hotel, motel, commercial or industrial unit, or institutional student housing","Unknown: needs year built. The rule covers buildings built on or before 25 Jun 1987, or newer buildings whose exemption period (at most 30 years) has ended."
A0435,Hoboken,r-0044,not_yet_effective,True,,Not yet in force: takes effect 1 Jul 2027. Possible preemption: from 1 July 2027 the NJ FAIR Act may preempt the Hoboken and Jersey City algorithmic rent ordinances. Flagged for human review; not decided here.
A0435,Hoboken,r-0045,unknown,False,Not let through a licensed real estate agent who is not the landlord,Unknown: needs the building type. Exemption that depends on it: a one-family or two-family dwelling.
A0435,Hoboken,r-0046,unknown,False,"Not a hotel, motel or guest house let to transient or seasonal guests",Unknown: needs owner identity. Exemption that depends on it: an owner-occupied building with two or fewer rental units.
A0435,Hoboken,r-0047,unknown,False,"Not a hotel, motel or seasonal rental",Unknown: needs owner identity. Exemption that depends on it: an owner-occupied two- or three-family dwelling.
A0435,Hoboken,r-0049,unknown,False,,"Unknown: needs the unit count. Exemption that depends on it: an owner-occupied two-family dwelling. The assessor building code '4B-8U-H' suggests 8 units (derived, unconfirmed)."
A0435,Hoboken,r-0050,unknown,False,,Unknown: needs owner identity. Exemption that depends on it: an owner-occupied building with four or fewer units.
A0435,Hoboken,r-0051,unknown,False,Not a seasonal rental of 125 days or less,Unknown: needs owner identity. Exemption that depends on it: an owner-occupied building with two or fewer rental units.
A0436,Hoboken,r-0023,applies,True,"Not a medical, long-term care or detention facility","Applies unless the property is a medical, long-term care or detention facility. Possible preemption: from 1 July 2027 the NJ FAIR Act may preempt the Hoboken and Jersey City algorithmic rent ordinances. Flagged for human review; not decided here."
A0436,Hoboken,r-0024,applies,False,,Applies to all residential rentals in Hoboken.
A0436,Hoboken,r-0025,unknown,False,"Not a hotel, motel, commercial or industrial unit, or institutional student housing","Unknown: needs year built. The rule covers buildings built on or before 25 Jun 1987, or newer buildings whose exemption period (at most 30 years) has ended."
A0436,Hoboken,r-0044,not_yet_effective,True,,Not yet in force: takes effect 1 Jul 2027. Possible preemption: from 1 July 2027 the NJ FAIR Act may preempt the Hoboken and Jersey City algorithmic rent ordinances. Flagged for human review; not decided here.
A0436,Hoboken,r-0045,unknown,False,Not let through a licensed real estate agent who is not the landlord,Unknown: needs the building type. Exemption that depends on it: a one-family or two-family dwelling.
A0436,Hoboken,r-0046,unknown,False,"Not a hotel, motel or guest house let to transient or seasonal guests",Unknown: needs owner identity. Exemption that depends on it: an owner-occupied building with two or fewer rental units.
A0436,Hoboken,r-0047,unknown,False,"Not a hotel, motel or seasonal rental",Unknown: needs owner identity. Exemption that depends on it: an owner-occupied two- or three-family dwelling.
A0436,Hoboken,r-0049,unknown,False,,"Unknown: needs the unit count. Exemption that depends on it: an owner-occupied two-family dwelling. The assessor building code '5B-6B-25U-H-BA' suggests 25 units (derived, unconfirmed)."
A0436,Hoboken,r-0050,unknown,False,,Unknown: needs owner identity. Exemption that depends on it: an owner-occupied building with four or fewer units.
A0436,Hoboken,r-0051,unknown,False,Not a seasonal rental of 125 days or less,Unknown: needs owner identity. Exemption that depends on it: an owner-occupied building with two or fewer rental units.
A0437,Los Angeles,r-0013,applies,False,,Applies to all residential rentals in California.
A0437,Los Angeles,r-0014,applies,False,,Applies to all residential rentals in California.
A0437,Los Angeles,r-0015,superseded,False,Not a unit where the tenant shares a bathroom or kitchen with the owner-occupant | Not deed-restricted affordable housing | Once the tenant has lived in the unit for 12 months,Governed instead by Los Angeles Just Cause for Eviction Ordinance (JCO); the stricter local rule applies here.
A0437,Los Angeles,r-0016,applies,False,Not deed-restricted or subsidised affordable housing,"Applies unless the property is deed-restricted or subsidised affordable housing. Built 2004, before the 15 year certificate of occupancy window (built before 2011); apartments per the assessor."
A0437,Los Angeles,r-0017,applies,False,,Applies to all residential rentals in California.
A0437,Los Angeles,r-0018,applies,False,,"Applies: 20 units, above the coverage threshold."
A0437,Los Angeles,r-0019,applies,False,Once the deposit was collected on or after 1 Jul 2024,Applies to all residential rentals in California. Protection begins once the deposit was collected on or after 1 Jul 2024.
A0437,Los Angeles,r-0028,applies,False,"Not a cooperative, nonprofit homeless facility or short-term treatment facility | Once the tenant has lived in the unit for six months or the first lease has ended","Applies unless the property is a cooperative, nonprofit homeless facility or short-term treatment facility. Apartments per the assessor; built 2004, after the 1 Oct 1978 certificate of occupancy cutoff. Protection begins once the tenant has lived in the unit for six months or the first lease has ended."
A0437,Los Angeles,r-0031,applies,False,,Applies to all residential rentals in Los Angeles. State screening rules apply too; both are listed here.
A0438,Jersey City,r-0026,applies,True,"Not an inpatient medical, licensed long-term care or detention facility","Applies unless the property is an inpatient medical, licensed long-term care or detention facility. Possible preemption: from 1 July 2027 the NJ FAIR Act may preempt the Hoboken and Jersey City algorithmic rent ordinances. Flagged for human review; not decided here."
A0438,Jersey City,r-0027,unknown,False,,"Unknown: needs the unit count. The rule covers buildings with five or more units. The assessor building code '3S-F-A-12U-H' suggests 12 units (derived, unconfirmed)."
A0438,Jersey City,r-0044,not_yet_effective,True,,Not yet in force: takes effect 1 Jul 2027. Possible preemption: from 1 July 2027 the NJ FAIR Act may preempt the Hoboken and Jersey City algorithmic rent ordinances. Flagged for human review; not decided here.
A0438,Jersey City,r-0045,unknown,False,Not let through a licensed real estate agent who is not the landlord,Unknown: needs the building type. Exemption that depends on it: a one-family or two-family dwelling.
A0438,Jersey City,r-0046,unknown,False,"Not a hotel, motel or guest house let to transient or seasonal guests",Unknown: needs owner identity. Exemption that depends on it: an owner-occupied building with two or fewer rental units.
A0438,Jersey City,r-0047,unknown,False,"Not a hotel, motel or seasonal rental",Unknown: needs owner identity. Exemption that depends on it: an owner-occupied two- or three-family dwelling.
A0438,Jersey City,r-0049,unknown,False,,"Unknown: needs the unit count. Exemption that depends on it: an owner-occupied two-family dwelling. The assessor building code '3S-F-A-12U-H' suggests 12 units (derived, unconfirmed)."
A0438,Jersey City,r-0050,unknown,False,,Unknown: needs owner identity. Exemption that depends on it: an owner-occupied building with four or fewer units.
A0438,Jersey City,r-0051,unknown,False,Not a seasonal rental of 125 days or less,Unknown: needs owner identity. Exemption that depends on it: an owner-occupied building with two or fewer rental units.
A0439,San Francisco,r-0013,applies,False,,Applies to all residential rentals in California.
A0439,San Francisco,r-0014,applies,False,,Applies to all residential rentals in California.
A0439,San Francisco,r-0015,superseded,False,Not a unit where the tenant shares a bathroom or kitchen with the owner-occupant | Not deed-restricted affordable housing | Once the tenant has lived in the unit for 12 months,Governed instead by San Francisco Rent Ordinance just cause eviction (S.F. Admin. Code § 37.9(a)); the stricter local rule applies here.
A0439,San Francisco,r-0016,applies,False,Not deed-restricted or subsidised affordable housing,"Applies unless the property is deed-restricted or subsidised affordable housing. Built 1988, before the 15 year certificate of occupancy window (built before 2011); apartments per the assessor."
A0439,San Francisco,r-0017,applies,False,,Applies to all residential rentals in California.
A0439,San Francisco,r-0018,applies,False,,"Applies: 7 units, above the coverage threshold."
A0439,San Francisco,r-0019,applies,False,Once the deposit was collected on or after 1 Jul 2024,Applies to all residential rentals in California. Protection begins once the deposit was collected on or after 1 Jul 2024.
A0439,San Francisco,r-0057,applies,False,,Applies to all residential rentals in San Francisco. State algorithm rules apply too; both are listed here.
A0439,San Francisco,r-0058,applies,False,,Applies to all residential rentals in San Francisco. Statutory exemptions for certain owner-occupied shared units and institutional housing cannot be checked from county data.
A0439,San Francisco,r-0060,unknown,False,,Unknown: needs affordable housing status. The rule covers affordable housing.
A0439,San Francisco,r-0061,applies,False,,Applies to all residential rentals in San Francisco. State deposit rules apply too; both are listed here.
A0440,San Francisco,r-0013,applies,False,,Applies to all residential rentals in California.
A0440,San Francisco,r-0014,applies,False,,Applies to all residential rentals in California.
A0440,San Francisco,r-0015,superseded,False,Not a unit where the tenant shares a bathroom or kitchen with the owner-occupant | Not deed-restricted affordable housing | Once the tenant has lived in the unit for 12 months,Governed instead by San Francisco Rent Ordinance just cause eviction (S.F. Admin. Code § 37.9(a)); the stricter local rule applies here.
A0440,San Francisco,r-0016,superseded,False,Not deed-restricted or subsidised affordable housing,Governed instead by San Francisco annual allowable rent increase (3/1/2026–2/28/2027); the stricter local rule applies here.
A0440,San Francisco,r-0017,applies,False,,Applies to all residential rentals in California.
A0440,San Francisco,r-0018,applies,False,,"Applies: 5 units, above the coverage threshold."
A0440,San Francisco,r-0019,applies,False,Once the deposit was collected on or after 1 Jul 2024,Applies to all residential rentals in California. Protection begins once the deposit was collected on or after 1 Jul 2024.
A0440,San Francisco,r-0057,applies,False,,Applies to all residential rentals in San Francisco. State algorithm rules apply too; both are listed here.
A0440,San Francisco,r-0058,applies,False,,Applies to all residential rentals in San Francisco. Statutory exemptions for certain owner-occupied shared units and institutional housing cannot be checked from county data.
A0440,San Francisco,r-0059,applies,False,,"Applies: built 1921, before the 13 Jun 1979 certificate of occupancy cutoff."
A0440,San Francisco,r-0060,unknown,False,,Unknown: needs affordable housing status. The rule covers affordable housing.
A0440,San Francisco,r-0061,applies,False,,Applies to all residential rentals in San Francisco. State deposit rules apply too; both are listed here.
A0441,San Diego,r-0013,applies,False,,Applies to all residential rentals in California.
A0441,San Diego,r-0014,applies,False,,Applies to all residential rentals in California.
A0441,San Diego,r-0015,superseded,False,Not a unit where the tenant shares a bathroom or kitchen with the owner-occupant | Not deed-restricted affordable housing | Once the tenant has lived in the unit for 12 months,"Governed instead by San Diego Residential Tenant Protections (just cause for termination of tenancy); it shares the same coverage condition, so wherever this rule applies the stricter local rule governs."
A0441,San Diego,r-0016,unknown,False,Not deed-restricted or subsidised affordable housing,Unknown: needs year built. Exemption that depends on it: a building with a certificate of occupancy issued within the last 15 years.
A0441,San Diego,r-0017,applies,False,,Applies to all residential rentals in California.
A0441,San Diego,r-0018,applies,False,,"Applies: 6 units, above the coverage threshold."
A0441,San Diego,r-0019,applies,False,Once the deposit was collected on or after 1 Jul 2024,Applies to all residential rentals in California. Protection begins once the deposit was collected on or after 1 Jul 2024.
A0441,San Diego,r-0054,applies,False,Not an affordable housing unit whose rent or income limits are set by programme guidelines,Applies unless the property is an affordable housing unit whose rent or income limits are set by programme guidelines. State algorithm rules apply too; both are listed here.
A0441,San Diego,r-0055,unknown,False,Not deed-restricted or subsidised affordable housing (Section 8 vouchers do not count) | Not a unit where the tenant shares a bath or kitchen with the owner | Once the tenancy has lasted more than 30 days,Unknown: needs year built. The rule covers buildings with a certificate of occupancy at least 15 years old.
A0441,San Diego,r-0056,applies,False,,"Applies: 6 units, above the coverage threshold. State screening rules apply too; both are listed here."
A0442,Los Angeles,r-0013,applies,False,,Applies to all residential rentals in California.
A0442,Los Angeles,r-0014,applies,False,,Applies to all residential rentals in California.
A0442,Los Angeles,r-0015,superseded,False,Not a unit where the tenant shares a bathroom or kitchen with the owner-occupant | Not deed-restricted affordable housing | Once the tenant has lived in the unit for 12 months,Governed instead by Los Angeles Just Cause for Eviction Ordinance (JCO); the stricter local rule applies here.
A0442,Los Angeles,r-0016,applies,False,Not deed-restricted or subsidised affordable housing,"Applies unless the property is deed-restricted or subsidised affordable housing. Built 1986, before the 15 year certificate of occupancy window (built before 2011); apartments per the assessor."
A0442,Los Angeles,r-0017,applies,False,,Applies to all residential rentals in California.
A0442,Los Angeles,r-0018,applies,False,,"Applies: 18 units, above the coverage threshold."
A0442,Los Angeles,r-0019,applies,False,Once the deposit was collected on or after 1 Jul 2024,Applies to all residential rentals in California. Protection begins once the deposit was collected on or after 1 Jul 2024.
A0442,Los Angeles,r-0028,applies,False,"Not a cooperative, nonprofit homeless facility or short-term treatment facility | Once the tenant has lived in the unit for six months or the first lease has ended","Applies unless the property is a cooperative, nonprofit homeless facility or short-term treatment facility. Apartments per the assessor; built 1986, after the 1 Oct 1978 certificate of occupancy cutoff. Protection begins once the tenant has lived in the unit for six months or the first lease has ended."
A0442,Los Angeles,r-0031,applies,False,,Applies to all residential rentals in Los Angeles. State screening rules apply too; both are listed here.
A0443,San Diego,r-0013,applies,False,,Applies to all residential rentals in California.
A0443,San Diego,r-0014,applies,False,,Applies to all residential rentals in California.
A0443,San Diego,r-0015,superseded,False,Not a unit where the tenant shares a bathroom or kitchen with the owner-occupant | Not deed-restricted affordable housing | Once the tenant has lived in the unit for 12 months,"Governed instead by San Diego Residential Tenant Protections (just cause for termination of tenancy); it shares the same coverage condition, so wherever this rule applies the stricter local rule governs."
A0443,San Diego,r-0016,unknown,False,Not deed-restricted or subsidised affordable housing,Unknown: needs year built. Exemption that depends on it: a building with a certificate of occupancy issued within the last 15 years.
A0443,San Diego,r-0017,applies,False,,Applies to all residential rentals in California.
A0443,San Diego,r-0018,applies,False,,"Applies: 16 units, above the coverage threshold."
A0443,San Diego,r-0019,applies,False,Once the deposit was collected on or after 1 Jul 2024,Applies to all residential rentals in California. Protection begins once the deposit was collected on or after 1 Jul 2024.
A0443,San Diego,r-0054,applies,False,Not an affordable housing unit whose rent or income limits are set by programme guidelines,Applies unless the property is an affordable housing unit whose rent or income limits are set by programme guidelines. State algorithm rules apply too; both are listed here.
A0443,San Diego,r-0055,unknown,False,Not deed-restricted or subsidised affordable housing (Section 8 vouchers do not count) | Not a unit where the tenant shares a bath or kitchen with the owner | Once the tenancy has lasted more than 30 days,Unknown: needs year built. The rule covers buildings with a certificate of occupancy at least 15 years old.
A0443,San Diego,r-0056,applies,False,,"Applies: 16 units, above the coverage threshold. State screening rules apply too; both are listed here."
A0444,Boston,r-0008,applies,False,,Applies: apartments per the assessor.
A0444,Boston,r-0011,unknown,False,,Unknown: needs affordable housing status. The rule covers housing funded or land-assisted by the Boston Department of Neighborhood Development.
A0444,Boston,r-0012,applies,False,,Applies to all residential rentals in Boston. State screening rules apply too; both are listed here.
A0444,Boston,r-0033,pending,False,,"Bill, not law: a pending bill or proposal, not yet enacted."
A0444,Boston,r-0034,pending,False,,"Bill, not law: a pending bill or proposal, not yet enacted."
A0444,Boston,r-0035,applies,False,,Applies to all residential rentals in Massachusetts.
A0444,Boston,r-0036,applies,False,,Applies: apartments per the assessor.
A0444,Boston,r-0041,applies,False,,Applies to all residential rentals in Massachusetts.
A0444,Boston,r-0042,applies,False,,Applies to all residential rentals in Massachusetts.
A0444,Boston,r-0043,applies,False,,Applies: apartments per the assessor.
A0445,Los Angeles,r-0013,applies,False,,Applies to all residential rentals in California.
A0445,Los Angeles,r-0014,applies,False,,Applies to all residential rentals in California.
A0445,Los Angeles,r-0015,superseded,False,Not a unit where the tenant shares a bathroom or kitchen with the owner-occupant | Not deed-restricted affordable housing | Once the tenant has lived in the unit for 12 months,Governed instead by Relocation assistance for no-fault evictions under the RSO and JCO; the stricter local rule applies here.
A0445,Los Angeles,r-0016,superseded,False,Not deed-restricted or subsidised affordable housing,Governed instead by Los Angeles Rent Stabilization Ordinance (RSO) allowable rent increases; the stricter local rule applies here.
A0445,Los Angeles,r-0017,applies,False,,Applies to all residential rentals in California.
A0445,Los Angeles,r-0018,applies,False,,"Applies: 25 units, above the coverage threshold."
A0445,Los Angeles,r-0019,applies,False,Once the deposit was collected on or after 1 Jul 2024,Applies to all residential rentals in California. Protection begins once the deposit was collected on or after 1 Jul 2024.
A0445,Los Angeles,r-0028,unknown,False,"Not a cooperative, nonprofit homeless facility or short-term treatment facility | Once the tenant has lived in the unit for six months or the first lease has ended","Unknown: this building is under the RSO (built 1977), so the JCO applies only if the unit is exempt from the RSO; RSO exemption status is not in the data."
A0445,Los Angeles,r-0029,applies,False,Not a housing authority or government-owned property,"Applies unless the property is a housing authority or government-owned property. Apartments per the assessor; built 1977, before the 1 Oct 1978 certificate of occupancy cutoff."
A0445,Los Angeles,r-0030,applies,True,"Not government-owned or regulated housing, or affordable housing with a recorded covenant","Applies unless the property is government-owned or regulated housing, or affordable housing with a recorded covenant. Built 1977, before the 1 Oct 1978 certificate of occupancy cutoff; apartments per the assessor. Open question: two published effective dates for the new formula (2 February 2026 per LAHD; 24 January 2026 per a landlord association). Flagged for human review."
A0445,Los Angeles,r-0031,applies,False,,Applies to all residential rentals in Los Angeles. State screening rules apply too; both are listed here.
A0445,Los Angeles,r-0032,applies,False,Once the deposit has been held for at least one year,"Applies: built 1977, before the 1 Oct 1978 certificate of occupancy cutoff; apartments per the assessor. Protection begins once the deposit has been held for at least one year. State deposit rules apply too; both are listed here."
A0446,Boston,r-0008,applies,False,,Applies: apartments per the assessor.
A0446,Boston,r-0011,unknown,False,,Unknown: needs affordable housing status. The rule covers housing funded or land-assisted by the Boston Department of Neighborhood Development.
A0446,Boston,r-0012,applies,False,,Applies to all residential rentals in Boston. State screening rules apply too; both are listed here.
A0446,Boston,r-0033,pending,False,,"Bill, not law: a pending bill or proposal, not yet enacted."
A0446,Boston,r-0034,pending,False,,"Bill, not law: a pending bill or proposal, not yet enacted."
A0446,Boston,r-0035,applies,False,,Applies to all residential rentals in Massachusetts.
A0446,Boston,r-0036,applies,False,,Applies: apartments per the assessor.
A0446,Boston,r-0041,applies,False,,Applies to all residential rentals in Massachusetts.
A0446,Boston,r-0042,applies,False,,Applies to all residential rentals in Massachusetts.
A0446,Boston,r-0043,applies,False,,Applies: apartments per the assessor.
A0447,Hoboken,r-0023,applies,True,"Not a medical, long-term care or detention facility","Applies unless the property is a medical, long-term care or detention facility. Possible preemption: from 1 July 2027 the NJ FAIR Act may preempt the Hoboken and Jersey City algorithmic rent ordinances. Flagged for human review; not decided here."
A0447,Hoboken,r-0024,applies,False,,Applies to all residential rentals in Hoboken.
A0447,Hoboken,r-0025,unknown,False,"Not a hotel, motel, commercial or industrial unit, or institutional student housing","Unknown: needs year built. The rule covers buildings built on or before 25 Jun 1987, or newer buildings whose exemption period (at most 30 years) has ended."
A0447,Hoboken,r-0044,not_yet_effective,True,,Not yet in force: takes effect 1 Jul 2027. Possible preemption: from 1 July 2027 the NJ FAIR Act may preempt the Hoboken and Jersey City algorithmic rent ordinances. Flagged for human review; not decided here.
A0447,Hoboken,r-0045,unknown,False,Not let through a licensed real estate agent who is not the landlord,Unknown: needs the building type. Exemption that depends on it: a one-family or two-family dwelling.
A0447,Hoboken,r-0046,unknown,False,"Not a hotel, motel or guest house let to transient or seasonal guests",Unknown: needs owner identity. Exemption that depends on it: an owner-occupied building with two or fewer rental units.
A0447,Hoboken,r-0047,unknown,False,"Not a hotel, motel or seasonal rental",Unknown: needs owner identity. Exemption that depends on it: an owner-occupied two- or three-family dwelling.
A0447,Hoboken,r-0049,unknown,False,,"Unknown: needs the unit count. Exemption that depends on it: an owner-occupied two-family dwelling. The assessor building code '5B-35U-G' suggests 35 units (derived, unconfirmed)."
A0447,Hoboken,r-0050,unknown,False,,Unknown: needs owner identity. Exemption that depends on it: an owner-occupied building with four or fewer units.
A0447,Hoboken,r-0051,unknown,False,Not a seasonal rental of 125 days or less,Unknown: needs owner identity. Exemption that depends on it: an owner-occupied building with two or fewer rental units.
A0448,Newark,r-0044,not_yet_effective,False,,Not yet in force: takes effect 1 Jul 2027.
A0448,Newark,r-0045,unknown,False,Not let through a licensed real estate agent who is not the landlord,Unknown: needs the building type. Exemption that depends on it: a one-family or two-family dwelling.
A0448,Newark,r-0046,unknown,False,"Not a hotel, motel or guest house let to transient or seasonal guests",Unknown: needs owner identity. Exemption that depends on it: an owner-occupied building with two or fewer rental units.
A0448,Newark,r-0047,unknown,False,"Not a hotel, motel or seasonal rental",Unknown: needs owner identity. Exemption that depends on it: an owner-occupied two- or three-family dwelling.
A0448,Newark,r-0049,unknown,False,,Unknown: needs the unit count. Exemption that depends on it: an owner-occupied two-family dwelling.
A0448,Newark,r-0050,unknown,False,,Unknown: needs owner identity. Exemption that depends on it: an owner-occupied building with four or fewer units.
A0448,Newark,r-0051,unknown,False,Not a seasonal rental of 125 days or less,Unknown: needs owner identity. Exemption that depends on it: an owner-occupied building with two or fewer rental units.
A0448,Newark,r-0052,unknown,False,Not a hotel or motel let day to day to transients | Not public housing or a unit whose rent a government agency regulates,Unknown: needs year built. Exemption that depends on it: a newly built multiple dwelling still within its exemption period (at most 30 years).
A0448,Newark,r-0053,unknown,False,Not housing designated for a programme for people with criminal records,Unknown: needs the unit count. Exemption that depends on it: an owner-occupied two-family dwelling or a room in an owner-occupied home.
A0449,Newark,r-0044,not_yet_effective,False,,Not yet in force: takes effect 1 Jul 2027.
A0449,Newark,r-0045,unknown,False,Not let through a licensed real estate agent who is not the landlord,Unknown: needs the building type. Exemption that depends on it: a one-family or two-family dwelling.
A0449,Newark,r-0046,unknown,False,"Not a hotel, motel or guest house let to transient or seasonal guests",Unknown: needs owner identity. Exemption that depends on it: an owner-occupied building with two or fewer rental units.
A0449,Newark,r-0047,unknown,False,"Not a hotel, motel or seasonal rental",Unknown: needs owner identity. Exemption that depends on it: an owner-occupied two- or three-family dwelling.
A0449,Newark,r-0049,unknown,False,,Unknown: needs the unit count. Exemption that depends on it: an owner-occupied two-family dwelling.
A0449,Newark,r-0050,unknown,False,,Unknown: needs owner identity. Exemption that depends on it: an owner-occupied building with four or fewer units.
A0449,Newark,r-0051,unknown,False,Not a seasonal rental of 125 days or less,Unknown: needs owner identity. Exemption that depends on it: an owner-occupied building with two or fewer rental units.
A0449,Newark,r-0052,unknown,False,Not a hotel or motel let day to day to transients | Not public housing or a unit whose rent a government agency regulates,Unknown: needs year built. Exemption that depends on it: a newly built multiple dwelling still within its exemption period (at most 30 years).
A0449,Newark,r-0053,unknown,False,Not housing designated for a programme for people with criminal records,Unknown: needs the unit count. Exemption that depends on it: an owner-occupied two-family dwelling or a room in an owner-occupied home.
A0450,Jersey City,r-0026,applies,True,"Not an inpatient medical, licensed long-term care or detention facility","Applies unless the property is an inpatient medical, licensed long-term care or detention facility. Possible preemption: from 1 July 2027 the NJ FAIR Act may preempt the Hoboken and Jersey City algorithmic rent ordinances. Flagged for human review; not decided here."
A0450,Jersey City,r-0027,unknown,False,,"Unknown: needs the unit count. The rule covers buildings with five or more units. The assessor building code '3S-F-D-6U-NH' suggests 6 units (derived, unconfirmed)."
A0450,Jersey City,r-0044,not_yet_effective,True,,Not yet in force: takes effect 1 Jul 2027. Possible preemption: from 1 July 2027 the NJ FAIR Act may preempt the Hoboken and Jersey City algorithmic rent ordinances. Flagged for human review; not decided here.
A0450,Jersey City,r-0045,unknown,False,Not let through a licensed real estate agent who is not the landlord,Unknown: needs the building type. Exemption that depends on it: a one-family or two-family dwelling.
A0450,Jersey City,r-0046,unknown,False,"Not a hotel, motel or guest house let to transient or seasonal guests",Unknown: needs owner identity. Exemption that depends on it: an owner-occupied building with two or fewer rental units.
A0450,Jersey City,r-0047,unknown,False,"Not a hotel, motel or seasonal rental",Unknown: needs owner identity. Exemption that depends on it: an owner-occupied two- or three-family dwelling.
A0450,Jersey City,r-0049,unknown,False,,"Unknown: needs the unit count. Exemption that depends on it: an owner-occupied two-family dwelling. The assessor building code '3S-F-D-6U-NH' suggests 6 units (derived, unconfirmed)."
A0450,Jersey City,r-0050,unknown,False,,Unknown: needs owner identity. Exemption that depends on it: an owner-occupied building with four or fewer units.
A0450,Jersey City,r-0051,unknown,False,Not a seasonal rental of 125 days or less,Unknown: needs owner identity. Exemption that depends on it: an owner-occupied building with two or fewer rental units.
A0451,Los Angeles,r-0013,applies,False,,Applies to all residential rentals in California.
A0451,Los Angeles,r-0014,applies,False,,Applies to all residential rentals in California.
A0451,Los Angeles,r-0015,superseded,False,Not a unit where the tenant shares a bathroom or kitchen with the owner-occupant | Not deed-restricted affordable housing | Once the tenant has lived in the unit for 12 months,Governed instead by Los Angeles Just Cause for Eviction Ordinance (JCO); the stricter local rule applies here.
A0451,Los Angeles,r-0016,applies,False,Not deed-restricted or subsidised affordable housing,"Applies unless the property is deed-restricted or subsidised affordable housing. Built 1989, before the 15 year certificate of occupancy window (built before 2011); apartments per the assessor."
A0451,Los Angeles,r-0017,applies,False,,Applies to all residential rentals in California.
A0451,Los Angeles,r-0018,applies,False,,"Applies: 8 units, above the coverage threshold."
A0451,Los Angeles,r-0019,applies,False,Once the deposit was collected on or after 1 Jul 2024,Applies to all residential rentals in California. Protection begins once the deposit was collected on or after 1 Jul 2024.
A0451,Los Angeles,r-0028,applies,False,"Not a cooperative, nonprofit homeless facility or short-term treatment facility | Once the tenant has lived in the unit for six months or the first lease has ended","Applies unless the property is a cooperative, nonprofit homeless facility or short-term treatment facility. Apartments per the assessor; built 1989, after the 1 Oct 1978 certificate of occupancy cutoff. Protection begins once the tenant has lived in the unit for six months or the first lease has ended."
A0451,Los Angeles,r-0031,applies,False,,Applies to all residential rentals in Los Angeles. State screening rules apply too; both are listed here.
A0452,Los Angeles,r-0013,applies,False,,Applies to all residential rentals in California.
A0452,Los Angeles,r-0014,applies,False,,Applies to all residential rentals in California.
A0452,Los Angeles,r-0015,superseded,False,Not a unit where the tenant shares a bathroom or kitchen with the owner-occupant | Not deed-restricted affordable housing | Once the tenant has lived in the unit for 12 months,Governed instead by Relocation assistance for no-fault evictions under the RSO and JCO; the stricter local rule applies here.
A0452,Los Angeles,r-0016,superseded,False,Not deed-restricted or subsidised affordable housing,Governed instead by Los Angeles Rent Stabilization Ordinance (RSO) allowable rent increases; the stricter local rule applies here.
A0452,Los Angeles,r-0017,applies,False,,Applies to all residential rentals in California.
A0452,Los Angeles,r-0018,applies,False,,"Applies: 8 units, above the coverage threshold."
A0452,Los Angeles,r-0019,applies,False,Once the deposit was collected on or after 1 Jul 2024,Applies to all residential rentals in California. Protection begins once the deposit was collected on or after 1 Jul 2024.
A0452,Los Angeles,r-0028,unknown,False,"Not a cooperative, nonprofit homeless facility or short-term treatment facility | Once the tenant has lived in the unit for six months or the first lease has ended","Unknown: this building is under the RSO (built 1952), so the JCO applies only if the unit is exempt from the RSO; RSO exemption status is not in the data."
A0452,Los Angeles,r-0029,applies,False,Not a housing authority or government-owned property,"Applies unless the property is a housing authority or government-owned property. Apartments per the assessor; built 1952, before the 1 Oct 1978 certificate of occupancy cutoff."
A0452,Los Angeles,r-0030,applies,True,"Not government-owned or regulated housing, or affordable housing with a recorded covenant","Applies unless the property is government-owned or regulated housing, or affordable housing with a recorded covenant. Built 1952, before the 1 Oct 1978 certificate of occupancy cutoff; apartments per the assessor. Open question: two published effective dates for the new formula (2 February 2026 per LAHD; 24 January 2026 per a landlord association). Flagged for human review."
A0452,Los Angeles,r-0031,applies,False,,Applies to all residential rentals in Los Angeles. State screening rules apply too; both are listed here.
A0452,Los Angeles,r-0032,applies,False,Once the deposit has been held for at least one year,"Applies: built 1952, before the 1 Oct 1978 certificate of occupancy cutoff; apartments per the assessor. Protection begins once the deposit has been held for at least one year. State deposit rules apply too; both are listed here."
A0453,Cambridge,r-0020,pending,False,,"Bill, not law: a pending bill or proposal, not yet enacted."
A0453,Cambridge,r-0021,applies,False,,Applies: apartments per the assessor.
A0453,Cambridge,r-0022,applies,False,,"Applies: 6 units, so the exemption for an owner-occupied two-family dwelling cannot apply. State screening rules apply too; both are listed here."
A0453,Cambridge,r-0033,pending,False,,"Bill, not law: a pending bill or proposal, not yet enacted."
A0453,Cambridge,r-0034,pending,False,,"Bill, not law: a pending bill or proposal, not yet enacted."
A0453,Cambridge,r-0035,applies,False,,Applies to all residential rentals in Massachusetts.
A0453,Cambridge,r-0036,applies,False,,Applies: apartments per the assessor.
A0453,Cambridge,r-0041,applies,False,,Applies to all residential rentals in Massachusetts.
A0453,Cambridge,r-0042,applies,False,,Applies to all residential rentals in Massachusetts.
A0453,Cambridge,r-0043,applies,False,,Applies: apartments per the assessor.
A0454,Los Angeles,r-0013,applies,False,,Applies to all residential rentals in California.
A0454,Los Angeles,r-0014,applies,False,,Applies to all residential rentals in California.
A0454,Los Angeles,r-0015,superseded,False,Not a unit where the tenant shares a bathroom or kitchen with the owner-occupant | Not deed-restricted affordable housing | Once the tenant has lived in the unit for 12 months,Governed instead by Relocation assistance for no-fault evictions under the RSO and JCO; the stricter local rule applies here.
A0454,Los Angeles,r-0016,superseded,False,Not deed-restricted or subsidised affordable housing,Governed instead by Los Angeles Rent Stabilization Ordinance (RSO) allowable rent increases; the stricter local rule applies here.
A0454,Los Angeles,r-0017,applies,False,,Applies to all residential rentals in California.
A0454,Los Angeles,r-0018,applies,False,,"Applies: 6 units, above the coverage threshold."
A0454,Los Angeles,r-0019,applies,False,Once the deposit was collected on or after 1 Jul 2024,Applies to all residential rentals in California. Protection begins once the deposit was collected on or after 1 Jul 2024.
A0454,Los Angeles,r-0028,unknown,False,"Not a cooperative, nonprofit homeless facility or short-term treatment facility | Once the tenant has lived in the unit for six months or the first lease has ended","Unknown: this building is under the RSO (built 1959), so the JCO applies only if the unit is exempt from the RSO; RSO exemption status is not in the data."
A0454,Los Angeles,r-0029,applies,False,Not a housing authority or government-owned property,"Applies unless the property is a housing authority or government-owned property. Apartments per the assessor; built 1959, before the 1 Oct 1978 certificate of occupancy cutoff."
A0454,Los Angeles,r-0030,applies,True,"Not government-owned or regulated housing, or affordable housing with a recorded covenant","Applies unless the property is government-owned or regulated housing, or affordable housing with a recorded covenant. Built 1959, before the 1 Oct 1978 certificate of occupancy cutoff; apartments per the assessor. Open question: two published effective dates for the new formula (2 February 2026 per LAHD; 24 January 2026 per a landlord association). Flagged for human review."
A0454,Los Angeles,r-0031,applies,False,,Applies to all residential rentals in Los Angeles. State screening rules apply too; both are listed here.
A0454,Los Angeles,r-0032,applies,False,Once the deposit has been held for at least one year,"Applies: built 1959, before the 1 Oct 1978 certificate of occupancy cutoff; apartments per the assessor. Protection begins once the deposit has been held for at least one year. State deposit rules apply too; both are listed here."
A0455,Jersey City,r-0026,applies,True,"Not an inpatient medical, licensed long-term care or detention facility","Applies unless the property is an inpatient medical, licensed long-term care or detention facility. Possible preemption: from 1 July 2027 the NJ FAIR Act may preempt the Hoboken and Jersey City algorithmic rent ordinances. Flagged for human review; not decided here."
A0455,Jersey City,r-0027,unknown,False,,"Unknown: needs the unit count. The rule covers buildings with five or more units. The assessor building code '4S-B-A-17U-H' suggests 17 units (derived, unconfirmed)."
A0455,Jersey City,r-0044,not_yet_effective,True,,Not yet in force: takes effect 1 Jul 2027. Possible preemption: from 1 July 2027 the NJ FAIR Act may preempt the Hoboken and Jersey City algorithmic rent ordinances. Flagged for human review; not decided here.
A0455,Jersey City,r-0045,unknown,False,Not let through a licensed real estate agent who is not the landlord,Unknown: needs the building type. Exemption that depends on it: a one-family or two-family dwelling.
A0455,Jersey City,r-0046,unknown,False,"Not a hotel, motel or guest house let to transient or seasonal guests",Unknown: needs owner identity. Exemption that depends on it: an owner-occupied building with two or fewer rental units.
A0455,Jersey City,r-0047,unknown,False,"Not a hotel, motel or seasonal rental",Unknown: needs owner identity. Exemption that depends on it: an owner-occupied two- or three-family dwelling.
A0455,Jersey City,r-0049,unknown,False,,"Unknown: needs the unit count. Exemption that depends on it: an owner-occupied two-family dwelling. The assessor building code '4S-B-A-17U-H' suggests 17 units (derived, unconfirmed)."
A0455,Jersey City,r-0050,unknown,False,,Unknown: needs owner identity. Exemption that depends on it: an owner-occupied building with four or fewer units.
A0455,Jersey City,r-0051,unknown,False,Not a seasonal rental of 125 days or less,Unknown: needs owner identity. Exemption that depends on it: an owner-occupied building with two or fewer rental units.
A0456,San Diego,r-0013,applies,False,,Applies to all residential rentals in California.
A0456,San Diego,r-0014,applies,False,,Applies to all residential rentals in California.
A0456,San Diego,r-0015,superseded,False,Not a unit where the tenant shares a bathroom or kitchen with the owner-occupant | Not deed-restricted affordable housing | Once the tenant has lived in the unit for 12 months,"Governed instead by San Diego Residential Tenant Protections (just cause for termination of tenancy); it shares the same coverage condition, so wherever this rule applies the stricter local rule governs."
A0456,San Diego,r-0016,unknown,False,Not deed-restricted or subsidised affordable housing,Unknown: needs year built. Exemption that depends on it: a building with a certificate of occupancy issued within the last 15 years.
A0456,San Diego,r-0017,applies,False,,Applies to all residential rentals in California.
A0456,San Diego,r-0018,applies,False,,"Applies: 17 units, above the coverage threshold."
A0456,San Diego,r-0019,applies,False,Once the deposit was collected on or after 1 Jul 2024,Applies to all residential rentals in California. Protection begins once the deposit was collected on or after 1 Jul 2024.
A0456,San Diego,r-0054,applies,False,Not an affordable housing unit whose rent or income limits are set by programme guidelines,Applies unless the property is an affordable housing unit whose rent or income limits are set by programme guidelines. State algorithm rules apply too; both are listed here.
A0456,San Diego,r-0055,unknown,False,Not deed-restricted or subsidised affordable housing (Section 8 vouchers do not count) | Not a unit where the tenant shares a bath or kitchen with the owner | Once the tenancy has lasted more than 30 days,Unknown: needs year built. The rule covers buildings with a certificate of occupancy at least 15 years old.
A0456,San Diego,r-0056,applies,False,,"Applies: 17 units, above the coverage threshold. State screening rules apply too; both are listed here."
A0457,San Francisco,r-0013,applies,False,,Applies to all residential rentals in California.
A0457,San Francisco,r-0014,applies,False,,Applies to all residential rentals in California.
A0457,San Francisco,r-0015,superseded,False,Not a unit where the tenant shares a bathroom or kitchen with the owner-occupant | Not deed-restricted affordable housing | Once the tenant has lived in the unit for 12 months,Governed instead by San Francisco Rent Ordinance just cause eviction (S.F. Admin. Code § 37.9(a)); the stricter local rule applies here.
A0457,San Francisco,r-0016,superseded,False,Not deed-restricted or subsidised affordable housing,Governed instead by San Francisco annual allowable rent increase (3/1/2026–2/28/2027); the stricter local rule applies here.
A0457,San Francisco,r-0017,applies,False,,Applies to all residential rentals in California.
A0457,San Francisco,r-0018,applies,False,,"Applies: 5 units, above the coverage threshold."
A0457,San Francisco,r-0019,applies,False,Once the deposit was collected on or after 1 Jul 2024,Applies to all residential rentals in California. Protection begins once the deposit was collected on or after 1 Jul 2024.
A0457,San Francisco,r-0057,applies,False,,Applies to all residential rentals in San Francisco. State algorithm rules apply too; both are listed here.
A0457,San Francisco,r-0058,applies,False,,Applies to all residential rentals in San Francisco. Statutory exemptions for certain owner-occupied shared units and institutional housing cannot be checked from county data.
A0457,San Francisco,r-0059,applies,False,,"Applies: built 1906, before the 13 Jun 1979 certificate of occupancy cutoff."
A0457,San Francisco,r-0060,unknown,False,,Unknown: needs affordable housing status. The rule covers affordable housing.
A0457,San Francisco,r-0061,applies,False,,Applies to all residential rentals in San Francisco. State deposit rules apply too; both are listed here.
A0458,Los Angeles,r-0013,applies,False,,Applies to all residential rentals in California.
A0458,Los Angeles,r-0014,applies,False,,Applies to all residential rentals in California.
A0458,Los Angeles,r-0015,superseded,False,Not a unit where the tenant shares a bathroom or kitchen with the owner-occupant | Not deed-restricted affordable housing | Once the tenant has lived in the unit for 12 months,Governed instead by Relocation assistance for no-fault evictions under the RSO and JCO; the stricter local rule applies here.
A0458,Los Angeles,r-0016,superseded,False,Not deed-restricted or subsidised affordable housing,Governed instead by Los Angeles Rent Stabilization Ordinance (RSO) allowable rent increases; the stricter local rule applies here.
A0458,Los Angeles,r-0017,applies,False,,Applies to all residential rentals in California.
A0458,Los Angeles,r-0018,applies,False,,"Applies: 6 units, above the coverage threshold."
A0458,Los Angeles,r-0019,applies,False,Once the deposit was collected on or after 1 Jul 2024,Applies to all residential rentals in California. Protection begins once the deposit was collected on or after 1 Jul 2024.
A0458,Los Angeles,r-0028,unknown,False,"Not a cooperative, nonprofit homeless facility or short-term treatment facility | Once the tenant has lived in the unit for six months or the first lease has ended","Unknown: this building is under the RSO (built 1963), so the JCO applies only if the unit is exempt from the RSO; RSO exemption status is not in the data."
A0458,Los Angeles,r-0029,applies,False,Not a housing authority or government-owned property,"Applies unless the property is a housing authority or government-owned property. Apartments per the assessor; built 1963, before the 1 Oct 1978 certificate of occupancy cutoff."
A0458,Los Angeles,r-0030,applies,True,"Not government-owned or regulated housing, or affordable housing with a recorded covenant","Applies unless the property is government-owned or regulated housing, or affordable housing with a recorded covenant. Built 1963, before the 1 Oct 1978 certificate of occupancy cutoff; apartments per the assessor. Open question: two published effective dates for the new formula (2 February 2026 per LAHD; 24 January 2026 per a landlord association). Flagged for human review."
A0458,Los Angeles,r-0031,applies,False,,Applies to all residential rentals in Los Angeles. State screening rules apply too; both are listed here.
A0458,Los Angeles,r-0032,applies,False,Once the deposit has been held for at least one year,"Applies: built 1963, before the 1 Oct 1978 certificate of occupancy cutoff; apartments per the assessor. Protection begins once the deposit has been held for at least one year. State deposit rules apply too; both are listed here."
A0459,Jersey City,r-0026,applies,True,"Not an inpatient medical, licensed long-term care or detention facility","Applies unless the property is an inpatient medical, licensed long-term care or detention facility. Possible preemption: from 1 July 2027 the NJ FAIR Act may preempt the Hoboken and Jersey City algorithmic rent ordinances. Flagged for human review; not decided here."
A0459,Jersey City,r-0027,unknown,False,,"Unknown: needs the unit count. The rule covers buildings with five or more units. The assessor building code '3S-F-7U' suggests 7 units (derived, unconfirmed)."
A0459,Jersey City,r-0044,not_yet_effective,True,,Not yet in force: takes effect 1 Jul 2027. Possible preemption: from 1 July 2027 the NJ FAIR Act may preempt the Hoboken and Jersey City algorithmic rent ordinances. Flagged for human review; not decided here.
A0459,Jersey City,r-0045,unknown,False,Not let through a licensed real estate agent who is not the landlord,Unknown: needs the building type. Exemption that depends on it: a one-family or two-family dwelling.
A0459,Jersey City,r-0046,unknown,False,"Not a hotel, motel or guest house let to transient or seasonal guests",Unknown: needs owner identity. Exemption that depends on it: an owner-occupied building with two or fewer rental units.
A0459,Jersey City,r-0047,unknown,False,"Not a hotel, motel or seasonal rental",Unknown: needs owner identity. Exemption that depends on it: an owner-occupied two- or three-family dwelling.
A0459,Jersey City,r-0049,unknown,False,,"Unknown: needs the unit count. Exemption that depends on it: an owner-occupied two-family dwelling. The assessor building code '3S-F-7U' suggests 7 units (derived, unconfirmed)."
A0459,Jersey City,r-0050,unknown,False,,Unknown: needs owner identity. Exemption that depends on it: an owner-occupied building with four or fewer units.
A0459,Jersey City,r-0051,unknown,False,Not a seasonal rental of 125 days or less,Unknown: needs owner identity. Exemption that depends on it: an owner-occupied building with two or fewer rental units.
A0460,Newark,r-0044,not_yet_effective,False,,Not yet in force: takes effect 1 Jul 2027.
A0460,Newark,r-0045,unknown,False,Not let through a licensed real estate agent who is not the landlord,Unknown: needs the building type. Exemption that depends on it: a one-family or two-family dwelling.
A0460,Newark,r-0046,unknown,False,"Not a hotel, motel or guest house let to transient or seasonal guests",Unknown: needs owner identity. Exemption that depends on it: an owner-occupied building with two or fewer rental units.
A0460,Newark,r-0047,unknown,False,"Not a hotel, motel or seasonal rental",Unknown: needs owner identity. Exemption that depends on it: an owner-occupied two- or three-family dwelling.
A0460,Newark,r-0049,unknown,False,,Unknown: needs the unit count. Exemption that depends on it: an owner-occupied two-family dwelling.
A0460,Newark,r-0050,unknown,False,,Unknown: needs owner identity. Exemption that depends on it: an owner-occupied building with four or fewer units.
A0460,Newark,r-0051,unknown,False,Not a seasonal rental of 125 days or less,Unknown: needs owner identity. Exemption that depends on it: an owner-occupied building with two or fewer rental units.
A0460,Newark,r-0052,unknown,False,Not a hotel or motel let day to day to transients | Not public housing or a unit whose rent a government agency regulates,Unknown: needs year built. Exemption that depends on it: a newly built multiple dwelling still within its exemption period (at most 30 years).
A0460,Newark,r-0053,unknown,False,Not housing designated for a programme for people with criminal records,Unknown: needs the unit count. Exemption that depends on it: an owner-occupied two-family dwelling or a room in an owner-occupied home.
A0461,San Francisco,r-0013,applies,False,,Applies to all residential rentals in California.
A0461,San Francisco,r-0014,applies,False,,Applies to all residential rentals in California.
A0461,San Francisco,r-0015,superseded,False,Not a unit where the tenant shares a bathroom or kitchen with the owner-occupant | Not deed-restricted affordable housing | Once the tenant has lived in the unit for 12 months,Governed instead by San Francisco Rent Ordinance just cause eviction (S.F. Admin. Code § 37.9(a)); the stricter local rule applies here.
A0461,San Francisco,r-0016,superseded,False,Not deed-restricted or subsidised affordable housing,Governed instead by San Francisco annual allowable rent increase (3/1/2026–2/28/2027); the stricter local rule applies here.
A0461,San Francisco,r-0017,applies,False,,Applies to all residential rentals in California.
A0461,San Francisco,r-0018,applies,False,,"Applies: 5 units, above the coverage threshold."
A0461,San Francisco,r-0019,applies,False,Once the deposit was collected on or after 1 Jul 2024,Applies to all residential rentals in California. Protection begins once the deposit was collected on or after 1 Jul 2024.
A0461,San Francisco,r-0057,applies,False,,Applies to all residential rentals in San Francisco. State algorithm rules apply too; both are listed here.
A0461,San Francisco,r-0058,applies,False,,Applies to all residential rentals in San Francisco. Statutory exemptions for certain owner-occupied shared units and institutional housing cannot be checked from county data.
A0461,San Francisco,r-0059,applies,False,,"Applies: built 1923, before the 13 Jun 1979 certificate of occupancy cutoff."
A0461,San Francisco,r-0060,unknown,False,,Unknown: needs affordable housing status. The rule covers affordable housing.
A0461,San Francisco,r-0061,applies,False,,Applies to all residential rentals in San Francisco. State deposit rules apply too; both are listed here.
A0462,Jersey City,r-0026,applies,True,"Not an inpatient medical, licensed long-term care or detention facility","Applies unless the property is an inpatient medical, licensed long-term care or detention facility. Possible preemption: from 1 July 2027 the NJ FAIR Act may preempt the Hoboken and Jersey City algorithmic rent ordinances. Flagged for human review; not decided here."
A0462,Jersey City,r-0027,unknown,False,,"Unknown: needs the unit count. The rule covers buildings with five or more units. The assessor building code '3S-F-D-6U' suggests 6 units (derived, unconfirmed)."
A0462,Jersey City,r-0044,not_yet_effective,True,,Not yet in force: takes effect 1 Jul 2027. Possible preemption: from 1 July 2027 the NJ FAIR Act may preempt the Hoboken and Jersey City algorithmic rent ordinances. Flagged for human review; not decided here.
A0462,Jersey City,r-0045,unknown,False,Not let through a licensed real estate agent who is not the landlord,Unknown: needs the building type. Exemption that depends on it: a one-family or two-family dwelling.
A0462,Jersey City,r-0046,unknown,False,"Not a hotel, motel or guest house let to transient or seasonal guests",Unknown: needs owner identity. Exemption that depends on it: an owner-occupied building with two or fewer rental units.
A0462,Jersey City,r-0047,unknown,False,"Not a hotel, motel or seasonal rental",Unknown: needs owner identity. Exemption that depends on it: an owner-occupied two- or three-family dwelling.
A0462,Jersey City,r-0049,unknown,False,,"Unknown: needs the unit count. Exemption that depends on it: an owner-occupied two-family dwelling. The assessor building code '3S-F-D-6U' suggests 6 units (derived, unconfirmed)."
A0462,Jersey City,r-0050,unknown,False,,Unknown: needs owner identity. Exemption that depends on it: an owner-occupied building with four or fewer units.
A0462,Jersey City,r-0051,unknown,False,Not a seasonal rental of 125 days or less,Unknown: needs owner identity. Exemption that depends on it: an owner-occupied building with two or fewer rental units.
A0463,Boston,r-0008,applies,False,,Applies: apartments per the assessor.
A0463,Boston,r-0011,unknown,False,,Unknown: needs affordable housing status. The rule covers housing funded or land-assisted by the Boston Department of Neighborhood Development.
A0463,Boston,r-0012,applies,False,,Applies to all residential rentals in Boston. State screening rules apply too; both are listed here.
A0463,Boston,r-0033,pending,False,,"Bill, not law: a pending bill or proposal, not yet enacted."
A0463,Boston,r-0034,pending,False,,"Bill, not law: a pending bill or proposal, not yet enacted."
A0463,Boston,r-0035,applies,False,,Applies to all residential rentals in Massachusetts.
A0463,Boston,r-0036,applies,False,,Applies: apartments per the assessor.
A0463,Boston,r-0041,applies,False,,Applies to all residential rentals in Massachusetts.
A0463,Boston,r-0042,applies,False,,Applies to all residential rentals in Massachusetts.
A0463,Boston,r-0043,applies,False,,Applies: apartments per the assessor.
A0464,Boston,r-0008,applies,False,,Applies: apartments per the assessor.
A0464,Boston,r-0011,unknown,False,,Unknown: needs affordable housing status. The rule covers housing funded or land-assisted by the Boston Department of Neighborhood Development.
A0464,Boston,r-0012,applies,False,,Applies to all residential rentals in Boston. State screening rules apply too; both are listed here.
A0464,Boston,r-0033,pending,False,,"Bill, not law: a pending bill or proposal, not yet enacted."
A0464,Boston,r-0034,pending,False,,"Bill, not law: a pending bill or proposal, not yet enacted."
A0464,Boston,r-0035,applies,False,,Applies to all residential rentals in Massachusetts.
A0464,Boston,r-0036,applies,False,,Applies: apartments per the assessor.
A0464,Boston,r-0041,applies,False,,Applies to all residential rentals in Massachusetts.
A0464,Boston,r-0042,applies,False,,Applies to all residential rentals in Massachusetts.
A0464,Boston,r-0043,applies,False,,Applies: apartments per the assessor.
A0465,Cambridge,r-0020,pending,False,,"Bill, not law: a pending bill or proposal, not yet enacted."
A0465,Cambridge,r-0021,applies,False,,Applies: apartments per the assessor.
A0465,Cambridge,r-0022,applies,False,,"Applies: 8 units, so the exemption for an owner-occupied two-family dwelling cannot apply. State screening rules apply too; both are listed here."
A0465,Cambridge,r-0033,pending,False,,"Bill, not law: a pending bill or proposal, not yet enacted."
A0465,Cambridge,r-0034,pending,False,,"Bill, not law: a pending bill or proposal, not yet enacted."
A0465,Cambridge,r-0035,applies,False,,Applies to all residential rentals in Massachusetts.
A0465,Cambridge,r-0036,applies,False,,Applies: apartments per the assessor.
A0465,Cambridge,r-0041,applies,False,,Applies to all residential rentals in Massachusetts.
A0465,Cambridge,r-0042,applies,False,,Applies to all residential rentals in Massachusetts.
A0465,Cambridge,r-0043,applies,False,,Applies: apartments per the assessor.
A0466,Boston,r-0008,applies,False,,Applies: apartments per the assessor.
A0466,Boston,r-0011,unknown,False,,Unknown: needs affordable housing status. The rule covers housing funded or land-assisted by the Boston Department of Neighborhood Development.
A0466,Boston,r-0012,applies,False,,Applies to all residential rentals in Boston. State screening rules apply too; both are listed here.
A0466,Boston,r-0033,pending,False,,"Bill, not law: a pending bill or proposal, not yet enacted."
A0466,Boston,r-0034,pending,False,,"Bill, not law: a pending bill or proposal, not yet enacted."
A0466,Boston,r-0035,applies,False,,Applies to all residential rentals in Massachusetts.
A0466,Boston,r-0036,applies,False,,Applies: apartments per the assessor.
A0466,Boston,r-0041,applies,False,,Applies to all residential rentals in Massachusetts.
A0466,Boston,r-0042,applies,False,,Applies to all residential rentals in Massachusetts.
A0466,Boston,r-0043,applies,False,,Applies: apartments per the assessor.
A0467,Boston,r-0008,applies,False,,Applies: apartments per the assessor.
A0467,Boston,r-0011,unknown,False,,Unknown: needs affordable housing status. The rule covers housing funded or land-assisted by the Boston Department of Neighborhood Development.
A0467,Boston,r-0012,applies,False,,Applies to all residential rentals in Boston. State screening rules apply too; both are listed here.
A0467,Boston,r-0033,pending,False,,"Bill, not law: a pending bill or proposal, not yet enacted."
A0467,Boston,r-0034,pending,False,,"Bill, not law: a pending bill or proposal, not yet enacted."
A0467,Boston,r-0035,applies,False,,Applies to all residential rentals in Massachusetts.
A0467,Boston,r-0036,applies,False,,Applies: apartments per the assessor.
A0467,Boston,r-0041,applies,False,,Applies to all residential rentals in Massachusetts.
A0467,Boston,r-0042,applies,False,,Applies to all residential rentals in Massachusetts.
A0467,Boston,r-0043,applies,False,,Applies: apartments per the assessor.
A0468,Cambridge,r-0020,pending,False,,"Bill, not law: a pending bill or proposal, not yet enacted."
A0468,Cambridge,r-0021,applies,False,,Applies: apartments per the assessor.
A0468,Cambridge,r-0022,applies,False,,"Applies: 6 units, so the exemption for an owner-occupied two-family dwelling cannot apply. State screening rules apply too; both are listed here."
A0468,Cambridge,r-0033,pending,False,,"Bill, not law: a pending bill or proposal, not yet enacted."
A0468,Cambridge,r-0034,pending,False,,"Bill, not law: a pending bill or proposal, not yet enacted."
A0468,Cambridge,r-0035,applies,False,,Applies to all residential rentals in Massachusetts.
A0468,Cambridge,r-0036,applies,False,,Applies: apartments per the assessor.
A0468,Cambridge,r-0041,applies,False,,Applies to all residential rentals in Massachusetts.
A0468,Cambridge,r-0042,applies,False,,Applies to all residential rentals in Massachusetts.
A0468,Cambridge,r-0043,applies,False,,Applies: apartments per the assessor.
A0469,Berkeley,r-0001,applies,True,Not an affordable housing unit whose rent or income limits are set by programme guidelines,Applies unless the property is an affordable housing unit whose rent or income limits are set by programme guidelines. Open question: two published effective dates (1 March 2026 in the ordinance text; January 2026 in an August 2026 law firm alert). Flagged for human review. State algorithm rules apply too; both are listed here.
A0469,Berkeley,r-0002,applies,False,,Applies to all residential rentals in Berkeley. State fee rules apply; Berkeley adds stricter local limits.
A0469,Berkeley,r-0003,applies,False,,Applies to all residential rentals in Berkeley. State fee rules apply; Berkeley adds stricter local limits.
A0469,Berkeley,r-0004,applies,False,Not a nonprofit cooperative | Not a unit where the tenant shares a kitchen or bath with the landlord,"Applies unless the property is a nonprofit cooperative or a unit where the tenant shares a kitchen or bath with the landlord. Apartments per the assessor; at least 5 units per the assessor description, so the exemption for an owner-occupied duplex (a 'golden duplex') cannot apply."
A0469,Berkeley,r-0005,unknown,False,Not a nonprofit cooperative | Not a unit where the owner shares a kitchen or bath with the tenant,Unknown: needs year built. The rule covers multifamily buildings built before 1980.
A0469,Berkeley,r-0006,applies,False,Not public housing or a Section 8 property | Not a unit let under an agreement that lets the owner move back in | Not a unit where an existing tenant is subletting or adding a roommate,"Applies unless the property is public housing or a Section 8 property; a unit let under an agreement that lets the owner move back in; or a unit where an existing tenant is subletting or adding a roommate. At least 5 units per the assessor description, so the exemption for an owner-occupied building with one to three units cannot apply. State screening rules apply too; both are listed here."
A0469,Berkeley,r-0007,applies,False,Not a unit where the owner shares a kitchen or bath with the tenant | Not a nonprofit cooperative,"Applies unless the property is a unit where the owner shares a kitchen or bath with the tenant or a nonprofit cooperative. At least 5 units per the assessor description, so the exemption for an owner-occupied duplex (a 'golden duplex') cannot apply; at least 5 units per the assessor description, so the exemption for an owner-occupied property with an accessory dwelling unit cannot apply. State deposit rules apply too; both are listed here."
A0469,Berkeley,r-0013,applies,False,,Applies to all residential rentals in California.
A0469,Berkeley,r-0014,applies,False,,Applies to all residential rentals in California.
A0469,Berkeley,r-0015,superseded,False,Not a unit where the tenant shares a bathroom or kitchen with the owner-occupant | Not deed-restricted affordable housing | Once the tenant has lived in the unit for 12 months,Governed instead by Berkeley just cause eviction rules as amended by Measure BB; the stricter local rule applies here.
A0469,Berkeley,r-0016,unknown,False,Not deed-restricted or subsidised affordable housing,Unknown: needs year built. Exemption that depends on it: a building with a certificate of occupancy issued within the last 15 years.
A0469,Berkeley,r-0017,applies,False,,Applies to all residential rentals in California.
A0469,Berkeley,r-0018,applies,False,,"Applies: at least 5 units per the assessor description, above the coverage threshold."
A0469,Berkeley,r-0019,applies,False,Once the deposit was collected on or after 1 Jul 2024,Applies to all residential rentals in California. Protection begins once the deposit was collected on or after 1 Jul 2024.
A0470,Berkeley,r-0001,applies,True,Not an affordable housing unit whose rent or income limits are set by programme guidelines,Applies unless the property is an affordable housing unit whose rent or income limits are set by programme guidelines. Open question: two published effective dates (1 March 2026 in the ordinance text; January 2026 in an August 2026 law firm alert). Flagged for human review. State algorithm rules apply too; both are listed here.
A0470,Berkeley,r-0002,applies,False,,Applies to all residential rentals in Berkeley. State fee rules apply; Berkeley adds stricter local limits.
A0470,Berkeley,r-0003,applies,False,,Applies to all residential rentals in Berkeley. State fee rules apply; Berkeley adds stricter local limits.
A0470,Berkeley,r-0004,applies,False,Not a nonprofit cooperative | Not a unit where the tenant shares a kitchen or bath with the landlord,"Applies unless the property is a nonprofit cooperative or a unit where the tenant shares a kitchen or bath with the landlord. Apartments per the assessor; at least 5 units per the assessor description, so the exemption for an owner-occupied duplex (a 'golden duplex') cannot apply."
A0470,Berkeley,r-0005,unknown,False,Not a nonprofit cooperative | Not a unit where the owner shares a kitchen or bath with the tenant,Unknown: needs year built. The rule covers multifamily buildings built before 1980.
A0470,Berkeley,r-0006,applies,False,Not public housing or a Section 8 property | Not a unit let under an agreement that lets the owner move back in | Not a unit where an existing tenant is subletting or adding a roommate,"Applies unless the property is public housing or a Section 8 property; a unit let under an agreement that lets the owner move back in; or a unit where an existing tenant is subletting or adding a roommate. At least 5 units per the assessor description, so the exemption for an owner-occupied building with one to three units cannot apply. State screening rules apply too; both are listed here."
A0470,Berkeley,r-0007,applies,False,Not a unit where the owner shares a kitchen or bath with the tenant | Not a nonprofit cooperative,"Applies unless the property is a unit where the owner shares a kitchen or bath with the tenant or a nonprofit cooperative. At least 5 units per the assessor description, so the exemption for an owner-occupied duplex (a 'golden duplex') cannot apply; at least 5 units per the assessor description, so the exemption for an owner-occupied property with an accessory dwelling unit cannot apply. State deposit rules apply too; both are listed here."
A0470,Berkeley,r-0013,applies,False,,Applies to all residential rentals in California.
A0470,Berkeley,r-0014,applies,False,,Applies to all residential rentals in California.
A0470,Berkeley,r-0015,superseded,False,Not a unit where the tenant shares a bathroom or kitchen with the owner-occupant | Not deed-restricted affordable housing | Once the tenant has lived in the unit for 12 months,Governed instead by Berkeley just cause eviction rules as amended by Measure BB; the stricter local rule applies here.
A0470,Berkeley,r-0016,unknown,False,Not deed-restricted or subsidised affordable housing,Unknown: needs year built. Exemption that depends on it: a building with a certificate of occupancy issued within the last 15 years.
A0470,Berkeley,r-0017,applies,False,,Applies to all residential rentals in California.
A0470,Berkeley,r-0018,applies,False,,"Applies: at least 5 units per the assessor description, above the coverage threshold."
A0470,Berkeley,r-0019,applies,False,Once the deposit was collected on or after 1 Jul 2024,Applies to all residential rentals in California. Protection begins once the deposit was collected on or after 1 Jul 2024.
A0471,Hoboken,r-0023,applies,True,"Not a medical, long-term care or detention facility","Applies unless the property is a medical, long-term care or detention facility. Possible preemption: from 1 July 2027 the NJ FAIR Act may preempt the Hoboken and Jersey City algorithmic rent ordinances. Flagged for human review; not decided here."
A0471,Hoboken,r-0024,applies,False,,Applies to all residential rentals in Hoboken.
A0471,Hoboken,r-0025,unknown,False,"Not a hotel, motel, commercial or industrial unit, or institutional student housing","Unknown: needs year built. The rule covers buildings built on or before 25 Jun 1987, or newer buildings whose exemption period (at most 30 years) has ended."
A0471,Hoboken,r-0044,not_yet_effective,True,,Not yet in force: takes effect 1 Jul 2027. Possible preemption: from 1 July 2027 the NJ FAIR Act may preempt the Hoboken and Jersey City algorithmic rent ordinances. Flagged for human review; not decided here.
A0471,Hoboken,r-0045,unknown,False,Not let through a licensed real estate agent who is not the landlord,Unknown: needs the building type. Exemption that depends on it: a one-family or two-family dwelling.
A0471,Hoboken,r-0046,unknown,False,"Not a hotel, motel or guest house let to transient or seasonal guests",Unknown: needs owner identity. Exemption that depends on it: an owner-occupied building with two or fewer rental units.
A0471,Hoboken,r-0047,unknown,False,"Not a hotel, motel or seasonal rental",Unknown: needs owner identity. Exemption that depends on it: an owner-occupied two- or three-family dwelling.
A0471,Hoboken,r-0049,unknown,False,,"Unknown: needs the unit count. Exemption that depends on it: an owner-occupied two-family dwelling. The assessor building code '4 1/2B-10U-BA' suggests 10 units (derived, unconfirmed)."
A0471,Hoboken,r-0050,unknown,False,,Unknown: needs owner identity. Exemption that depends on it: an owner-occupied building with four or fewer units.
A0471,Hoboken,r-0051,unknown,False,Not a seasonal rental of 125 days or less,Unknown: needs owner identity. Exemption that depends on it: an owner-occupied building with two or fewer rental units.
A0472,Hoboken,r-0023,applies,True,"Not a medical, long-term care or detention facility","Applies unless the property is a medical, long-term care or detention facility. Possible preemption: from 1 July 2027 the NJ FAIR Act may preempt the Hoboken and Jersey City algorithmic rent ordinances. Flagged for human review; not decided here."
A0472,Hoboken,r-0024,applies,False,,Applies to all residential rentals in Hoboken.
A0472,Hoboken,r-0025,unknown,False,"Not a hotel, motel, commercial or industrial unit, or institutional student housing","Unknown: needs year built. The rule covers buildings built on or before 25 Jun 1987, or newer buildings whose exemption period (at most 30 years) has ended."
A0472,Hoboken,r-0044,not_yet_effective,True,,Not yet in force: takes effect 1 Jul 2027. Possible preemption: from 1 July 2027 the NJ FAIR Act may preempt the Hoboken and Jersey City algorithmic rent ordinances. Flagged for human review; not decided here.
A0472,Hoboken,r-0045,unknown,False,Not let through a licensed real estate agent who is not the landlord,Unknown: needs the building type. Exemption that depends on it: a one-family or two-family dwelling.
A0472,Hoboken,r-0046,unknown,False,"Not a hotel, motel or guest house let to transient or seasonal guests",Unknown: needs owner identity. Exemption that depends on it: an owner-occupied building with two or fewer rental units.
A0472,Hoboken,r-0047,unknown,False,"Not a hotel, motel or seasonal rental",Unknown: needs owner identity. Exemption that depends on it: an owner-occupied two- or three-family dwelling.
A0472,Hoboken,r-0049,unknown,False,,"Unknown: needs the unit count. Exemption that depends on it: an owner-occupied two-family dwelling. The assessor building code '5B-12U-BA' suggests 12 units (derived, unconfirmed)."
A0472,Hoboken,r-0050,unknown,False,,Unknown: needs owner identity. Exemption that depends on it: an owner-occupied building with four or fewer units.
A0472,Hoboken,r-0051,unknown,False,Not a seasonal rental of 125 days or less,Unknown: needs owner identity. Exemption that depends on it: an owner-occupied building with two or fewer rental units.
A0473,Boston,r-0008,applies,False,,Applies: apartments per the assessor.
A0473,Boston,r-0011,unknown,False,,Unknown: needs affordable housing status. The rule covers housing funded or land-assisted by the Boston Department of Neighborhood Development.
A0473,Boston,r-0012,applies,False,,Applies to all residential rentals in Boston. State screening rules apply too; both are listed here.
A0473,Boston,r-0033,pending,False,,"Bill, not law: a pending bill or proposal, not yet enacted."
A0473,Boston,r-0034,pending,False,,"Bill, not law: a pending bill or proposal, not yet enacted."
A0473,Boston,r-0035,applies,False,,Applies to all residential rentals in Massachusetts.
A0473,Boston,r-0036,applies,False,,Applies: apartments per the assessor.
A0473,Boston,r-0041,applies,False,,Applies to all residential rentals in Massachusetts.
A0473,Boston,r-0042,applies,False,,Applies to all residential rentals in Massachusetts.
A0473,Boston,r-0043,applies,False,,Applies: apartments per the assessor.
A0474,Los Angeles,r-0013,applies,False,,Applies to all residential rentals in California.
A0474,Los Angeles,r-0014,applies,False,,Applies to all residential rentals in California.
A0474,Los Angeles,r-0015,superseded,False,Not a unit where the tenant shares a bathroom or kitchen with the owner-occupant | Not deed-restricted affordable housing | Once the tenant has lived in the unit for 12 months,Governed instead by Relocation assistance for no-fault evictions under the RSO and JCO; the stricter local rule applies here.
A0474,Los Angeles,r-0016,superseded,False,Not deed-restricted or subsidised affordable housing,Governed instead by Los Angeles Rent Stabilization Ordinance (RSO) allowable rent increases; the stricter local rule applies here.
A0474,Los Angeles,r-0017,applies,False,,Applies to all residential rentals in California.
A0474,Los Angeles,r-0018,applies,False,,"Applies: 8 units, above the coverage threshold."
A0474,Los Angeles,r-0019,applies,False,Once the deposit was collected on or after 1 Jul 2024,Applies to all residential rentals in California. Protection begins once the deposit was collected on or after 1 Jul 2024.
A0474,Los Angeles,r-0028,unknown,False,"Not a cooperative, nonprofit homeless facility or short-term treatment facility | Once the tenant has lived in the unit for six months or the first lease has ended","Unknown: this building is under the RSO (built 1928), so the JCO applies only if the unit is exempt from the RSO; RSO exemption status is not in the data."
A0474,Los Angeles,r-0029,applies,False,Not a housing authority or government-owned property,"Applies unless the property is a housing authority or government-owned property. Apartments per the assessor; built 1928, before the 1 Oct 1978 certificate of occupancy cutoff."
A0474,Los Angeles,r-0030,applies,True,"Not government-owned or regulated housing, or affordable housing with a recorded covenant","Applies unless the property is government-owned or regulated housing, or affordable housing with a recorded covenant. Built 1928, before the 1 Oct 1978 certificate of occupancy cutoff; apartments per the assessor. Open question: two published effective dates for the new formula (2 February 2026 per LAHD; 24 January 2026 per a landlord association). Flagged for human review."
A0474,Los Angeles,r-0031,applies,False,,Applies to all residential rentals in Los Angeles. State screening rules apply too; both are listed here.
A0474,Los Angeles,r-0032,applies,False,Once the deposit has been held for at least one year,"Applies: built 1928, before the 1 Oct 1978 certificate of occupancy cutoff; apartments per the assessor. Protection begins once the deposit has been held for at least one year. State deposit rules apply too; both are listed here."
A0475,Hoboken,r-0023,applies,True,"Not a medical, long-term care or detention facility","Applies unless the property is a medical, long-term care or detention facility. Possible preemption: from 1 July 2027 the NJ FAIR Act may preempt the Hoboken and Jersey City algorithmic rent ordinances. Flagged for human review; not decided here."
A0475,Hoboken,r-0024,applies,False,,Applies to all residential rentals in Hoboken.
A0475,Hoboken,r-0025,unknown,False,"Not a hotel, motel, commercial or industrial unit, or institutional student housing","Unknown: needs year built. The rule covers buildings built on or before 25 Jun 1987, or newer buildings whose exemption period (at most 30 years) has ended."
A0475,Hoboken,r-0044,not_yet_effective,True,,Not yet in force: takes effect 1 Jul 2027. Possible preemption: from 1 July 2027 the NJ FAIR Act may preempt the Hoboken and Jersey City algorithmic rent ordinances. Flagged for human review; not decided here.
A0475,Hoboken,r-0045,unknown,False,Not let through a licensed real estate agent who is not the landlord,Unknown: needs the building type. Exemption that depends on it: a one-family or two-family dwelling.
A0475,Hoboken,r-0046,unknown,False,"Not a hotel, motel or guest house let to transient or seasonal guests",Unknown: needs owner identity. Exemption that depends on it: an owner-occupied building with two or fewer rental units.
A0475,Hoboken,r-0047,unknown,False,"Not a hotel, motel or seasonal rental",Unknown: needs owner identity. Exemption that depends on it: an owner-occupied two- or three-family dwelling.
A0475,Hoboken,r-0049,unknown,False,,"Unknown: needs the unit count. Exemption that depends on it: an owner-occupied two-family dwelling. The assessor building code '4B-7U-H' suggests 7 units (derived, unconfirmed)."
A0475,Hoboken,r-0050,unknown,False,,Unknown: needs owner identity. Exemption that depends on it: an owner-occupied building with four or fewer units.
A0475,Hoboken,r-0051,unknown,False,Not a seasonal rental of 125 days or less,Unknown: needs owner identity. Exemption that depends on it: an owner-occupied building with two or fewer rental units.
A0476,Newark,r-0044,not_yet_effective,False,,Not yet in force: takes effect 1 Jul 2027.
A0476,Newark,r-0045,unknown,False,Not let through a licensed real estate agent who is not the landlord,Unknown: needs the building type. Exemption that depends on it: a one-family or two-family dwelling.
A0476,Newark,r-0046,unknown,False,"Not a hotel, motel or guest house let to transient or seasonal guests",Unknown: needs owner identity. Exemption that depends on it: an owner-occupied building with two or fewer rental units.
A0476,Newark,r-0047,unknown,False,"Not a hotel, motel or seasonal rental",Unknown: needs owner identity. Exemption that depends on it: an owner-occupied two- or three-family dwelling.
A0476,Newark,r-0049,unknown,False,,"Unknown: needs the unit count. Exemption that depends on it: an owner-occupied two-family dwelling. The assessor building code '2SF2UG' suggests 2 units (derived, unconfirmed)."
A0476,Newark,r-0050,unknown,False,,Unknown: needs owner identity. Exemption that depends on it: an owner-occupied building with four or fewer units.
A0476,Newark,r-0051,unknown,False,Not a seasonal rental of 125 days or less,Unknown: needs owner identity. Exemption that depends on it: an owner-occupied building with two or fewer rental units.
A0476,Newark,r-0052,unknown,False,Not a hotel or motel let day to day to transients | Not public housing or a unit whose rent a government agency regulates,Unknown: needs year built. Exemption that depends on it: a newly built multiple dwelling still within its exemption period (at most 30 years).
A0476,Newark,r-0053,unknown,False,Not housing designated for a programme for people with criminal records,"Unknown: needs the unit count. Exemption that depends on it: an owner-occupied two-family dwelling or a room in an owner-occupied home. The assessor building code '2SF2UG' suggests 2 units (derived, unconfirmed)."
A0477,San Francisco,r-0013,applies,False,,Applies to all residential rentals in California.
A0477,San Francisco,r-0014,applies,False,,Applies to all residential rentals in California.
A0477,San Francisco,r-0015,superseded,False,Not a unit where the tenant shares a bathroom or kitchen with the owner-occupant | Not deed-restricted affordable housing | Once the tenant has lived in the unit for 12 months,Governed instead by San Francisco Rent Ordinance just cause eviction (S.F. Admin. Code § 37.9(a)); the stricter local rule applies here.
A0477,San Francisco,r-0016,superseded,False,Not deed-restricted or subsidised affordable housing,Governed instead by San Francisco annual allowable rent increase (3/1/2026–2/28/2027); the stricter local rule applies here.
A0477,San Francisco,r-0017,applies,False,,Applies to all residential rentals in California.
A0477,San Francisco,r-0018,applies,False,,"Applies: 19 units, above the coverage threshold."
A0477,San Francisco,r-0019,applies,False,Once the deposit was collected on or after 1 Jul 2024,Applies to all residential rentals in California. Protection begins once the deposit was collected on or after 1 Jul 2024.
A0477,San Francisco,r-0057,applies,False,,Applies to all residential rentals in San Francisco. State algorithm rules apply too; both are listed here.
A0477,San Francisco,r-0058,applies,False,,Applies to all residential rentals in San Francisco. Statutory exemptions for certain owner-occupied shared units and institutional housing cannot be checked from county data.
A0477,San Francisco,r-0059,applies,False,,"Applies: built 1975, before the 13 Jun 1979 certificate of occupancy cutoff."
A0477,San Francisco,r-0060,unknown,False,,Unknown: needs affordable housing status. The rule covers affordable housing.
A0477,San Francisco,r-0061,applies,False,,Applies to all residential rentals in San Francisco. State deposit rules apply too; both are listed here.
A0478,San Diego,r-0013,applies,False,,Applies to all residential rentals in California.
A0478,San Diego,r-0014,applies,False,,Applies to all residential rentals in California.
A0478,San Diego,r-0015,superseded,False,Not a unit where the tenant shares a bathroom or kitchen with the owner-occupant | Not deed-restricted affordable housing | Once the tenant has lived in the unit for 12 months,"Governed instead by San Diego Residential Tenant Protections (just cause for termination of tenancy); it shares the same coverage condition, so wherever this rule applies the stricter local rule governs."
A0478,San Diego,r-0016,unknown,False,Not deed-restricted or subsidised affordable housing,Unknown: needs year built. Exemption that depends on it: a building with a certificate of occupancy issued within the last 15 years.
A0478,San Diego,r-0017,applies,False,,Applies to all residential rentals in California.
A0478,San Diego,r-0018,applies,False,,"Applies: 9 units, above the coverage threshold."
A0478,San Diego,r-0019,applies,False,Once the deposit was collected on or after 1 Jul 2024,Applies to all residential rentals in California. Protection begins once the deposit was collected on or after 1 Jul 2024.
A0478,San Diego,r-0054,applies,False,Not an affordable housing unit whose rent or income limits are set by programme guidelines,Applies unless the property is an affordable housing unit whose rent or income limits are set by programme guidelines. State algorithm rules apply too; both are listed here.
A0478,San Diego,r-0055,unknown,False,Not deed-restricted or subsidised affordable housing (Section 8 vouchers do not count) | Not a unit where the tenant shares a bath or kitchen with the owner | Once the tenancy has lasted more than 30 days,Unknown: needs year built. The rule covers buildings with a certificate of occupancy at least 15 years old.
A0478,San Diego,r-0056,applies,False,,"Applies: 9 units, above the coverage threshold. State screening rules apply too; both are listed here."
A0479,Los Angeles,r-0013,applies,False,,Applies to all residential rentals in California.
A0479,Los Angeles,r-0014,applies,False,,Applies to all residential rentals in California.
A0479,Los Angeles,r-0015,superseded,False,Not a unit where the tenant shares a bathroom or kitchen with the owner-occupant | Not deed-restricted affordable housing | Once the tenant has lived in the unit for 12 months,Governed instead by Los Angeles Just Cause for Eviction Ordinance (JCO); the stricter local rule applies here.
A0479,Los Angeles,r-0016,applies,False,Not deed-restricted or subsidised affordable housing,"Applies unless the property is deed-restricted or subsidised affordable housing. Built 1990, before the 15 year certificate of occupancy window (built before 2011); apartments per the assessor."
A0479,Los Angeles,r-0017,applies,False,,Applies to all residential rentals in California.
A0479,Los Angeles,r-0018,applies,False,,"Applies: 8 units, above the coverage threshold."
A0479,Los Angeles,r-0019,applies,False,Once the deposit was collected on or after 1 Jul 2024,Applies to all residential rentals in California. Protection begins once the deposit was collected on or after 1 Jul 2024.
A0479,Los Angeles,r-0028,applies,False,"Not a cooperative, nonprofit homeless facility or short-term treatment facility | Once the tenant has lived in the unit for six months or the first lease has ended","Applies unless the property is a cooperative, nonprofit homeless facility or short-term treatment facility. Apartments per the assessor; built 1990, after the 1 Oct 1978 certificate of occupancy cutoff. Protection begins once the tenant has lived in the unit for six months or the first lease has ended."
A0479,Los Angeles,r-0031,applies,False,,Applies to all residential rentals in Los Angeles. State screening rules apply too; both are listed here.
A0480,San Diego,r-0013,applies,False,,Applies to all residential rentals in California.
A0480,San Diego,r-0014,applies,False,,Applies to all residential rentals in California.
A0480,San Diego,r-0015,superseded,False,Not a unit where the tenant shares a bathroom or kitchen with the owner-occupant | Not deed-restricted affordable housing | Once the tenant has lived in the unit for 12 months,"Governed instead by San Diego Residential Tenant Protections (just cause for termination of tenancy); it shares the same coverage condition, so wherever this rule applies the stricter local rule governs."
A0480,San Diego,r-0016,unknown,False,Not deed-restricted or subsidised affordable housing,Unknown: needs year built. Exemption that depends on it: a building with a certificate of occupancy issued within the last 15 years.
A0480,San Diego,r-0017,applies,False,,Applies to all residential rentals in California.
A0480,San Diego,r-0018,applies,False,,"Applies: 11 units, above the coverage threshold."
A0480,San Diego,r-0019,applies,False,Once the deposit was collected on or after 1 Jul 2024,Applies to all residential rentals in California. Protection begins once the deposit was collected on or after 1 Jul 2024.
A0480,San Diego,r-0054,applies,False,Not an affordable housing unit whose rent or income limits are set by programme guidelines,Applies unless the property is an affordable housing unit whose rent or income limits are set by programme guidelines. State algorithm rules apply too; both are listed here.
A0480,San Diego,r-0055,unknown,False,Not deed-restricted or subsidised affordable housing (Section 8 vouchers do not count) | Not a unit where the tenant shares a bath or kitchen with the owner | Once the tenancy has lasted more than 30 days,Unknown: needs year built. The rule covers buildings with a certificate of occupancy at least 15 years old.
A0480,San Diego,r-0056,applies,False,,"Applies: 11 units, above the coverage threshold. State screening rules apply too; both are listed here."
A0481,San Francisco,r-0013,applies,False,,Applies to all residential rentals in California.
A0481,San Francisco,r-0014,applies,False,,Applies to all residential rentals in California.
A0481,San Francisco,r-0015,superseded,False,Not a unit where the tenant shares a bathroom or kitchen with the owner-occupant | Not deed-restricted affordable housing | Once the tenant has lived in the unit for 12 months,Governed instead by San Francisco Rent Ordinance just cause eviction (S.F. Admin. Code § 37.9(a)); the stricter local rule applies here.
A0481,San Francisco,r-0016,superseded,False,Not deed-restricted or subsidised affordable housing,Governed instead by San Francisco annual allowable rent increase (3/1/2026–2/28/2027); the stricter local rule applies here.
A0481,San Francisco,r-0017,applies,False,,Applies to all residential rentals in California.
A0481,San Francisco,r-0018,applies,False,,"Applies: 63 units, above the coverage threshold."
A0481,San Francisco,r-0019,applies,False,Once the deposit was collected on or after 1 Jul 2024,Applies to all residential rentals in California. Protection begins once the deposit was collected on or after 1 Jul 2024.
A0481,San Francisco,r-0057,applies,False,,Applies to all residential rentals in San Francisco. State algorithm rules apply too; both are listed here.
A0481,San Francisco,r-0058,applies,False,,Applies to all residential rentals in San Francisco. Statutory exemptions for certain owner-occupied shared units and institutional housing cannot be checked from county data.
A0481,San Francisco,r-0059,applies,False,,"Applies: built 1925, before the 13 Jun 1979 certificate of occupancy cutoff."
A0481,San Francisco,r-0060,unknown,False,,Unknown: needs affordable housing status. The rule covers affordable housing.
A0481,San Francisco,r-0061,applies,False,,Applies to all residential rentals in San Francisco. State deposit rules apply too; both are listed here.
A0482,Jersey City,r-0026,applies,True,"Not an inpatient medical, licensed long-term care or detention facility","Applies unless the property is an inpatient medical, licensed long-term care or detention facility. Possible preemption: from 1 July 2027 the NJ FAIR Act may preempt the Hoboken and Jersey City algorithmic rent ordinances. Flagged for human review; not decided here."
A0482,Jersey City,r-0027,unknown,False,,"Unknown: needs the unit count. The rule covers buildings with five or more units. The assessor building code '4S-B-A-25U-H' suggests 25 units (derived, unconfirmed)."
A0482,Jersey City,r-0044,not_yet_effective,True,,Not yet in force: takes effect 1 Jul 2027. Possible preemption: from 1 July 2027 the NJ FAIR Act may preempt the Hoboken and Jersey City algorithmic rent ordinances. Flagged for human review; not decided here.
A0482,Jersey City,r-0045,unknown,False,Not let through a licensed real estate agent who is not the landlord,Unknown: needs the building type. Exemption that depends on it: a one-family or two-family dwelling.
A0482,Jersey City,r-0046,unknown,False,"Not a hotel, motel or guest house let to transient or seasonal guests",Unknown: needs owner identity. Exemption that depends on it: an owner-occupied building with two or fewer rental units.
A0482,Jersey City,r-0047,unknown,False,"Not a hotel, motel or seasonal rental",Unknown: needs owner identity. Exemption that depends on it: an owner-occupied two- or three-family dwelling.
A0482,Jersey City,r-0049,unknown,False,,"Unknown: needs the unit count. Exemption that depends on it: an owner-occupied two-family dwelling. The assessor building code '4S-B-A-25U-H' suggests 25 units (derived, unconfirmed)."
A0482,Jersey City,r-0050,unknown,False,,Unknown: needs owner identity. Exemption that depends on it: an owner-occupied building with four or fewer units.
A0482,Jersey City,r-0051,unknown,False,Not a seasonal rental of 125 days or less,Unknown: needs owner identity. Exemption that depends on it: an owner-occupied building with two or fewer rental units.
A0483,San Francisco,r-0013,applies,False,,Applies to all residential rentals in California.
A0483,San Francisco,r-0014,applies,False,,Applies to all residential rentals in California.
A0483,San Francisco,r-0015,superseded,False,Not a unit where the tenant shares a bathroom or kitchen with the owner-occupant | Not deed-restricted affordable housing | Once the tenant has lived in the unit for 12 months,Governed instead by San Francisco Rent Ordinance just cause eviction (S.F. Admin. Code § 37.9(a)); the stricter local rule applies here.
A0483,San Francisco,r-0016,superseded,False,Not deed-restricted or subsidised affordable housing,Governed instead by San Francisco annual allowable rent increase (3/1/2026–2/28/2027); the stricter local rule applies here.
A0483,San Francisco,r-0017,applies,False,,Applies to all residential rentals in California.
A0483,San Francisco,r-0018,applies,False,,"Applies: 72 units, above the coverage threshold."
A0483,San Francisco,r-0019,applies,False,Once the deposit was collected on or after 1 Jul 2024,Applies to all residential rentals in California. Protection begins once the deposit was collected on or after 1 Jul 2024.
A0483,San Francisco,r-0057,applies,False,,Applies to all residential rentals in San Francisco. State algorithm rules apply too; both are listed here.
A0483,San Francisco,r-0058,applies,False,,Applies to all residential rentals in San Francisco. Statutory exemptions for certain owner-occupied shared units and institutional housing cannot be checked from county data.
A0483,San Francisco,r-0059,applies,False,,"Applies: built 1917, before the 13 Jun 1979 certificate of occupancy cutoff."
A0483,San Francisco,r-0060,unknown,False,,Unknown: needs affordable housing status. The rule covers affordable housing.
A0483,San Francisco,r-0061,applies,False,,Applies to all residential rentals in San Francisco. State deposit rules apply too; both are listed here.
A0484,San Francisco,r-0013,applies,False,,Applies to all residential rentals in California.
A0484,San Francisco,r-0014,applies,False,,Applies to all residential rentals in California.
A0484,San Francisco,r-0015,superseded,False,Not a unit where the tenant shares a bathroom or kitchen with the owner-occupant | Not deed-restricted affordable housing | Once the tenant has lived in the unit for 12 months,Governed instead by San Francisco Rent Ordinance just cause eviction (S.F. Admin. Code § 37.9(a)); the stricter local rule applies here.
A0484,San Francisco,r-0016,superseded,False,Not deed-restricted or subsidised affordable housing,Governed instead by San Francisco annual allowable rent increase (3/1/2026–2/28/2027); the stricter local rule applies here.
A0484,San Francisco,r-0017,applies,False,,Applies to all residential rentals in California.
A0484,San Francisco,r-0018,applies,False,,"Applies: 5 units, above the coverage threshold."
A0484,San Francisco,r-0019,applies,False,Once the deposit was collected on or after 1 Jul 2024,Applies to all residential rentals in California. Protection begins once the deposit was collected on or after 1 Jul 2024.
A0484,San Francisco,r-0057,applies,False,,Applies to all residential rentals in San Francisco. State algorithm rules apply too; both are listed here.
A0484,San Francisco,r-0058,applies,False,,Applies to all residential rentals in San Francisco. Statutory exemptions for certain owner-occupied shared units and institutional housing cannot be checked from county data.
A0484,San Francisco,r-0059,applies,False,,"Applies: built 1948, before the 13 Jun 1979 certificate of occupancy cutoff."
A0484,San Francisco,r-0060,unknown,False,,Unknown: needs affordable housing status. The rule covers affordable housing.
A0484,San Francisco,r-0061,applies,False,,Applies to all residential rentals in San Francisco. State deposit rules apply too; both are listed here.
A0485,Cambridge,r-0020,pending,False,,"Bill, not law: a pending bill or proposal, not yet enacted."
A0485,Cambridge,r-0021,applies,False,,Applies: apartments per the assessor.
A0485,Cambridge,r-0022,applies,False,,"Applies: 6 units, so the exemption for an owner-occupied two-family dwelling cannot apply. State screening rules apply too; both are listed here."
A0485,Cambridge,r-0033,pending,False,,"Bill, not law: a pending bill or proposal, not yet enacted."
A0485,Cambridge,r-0034,pending,False,,"Bill, not law: a pending bill or proposal, not yet enacted."
A0485,Cambridge,r-0035,applies,False,,Applies to all residential rentals in Massachusetts.
A0485,Cambridge,r-0036,applies,False,,Applies: apartments per the assessor.
A0485,Cambridge,r-0041,applies,False,,Applies to all residential rentals in Massachusetts.
A0485,Cambridge,r-0042,applies,False,,Applies to all residential rentals in Massachusetts.
A0485,Cambridge,r-0043,applies,False,,Applies: apartments per the assessor.
A0486,San Francisco,r-0013,applies,False,,Applies to all residential rentals in California.
A0486,San Francisco,r-0014,applies,False,,Applies to all residential rentals in California.
A0486,San Francisco,r-0015,superseded,False,Not a unit where the tenant shares a bathroom or kitchen with the owner-occupant | Not deed-restricted affordable housing | Once the tenant has lived in the unit for 12 months,Governed instead by San Francisco Rent Ordinance just cause eviction (S.F. Admin. Code § 37.9(a)); the stricter local rule applies here.
A0486,San Francisco,r-0016,superseded,False,Not deed-restricted or subsidised affordable housing,Governed instead by San Francisco annual allowable rent increase (3/1/2026–2/28/2027); the stricter local rule applies here.
A0486,San Francisco,r-0017,applies,False,,Applies to all residential rentals in California.
A0486,San Francisco,r-0018,applies,False,,"Applies: 9 units, above the coverage threshold."
A0486,San Francisco,r-0019,applies,False,Once the deposit was collected on or after 1 Jul 2024,Applies to all residential rentals in California. Protection begins once the deposit was collected on or after 1 Jul 2024.
A0486,San Francisco,r-0057,applies,False,,Applies to all residential rentals in San Francisco. State algorithm rules apply too; both are listed here.
A0486,San Francisco,r-0058,applies,False,,Applies to all residential rentals in San Francisco. Statutory exemptions for certain owner-occupied shared units and institutional housing cannot be checked from county data.
A0486,San Francisco,r-0059,applies,False,,"Applies: built 1910, before the 13 Jun 1979 certificate of occupancy cutoff."
A0486,San Francisco,r-0060,unknown,False,,Unknown: needs affordable housing status. The rule covers affordable housing.
A0486,San Francisco,r-0061,applies,False,,Applies to all residential rentals in San Francisco. State deposit rules apply too; both are listed here.
A0487,San Francisco,r-0013,applies,False,,Applies to all residential rentals in California.
A0487,San Francisco,r-0014,applies,False,,Applies to all residential rentals in California.
A0487,San Francisco,r-0015,superseded,False,Not a unit where the tenant shares a bathroom or kitchen with the owner-occupant | Not deed-restricted affordable housing | Once the tenant has lived in the unit for 12 months,Governed instead by San Francisco Rent Ordinance just cause eviction (S.F. Admin. Code § 37.9(a)); the stricter local rule applies here.
A0487,San Francisco,r-0016,superseded,False,Not deed-restricted or subsidised affordable housing,Governed instead by San Francisco annual allowable rent increase (3/1/2026–2/28/2027); the stricter local rule applies here.
A0487,San Francisco,r-0017,applies,False,,Applies to all residential rentals in California.
A0487,San Francisco,r-0018,applies,False,,"Applies: 11 units, above the coverage threshold."
A0487,San Francisco,r-0019,applies,False,Once the deposit was collected on or after 1 Jul 2024,Applies to all residential rentals in California. Protection begins once the deposit was collected on or after 1 Jul 2024.
A0487,San Francisco,r-0057,applies,False,,Applies to all residential rentals in San Francisco. State algorithm rules apply too; both are listed here.
A0487,San Francisco,r-0058,applies,False,,Applies to all residential rentals in San Francisco. Statutory exemptions for certain owner-occupied shared units and institutional housing cannot be checked from county data.
A0487,San Francisco,r-0059,applies,False,,"Applies: built 1900, before the 13 Jun 1979 certificate of occupancy cutoff."
A0487,San Francisco,r-0060,unknown,False,,Unknown: needs affordable housing status. The rule covers affordable housing.
A0487,San Francisco,r-0061,applies,False,,Applies to all residential rentals in San Francisco. State deposit rules apply too; both are listed here.
A0488,Boston,r-0008,applies,False,,Applies: apartments per the assessor.
A0488,Boston,r-0011,unknown,False,,Unknown: needs affordable housing status. The rule covers housing funded or land-assisted by the Boston Department of Neighborhood Development.
A0488,Boston,r-0012,applies,False,,Applies to all residential rentals in Boston. State screening rules apply too; both are listed here.
A0488,Boston,r-0033,pending,False,,"Bill, not law: a pending bill or proposal, not yet enacted."
A0488,Boston,r-0034,pending,False,,"Bill, not law: a pending bill or proposal, not yet enacted."
A0488,Boston,r-0035,applies,False,,Applies to all residential rentals in Massachusetts.
A0488,Boston,r-0036,applies,False,,Applies: apartments per the assessor.
A0488,Boston,r-0041,applies,False,,Applies to all residential rentals in Massachusetts.
A0488,Boston,r-0042,applies,False,,Applies to all residential rentals in Massachusetts.
A0488,Boston,r-0043,applies,False,,Applies: apartments per the assessor.
A0489,Hoboken,r-0023,applies,True,"Not a medical, long-term care or detention facility","Applies unless the property is a medical, long-term care or detention facility. Possible preemption: from 1 July 2027 the NJ FAIR Act may preempt the Hoboken and Jersey City algorithmic rent ordinances. Flagged for human review; not decided here."
A0489,Hoboken,r-0024,applies,False,,Applies to all residential rentals in Hoboken.
A0489,Hoboken,r-0025,unknown,False,"Not a hotel, motel, commercial or industrial unit, or institutional student housing","Unknown: needs the exemption details. Built 2000, after the 25 Jun 1987 certificate of occupancy cutoff; built 2000, after the 30 year certificate of occupancy window (built before 1996). The rule covers buildings built on or before 25 Jun 1987, or newer buildings whose exemption period (at most 30 years) has ended, and whether the exemption has ended is not in the data."
A0489,Hoboken,r-0044,not_yet_effective,True,,Not yet in force: takes effect 1 Jul 2027. Possible preemption: from 1 July 2027 the NJ FAIR Act may preempt the Hoboken and Jersey City algorithmic rent ordinances. Flagged for human review; not decided here.
A0489,Hoboken,r-0045,unknown,False,Not let through a licensed real estate agent who is not the landlord,Unknown: needs the building type. Exemption that depends on it: a one-family or two-family dwelling.
A0489,Hoboken,r-0046,unknown,False,"Not a hotel, motel or guest house let to transient or seasonal guests",Unknown: needs owner identity. Exemption that depends on it: an owner-occupied building with two or fewer rental units.
A0489,Hoboken,r-0047,unknown,False,"Not a hotel, motel or seasonal rental",Unknown: needs owner identity. Exemption that depends on it: an owner-occupied two- or three-family dwelling.
A0489,Hoboken,r-0049,unknown,False,,"Unknown: needs the unit count. Exemption that depends on it: an owner-occupied two-family dwelling. The assessor building code '6B-30U-G' suggests 30 units (derived, unconfirmed)."
A0489,Hoboken,r-0050,unknown,False,,Unknown: needs owner identity. Exemption that depends on it: an owner-occupied building with four or fewer units.
A0489,Hoboken,r-0051,unknown,False,Not a seasonal rental of 125 days or less,Unknown: needs owner identity. Exemption that depends on it: an owner-occupied building with two or fewer rental units.
A0490,Hoboken,r-0023,applies,True,"Not a medical, long-term care or detention facility","Applies unless the property is a medical, long-term care or detention facility. Possible preemption: from 1 July 2027 the NJ FAIR Act may preempt the Hoboken and Jersey City algorithmic rent ordinances. Flagged for human review; not decided here."
A0490,Hoboken,r-0024,applies,False,,Applies to all residential rentals in Hoboken.
A0490,Hoboken,r-0025,unknown,False,"Not a hotel, motel, commercial or industrial unit, or institutional student housing","Unknown: needs year built. The rule covers buildings built on or before 25 Jun 1987, or newer buildings whose exemption period (at most 30 years) has ended."
A0490,Hoboken,r-0044,not_yet_effective,True,,Not yet in force: takes effect 1 Jul 2027. Possible preemption: from 1 July 2027 the NJ FAIR Act may preempt the Hoboken and Jersey City algorithmic rent ordinances. Flagged for human review; not decided here.
A0490,Hoboken,r-0045,unknown,False,Not let through a licensed real estate agent who is not the landlord,Unknown: needs the building type. Exemption that depends on it: a one-family or two-family dwelling.
A0490,Hoboken,r-0046,unknown,False,"Not a hotel, motel or guest house let to transient or seasonal guests",Unknown: needs owner identity. Exemption that depends on it: an owner-occupied building with two or fewer rental units.
A0490,Hoboken,r-0047,unknown,False,"Not a hotel, motel or seasonal rental",Unknown: needs owner identity. Exemption that depends on it: an owner-occupied two- or three-family dwelling.
A0490,Hoboken,r-0049,unknown,False,,"Unknown: needs the unit count. Exemption that depends on it: an owner-occupied two-family dwelling. The assessor building code '4F-8U-C/3F-2U' suggests 10 units (derived, unconfirmed)."
A0490,Hoboken,r-0050,unknown,False,,Unknown: needs owner identity. Exemption that depends on it: an owner-occupied building with four or fewer units.
A0490,Hoboken,r-0051,unknown,False,Not a seasonal rental of 125 days or less,Unknown: needs owner identity. Exemption that depends on it: an owner-occupied building with two or fewer rental units.
A0491,Newark,r-0044,not_yet_effective,False,,Not yet in force: takes effect 1 Jul 2027.
A0491,Newark,r-0045,unknown,False,Not let through a licensed real estate agent who is not the landlord,Unknown: needs the building type. Exemption that depends on it: a one-family or two-family dwelling.
A0491,Newark,r-0046,unknown,False,"Not a hotel, motel or guest house let to transient or seasonal guests",Unknown: needs owner identity. Exemption that depends on it: an owner-occupied building with two or fewer rental units.
A0491,Newark,r-0047,unknown,False,"Not a hotel, motel or seasonal rental",Unknown: needs owner identity. Exemption that depends on it: an owner-occupied two- or three-family dwelling.
A0491,Newark,r-0049,unknown,False,,Unknown: needs the unit count. Exemption that depends on it: an owner-occupied two-family dwelling.
A0491,Newark,r-0050,unknown,False,,Unknown: needs owner identity. Exemption that depends on it: an owner-occupied building with four or fewer units.
A0491,Newark,r-0051,unknown,False,Not a seasonal rental of 125 days or less,Unknown: needs owner identity. Exemption that depends on it: an owner-occupied building with two or fewer rental units.
A0491,Newark,r-0052,unknown,False,Not a hotel or motel let day to day to transients | Not public housing or a unit whose rent a government agency regulates,Unknown: needs year built. Exemption that depends on it: a newly built multiple dwelling still within its exemption period (at most 30 years).
A0491,Newark,r-0053,unknown,False,Not housing designated for a programme for people with criminal records,Unknown: needs the unit count. Exemption that depends on it: an owner-occupied two-family dwelling or a room in an owner-occupied home.
A0492,Los Angeles,r-0013,applies,False,,Applies to all residential rentals in California.
A0492,Los Angeles,r-0014,applies,False,,Applies to all residential rentals in California.
A0492,Los Angeles,r-0015,superseded,False,Not a unit where the tenant shares a bathroom or kitchen with the owner-occupant | Not deed-restricted affordable housing | Once the tenant has lived in the unit for 12 months,Governed instead by Los Angeles Just Cause for Eviction Ordinance (JCO); the stricter local rule applies here.
A0492,Los Angeles,r-0016,unknown,False,Not deed-restricted or subsidised affordable housing,Unknown: needs owner identity. Exemption that depends on it: a building with a certificate of occupancy issued within the last 15 years.
A0492,Los Angeles,r-0017,applies,False,,Applies to all residential rentals in California.
A0492,Los Angeles,r-0018,applies,False,,"Applies: 131 units, above the coverage threshold."
A0492,Los Angeles,r-0019,applies,False,Once the deposit was collected on or after 1 Jul 2024,Applies to all residential rentals in California. Protection begins once the deposit was collected on or after 1 Jul 2024.
A0492,Los Angeles,r-0028,applies,False,"Not a cooperative, nonprofit homeless facility or short-term treatment facility | Once the tenant has lived in the unit for six months or the first lease has ended","Applies unless the property is a cooperative, nonprofit homeless facility or short-term treatment facility. Apartments per the assessor; built 2019, after the 1 Oct 1978 certificate of occupancy cutoff. Protection begins once the tenant has lived in the unit for six months or the first lease has ended."
A0492,Los Angeles,r-0031,applies,False,,Applies to all residential rentals in Los Angeles. State screening rules apply too; both are listed here.
A0493,San Francisco,r-0013,applies,False,,Applies to all residential rentals in California.
A0493,San Francisco,r-0014,applies,False,,Applies to all residential rentals in California.
A0493,San Francisco,r-0015,superseded,False,Not a unit where the tenant shares a bathroom or kitchen with the owner-occupant | Not deed-restricted affordable housing | Once the tenant has lived in the unit for 12 months,Governed instead by San Francisco Rent Ordinance just cause eviction (S.F. Admin. Code § 37.9(a)); the stricter local rule applies here.
A0493,San Francisco,r-0016,superseded,False,Not deed-restricted or subsidised affordable housing,Governed instead by San Francisco annual allowable rent increase (3/1/2026–2/28/2027); the stricter local rule applies here.
A0493,San Francisco,r-0017,applies,False,,Applies to all residential rentals in California.
A0493,San Francisco,r-0018,applies,False,,"Applies: 10 units, above the coverage threshold."
A0493,San Francisco,r-0019,applies,False,Once the deposit was collected on or after 1 Jul 2024,Applies to all residential rentals in California. Protection begins once the deposit was collected on or after 1 Jul 2024.
A0493,San Francisco,r-0057,applies,False,,Applies to all residential rentals in San Francisco. State algorithm rules apply too; both are listed here.
A0493,San Francisco,r-0058,applies,False,,Applies to all residential rentals in San Francisco. Statutory exemptions for certain owner-occupied shared units and institutional housing cannot be checked from county data.
A0493,San Francisco,r-0059,applies,False,,"Applies: built 1916, before the 13 Jun 1979 certificate of occupancy cutoff."
A0493,San Francisco,r-0060,unknown,False,,Unknown: needs affordable housing status. The rule covers affordable housing.
A0493,San Francisco,r-0061,applies,False,,Applies to all residential rentals in San Francisco. State deposit rules apply too; both are listed here.
A0494,San Francisco,r-0013,applies,False,,Applies to all residential rentals in California.
A0494,San Francisco,r-0014,applies,False,,Applies to all residential rentals in California.
A0494,San Francisco,r-0015,superseded,False,Not a unit where the tenant shares a bathroom or kitchen with the owner-occupant | Not deed-restricted affordable housing | Once the tenant has lived in the unit for 12 months,Governed instead by San Francisco Rent Ordinance just cause eviction (S.F. Admin. Code § 37.9(a)); the stricter local rule applies here.
A0494,San Francisco,r-0016,superseded,False,Not deed-restricted or subsidised affordable housing,Governed instead by San Francisco annual allowable rent increase (3/1/2026–2/28/2027); the stricter local rule applies here.
A0494,San Francisco,r-0017,applies,False,,Applies to all residential rentals in California.
A0494,San Francisco,r-0018,applies,False,,"Applies: 6 units, above the coverage threshold."
A0494,San Francisco,r-0019,applies,False,Once the deposit was collected on or after 1 Jul 2024,Applies to all residential rentals in California. Protection begins once the deposit was collected on or after 1 Jul 2024.
A0494,San Francisco,r-0057,applies,False,,Applies to all residential rentals in San Francisco. State algorithm rules apply too; both are listed here.
A0494,San Francisco,r-0058,applies,False,,Applies to all residential rentals in San Francisco. Statutory exemptions for certain owner-occupied shared units and institutional housing cannot be checked from county data.
A0494,San Francisco,r-0059,applies,False,,"Applies: built 1923, before the 13 Jun 1979 certificate of occupancy cutoff."
A0494,San Francisco,r-0060,unknown,False,,Unknown: needs affordable housing status. The rule covers affordable housing.
A0494,San Francisco,r-0061,applies,False,,Applies to all residential rentals in San Francisco. State deposit rules apply too; both are listed here.
A0495,Jersey City,r-0026,applies,True,"Not an inpatient medical, licensed long-term care or detention facility","Applies unless the property is an inpatient medical, licensed long-term care or detention facility. Possible preemption: from 1 July 2027 the NJ FAIR Act may preempt the Hoboken and Jersey City algorithmic rent ordinances. Flagged for human review; not decided here."
A0495,Jersey City,r-0027,unknown,False,,"Unknown: needs the unit count. The rule covers buildings with five or more units. The assessor building code '3S-B-D-6U-NH' suggests 6 units (derived, unconfirmed)."
A0495,Jersey City,r-0044,not_yet_effective,True,,Not yet in force: takes effect 1 Jul 2027. Possible preemption: from 1 July 2027 the NJ FAIR Act may preempt the Hoboken and Jersey City algorithmic rent ordinances. Flagged for human review; not decided here.
A0495,Jersey City,r-0045,unknown,False,Not let through a licensed real estate agent who is not the landlord,Unknown: needs the building type. Exemption that depends on it: a one-family or two-family dwelling.
A0495,Jersey City,r-0046,unknown,False,"Not a hotel, motel or guest house let to transient or seasonal guests",Unknown: needs owner identity. Exemption that depends on it: an owner-occupied building with two or fewer rental units.
A0495,Jersey City,r-0047,unknown,False,"Not a hotel, motel or seasonal rental",Unknown: needs owner identity. Exemption that depends on it: an owner-occupied two- or three-family dwelling.
A0495,Jersey City,r-0049,unknown,False,,"Unknown: needs the unit count. Exemption that depends on it: an owner-occupied two-family dwelling. The assessor building code '3S-B-D-6U-NH' suggests 6 units (derived, unconfirmed)."
A0495,Jersey City,r-0050,unknown,False,,Unknown: needs owner identity. Exemption that depends on it: an owner-occupied building with four or fewer units.
A0495,Jersey City,r-0051,unknown,False,Not a seasonal rental of 125 days or less,Unknown: needs owner identity. Exemption that depends on it: an owner-occupied building with two or fewer rental units.
A0496,San Diego,r-0013,applies,False,,Applies to all residential rentals in California.
A0496,San Diego,r-0014,applies,False,,Applies to all residential rentals in California.
A0496,San Diego,r-0015,superseded,False,Not a unit where the tenant shares a bathroom or kitchen with the owner-occupant | Not deed-restricted affordable housing | Once the tenant has lived in the unit for 12 months,"Governed instead by San Diego Residential Tenant Protections (just cause for termination of tenancy); it shares the same coverage condition, so wherever this rule applies the stricter local rule governs."
A0496,San Diego,r-0016,unknown,False,Not deed-restricted or subsidised affordable housing,Unknown: needs year built. Exemption that depends on it: a building with a certificate of occupancy issued within the last 15 years.
A0496,San Diego,r-0017,applies,False,,Applies to all residential rentals in California.
A0496,San Diego,r-0018,applies,False,,"Applies: 8 units, above the coverage threshold."
A0496,San Diego,r-0019,applies,False,Once the deposit was collected on or after 1 Jul 2024,Applies to all residential rentals in California. Protection begins once the deposit was collected on or after 1 Jul 2024.
A0496,San Diego,r-0054,applies,False,Not an affordable housing unit whose rent or income limits are set by programme guidelines,Applies unless the property is an affordable housing unit whose rent or income limits are set by programme guidelines. State algorithm rules apply too; both are listed here.
A0496,San Diego,r-0055,unknown,False,Not deed-restricted or subsidised affordable housing (Section 8 vouchers do not count) | Not a unit where the tenant shares a bath or kitchen with the owner | Once the tenancy has lasted more than 30 days,Unknown: needs year built. The rule covers buildings with a certificate of occupancy at least 15 years old.
A0496,San Diego,r-0056,applies,False,,"Applies: 8 units, above the coverage threshold. State screening rules apply too; both are listed here."
A0497,San Diego,r-0013,applies,False,,Applies to all residential rentals in California.
A0497,San Diego,r-0014,applies,False,,Applies to all residential rentals in California.
A0497,San Diego,r-0015,superseded,False,Not a unit where the tenant shares a bathroom or kitchen with the owner-occupant | Not deed-restricted affordable housing | Once the tenant has lived in the unit for 12 months,"Governed instead by San Diego Residential Tenant Protections (just cause for termination of tenancy); it shares the same coverage condition, so wherever this rule applies the stricter local rule governs."
A0497,San Diego,r-0016,unknown,False,Not deed-restricted or subsidised affordable housing,Unknown: needs year built. Exemption that depends on it: a building with a certificate of occupancy issued within the last 15 years.
A0497,San Diego,r-0017,applies,False,,Applies to all residential rentals in California.
A0497,San Diego,r-0018,applies,False,,"Applies: 5 units, above the coverage threshold."
A0497,San Diego,r-0019,applies,False,Once the deposit was collected on or after 1 Jul 2024,Applies to all residential rentals in California. Protection begins once the deposit was collected on or after 1 Jul 2024.
A0497,San Diego,r-0054,applies,False,Not an affordable housing unit whose rent or income limits are set by programme guidelines,Applies unless the property is an affordable housing unit whose rent or income limits are set by programme guidelines. State algorithm rules apply too; both are listed here.
A0497,San Diego,r-0055,unknown,False,Not deed-restricted or subsidised affordable housing (Section 8 vouchers do not count) | Not a unit where the tenant shares a bath or kitchen with the owner | Once the tenancy has lasted more than 30 days,Unknown: needs year built. The rule covers buildings with a certificate of occupancy at least 15 years old.
A0497,San Diego,r-0056,applies,False,,"Applies: 5 units, above the coverage threshold. State screening rules apply too; both are listed here."
A0498,Newark,r-0044,not_yet_effective,False,,Not yet in force: takes effect 1 Jul 2027.
A0498,Newark,r-0045,unknown,False,Not let through a licensed real estate agent who is not the landlord,Unknown: needs the building type. Exemption that depends on it: a one-family or two-family dwelling.
A0498,Newark,r-0046,unknown,False,"Not a hotel, motel or guest house let to transient or seasonal guests",Unknown: needs owner identity. Exemption that depends on it: an owner-occupied building with two or fewer rental units.
A0498,Newark,r-0047,unknown,False,"Not a hotel, motel or seasonal rental",Unknown: needs owner identity. Exemption that depends on it: an owner-occupied two- or three-family dwelling.
A0498,Newark,r-0049,unknown,False,,Unknown: needs the unit count. Exemption that depends on it: an owner-occupied two-family dwelling.
A0498,Newark,r-0050,unknown,False,,Unknown: needs owner identity. Exemption that depends on it: an owner-occupied building with four or fewer units.
A0498,Newark,r-0051,unknown,False,Not a seasonal rental of 125 days or less,Unknown: needs owner identity. Exemption that depends on it: an owner-occupied building with two or fewer rental units.
A0498,Newark,r-0052,unknown,False,Not a hotel or motel let day to day to transients | Not public housing or a unit whose rent a government agency regulates,Unknown: needs year built. Exemption that depends on it: a newly built multiple dwelling still within its exemption period (at most 30 years).
A0498,Newark,r-0053,unknown,False,Not housing designated for a programme for people with criminal records,Unknown: needs the unit count. Exemption that depends on it: an owner-occupied two-family dwelling or a room in an owner-occupied home.
A0499,Los Angeles,r-0013,applies,False,,Applies to all residential rentals in California.
A0499,Los Angeles,r-0014,applies,False,,Applies to all residential rentals in California.
A0499,Los Angeles,r-0015,superseded,False,Not a unit where the tenant shares a bathroom or kitchen with the owner-occupant | Not deed-restricted affordable housing | Once the tenant has lived in the unit for 12 months,Governed instead by Relocation assistance for no-fault evictions under the RSO and JCO; the stricter local rule applies here.
A0499,Los Angeles,r-0016,superseded,False,Not deed-restricted or subsidised affordable housing,Governed instead by Los Angeles Rent Stabilization Ordinance (RSO) allowable rent increases; the stricter local rule applies here.
A0499,Los Angeles,r-0017,applies,False,,Applies to all residential rentals in California.
A0499,Los Angeles,r-0018,applies,False,,"Applies: 33 units, above the coverage threshold."
A0499,Los Angeles,r-0019,applies,False,Once the deposit was collected on or after 1 Jul 2024,Applies to all residential rentals in California. Protection begins once the deposit was collected on or after 1 Jul 2024.
A0499,Los Angeles,r-0028,unknown,False,"Not a cooperative, nonprofit homeless facility or short-term treatment facility | Once the tenant has lived in the unit for six months or the first lease has ended","Unknown: this building is under the RSO (built 1962), so the JCO applies only if the unit is exempt from the RSO; RSO exemption status is not in the data."
A0499,Los Angeles,r-0029,applies,False,Not a housing authority or government-owned property,"Applies unless the property is a housing authority or government-owned property. Apartments per the assessor; built 1962, before the 1 Oct 1978 certificate of occupancy cutoff."
A0499,Los Angeles,r-0030,applies,True,"Not government-owned or regulated housing, or affordable housing with a recorded covenant","Applies unless the property is government-owned or regulated housing, or affordable housing with a recorded covenant. Built 1962, before the 1 Oct 1978 certificate of occupancy cutoff; apartments per the assessor. Open question: two published effective dates for the new formula (2 February 2026 per LAHD; 24 January 2026 per a landlord association). Flagged for human review."
A0499,Los Angeles,r-0031,applies,False,,Applies to all residential rentals in Los Angeles. State screening rules apply too; both are listed here.
A0499,Los Angeles,r-0032,applies,False,Once the deposit has been held for at least one year,"Applies: built 1962, before the 1 Oct 1978 certificate of occupancy cutoff; apartments per the assessor. Protection begins once the deposit has been held for at least one year. State deposit rules apply too; both are listed here."
A0500,Los Angeles,r-0013,applies,False,,Applies to all residential rentals in California.
A0500,Los Angeles,r-0014,applies,False,,Applies to all residential rentals in California.
A0500,Los Angeles,r-0015,superseded,False,Not a unit where the tenant shares a bathroom or kitchen with the owner-occupant | Not deed-restricted affordable housing | Once the tenant has lived in the unit for 12 months,Governed instead by Relocation assistance for no-fault evictions under the RSO and JCO; the stricter local rule applies here.
A0500,Los Angeles,r-0016,superseded,False,Not deed-restricted or subsidised affordable housing,Governed instead by Los Angeles Rent Stabilization Ordinance (RSO) allowable rent increases; the stricter local rule applies here.
A0500,Los Angeles,r-0017,applies,False,,Applies to all residential rentals in California.
A0500,Los Angeles,r-0018,applies,False,,"Applies: 36 units, above the coverage threshold."
A0500,Los Angeles,r-0019,applies,False,Once the deposit was collected on or after 1 Jul 2024,Applies to all residential rentals in California. Protection begins once the deposit was collected on or after 1 Jul 2024.
A0500,Los Angeles,r-0028,unknown,False,"Not a cooperative, nonprofit homeless facility or short-term treatment facility | Once the tenant has lived in the unit for six months or the first lease has ended","Unknown: this building is under the RSO (built 1954), so the JCO applies only if the unit is exempt from the RSO; RSO exemption status is not in the data."
A0500,Los Angeles,r-0029,applies,False,Not a housing authority or government-owned property,"Applies unless the property is a housing authority or government-owned property. Apartments per the assessor; built 1954, before the 1 Oct 1978 certificate of occupancy cutoff."
A0500,Los Angeles,r-0030,applies,True,"Not government-owned or regulated housing, or affordable housing with a recorded covenant","Applies unless the property is government-owned or regulated housing, or affordable housing with a recorded covenant. Built 1954, before the 1 Oct 1978 certificate of occupancy cutoff; apartments per the assessor. Open question: two published effective dates for the new formula (2 February 2026 per LAHD; 24 January 2026 per a landlord association). Flagged for human review."
A0500,Los Angeles,r-0031,applies,False,,Applies to all residential rentals in Los Angeles. State screening rules apply too; both are listed here.
A0500,Los Angeles,r-0032,applies,False,Once the deposit has been held for at least one year,"Applies: built 1954, before the 1 Oct 1978 certificate of occupancy cutoff; apartments per the assessor. Protection begins once the deposit has been held for at least one year. State deposit rules apply too; both are listed here."
