address_id,match,matched_address,lon,lat,state_fips,county_fips,place,method
SF00001,Match,"704 N POINT ST, SAN FRANCISCO, CA, 94109",-122.419133217684,37.805936923428,06,075,San Francisco city,census
SF00002,Match,"710 N POINT ST, SAN FRANCISCO, CA, 94109",-122.419208270571,37.805927273579,06,075,San Francisco city,census
SF00003,Match,"738 N POINT ST, SAN FRANCISCO, CA, 94109",-122.419558517375,37.805882240951,06,075,San Francisco city,census
SF00004,Match,"764 N POINT ST, SAN FRANCISCO, CA, 94109",-122.41988374655,37.80584042494,06,075,San Francisco city,census
SF00005,Match,"2706 HYDE ST, SAN FRANCISCO, CA, 94109",-122.420319182398,37.805836160839,06,075,San Francisco city,census
SF00006,Match,"2714 HYDE ST, SAN FRANCISCO, CA, 94109",-122.420332895354,37.80590349818,06,075,San Francisco city,census
SF00007,Match,"1321 COLUMBUS AVE, SAN FRANCISCO, CA, 94133",-122.419024058504,37.806329610094,06,075,San Francisco city,census
SF00008,Match,"2741 HYDE ST, SAN FRANCISCO, CA, 94109",-122.42052065596,37.806104141001,06,075,San Francisco city,census
SF00009,Match,"2735 HYDE ST, SAN FRANCISCO, CA, 94109",-122.420510371243,37.806053637996,06,075,San Francisco city,census
SF00010,Match,"2719 HYDE ST, SAN FRANCISCO, CA, 94109",-122.420482945329,37.805918963314,06,075,San Francisco city,census
SF00011,Match,"2711 HYDE ST, SAN FRANCISCO, CA, 94109",-122.420469232373,37.805851625973,06,075,San Francisco city,census
SF00012,Match,"816 N POINT ST, SAN FRANCISCO, CA, 94109",-122.420696844891,37.805733490781,06,075,San Francisco city,census
SF00013,Match,"830 N POINT ST, SAN FRANCISCO, CA, 94109",-122.420910425277,37.805704413391,06,075,San Francisco city,census
SF00014,Match,"820 N POINT ST, SAN FRANCISCO, CA, 94109",-122.420757867859,37.805725182955,06,075,San Francisco city,census
SF00015,Match,"872 N POINT ST, SAN FRANCISCO, CA, 94109",-122.421551166436,37.805617181224,06,075,San Francisco city,census
SF00016,Match,"721 BEACH ST, SAN FRANCISCO, CA, 94109",-122.420829481524,37.806563304519,06,075,San Francisco city,census
SF00017,Match,"717 BEACH ST, SAN FRANCISCO, CA, 94109",-122.420787424178,37.806569011498,06,075,San Francisco city,census
SF00018,Match,"3030 LARKIN ST, SAN FRANCISCO, CA, 94109",-122.421997625656,37.805815383899,06,075,San Francisco city,census
SF00019,Match,"846 N POINT ST, SAN FRANCISCO, CA, 94109",-122.421154517147,37.805671182089,06,075,San Francisco city,census
SF00020,Match,"884 N POINT ST, SAN FRANCISCO, CA, 94109",-122.421734235338,37.805592257747,06,075,San Francisco city,census
SF00021,Match,"2639 HYDE ST, SAN FRANCISCO, CA, 94109",-122.42036005214,37.805318007613,06,075,San Francisco city,census
SF00022,Match,"2633 HYDE ST, SAN FRANCISCO, CA, 94109",-122.420353160579,37.805284381327,06,075,San Francisco city,census
SF00023,Match,"2627 HYDE ST, SAN FRANCISCO, CA, 94109",-122.420320770056,37.805126720675,06,075,San Francisco city,census
SF00024,Match,"2621 HYDE ST, SAN FRANCISCO, CA, 94109",-122.420307033839,37.805059949091,06,075,San Francisco city,census
SF00025,Match,"2615 HYDE ST, SAN FRANCISCO, CA, 94109",-122.420293297621,37.804993177508,06,075,San Francisco city,census
SF00026,Match,"812 BAY ST, SAN FRANCISCO, CA, 94109",-122.420444858355,37.804811495775,06,075,San Francisco city,census
SF00027,Match,"828 BAY ST, SAN FRANCISCO, CA, 94109",-122.420688792809,37.804777965732,06,075,San Francisco city,census
SF00028,Match,"838 BAY ST, SAN FRANCISCO, CA, 94109",-122.420841251843,37.804757009456,06,075,San Francisco city,census
SF00029,Match,"848 BAY ST, SAN FRANCISCO, CA, 94109",-122.420993710876,37.804736053179,06,075,San Francisco city,census
SF00030,Match,"860 BAY ST, SAN FRANCISCO, CA, 94109",-122.421176661717,37.804710905647,06,075,San Francisco city,census
SF00031,Match,"870 BAY ST, SAN FRANCISCO, CA, 94109",-122.421329120751,37.804689949371,06,075,San Francisco city,census
SF00032,Match,"2914 LARKIN ST, SAN FRANCISCO, CA, 94109",-122.421779262494,37.804747750317,06,075,San Francisco city,census
SF00033,Match,"2930 LARKIN ST, SAN FRANCISCO, CA, 94109",-122.421806853716,37.804881437767,06,075,San Francisco city,census
SF00034,Match,"865 N POINT ST, SAN FRANCISCO, CA, 94109",-122.421404492196,37.805520869873,06,075,San Francisco city,census
SF00035,Match,"2940 LARKIN ST, SAN FRANCISCO, CA, 94109",-122.42182409823,37.804964992424,06,075,San Francisco city,census
SF00036,Match,"2946 LARKIN ST, SAN FRANCISCO, CA, 94109",-122.421834444938,37.805015125218,06,075,San Francisco city,census
SF00037,Match,"853 N POINT ST, SAN FRANCISCO, CA, 94109",-122.421221423294,37.805545793349,06,075,San Francisco city,census
SF00038,Match,"847 N POINT ST, SAN FRANCISCO, CA, 94109",-122.421129888843,37.805558255087,06,075,San Francisco city,census
SF00039,Match,"821 N POINT ST, SAN FRANCISCO, CA, 94109",-122.420733239555,37.805612255953,06,075,San Francisco city,census
SF00040,Match,"814 BAY ST, SAN FRANCISCO, CA, 94109",-122.420475350162,37.804807304519,06,075,San Francisco city,census
SF00041,Match,"829 N POINT ST, SAN FRANCISCO, CA, 94109",-122.420855285489,37.805595640302,06,075,San Francisco city,census
SF00042,Match,"2603 HYDE ST, SAN FRANCISCO, CA, 94109",-122.420265825186,37.804859634341,06,075,San Francisco city,census
SF00043,Match,"800 BAY ST, SAN FRANCISCO, CA, 94109",-122.420261907515,37.804836643306,06,075,San Francisco city,census
SF00044,Match,"2663 LEAVENWORTH ST, SAN FRANCISCO, CA, 94133",-122.418745061249,37.805702618686,06,075,San Francisco city,census
SF00045,Match,"2645 LEAVENWORTH ST, SAN FRANCISCO, CA, 94133",-122.418728509413,37.805620731245,06,075,San Francisco city,census
SF00046,Match,"2637 LEAVENWORTH ST, SAN FRANCISCO, CA, 94133",-122.418721153041,37.805584336827,06,075,San Francisco city,census
SF00047,Match,"2651 LEAVENWORTH ST, SAN FRANCISCO, CA, 94133",-122.418734026691,37.805648027059,06,075,San Francisco city,census
SF00048,Match,"2657 LEAVENWORTH ST, SAN FRANCISCO, CA, 94133",-122.41873954397,37.805675322872,06,075,San Francisco city,census
SF00049,Match,"2631 LEAVENWORTH ST, SAN FRANCISCO, CA, 94133",-122.418715635762,37.805557041014,06,075,San Francisco city,census
SF00050,Match,"700 BAY ST, SAN FRANCISCO, CA, 94109",-122.418614107257,37.805046484485,06,075,San Francisco city,census
SF00051,Match,"714 BAY ST, SAN FRANCISCO, CA, 94109",-122.418961044698,37.805001553544,06,075,San Francisco city,census
SF00052,Match,"724 BAY ST, SAN FRANCISCO, CA, 94109",-122.419098760573,37.804984181463,06,075,San Francisco city,census
SF00053,Match,"728 BAY ST, SAN FRANCISCO, CA, 94109",-122.419153846923,37.804977232631,06,075,San Francisco city,census
SF00054,Match,"750 BAY ST, SAN FRANCISCO, CA, 94109",-122.419456821848,37.804939014054,06,075,San Francisco city,census
SF00055,Match,"756 BAY ST, SAN FRANCISCO, CA, 94109",-122.419539451373,37.804928590806,06,075,San Francisco city,census
SF00056,Match,"2618 HYDE ST, SAN FRANCISCO, CA, 94109",-122.420165640229,37.805086893942,06,075,San Francisco city,census
SF00057,Match,"790 BAY ST, SAN FRANCISCO, CA, 94109",-122.420007685348,37.804869525732,06,075,San Francisco city,census
SF00058,Match,"2638 HYDE ST, SAN FRANCISCO, CA, 94109",-122.420220820785,37.805355539529,06,075,San Francisco city,census
SF00059,Match,"2642 HYDE ST, SAN FRANCISCO, CA, 94109",-122.420225152623,37.805376676051,06,075,San Francisco city,census
SF00060,Match,"2646 HYDE ST, SAN FRANCISCO, CA, 94109",-122.420229484461,37.805397812574,06,075,San Francisco city,census
SF00061,Match,"2650 HYDE ST, SAN FRANCISCO, CA, 94109",-122.420233816299,37.805418949097,06,075,San Francisco city,census
SF00062,Match,"2654 HYDE ST, SAN FRANCISCO, CA, 94109",-122.420238148137,37.80544008562,06,075,San Francisco city,census
SF00063,Match,"769 N POINT ST, SAN FRANCISCO, CA, 94109",-122.419837263892,37.805730302757,06,075,San Francisco city,census
SF00064,Match,"735 N POINT ST, SAN FRANCISCO, CA, 94109",-122.419328978897,37.805795654985,06,075,San Francisco city,census
SF00065,Match,"729 N POINT ST, SAN FRANCISCO, CA, 94109",-122.419239281544,37.805807187731,06,075,San Francisco city,census
SF00066,Match,"723 N POINT ST, SAN FRANCISCO, CA, 94109",-122.419149584192,37.805818720477,06,075,San Francisco city,census
SF00067,Match,"736 BAY ST, SAN FRANCISCO, CA, 94109",-122.419264019623,37.804963334967,06,075,San Francisco city,census
SF00068,Match,"734 BAY ST, SAN FRANCISCO, CA, 94109",-122.419236476448,37.804966809383,06,075,San Francisco city,census
SF00069,Match,"660 BAY ST, SAN FRANCISCO, CA, 94133",-122.418020770912,37.805123916535,06,075,San Francisco city,census
SF00070,Match,"666 BAY ST, SAN FRANCISCO, CA, 94133",-122.418091908469,37.805114600052,06,075,San Francisco city,census
SF00071,Match,"672 BAY ST, SAN FRANCISCO, CA, 94133",-122.418163046026,37.805105283569,06,075,San Francisco city,census
SF00072,Match,"2622 LEAVENWORTH ST, SAN FRANCISCO, CA, 94133",-122.418514215019,37.805285141267,06,075,San Francisco city,census
SF00073,Match,"2628 LEAVENWORTH ST, SAN FRANCISCO, CA, 94133",-122.418544829754,37.805438633387,06,075,San Francisco city,census
SF00074,Match,"2616 LEAVENWORTH ST, SAN FRANCISCO, CA, 94133",-122.418502305595,37.805224960196,06,075,San Francisco city,census
SF00075,Match,"2608 LEAVENWORTH ST, SAN FRANCISCO, CA, 94133",-122.418486426363,37.805144718767,06,075,San Francisco city,census
SF00076,Match,"2640 LEAVENWORTH ST, SAN FRANCISCO, CA, 94133",-122.418560278134,37.805515061665,06,075,San Francisco city,census
SF00077,Match,"1255 COLUMBUS AVE, SAN FRANCISCO, CA, 94133",-122.417904951333,37.805567894054,06,075,San Francisco city,census
SF00078,Match,"2211 STOCKTON ST, SAN FRANCISCO, CA, 94133",-122.410410747036,37.806159489491,06,075,San Francisco city,census
SF00079,Match,"2310 POWELL ST, SAN FRANCISCO, CA, 94133",-122.411907133465,37.805974379209,06,075,San Francisco city,census
SF00080,Match,"2210 STOCKTON ST, SAN FRANCISCO, CA, 94133",-122.410267488773,37.806177375074,06,075,San Francisco city,census
SF00081,Match,"150 FRANCISCO ST, SAN FRANCISCO, CA, 94133",-122.408355046828,37.805378809401,06,075,San Francisco city,census
SF00082,Match,"2013 GRANT AVE, SAN FRANCISCO, CA, 94133",-122.408610698142,37.805383485801,06,075,San Francisco city,census
SF00083,Match,"208 FRANCISCO ST, SAN FRANCISCO, CA, 94133",-122.40870951084,37.805334965853,06,075,San Francisco city,census
SF00084,Match,"212 FRANCISCO ST, SAN FRANCISCO, CA, 94133",-122.408762400492,37.805328507074,06,075,San Francisco city,census
SF00085,Match,"220 FRANCISCO ST, SAN FRANCISCO, CA, 94133",-122.408868179795,37.805315589515,06,075,San Francisco city,census
SF00086,Match,"232 FRANCISCO ST, SAN FRANCISCO, CA, 94133",-122.409026848751,37.805296213178,06,075,San Francisco city,census
SF00087,Match,"238 FRANCISCO ST, SAN FRANCISCO, CA, 94133",-122.409106183229,37.805286525009,06,075,San Francisco city,census
SF00088,Match,"250 FRANCISCO ST, SAN FRANCISCO, CA, 94133",-122.409382228875,37.805252342193,06,075,San Francisco city,census
SF00089,Match,"256 FRANCISCO ST, SAN FRANCISCO, CA, 94133",-122.409455602948,37.805242899274,06,075,San Francisco city,census
SF00090,Match,"270 FRANCISCO ST, SAN FRANCISCO, CA, 94133",-122.409739349556,37.805206119781,06,075,San Francisco city,census
SF00091,Match,"278 FRANCISCO ST, SAN FRANCISCO, CA, 94133",-122.409832179845,37.805194043057,06,075,San Francisco city,census
SF00092,Match,"2110 STOCKTON ST, SAN FRANCISCO, CA, 94133",-122.41008055155,37.805246932027,06,075,San Francisco city,census
SF00093,Match,"2130 STOCKTON ST, SAN FRANCISCO, CA, 94133",-122.410114076188,37.805413625213,06,075,San Francisco city,census
SF00094,Match,"131 BAY ST, SAN FRANCISCO, CA, 94133",-122.409689665427,37.806048394428,06,075,San Francisco city,census
SF00095,Match,"125 BAY ST, SAN FRANCISCO, CA, 94133",-122.409642167379,37.806054390262,06,075,San Francisco city,census
SF00096,Match,"2133 STOCKTON ST, SAN FRANCISCO, CA, 94133",-122.410260665538,37.805412311382,06,075,San Francisco city,census
SF00097,Match,"300 FRANCISCO ST, SAN FRANCISCO, CA, 94133",-122.410206495412,37.805146174682,06,075,San Francisco city,census
SF00098,Match,"308 FRANCISCO ST, SAN FRANCISCO, CA, 94133",-122.410311615846,37.805133721639,06,075,San Francisco city,census
SF00099,Match,"348 FRANCISCO ST, SAN FRANCISCO, CA, 94133",-122.410988480623,37.805050725744,06,075,San Francisco city,census
SF00100,Match,"360 FRANCISCO ST, SAN FRANCISCO, CA, 94133",-122.411160589926,37.805029314973,06,075,San Francisco city,census
SF00101,Match,"378 FRANCISCO ST, SAN FRANCISCO, CA, 94133",-122.41141875388,37.804997198819,06,075,San Francisco city,census
SF00102,Match,"227 BAY ST, SAN FRANCISCO, CA, 94133",-122.410768262744,37.805913362658,06,075,San Francisco city,census
SF00103,Match,"2237 POWELL ST, SAN FRANCISCO, CA, 94133",-122.41194700057,37.805439678985,06,075,San Francisco city,census
SF00104,Match,"2231 POWELL ST, SAN FRANCISCO, CA, 94133",-122.411940861209,37.805408724955,06,075,San Francisco city,census
SF00105,Match,"2201 POWELL ST, SAN FRANCISCO, CA, 94133",-122.411848808356,37.804943759604,06,075,San Francisco city,census
SF00106,Match,"414 FRANCISCO ST, SAN FRANCISCO, CA, 94133",-122.412066225054,37.804915760495,06,075,San Francisco city,census
SF00107,Match,"424 FRANCISCO ST, SAN FRANCISCO, CA, 94133",-122.412221314013,37.804895988442,06,075,San Francisco city,census
SF00108,Match,"480 FRANCISCO ST, SAN FRANCISCO, CA, 94133",-122.413089812186,37.804785264941,06,075,San Francisco city,census
SF00109,Match,"484 FRANCISCO ST, SAN FRANCISCO, CA, 94133",-122.413151847769,37.804777356119,06,075,San Francisco city,census
SF00110,Match,"490 FRANCISCO ST, SAN FRANCISCO, CA, 94133",-122.413244901145,37.804765492887,06,075,San Francisco city,census
SF00111,Match,"75 VANDEWATER ST, SAN FRANCISCO, CA, 94133",-122.413062007118,37.805151197681,06,075,San Francisco city,census
SF00112,Match,"365 BAY ST, SAN FRANCISCO, CA, 94133",-122.412996915429,37.805635962024,06,075,San Francisco city,census
SF00113,Match,"333 BAY ST, SAN FRANCISCO, CA, 94133",-122.412503608623,37.805697709714,06,075,San Francisco city,census
SF00114,Match,"2300 MASON ST, SAN FRANCISCO, CA, 94133",-122.41336780309,37.804748998202,06,075,San Francisco city,census
SF00115,Match,"7 VANDEWATER ST, SAN FRANCISCO, CA, 94133",-122.412010920609,37.805283692642,06,075,San Francisco city,census
SF00116,Match,"2515 JONES ST, SAN FRANCISCO, CA, 94133",-122.41679315774,37.804395627317,06,075,San Francisco city,census
SF00117,Match,"2509 JONES ST, SAN FRANCISCO, CA, 94133",-122.416787076506,37.804365210679,06,075,San Francisco city,census
SF00118,Match,"2501 JONES ST, SAN FRANCISCO, CA, 94133",-122.416778968195,37.804324655162,06,075,San Francisco city,census
SF00119,Match,"726 FRANCISCO ST, SAN FRANCISCO, CA, 94133",-122.417178159321,37.804274448559,06,075,San Francisco city,census
SF00120,Match,"55 BRET HARTE TER, SAN FRANCISCO, CA, 94133",-122.417644029108,37.804603504302,06,075,San Francisco city,census
SF00121,Match,"649 BAY ST, SAN FRANCISCO, CA, 94133",-122.417854767377,37.805029502255,06,075,San Francisco city,census
SF00122,Match,"70 BRET HARTE TER, SAN FRANCISCO, CA, 94133",-122.417522794101,37.804729614514,06,075,San Francisco city,census
SF00123,Match,"641 BAY ST, SAN FRANCISCO, CA, 94133",-122.417759919766,37.805041936501,06,075,San Francisco city,census
SF00124,Match,"611 BAY ST, SAN FRANCISCO, CA, 94133",-122.417404241226,37.805088564925,06,075,San Francisco city,census
SF00125,Match,"653 BAY ST, SAN FRANCISCO, CA, 94133",-122.417902204132,37.805023289688,06,075,San Francisco city,census
SF00126,Match,"2550 LEAVENWORTH ST, SAN FRANCISCO, CA, 94133",-122.418398442879,37.804711139319,06,075,San Francisco city,census
SF00127,Match,"2523 LEAVENWORTH ST, SAN FRANCISCO, CA, 94133",-122.418517597676,37.804575821768,06,075,San Francisco city,census
SF00128,Match,"777 BAY ST, SAN FRANCISCO, CA, 94109",-122.419835299408,37.804775228708,06,075,San Francisco city,census
SF00129,Match,"2560 HYDE ST, SAN FRANCISCO, CA, 94109",-122.420059645866,37.804571290534,06,075,San Francisco city,census
SF00130,Match,"785 BAY ST, SAN FRANCISCO, CA, 94109",-122.419929733151,37.804763316425,06,075,San Francisco city,census
SF00131,Match,"2425 HYDE ST, SAN FRANCISCO, CA, 94109",-122.419922454874,37.803182614276,06,075,San Francisco city,census
SF00132,Match,"1000 CHESTNUT ST, SAN FRANCISCO, CA, 94109",-122.419880893104,37.802973607415,06,075,San Francisco city,census
SF00133,Match,"1040 CHESTNUT ST, SAN FRANCISCO, CA, 94109",-122.420509517968,37.80288694808,06,075,San Francisco city,census
SF00134,Match,"1050 CHESTNUT ST, SAN FRANCISCO, CA, 94109",-122.420666674184,37.802865283246,06,075,San Francisco city,census
SF00135,Match,"1052 CHESTNUT ST, SAN FRANCISCO, CA, 94109",-122.420698105427,37.802860950279,06,075,San Francisco city,census
SF00136,Match,"2423 LEAVENWORTH ST, SAN FRANCISCO, CA, 94133",-122.418252542712,37.803272679621,06,075,San Francisco city,census
SF00137,Match,"900 CHESTNUT ST, SAN FRANCISCO, CA, 94109",-122.418234170987,37.803182456207,06,075,San Francisco city,census
SF00138,Match,"970 CHESTNUT ST, SAN FRANCISCO, CA, 94109",-122.419318530935,37.803045240534,06,075,San Francisco city,census
SF00139,Match,"2455 LEAVENWORTH ST, SAN FRANCISCO, CA, 94133",-122.41827928142,37.803403895861,06,075,San Francisco city,census
SF00140,Match,"2430 LEAVENWORTH ST, SAN FRANCISCO, CA, 94133",-122.418167743153,37.803577418088,06,075,San Francisco city,census
SF00141,Match,"785 FRANCISCO ST, SAN FRANCISCO, CA, 94133",-122.4181958158,37.804030323748,06,075,San Francisco city,census
SF00142,Match,"781 FRANCISCO ST, SAN FRANCISCO, CA, 94133",-122.418178072168,37.804032565183,06,075,San Francisco city,census
SF00143,Match,"1050 COLUMBUS AVE, SAN FRANCISCO, CA, 94133",-122.415523613064,37.804066911058,06,075,San Francisco city,census
SF00144,Match,"1018 COLUMBUS AVE, SAN FRANCISCO, CA, 94133",-122.415090643645,37.803766566529,06,075,San Francisco city,census
SF00145,Match,"756 CHESTNUT ST, SAN FRANCISCO, CA, 94133",-122.415811259766,37.803489011282,06,075,San Francisco city,census
SF00146,Match,"33 HOUSTON ST, SAN FRANCISCO, CA, 94133",-122.416198560349,37.803802146463,06,075,San Francisco city,census
SF00147,Match,"760 CHESTNUT ST, SAN FRANCISCO, CA, 94133",-122.415872101853,37.803481787946,06,075,San Francisco city,census
SF00148,Match,"764 CHESTNUT ST, SAN FRANCISCO, CA, 94133",-122.41593294394,37.80347456461,06,075,San Francisco city,census
SF00149,Match,"780 CHESTNUT ST, SAN FRANCISCO, CA, 94133",-122.416176312289,37.803445671267,06,075,San Francisco city,census
SF00150,Match,"2408 JONES ST, SAN FRANCISCO, CA, 94133",-122.41647260934,37.803524767734,06,075,San Francisco city,census
SF00151,Match,"2412 JONES ST, SAN FRANCISCO, CA, 94133",-122.416483619406,37.803580427044,06,075,San Francisco city,census
SF00152,Match,"32 HOUSTON ST, SAN FRANCISCO, CA, 94133",-122.415845323668,37.803943878701,06,075,San Francisco city,census
SF00153,Match,"679 FRANCISCO ST, SAN FRANCISCO, CA, 94133",-122.416510875326,37.804241698766,06,075,San Francisco city,census
SF00154,Match,"671 FRANCISCO ST, SAN FRANCISCO, CA, 94133",-122.416469922934,37.8042467147,06,075,San Francisco city,census
SF00155,Match,"653 FRANCISCO ST, SAN FRANCISCO, CA, 94133",-122.416377780054,37.80425800055,06,075,San Francisco city,census
SF00156,Match,"2424 JONES ST, SAN FRANCISCO, CA, 94133",-122.416516649605,37.803747404975,06,075,San Francisco city,census
SF00157,Match,"2255 MASON ST, SAN FRANCISCO, CA, 94133",-122.413467251935,37.804542674915,06,075,San Francisco city,census
SF00158,Match,"2326 TAYLOR ST, SAN FRANCISCO, CA, 94133",-122.414871560373,37.803904777583,06,075,San Francisco city,census
SF00159,Match,"2332 TAYLOR ST, SAN FRANCISCO, CA, 94133",-122.414884415622,37.803973483725,06,075,San Francisco city,census
SF00160,Match,"81 WATER ST, SAN FRANCISCO, CA, 94133",-122.414642954667,37.804191066561,06,075,San Francisco city,census
SF00161,Match,"71 WATER ST, SAN FRANCISCO, CA, 94133",-122.414490025186,37.804209880234,06,075,San Francisco city,census
SF00162,Match,"67 WATER ST, SAN FRANCISCO, CA, 94133",-122.414428853393,37.804217405703,06,075,San Francisco city,census
SF00163,Match,"581 FRANCISCO ST, SAN FRANCISCO, CA, 94133",-122.414697248808,37.804467372099,06,075,San Francisco city,census
SF00164,Match,"537 FRANCISCO ST, SAN FRANCISCO, CA, 94133",-122.414032876623,37.804550457178,06,075,San Francisco city,census
SF00165,Match,"505 FRANCISCO ST, SAN FRANCISCO, CA, 94133",-122.413549696852,37.80461088269,06,075,San Francisco city,census
SF00166,Match,"501 FRANCISCO ST, SAN FRANCISCO, CA, 94133",-122.413489299381,37.804618435879,06,075,San Francisco city,census
SF00167,Match,"549 FRANCISCO ST, SAN FRANCISCO, CA, 94133",-122.414214069037,37.804527797611,06,075,San Francisco city,census
SF00168,Match,"2141 POWELL ST, SAN FRANCISCO, CA, 94133",-122.411730178714,37.804345355989,06,075,San Francisco city,census
SF00169,Match,"2119 POWELL ST, SAN FRANCISCO, CA, 94133",-122.411693689774,37.804161323975,06,075,San Francisco city,census
SF00170,Match,"2113 POWELL ST, SAN FRANCISCO, CA, 94133",-122.411683738246,37.804111133426,06,075,San Francisco city,census
SF00171,Match,"2101 POWELL ST, SAN FRANCISCO, CA, 94133",-122.411663835188,37.804010752327,06,075,San Francisco city,census
SF00172,Match,"566 CHESTNUT ST, SAN FRANCISCO, CA, 94133",-122.412592486719,37.803896631573,06,075,San Francisco city,census
SF00173,Match,"572 CHESTNUT ST, SAN FRANCISCO, CA, 94133",-122.412676915206,37.80388625089,06,075,San Francisco city,census
SF00174,Match,"588 CHESTNUT ST, SAN FRANCISCO, CA, 94133",-122.413018952242,37.803844148379,06,075,San Francisco city,census
SF00175,Match,"594 CHESTNUT ST, SAN FRANCISCO, CA, 94133",-122.413105088416,37.803833531376,06,075,San Francisco city,census
SF00176,Match,"2216 MASON ST, SAN FRANCISCO, CA, 94133",-122.413199269066,37.803997479668,06,075,San Francisco city,census
SF00177,Match,"2222 MASON ST, SAN FRANCISCO, CA, 94133",-122.413212737136,37.804061434373,06,075,San Francisco city,census
SF00178,Match,"2244 MASON ST, SAN FRANCISCO, CA, 94133",-122.413262120062,37.804295934958,06,075,San Francisco city,census
SF00179,Match,"2252 MASON ST, SAN FRANCISCO, CA, 94133",-122.413302107235,37.804474408775,06,075,San Francisco city,census
SF00180,Match,"2015 STOCKTON ST, SAN FRANCISCO, CA, 94133",-122.410029220042,37.804265800898,06,075,San Francisco city,census
SF00181,Match,"2025 STOCKTON ST, SAN FRANCISCO, CA, 94133",-122.41003647462,37.804301701699,06,075,San Francisco city,census
SF00182,Match,"2001 STOCKTON ST, SAN FRANCISCO, CA, 94133",-122.410019063633,37.804215539777,06,075,San Francisco city,census
SF00183,Match,"420 CHESTNUT ST, SAN FRANCISCO, CA, 94133",-122.410325415901,37.804177474916,06,075,San Francisco city,census
SF00184,Match,"201 FRANCISCO ST, SAN FRANCISCO, CA, 94133",-122.408581578016,37.805234636784,06,075,San Francisco city,census
SF00185,Match,"1925 GRANT AVE, SAN FRANCISCO, CA, 94133",-122.408476842218,37.804718639606,06,075,San Francisco city,census
SF00186,Match,"1913 GRANT AVE, SAN FRANCISCO, CA, 94133",-122.408445954483,37.804566556907,06,075,San Francisco city,census
SF00187,Match,"1907 GRANT AVE, SAN FRANCISCO, CA, 94133",-122.408430510615,37.804490515557,06,075,San Francisco city,census
SF00188,Match,"314 CHESTNUT ST, SAN FRANCISCO, CA, 94133",-122.408620033762,37.804389025285,06,075,San Francisco city,census
SF00189,Match,"320 CHESTNUT ST, SAN FRANCISCO, CA, 94133",-122.408707938806,37.804378051073,06,075,San Francisco city,census
SF00190,Match,"324 CHESTNUT ST, SAN FRANCISCO, CA, 94133",-122.408766542169,37.804370734931,06,075,San Francisco city,census
SF00191,Match,"330 CHESTNUT ST, SAN FRANCISCO, CA, 94133",-122.408854447214,37.804359760719,06,075,San Francisco city,census
SF00192,Match,"336 CHESTNUT ST, SAN FRANCISCO, CA, 94133",-122.408942352258,37.804348786507,06,075,San Francisco city,census
SF00193,Match,"356 CHESTNUT ST, SAN FRANCISCO, CA, 94133",-122.409235369073,37.8043122058,06,075,San Francisco city,census
SF00194,Match,"2 BELLAIR PL, SAN FRANCISCO, CA, 94133",-122.409264732218,37.804308583043,06,075,San Francisco city,census
SF00195,Match,"370 CHESTNUT ST, SAN FRANCISCO, CA, 94133",-122.409574817048,37.804270322683,06,075,San Francisco city,census
SF00196,Match,"392 CHESTNUT ST, SAN FRANCISCO, CA, 94133",-122.409407771248,37.804290831038,06,075,San Francisco city,census
SF00197,Match,"386 CHESTNUT ST, SAN FRANCISCO, CA, 94133",-122.409842090329,37.804237509315,06,075,San Francisco city,census
SF00198,Match,"380 CHESTNUT ST, SAN FRANCISCO, CA, 94133",-122.409741862849,37.804249814328,06,075,San Francisco city,census
SF00199,Match,"175 PFEIFFER ST, SAN FRANCISCO, CA, 94133",-122.409503988008,37.804642275916,06,075,San Francisco city,census
SF00200,Match,"155 PFEIFFER ST, SAN FRANCISCO, CA, 94133",-122.40914262597,37.804687623219,06,075,San Francisco city,census
SF00201,Match,"143 PFEIFFER ST, SAN FRANCISCO, CA, 94133",-122.408997005836,37.804705806222,06,075,San Francisco city,census
SF00202,Match,"139 PFEIFFER ST, SAN FRANCISCO, CA, 94133",-122.408948465792,37.804711867224,06,075,San Francisco city,census
SF00203,Match,"116 PFEIFFER ST, SAN FRANCISCO, CA, 94133",-122.408715556465,37.804856963155,06,075,San Francisco city,census
SF00204,Match,"130 PFEIFFER ST, SAN FRANCISCO, CA, 94133",-122.408895440159,37.804834501798,06,075,San Francisco city,census
SF00205,Match,"144 PFEIFFER ST, SAN FRANCISCO, CA, 94133",-122.409075323853,37.80481204044,06,075,San Francisco city,census
SF00206,Match,"152 PFEIFFER ST, SAN FRANCISCO, CA, 94133",-122.409178114536,37.804799205378,06,075,San Francisco city,census
SF00207,Match,"20 BELLAIR PL, SAN FRANCISCO, CA, 94133",-122.409384075631,37.80477375238,06,075,San Francisco city,census
SF00208,Match,"170 PFEIFFER ST, SAN FRANCISCO, CA, 94133",-122.409527185369,37.804755391984,06,075,San Francisco city,census
SF00209,Match,"271 FRANCISCO ST, SAN FRANCISCO, CA, 94133",-122.409599748258,37.805108146844,06,075,San Francisco city,census
SF00210,Match,"2030 STOCKTON ST, SAN FRANCISCO, CA, 94133",-122.409969816399,37.804698598538,06,075,San Francisco city,census
SF00211,Match,"2036 STOCKTON ST, SAN FRANCISCO, CA, 94133",-122.409976095293,37.804729646067,06,075,San Francisco city,census
SF00212,Match,"2048 STOCKTON ST, SAN FRANCISCO, CA, 94133",-122.409988653081,37.804791741125,06,075,San Francisco city,census
SF00213,Match,"2060 STOCKTON ST, SAN FRANCISCO, CA, 94133",-122.41000121087,37.804853836183,06,075,San Francisco city,census
SF00214,Match,"28 BELLAIR PL, SAN FRANCISCO, CA, 94133",-122.409391529847,37.804809946036,06,075,San Francisco city,census
SF00215,Match,"265 FRANCISCO ST, SAN FRANCISCO, CA, 94133",-122.409432286307,37.805129798462,06,075,San Francisco city,census
SF00216,Match,"259 FRANCISCO ST, SAN FRANCISCO, CA, 94133",-122.409395599271,37.805134519922,06,075,San Francisco city,census
SF00217,Match,"251 FRANCISCO ST, SAN FRANCISCO, CA, 94133",-122.40921625384,37.805157131434,06,075,San Francisco city,census
SF00218,Match,"241 FRANCISCO ST, SAN FRANCISCO, CA, 94133",-122.409089318675,37.805172632504,06,075,San Francisco city,census
SF00219,Match,"221 FRANCISCO ST, SAN FRANCISCO, CA, 94133",-122.408835448346,37.805203634644,06,075,San Francisco city,census
SF00220,Match,"209 FRANCISCO ST, SAN FRANCISCO, CA, 94133",-122.408683126148,37.805222235928,06,075,San Francisco city,census
SF00221,Match,"106 PFEIFFER ST, SAN FRANCISCO, CA, 94133",-122.408587068112,37.804873006982,06,075,San Francisco city,census
SF00222,Match,"348 CHESTNUT ST, SAN FRANCISCO, CA, 94133",-122.409118162347,37.804326838083,06,075,San Francisco city,census
SF00223,Match,"153 PFEIFFER ST, SAN FRANCISCO, CA, 94133",-122.409118355947,37.804690653719,06,075,San Francisco city,census
SF00224,Match,"112 PFEIFFER ST, SAN FRANCISCO, CA, 94133",-122.408664161124,37.804863380686,06,075,San Francisco city,census
SF00225,Match,"274 CHESTNUT ST, SAN FRANCISCO, CA, 94133",-122.407921475874,37.804475727408,06,075,San Francisco city,census
SF00226,Match,"1855 KEARNY ST, SAN FRANCISCO, CA, 94133",-122.406863024137,37.80486663004,06,075,San Francisco city,census
SF00227,Match,"290 LOMBARD ST, SAN FRANCISCO, CA, 94133",-122.406395991976,37.803713433946,06,075,San Francisco city,census
SF00228,Match,"1730 KEARNY ST, SAN FRANCISCO, CA, 94133",-122.406594895876,37.80405750037,06,075,San Francisco city,census
SF00229,Match,"173 CHESTNUT ST, SAN FRANCISCO, CA, 94133",-122.406322268676,37.804534275033,06,075,San Francisco city,census
SF00230,Match,"201 CHESTNUT ST, SAN FRANCISCO, CA, 94133",-122.406823776484,37.804398726864,06,075,San Francisco city,census
SF00231,Match,"233 CHESTNUT ST, SAN FRANCISCO, CA, 94133",-122.407296138728,37.804405393097,06,075,San Francisco city,census
SF00232,Match,"225 CHESTNUT ST, SAN FRANCISCO, CA, 94133",-122.407178048167,37.804403726539,06,075,San Francisco city,census
SF00233,Match,"215 CHESTNUT ST, SAN FRANCISCO, CA, 94133",-122.407030434966,37.804401643341,06,075,San Francisco city,census
SF00234,Match,"306 LOMBARD ST, SAN FRANCISCO, CA, 94133",-122.406747458524,37.803668819878,06,075,San Francisco city,census
SF00235,Match,"318 LOMBARD ST, SAN FRANCISCO, CA, 94133",-122.406911955906,37.803647702611,06,075,San Francisco city,census
SF00236,Match,"324 LOMBARD ST, SAN FRANCISCO, CA, 94133",-122.406994204597,37.803637143978,06,075,San Francisco city,census
SF00237,Match,"330 LOMBARD ST, SAN FRANCISCO, CA, 94133",-122.407076250143,37.803626709027,06,075,San Francisco city,census
SF00238,Match,"370 LOMBARD ST, SAN FRANCISCO, CA, 94133",-122.407719937326,37.803544917551,06,075,San Francisco city,census
SF00239,Match,"374 LOMBARD ST, SAN FRANCISCO, CA, 94133",-122.407734229222,37.803543161174,06,075,San Francisco city,census
SF00240,Match,"396 LOMBARD ST, SAN FRANCISCO, CA, 94133",-122.408064426197,37.803501430646,06,075,San Francisco city,census
SF00241,Match,"1806 GRANT AVE, SAN FRANCISCO, CA, 94133",-122.40810002465,37.803569771576,06,075,San Francisco city,census
SF00242,Match,"1820 GRANT AVE, SAN FRANCISCO, CA, 94133",-122.40813339124,37.803735954823,06,075,San Francisco city,census
SF00243,Match,"40 WHITING ST, SAN FRANCISCO, CA, 94133",-122.40792166821,37.803908618643,06,075,San Francisco city,census
SF00244,Match,"1834 GRANT AVE, SAN FRANCISCO, CA, 94133",-122.408184491883,37.803991445617,06,075,San Francisco city,census
SF00245,Match,"1838 GRANT AVE, SAN FRANCISCO, CA, 94133",-122.408188533441,37.804011929867,06,075,San Francisco city,census
SF00246,Match,"1844 GRANT AVE, SAN FRANCISCO, CA, 94133",-122.408194595779,37.804042656243,06,075,San Francisco city,census
SF00247,Match,"1860 GRANT AVE, SAN FRANCISCO, CA, 94133",-122.408210762011,37.804124593244,06,075,San Francisco city,census
SF00248,Match,"289 CHESTNUT ST, SAN FRANCISCO, CA, 94133",-122.408103259601,37.804337265905,06,075,San Francisco city,census
SF00249,Match,"281 CHESTNUT ST, SAN FRANCISCO, CA, 94133",-122.407986570339,37.80435169331,06,075,San Francisco city,census
SF00250,Match,"340 LOMBARD ST, SAN FRANCISCO, CA, 94133",-122.407213399773,37.803609448044,06,075,San Francisco city,census
SF00251,Match,"352 LOMBARD ST, SAN FRANCISCO, CA, 94133",-122.40737823767,37.803588549844,06,075,San Francisco city,census
SF00252,Match,"358 LOMBARD ST, SAN FRANCISCO, CA, 94133",-122.407460473888,37.803577931193,06,075,San Francisco city,census
SF00253,Match,"2 WHITING ST, SAN FRANCISCO, CA, 94133",-122.40776423091,37.803928401968,06,075,San Francisco city,census
SF00254,Match,"1841 GRANT AVE, SAN FRANCISCO, CA, 94133",-122.408335630936,37.804013522187,06,075,San Francisco city,census
SF00255,Match,"1835 GRANT AVE, SAN FRANCISCO, CA, 94133",-122.408329752306,37.803983726914,06,075,San Francisco city,census
SF00256,Match,"1831 GRANT AVE, SAN FRANCISCO, CA, 94133",-122.4083052306,37.803860443187,06,075,San Francisco city,census
SF00257,Match,"1815 GRANT AVE, SAN FRANCISCO, CA, 94133",-122.408264555137,37.803657857895,06,075,San Francisco city,census
SF00258,Match,"416 LOMBARD ST, SAN FRANCISCO, CA, 94133",-122.408467066951,37.803451569646,06,075,San Francisco city,census
SF00259,Match,"426 LOMBARD ST, SAN FRANCISCO, CA, 94133",-122.408616004507,37.803433294698,06,075,San Francisco city,census
SF00260,Match,"434 LOMBARD ST, SAN FRANCISCO, CA, 94133",-122.408735154551,37.80341867474,06,075,San Francisco city,census
SF00261,Match,"444 LOMBARD ST, SAN FRANCISCO, CA, 94133",-122.408884035204,37.803400464073,06,075,San Francisco city,census
SF00262,Match,"460 LOMBARD ST, SAN FRANCISCO, CA, 94133",-122.409122369865,37.803371402217,06,075,San Francisco city,census
SF00263,Match,"468 LOMBARD ST, SAN FRANCISCO, CA, 94133",-122.409241537196,37.803356871288,06,075,San Francisco city,census
SF00264,Match,"490 LOMBARD ST, SAN FRANCISCO, CA, 94133",-122.409569247354,37.803316911236,06,075,San Francisco city,census
SF00265,Match,"1916 STOCKTON ST, SAN FRANCISCO, CA, 94133",-122.409720459734,37.803459994136,06,075,San Francisco city,census
SF00266,Match,"1922 STOCKTON ST, SAN FRANCISCO, CA, 94133",-122.409732335628,37.803519018081,06,075,San Francisco city,census
SF00267,Match,"1934 STOCKTON ST, SAN FRANCISCO, CA, 94133",-122.409756087417,37.80363706597,06,075,San Francisco city,census
SF00268,Match,"1946 STOCKTON ST, SAN FRANCISCO, CA, 94133",-122.409793590036,37.803823780893,06,075,San Francisco city,census
SF00269,Match,"1952 STOCKTON ST, SAN FRANCISCO, CA, 94133",-122.409800451159,37.80385800254,06,075,San Francisco city,census
SF00270,Match,"1958 STOCKTON ST, SAN FRANCISCO, CA, 94133",-122.409807312281,37.803892224187,06,075,San Francisco city,census
SF00271,Match,"379 CHESTNUT ST, SAN FRANCISCO, CA, 94133",-122.409593381926,37.80415207701,06,075,San Francisco city,census
SF00272,Match,"367 CHESTNUT ST, SAN FRANCISCO, CA, 94133",-122.409437472513,37.804171218141,06,075,San Francisco city,census
SF00273,Match,"359 CHESTNUT ST, SAN FRANCISCO, CA, 94133",-122.409213710653,37.804198896765,06,075,San Francisco city,census
SF00274,Match,"355 CHESTNUT ST, SAN FRANCISCO, CA, 94133",-122.409157060735,37.804205969035,06,075,San Francisco city,census
SF00275,Match,"345 CHESTNUT ST, SAN FRANCISCO, CA, 94133",-122.409015435942,37.80422364971,06,075,San Francisco city,census
SF00276,Match,"333 CHESTNUT ST, SAN FRANCISCO, CA, 94133",-122.408845486189,37.80424486652,06,075,San Francisco city,census
SF00277,Match,"327 CHESTNUT ST, SAN FRANCISCO, CA, 94133",-122.408760511313,37.804255474925,06,075,San Francisco city,census
SF00278,Match,"321 CHESTNUT ST, SAN FRANCISCO, CA, 94133",-122.408675536436,37.80426608333,06,075,San Francisco city,census
SF00279,Match,"309 CHESTNUT ST, SAN FRANCISCO, CA, 94133",-122.408505586683,37.80428730014,06,075,San Francisco city,census
SF00280,Match,"1957 STOCKTON ST, SAN FRANCISCO, CA, 94133",-122.40995277295,37.803885345979,06,075,San Francisco city,census
SF00281,Match,"1951 STOCKTON ST, SAN FRANCISCO, CA, 94133",-122.409946555058,37.803854332611,06,075,San Francisco city,census
SF00282,Match,"1935 STOCKTON ST, SAN FRANCISCO, CA, 94133",-122.409929974012,37.803771630297,06,075,San Francisco city,census
SF00283,Match,"1929 STOCKTON ST, SAN FRANCISCO, CA, 94133",-122.409897834553,37.803611696636,06,075,San Francisco city,census
SF00284,Match,"1923 STOCKTON ST, SAN FRANCISCO, CA, 94133",-122.409883731929,37.803541605702,06,075,San Francisco city,census
SF00285,Match,"1901 STOCKTON ST, SAN FRANCISCO, CA, 94133",-122.409832022306,37.803284605609,06,075,San Francisco city,census
SF00286,Match,"520 LOMBARD ST, SAN FRANCISCO, CA, 94133",-122.410116061732,37.803249580733,06,075,San Francisco city,census
SF00287,Match,"526 LOMBARD ST, SAN FRANCISCO, CA, 94133",-122.41020131462,37.803239028692,06,075,San Francisco city,census
SF00288,Match,"532 LOMBARD ST, SAN FRANCISCO, CA, 94133",-122.410286567509,37.803228476651,06,075,San Francisco city,census
SF00289,Match,"538 LOMBARD ST, SAN FRANCISCO, CA, 94133",-122.410486023944,37.803203786674,06,075,San Francisco city,census
SF00290,Match,"544 LOMBARD ST, SAN FRANCISCO, CA, 94133",-122.410570282318,37.803193356047,06,075,San Francisco city,census
SF00291,Match,"548 LOMBARD ST, SAN FRANCISCO, CA, 94133",-122.410626454568,37.803186402294,06,075,San Francisco city,census
SF00292,Match,"566 LOMBARD ST, SAN FRANCISCO, CA, 94133",-122.410879229689,37.80315511041,06,075,San Francisco city,census
SF00293,Match,"590 LOMBARD ST, SAN FRANCISCO, CA, 94133",-122.411216263185,37.803113387898,06,075,San Francisco city,census
SF00294,Match,"2006 POWELL ST, SAN FRANCISCO, CA, 94133",-122.411339576461,37.803149769759,06,075,San Francisco city,census
SF00295,Match,"2012 POWELL ST, SAN FRANCISCO, CA, 94133",-122.411349947334,37.80319971725,06,075,San Francisco city,census
SF00296,Match,"2018 POWELL ST, SAN FRANCISCO, CA, 94133",-122.411360318206,37.803249664742,06,075,San Francisco city,census
SF00297,Match,"2024 POWELL ST, SAN FRANCISCO, CA, 94133",-122.411370689078,37.803299612234,06,075,San Francisco city,census
SF00298,Match,"2038 POWELL ST, SAN FRANCISCO, CA, 94133",-122.411394887781,37.803416156382,06,075,San Francisco city,census
SF00299,Match,"2044 POWELL ST, SAN FRANCISCO, CA, 94133",-122.411405258653,37.803466103873,06,075,San Francisco city,census
SF00300,Match,"2050 POWELL ST, SAN FRANCISCO, CA, 94133",-122.411415546184,37.803515975604,06,075,San Francisco city,census
SF00301,Match,"475 CHESTNUT ST, SAN FRANCISCO, CA, 94133",-122.411130281879,37.803961171809,06,075,San Francisco city,census
SF00302,Match,"461 CHESTNUT ST, SAN FRANCISCO, CA, 94133",-122.410915755147,37.803987904285,06,075,San Francisco city,census
SF00303,Match,"455 CHESTNUT ST, SAN FRANCISCO, CA, 94133",-122.410823815119,37.803999361061,06,075,San Francisco city,census
SF00304,Match,"449 CHESTNUT ST, SAN FRANCISCO, CA, 94133",-122.41073187509,37.804010817836,06,075,San Francisco city,census
SF00305,Match,"443 CHESTNUT ST, SAN FRANCISCO, CA, 94133",-122.410639935062,37.804022274612,06,075,San Francisco city,census
SF00306,Match,"437 CHESTNUT ST, SAN FRANCISCO, CA, 94133",-122.410547995034,37.804033731387,06,075,San Francisco city,census
SF00307,Match,"427 CHESTNUT ST, SAN FRANCISCO, CA, 94133",-122.410394761654,37.804052826013,06,075,San Francisco city,census
SF00308,Match,"421 CHESTNUT ST, SAN FRANCISCO, CA, 94133",-122.410302821626,37.804064282788,06,075,San Francisco city,census
SF00309,Match,"2061 POWELL ST, SAN FRANCISCO, CA, 94133",-122.411575826504,37.803580858533,06,075,San Francisco city,census
SF00310,Match,"2055 POWELL ST, SAN FRANCISCO, CA, 94133",-122.411565549732,37.803530898892,06,075,San Francisco city,census
SF00311,Match,"2049 POWELL ST, SAN FRANCISCO, CA, 94133",-122.41155527296,37.803480939251,06,075,San Francisco city,census
SF00312,Match,"2043 POWELL ST, SAN FRANCISCO, CA, 94133",-122.411544918402,37.803430903131,06,075,San Francisco city,census
SF00313,Match,"2035 POWELL ST, SAN FRANCISCO, CA, 94133",-122.411531090572,37.803364306476,06,075,San Francisco city,census
SF00314,Match,"2027 POWELL ST, SAN FRANCISCO, CA, 94133",-122.411517262742,37.80329770982,06,075,San Francisco city,census
SF00315,Match,"2017 POWELL ST, SAN FRANCISCO, CA, 94133",-122.411499977955,37.803214464,06,075,San Francisco city,census
SF00316,Match,"602 LOMBARD ST, SAN FRANCISCO, CA, 94133",-122.411502609461,37.803077844581,06,075,San Francisco city,census
SF00317,Match,"630 LOMBARD ST, SAN FRANCISCO, CA, 94133",-122.411931712685,37.803024323735,06,075,San Francisco city,census
SF00318,Match,"634 LOMBARD ST, SAN FRANCISCO, CA, 94133",-122.411993013145,37.8030166779,06,075,San Francisco city,census
SF00319,Match,"642 LOMBARD ST, SAN FRANCISCO, CA, 94133",-122.412115614066,37.803001386229,06,075,San Francisco city,census
SF00320,Match,"670 LOMBARD ST, SAN FRANCISCO, CA, 94133",-122.412544770172,37.802947595106,06,075,San Francisco city,census
SF00321,Match,"680 LOMBARD ST, SAN FRANCISCO, CA, 94133",-122.412697985535,37.802928303303,06,075,San Francisco city,census
SF00322,Match,"2 VENARD ALY, SAN FRANCISCO, CA, 94133",-122.412697534049,37.803405410323,06,075,San Francisco city,census
SF00323,Match,"2100 MASON ST, SAN FRANCISCO, CA, 94133",-122.412973830183,37.802893610721,06,075,San Francisco city,census
SF00324,Match,"2106 MASON ST, SAN FRANCISCO, CA, 94133",-122.412983998949,37.802943807478,06,075,San Francisco city,census
SF00325,Match,"2112 MASON ST, SAN FRANCISCO, CA, 94133",-122.412994167714,37.802994004236,06,075,San Francisco city,census
SF00326,Match,"2118 MASON ST, SAN FRANCISCO, CA, 94133",-122.41300433648,37.803044200993,06,075,San Francisco city,census
SF00327,Match,"2124 MASON ST, SAN FRANCISCO, CA, 94133",-122.413014505245,37.803094397751,06,075,San Francisco city,census
SF00328,Match,"2130 MASON ST, SAN FRANCISCO, CA, 94133",-122.413024674011,37.803144594508,06,075,San Francisco city,census
SF00329,Match,"2146 MASON ST, SAN FRANCISCO, CA, 94133",-122.413051790719,37.803278452529,06,075,San Francisco city,census
SF00330,Match,"2150 MASON ST, SAN FRANCISCO, CA, 94133",-122.413058569896,37.803311917034,06,075,San Francisco city,census
SF00331,Match,"2154 MASON ST, SAN FRANCISCO, CA, 94133",-122.413065349073,37.803345381539,06,075,San Francisco city,census
SF00332,Match,"2160 MASON ST, SAN FRANCISCO, CA, 94133",-122.413075517839,37.803395578296,06,075,San Francisco city,census
SF00333,Match,"2168 MASON ST, SAN FRANCISCO, CA, 94133",-122.413089076193,37.803462507306,06,075,San Francisco city,census
SF00334,Match,"549 CHESTNUT ST, SAN FRANCISCO, CA, 94133",-122.41231690075,37.803814545103,06,075,San Francisco city,census
SF00335,Match,"533 CHESTNUT ST, SAN FRANCISCO, CA, 94133",-122.412091758119,37.803842226925,06,075,San Francisco city,census
SF00336,Match,"525 CHESTNUT ST, SAN FRANCISCO, CA, 94133",-122.411979186803,37.803856067836,06,075,San Francisco city,census
SF00337,Match,"616 LOMBARD ST, SAN FRANCISCO, CA, 94133",-122.411717161073,37.803051084158,06,075,San Francisco city,census
SF00338,Match,"2165 MASON ST, SAN FRANCISCO, CA, 94133",-122.41322550366,37.803410931607,06,075,San Francisco city,census
SF00339,Match,"2153 MASON ST, SAN FRANCISCO, CA, 94133",-122.413205166129,37.803310538092,06,075,San Francisco city,census
SF00340,Match,"2147 MASON ST, SAN FRANCISCO, CA, 94133",-122.413194997364,37.803260341335,06,075,San Francisco city,census
SF00341,Match,"2141 MASON ST, SAN FRANCISCO, CA, 94133",-122.413184828598,37.803210144577,06,075,San Francisco city,census
SF00342,Match,"2131 MASON ST, SAN FRANCISCO, CA, 94133",-122.413167880655,37.803126483314,06,075,San Francisco city,census
SF00343,Match,"2125 MASON ST, SAN FRANCISCO, CA, 94133",-122.41315771189,37.803076286557,06,075,San Francisco city,census
SF00344,Match,"724 LOMBARD ST, SAN FRANCISCO, CA, 94133",-122.413244191812,37.802859933352,06,075,San Francisco city,census
SF00345,Match,"33 NEWELL ST, SAN FRANCISCO, CA, 94133",-122.413752718944,37.803040371958,06,075,San Francisco city,census
SF00346,Match,"786 LOMBARD ST, SAN FRANCISCO, CA, 94133",-122.413944107367,37.802772496812,06,075,San Francisco city,census
SF00347,Match,"2230 TAYLOR ST, SAN FRANCISCO, CA, 94133",-122.414674157538,37.802934336979,06,075,San Francisco city,census
SF00348,Match,"947 COLUMBUS AVE, SAN FRANCISCO, CA, 94133",-122.414313600054,37.80307718165,06,075,San Francisco city,census
SF00349,Match,"645 CHESTNUT ST, SAN FRANCISCO, CA, 94133",-122.413960870226,37.803604851425,06,075,San Francisco city,census
SF00350,Match,"619 CHESTNUT ST, SAN FRANCISCO, CA, 94133",-122.413559893383,37.803657982147,06,075,San Francisco city,census
SF00351,Match,"700 LOMBARD ST, SAN FRANCISCO, CA, 94133",-122.413116844055,37.802875709097,06,075,San Francisco city,census
SF00352,Match,"720 LOMBARD ST, SAN FRANCISCO, CA, 94133",-122.413222967186,37.802862562643,06,075,San Francisco city,census
SF00353,Match,"2227 TAYLOR ST, SAN FRANCISCO, CA, 94133",-122.414810162192,37.80288235885,06,075,San Francisco city,census
SF00354,Match,"2205 TAYLOR ST, SAN FRANCISCO, CA, 94133",-122.414771567067,37.802700971553,06,075,San Francisco city,census
SF00355,Match,"800 LOMBARD ST, SAN FRANCISCO, CA, 94133",-122.414764180209,37.802668399183,06,075,San Francisco city,census
SF00356,Match,"854 LOMBARD ST, SAN FRANCISCO, CA, 94133",-122.415590629695,37.802562763631,06,075,San Francisco city,census
SF00357,Match,"868 LOMBARD ST, SAN FRANCISCO, CA, 94133",-122.415804894376,37.802535376635,06,075,San Francisco city,census
SF00358,Match,"874 LOMBARD ST, SAN FRANCISCO, CA, 94133",-122.415896722096,37.802523639352,06,075,San Francisco city,census
SF00359,Match,"886 LOMBARD ST, SAN FRANCISCO, CA, 94133",-122.416080377537,37.802500164784,06,075,San Francisco city,census
SF00360,Match,"892 LOMBARD ST, SAN FRANCISCO, CA, 94133",-122.416172205258,37.802488427501,06,075,San Francisco city,census
SF00361,Match,"2324 JONES ST, SAN FRANCISCO, CA, 94133",-122.416303966132,37.802678252896,06,075,San Francisco city,census
SF00362,Match,"2332 JONES ST, SAN FRANCISCO, CA, 94133",-122.416317387372,37.802745503518,06,075,San Francisco city,census
SF00363,Match,"2342 JONES ST, SAN FRANCISCO, CA, 94133",-122.416334163921,37.802829566795,06,075,San Francisco city,census
SF00364,Match,"2348 JONES ST, SAN FRANCISCO, CA, 94133",-122.416344229851,37.802880004761,06,075,San Francisco city,census
SF00365,Match,"2356 JONES ST, SAN FRANCISCO, CA, 94133",-122.416357651091,37.802947255383,06,075,San Francisco city,census
SF00366,Match,"2360 JONES ST, SAN FRANCISCO, CA, 94133",-122.41636436171,37.802980880694,06,075,San Francisco city,census
SF00367,Match,"779 CHESTNUT ST, SAN FRANCISCO, CA, 94133",-122.416124340913,37.803335963811,06,075,San Francisco city,census
SF00368,Match,"773 CHESTNUT ST, SAN FRANCISCO, CA, 94133",-122.416033077782,37.803346798814,06,075,San Francisco city,census
SF00369,Match,"767 CHESTNUT ST, SAN FRANCISCO, CA, 94133",-122.415941814652,37.803357633818,06,075,San Francisco city,census
SF00370,Match,"715 CHESTNUT ST, SAN FRANCISCO, CA, 94133",-122.415150867518,37.803451537183,06,075,San Francisco city,census
SF00371,Match,"733 CHESTNUT ST, SAN FRANCISCO, CA, 94133",-122.415424656911,37.803419032172,06,075,San Francisco city,census
SF00372,Match,"727 CHESTNUT ST, SAN FRANCISCO, CA, 94133",-122.41533339378,37.803429867176,06,075,San Francisco city,census
SF00373,Match,"801 CHESTNUT ST, SAN FRANCISCO, CA, 94133",-122.416570752593,37.803282119026,06,075,San Francisco city,census
SF00374,Match,"2355 JONES ST, SAN FRANCISCO, CA, 94133",-122.416497554342,37.802912593758,06,075,San Francisco city,census
SF00375,Match,"2345 JONES ST, SAN FRANCISCO, CA, 94133",-122.416480777793,37.802828530481,06,075,San Francisco city,census
SF00376,Match,"2339 JONES ST, SAN FRANCISCO, CA, 94133",-122.416470711863,37.802778092514,06,075,San Francisco city,census
SF00377,Match,"2325 JONES ST, SAN FRANCISCO, CA, 94133",-122.416447224694,37.802660403926,06,075,San Francisco city,census
SF00378,Match,"2317 JONES ST, SAN FRANCISCO, CA, 94133",-122.416433803454,37.802593153304,06,075,San Francisco city,census
SF00379,Match,"2313 JONES ST, SAN FRANCISCO, CA, 94133",-122.416427092834,37.802559527993,06,075,San Francisco city,census
SF00380,Match,"928 LOMBARD ST, SAN FRANCISCO, CA, 94133",-122.416835423406,37.802403626293,06,075,San Francisco city,census
SF00381,Match,"2320 LEAVENWORTH ST, SAN FRANCISCO, CA, 94133",-122.417927880418,37.802380414228,06,075,San Francisco city,census
SF00382,Match,"2355 LEAVENWORTH ST, SAN FRANCISCO, CA, 94133",-122.418180646729,37.80291556506,06,075,San Francisco city,census
SF00383,Match,"2347 LEAVENWORTH ST, SAN FRANCISCO, CA, 94133",-122.418175060388,37.802887579327,06,075,San Francisco city,census
SF00384,Match,"1000 LOMBARD ST, SAN FRANCISCO, CA, 94109",-122.418044579097,37.802279085275,06,075,San Francisco city,census
SF00385,Match,"1016 LOMBARD ST, SAN FRANCISCO, CA, 94109",-122.418280797212,37.802239187739,06,075,San Francisco city,census
SF00386,Match,"2 MONTCLAIR TER, SAN FRANCISCO, CA, 94109",-122.418903742166,37.802139435704,06,075,San Francisco city,census
SF00387,Match,"2323 HYDE ST, SAN FRANCISCO, CA, 94109",-122.419732875308,37.802226632122,06,075,San Francisco city,census
SF00388,Match,"2626 LARKIN ST, SAN FRANCISCO, CA, 94109",-122.4212434482,37.802044045277,06,075,San Francisco city,census
SF00389,Match,"2632 LARKIN ST, SAN FRANCISCO, CA, 94109",-122.421253926083,37.802094883003,06,075,San Francisco city,census
SF00390,Match,"2638 LARKIN ST, SAN FRANCISCO, CA, 94109",-122.421264403967,37.802145720729,06,075,San Francisco city,census
SF00391,Match,"2652 LARKIN ST, SAN FRANCISCO, CA, 94109",-122.421288852362,37.802264342089,06,075,San Francisco city,census
SF00392,Match,"1100 LOMBARD ST, SAN FRANCISCO, CA, 94109",-122.419696860242,37.802042745736,06,075,San Francisco city,census
SF00393,Match,"2233 LEAVENWORTH ST, SAN FRANCISCO, CA, 94133",-122.41796295273,37.801777388212,06,075,San Francisco city,census
SF00394,Match,"1120 GREENWICH ST, SAN FRANCISCO, CA, 94109",-122.418174712492,37.801277796255,06,075,San Francisco city,census
SF00395,Match,"1132 GREENWICH ST, SAN FRANCISCO, CA, 94109",-122.418350335457,37.801255715115,06,075,San Francisco city,census
SF00396,Match,"1140 GREENWICH ST, SAN FRANCISCO, CA, 94109",-122.418467417434,37.801240994355,06,075,San Francisco city,census
SF00397,Match,"1150 GREENWICH ST, SAN FRANCISCO, CA, 94109",-122.418613769904,37.801222593405,06,075,San Francisco city,census
SF00398,Match,"2200 HYDE ST, SAN FRANCISCO, CA, 94109",-122.419364865296,37.801127628664,06,075,San Francisco city,census
SF00399,Match,"2238 HYDE ST, SAN FRANCISCO, CA, 94109",-122.419429267095,37.801445525286,06,075,San Francisco city,census
SF00400,Match,"2264 HYDE ST, SAN FRANCISCO, CA, 94109",-122.419473331483,37.801663033502,06,075,San Francisco city,census
SF00401,Match,"1083 LOMBARD ST, SAN FRANCISCO, CA, 94109",-122.419339052191,37.802016488442,06,075,San Francisco city,census
SF00402,Match,"1047 LOMBARD ST, SAN FRANCISCO, CA, 94109",-122.418700265723,37.802108778673,06,075,San Francisco city,census
SF00403,Match,"1033 LOMBARD ST, SAN FRANCISCO, CA, 94109",-122.418424278742,37.802058936141,06,075,San Francisco city,census
SF00404,Match,"1168 GREENWICH ST, SAN FRANCISCO, CA, 94109",-122.418902555836,37.801186305676,06,075,San Francisco city,census
SF00405,Match,"1071 LOMBARD ST, SAN FRANCISCO, CA, 94109",-122.41904479435,37.802021851416,06,075,San Francisco city,census
SF00406,Match,"1016 GREENWICH ST, SAN FRANCISCO, CA, 94133",-122.416464846814,37.801496466808,06,075,San Francisco city,census
SF00407,Match,"1022 GREENWICH ST, SAN FRANCISCO, CA, 94133",-122.416558083933,37.801484500671,06,075,San Francisco city,census
SF00408,Match,"1050 GREENWICH ST, SAN FRANCISCO, CA, 94133",-122.416993193783,37.801428609009,06,075,San Francisco city,census
SF00409,Match,"2200 LEAVENWORTH ST, SAN FRANCISCO, CA, 94133",-122.417737252721,37.8013317114,06,075,San Francisco city,census
SF00410,Match,"2222 LEAVENWORTH ST, SAN FRANCISCO, CA, 94133",-122.417770778073,37.80152072827,06,075,San Francisco city,census
SF00411,Match,"2230 LEAVENWORTH ST, SAN FRANCISCO, CA, 94133",-122.417782969111,37.801589461678,06,075,San Francisco city,census
SF00412,Match,"2246 LEAVENWORTH ST, SAN FRANCISCO, CA, 94133",-122.417822542919,37.801811147642,06,075,San Francisco city,census
SF00413,Match,"985 LOMBARD ST, SAN FRANCISCO, CA, 94133",-122.417668690153,37.802180987652,06,075,San Francisco city,census
SF00414,Match,"975 LOMBARD ST, SAN FRANCISCO, CA, 94133",-122.417515754927,37.802200544676,06,075,San Francisco city,census
SF00415,Match,"961 LOMBARD ST, SAN FRANCISCO, CA, 94133",-122.417301645611,37.802227924509,06,075,San Francisco city,census
SF00416,Match,"2201 JONES ST, SAN FRANCISCO, CA, 94133",-122.416216207097,37.801528384705,06,075,San Francisco city,census
SF00417,Match,"1040 GREENWICH ST, SAN FRANCISCO, CA, 94133",-122.416837803618,37.801448575941,06,075,San Francisco city,census
SF00418,Match,"949 LOMBARD ST, SAN FRANCISCO, CA, 94133",-122.41711812334,37.802251392938,06,075,San Francisco city,census
SF00419,Match,"2153 TAYLOR ST, SAN FRANCISCO, CA, 94133",-122.414663194189,37.802170997474,06,075,San Francisco city,census
SF00420,Match,"2147 TAYLOR ST, SAN FRANCISCO, CA, 94133",-122.414653026961,37.802120864666,06,075,San Francisco city,census
SF00421,Match,"2141 TAYLOR ST, SAN FRANCISCO, CA, 94133",-122.414642859733,37.802070731859,06,075,San Francisco city,census
SF00422,Match,"2127 TAYLOR ST, SAN FRANCISCO, CA, 94133",-122.414619136201,37.801953755307,06,075,San Francisco city,census
SF00423,Match,"916 GREENWICH ST, SAN FRANCISCO, CA, 94133",-122.41482691075,37.80170461696,06,075,San Francisco city,census
SF00424,Match,"922 GREENWICH ST, SAN FRANCISCO, CA, 94133",-122.415033078073,37.801678496277,06,075,San Francisco city,census
SF00425,Match,"928 GREENWICH ST, SAN FRANCISCO, CA, 94133",-122.415115169639,37.801668087974,06,075,San Francisco city,census
SF00426,Match,"934 GREENWICH ST, SAN FRANCISCO, CA, 94133",-122.415197261204,37.801657679672,06,075,San Francisco city,census
SF00427,Match,"946 GREENWICH ST, SAN FRANCISCO, CA, 94133",-122.415361444336,37.801636863067,06,075,San Francisco city,census
SF00428,Match,"950 GREENWICH ST, SAN FRANCISCO, CA, 94133",-122.415416172046,37.801629924199,06,075,San Francisco city,census
SF00429,Match,"956 GREENWICH ST, SAN FRANCISCO, CA, 94133",-122.415498263612,37.801619515896,06,075,San Francisco city,census
SF00430,Match,"962 GREENWICH ST, SAN FRANCISCO, CA, 94133",-122.415580355178,37.801609107594,06,075,San Francisco city,census
SF00431,Match,"978 GREENWICH ST, SAN FRANCISCO, CA, 94133",-122.41579926602,37.801581352121,06,075,San Francisco city,census
SF00432,Match,"990 GREENWICH ST, SAN FRANCISCO, CA, 94133",-122.415963449151,37.801560535516,06,075,San Francisco city,census
SF00433,Match,"2214 JONES ST, SAN FRANCISCO, CA, 94133",-122.416097023347,37.801663437145,06,075,San Francisco city,census
SF00434,Match,"2222 JONES ST, SAN FRANCISCO, CA, 94133",-122.416110720449,37.801730119656,06,075,San Francisco city,census
SF00435,Match,"2228 JONES ST, SAN FRANCISCO, CA, 94133",-122.416120993275,37.80178013154,06,075,San Francisco city,census
SF00436,Match,"2238 JONES ST, SAN FRANCISCO, CA, 94133",-122.416138114653,37.80186348468,06,075,San Francisco city,census
SF00437,Match,"875 LOMBARD ST, SAN FRANCISCO, CA, 94133",-122.41587356192,37.802410518714,06,075,San Francisco city,census
SF00438,Match,"867 LOMBARD ST, SAN FRANCISCO, CA, 94133",-122.415751124959,37.802426168425,06,075,San Francisco city,census
SF00439,Match,"2256 JONES ST, SAN FRANCISCO, CA, 94133",-122.416168933132,37.802013520331,06,075,San Francisco city,census
SF00440,Match,"2266 JONES ST, SAN FRANCISCO, CA, 94133",-122.416186054509,37.80209687347,06,075,San Francisco city,census
SF00441,Match,"2250 JONES ST, SAN FRANCISCO, CA, 94133",-122.416158660306,37.801963508447,06,075,San Francisco city,census
SF00442,Match,"2244 JONES ST, SAN FRANCISCO, CA, 94133",-122.416148387479,37.801913496563,06,075,San Francisco city,census
SF00443,Match,"881 LOMBARD ST, SAN FRANCISCO, CA, 94133",-122.41596538964,37.80239878143,06,075,San Francisco city,census
SF00444,Match,"857 LOMBARD ST, SAN FRANCISCO, CA, 94133",-122.415598078758,37.802445730564,06,075,San Francisco city,census
SF00445,Match,"847 LOMBARD ST, SAN FRANCISCO, CA, 94133",-122.415445032557,37.802465292704,06,075,San Francisco city,census
SF00446,Match,"853 LOMBARD ST, SAN FRANCISCO, CA, 94133",-122.415536860278,37.80245355542,06,075,San Francisco city,census
SF00447,Match,"841 LOMBARD ST, SAN FRANCISCO, CA, 94133",-122.415353204837,37.802477029988,06,075,San Francisco city,census
SF00448,Match,"835 LOMBARD ST, SAN FRANCISCO, CA, 94133",-122.415261377116,37.802488767271,06,075,San Francisco city,census
SF00449,Match,"827 LOMBARD ST, SAN FRANCISCO, CA, 94133",-122.415138940155,37.802504416983,06,075,San Francisco city,census
SF00450,Match,"819 LOMBARD ST, SAN FRANCISCO, CA, 94133",-122.415016503194,37.802520066694,06,075,San Francisco city,census
SF00451,Match,"908 GREENWICH ST, SAN FRANCISCO, CA, 94133",-122.414700995648,37.80172056374,06,075,San Francisco city,census
SF00452,Match,"810 GREENWICH ST, SAN FRANCISCO, CA, 94133",-122.413073275043,37.801923184848,06,075,San Francisco city,census
SF00453,Match,"2005 MASON ST, SAN FRANCISCO, CA, 94133",-122.412933529373,37.801947787503,06,075,San Francisco city,census
SF00454,Match,"801 COLUMBUS AVE, SAN FRANCISCO, CA, 94133",-122.41301030558,37.802178484224,06,075,San Francisco city,census
SF00455,Match,"800 GREENWICH ST, SAN FRANCISCO, CA, 94133",-122.412931870499,37.80194073244,06,075,San Francisco city,census
SF00456,Match,"840 GREENWICH ST, SAN FRANCISCO, CA, 94133",-122.413497488675,37.801870542071,06,075,San Francisco city,census
SF00457,Match,"850 GREENWICH ST, SAN FRANCISCO, CA, 94133",-122.413753894842,37.801838712463,06,075,San Francisco city,census
SF00458,Match,"856 GREENWICH ST, SAN FRANCISCO, CA, 94133",-122.413838612393,37.801828186561,06,075,San Francisco city,census
SF00459,Match,"860 GREENWICH ST, SAN FRANCISCO, CA, 94133",-122.41389509076,37.801821169294,06,075,San Francisco city,census
SF00460,Match,"876 GREENWICH ST, SAN FRANCISCO, CA, 94133",-122.414121004228,37.801793100224,06,075,San Francisco city,census
SF00461,Match,"888 GREENWICH ST, SAN FRANCISCO, CA, 94133",-122.414290439329,37.801772048421,06,075,San Francisco city,census
SF00462,Match,"864 GREENWICH ST, SAN FRANCISCO, CA, 94133",-122.413951569127,37.801814152026,06,075,San Francisco city,census
SF00463,Match,"757 LOMBARD ST, SAN FRANCISCO, CA, 94133",-122.414307864006,37.802610294588,06,075,San Francisco city,census
SF00464,Match,"751 LOMBARD ST, SAN FRANCISCO, CA, 94133",-122.414266426903,37.802615550993,06,075,San Francisco city,census
SF00465,Match,"19 JANSEN ST, SAN FRANCISCO, CA, 94133",-122.413784774106,37.801989258033,06,075,San Francisco city,census
SF00466,Match,"15 JANSEN ST, SAN FRANCISCO, CA, 94133",-122.413777957781,37.801955753687,06,075,San Francisco city,census
SF00467,Match,"18 JANSEN ST, SAN FRANCISCO, CA, 94133",-122.413638744742,37.801993484969,06,075,San Francisco city,census
SF00468,Match,"845 COLUMBUS AVE, SAN FRANCISCO, CA, 94133",-122.413325373203,37.802395638679,06,075,San Francisco city,census
SF00469,Match,"837 COLUMBUS AVE, SAN FRANCISCO, CA, 94133",-122.41326808818,37.802356156051,06,075,San Francisco city,census
SF00470,Match,"809 COLUMBUS AVE, SAN FRANCISCO, CA, 94133",-122.413067590603,37.802217966853,06,075,San Francisco city,census
SF00471,Match,"818 GREENWICH ST, SAN FRANCISCO, CA, 94133",-122.413186398678,37.801909146774,06,075,San Francisco city,census
SF00472,Match,"826 GREENWICH ST, SAN FRANCISCO, CA, 94133",-122.413299522314,37.8018951087,06,075,San Francisco city,census
SF00473,Match,"25 JANSEN ST, SAN FRANCISCO, CA, 94133",-122.413794998592,37.802039514551,06,075,San Francisco city,census
SF00474,Match,"2140 TAYLOR ST, SAN FRANCISCO, CA, 94133",-122.414499659376,37.802088863176,06,075,San Francisco city,census
SF00475,Match,"2150 TAYLOR ST, SAN FRANCISCO, CA, 94133",-122.414516604755,37.802172417856,06,075,San Francisco city,census
SF00476,Match,"2154 TAYLOR ST, SAN FRANCISCO, CA, 94133",-122.414523382907,37.802205839727,06,075,San Francisco city,census
SF00477,Match,"2160 TAYLOR ST, SAN FRANCISCO, CA, 94133",-122.414533550135,37.802255972535,06,075,San Francisco city,census
SF00478,Match,"2164 TAYLOR ST, SAN FRANCISCO, CA, 94133",-122.414540328287,37.802289394407,06,075,San Francisco city,census
SF00479,Match,"1873 STOCKTON ST, SAN FRANCISCO, CA, 94133",-122.409765417471,37.802953403688,06,075,San Francisco city,census
SF00480,Match,"1869 STOCKTON ST, SAN FRANCISCO, CA, 94133",-122.40975867258,37.802919859637,06,075,San Francisco city,census
SF00481,Match,"1843 STOCKTON ST, SAN FRANCISCO, CA, 94133",-122.40971483079,37.802701823306,06,075,San Francisco city,census
SF00482,Match,"1815 STOCKTON ST, SAN FRANCISCO, CA, 94133",-122.409667616554,37.802467014949,06,075,San Francisco city,census
SF00483,Match,"1807 STOCKTON ST, SAN FRANCISCO, CA, 94133",-122.409654126773,37.802399926847,06,075,San Francisco city,census
SF00484,Match,"1801 STOCKTON ST, SAN FRANCISCO, CA, 94133",-122.409644009437,37.802349610771,06,075,San Francisco city,census
SF00485,Match,"622 GREENWICH ST, SAN FRANCISCO, CA, 94133",-122.409952012724,37.802312571681,06,075,San Francisco city,census
SF00486,Match,"628 GREENWICH ST, SAN FRANCISCO, CA, 94133",-122.41003608724,37.802302349021,06,075,San Francisco city,census
SF00487,Match,"632 GREENWICH ST, SAN FRANCISCO, CA, 94133",-122.410092136918,37.802295533915,06,075,San Francisco city,census
SF00488,Match,"644 GREENWICH ST, SAN FRANCISCO, CA, 94133",-122.410260387387,37.802274908387,06,075,San Francisco city,census
SF00489,Match,"652 GREENWICH ST, SAN FRANCISCO, CA, 94133",-122.410372454315,37.802261113045,06,075,San Francisco city,census
SF00490,Match,"658 GREENWICH ST, SAN FRANCISCO, CA, 94133",-122.410456504511,37.802250766539,06,075,San Francisco city,census
SF00491,Match,"666 GREENWICH ST, SAN FRANCISCO, CA, 94133",-122.410683837568,37.802222797973,06,075,San Francisco city,census
SF00492,Match,"678 GREENWICH ST, SAN FRANCISCO, CA, 94133",-122.410855843548,37.802201662468,06,075,San Francisco city,census
SF00493,Match,"1906 POWELL ST, SAN FRANCISCO, CA, 94133",-122.411152687874,37.802216721398,06,075,San Francisco city,census
SF00494,Match,"1918 POWELL ST, SAN FRANCISCO, CA, 94133",-122.411172699513,37.802317104315,06,075,San Francisco city,census
SF00495,Match,"1924 POWELL ST, SAN FRANCISCO, CA, 94133",-122.411182705332,37.802367295774,06,075,San Francisco city,census
SF00496,Match,"1930 POWELL ST, SAN FRANCISCO, CA, 94133",-122.411192711151,37.802417487232,06,075,San Francisco city,census
SF00497,Match,"1936 POWELL ST, SAN FRANCISCO, CA, 94133",-122.41120271697,37.802467678691,06,075,San Francisco city,census
SF00498,Match,"1942 POWELL ST, SAN FRANCISCO, CA, 94133",-122.411212722789,37.80251787015,06,075,San Francisco city,census
SF00499,Match,"1948 POWELL ST, SAN FRANCISCO, CA, 94133",-122.411222728608,37.802568061608,06,075,San Francisco city,census
SF00500,Match,"1956 POWELL ST, SAN FRANCISCO, CA, 94133",-122.411236069701,37.802634983553,06,075,San Francisco city,census
SF00501,Match,"583 LOMBARD ST, SAN FRANCISCO, CA, 94133",-122.41107422173,37.80301498246,06,075,San Francisco city,census
SF00502,Match,"567 LOMBARD ST, SAN FRANCISCO, CA, 94133",-122.4108422847,37.803043694727,06,075,San Francisco city,census
SF00503,Match,"563 LOMBARD ST, SAN FRANCISCO, CA, 94133",-122.410784300443,37.803050872793,06,075,San Francisco city,census
SF00504,Match,"551 LOMBARD ST, SAN FRANCISCO, CA, 94133",-122.410610347671,37.803072406993,06,075,San Francisco city,census
SF00505,Match,"547 LOMBARD ST, SAN FRANCISCO, CA, 94133",-122.410552363414,37.80307958506,06,075,San Francisco city,census
SF00506,Match,"537 LOMBARD ST, SAN FRANCISCO, CA, 94133",-122.41040740277,37.803097530226,06,075,San Francisco city,census
SF00507,Match,"15 TUSCANY ALY, SAN FRANCISCO, CA, 94133",-122.410347826322,37.802796840897,06,075,San Francisco city,census
SF00508,Match,"1 TUSCANY ALY, SAN FRANCISCO, CA, 94133",-122.410337895524,37.802746725187,06,075,San Francisco city,census
SF00509,Match,"529 LOMBARD ST, SAN FRANCISCO, CA, 94133",-122.410183884051,37.803125197308,06,075,San Francisco city,census
SF00510,Match,"525 LOMBARD ST, SAN FRANCISCO, CA, 94133",-122.410130392043,37.803131818197,06,075,San Francisco city,census
SF00511,Match,"1745 GRANT AVE, SAN FRANCISCO, CA, 94133",-122.408170097625,37.803191168137,06,075,San Francisco city,census
SF00512,Match,"1727 GRANT AVE, SAN FRANCISCO, CA, 94133",-122.40815811927,37.803132457189,06,075,San Francisco city,census
SF00513,Match,"40 EDITH ST, SAN FRANCISCO, CA, 94133",-122.408409130493,37.802873391515,06,075,San Francisco city,census
SF00514,Match,"50 EDITH ST, SAN FRANCISCO, CA, 94133",-122.408487336149,37.802863591983,06,075,San Francisco city,census
SF00515,Match,"56 EDITH ST, SAN FRANCISCO, CA, 94133",-122.408534259543,37.802857712264,06,075,San Francisco city,census
SF00516,Match,"1721 GRANT AVE, SAN FRANCISCO, CA, 94133",-122.408080705143,37.802756518923,06,075,San Francisco city,census
SF00517,Match,"1703 GRANT AVE, SAN FRANCISCO, CA, 94133",-122.408043251987,37.80257284354,06,075,San Francisco city,census
SF00518,Match,"500 GREENWICH ST, SAN FRANCISCO, CA, 94133",-122.408039126121,37.802552396167,06,075,San Francisco city,census
SF00519,Match,"514 GREENWICH ST, SAN FRANCISCO, CA, 94133",-122.408343936949,37.802513645674,06,075,San Francisco city,census
SF00520,Match,"520 GREENWICH ST, SAN FRANCISCO, CA, 94133",-122.408426585473,37.802503314613,06,075,San Francisco city,census
SF00521,Match,"528 GREENWICH ST, SAN FRANCISCO, CA, 94133",-122.408536783505,37.802489539867,06,075,San Francisco city,census
SF00522,Match,"532 GREENWICH ST, SAN FRANCISCO, CA, 94133",-122.408591882521,37.802482652494,06,075,San Francisco city,census
SF00523,Match,"540 GREENWICH ST, SAN FRANCISCO, CA, 94133",-122.408702080553,37.802468877747,06,075,San Francisco city,census
SF00524,Match,"544 GREENWICH ST, SAN FRANCISCO, CA, 94133",-122.408757329529,37.802461934387,06,075,San Francisco city,census
SF00525,Match,"550 GREENWICH ST, SAN FRANCISCO, CA, 94133",-122.408839949044,37.802451459922,06,075,San Francisco city,census
SF00526,Match,"558 GREENWICH ST, SAN FRANCISCO, CA, 94133",-122.408950108397,37.802437493967,06,075,San Francisco city,census
SF00527,Match,"562 GREENWICH ST, SAN FRANCISCO, CA, 94133",-122.409005188073,37.80243051099,06,075,San Francisco city,census
SF00528,Match,"568 GREENWICH ST, SAN FRANCISCO, CA, 94133",-122.409087807588,37.802420036524,06,075,San Francisco city,census
SF00529,Match,"586 GREENWICH ST, SAN FRANCISCO, CA, 94133",-122.409335666132,37.802388613127,06,075,San Francisco city,census
SF00530,Match,"1800 STOCKTON ST, SAN FRANCISCO, CA, 94133",-122.409500777396,37.802367591078,06,075,San Francisco city,census
SF00531,Match,"1816 STOCKTON ST, SAN FRANCISCO, CA, 94133",-122.409527756959,37.802501767282,06,075,San Francisco city,census
SF00532,Match,"1822 STOCKTON ST, SAN FRANCISCO, CA, 94133",-122.409537874295,37.802552083359,06,075,San Francisco city,census
SF00533,Match,"1828 STOCKTON ST, SAN FRANCISCO, CA, 94133",-122.409547991632,37.802602399435,06,075,San Francisco city,census
SF00534,Match,"1836 STOCKTON ST, SAN FRANCISCO, CA, 94133",-122.409561481413,37.802669487537,06,075,San Francisco city,census
SF00535,Match,"1848 STOCKTON ST, SAN FRANCISCO, CA, 94133",-122.409581716086,37.80277011969,06,075,San Francisco city,census
SF00536,Match,"1852 STOCKTON ST, SAN FRANCISCO, CA, 94133",-122.409588460976,37.802803663741,06,075,San Francisco city,census
SF00537,Match,"1858 STOCKTON ST, SAN FRANCISCO, CA, 94133",-122.409598578313,37.802853979817,06,075,San Francisco city,census
SF00538,Match,"1864 STOCKTON ST, SAN FRANCISCO, CA, 94133",-122.409608695649,37.802904295894,06,075,San Francisco city,census
SF00539,Match,"471 LOMBARD ST, SAN FRANCISCO, CA, 94133",-122.409249208705,37.803239987965,06,075,San Francisco city,census
SF00540,Match,"457 LOMBARD ST, SAN FRANCISCO, CA, 94133",-122.409040665877,37.80326541709,06,075,San Francisco city,census
SF00541,Match,"451 LOMBARD ST, SAN FRANCISCO, CA, 94133",-122.408951290379,37.803276315286,06,075,San Francisco city,census
SF00542,Match,"445 LOMBARD ST, SAN FRANCISCO, CA, 94133",-122.408861914881,37.803287213482,06,075,San Francisco city,census
SF00543,Match,"433 LOMBARD ST, SAN FRANCISCO, CA, 94133",-122.408683111164,37.803309095689,06,075,San Francisco city,census
SF00544,Match,"423 LOMBARD ST, SAN FRANCISCO, CA, 94133",-122.408534173608,37.803327370637,06,075,San Francisco city,census
SF00545,Match,"407 LOMBARD ST, SAN FRANCISCO, CA, 94133",-122.408295873519,37.803356610553,06,075,San Francisco city,census
SF00546,Match,"403 LOMBARD ST, SAN FRANCISCO, CA, 94133",-122.408236298497,37.803363920532,06,075,San Francisco city,census
SF00547,Match,"281 TELEGRAPH HILL BLVD, SAN FRANCISCO, CA, 94133",-122.40672118703,37.803199460426,06,075,San Francisco city,census
SF00548,Match,"275 TELEGRAPH HILL BLVD, SAN FRANCISCO, CA, 94133",-122.406753822631,37.803150638636,06,075,San Francisco city,census
SF00549,Match,"225 TELEGRAPH HILL BLVD, SAN FRANCISCO, CA, 94133",-122.406748002342,37.802827054424,06,075,San Francisco city,census
SF00550,Match,"426 GREENWICH ST, SAN FRANCISCO, CA, 94133",-122.406914039691,37.802693539627,06,075,San Francisco city,census
SF00551,Match,"71 TELEGRAPH PL, SAN FRANCISCO, CA, 94133",-122.407113399952,37.802995751643,06,075,San Francisco city,census
SF00552,Match,"434 GREENWICH ST, SAN FRANCISCO, CA, 94133",-122.40700788192,37.802681757245,06,075,San Francisco city,census
SF00553,Match,"440 GREENWICH ST, SAN FRANCISCO, CA, 94133",-122.407078263591,37.802672920458,06,075,San Francisco city,census
SF00554,Match,"444 GREENWICH ST, SAN FRANCISCO, CA, 94133",-122.407125184706,37.802667029267,06,075,San Francisco city,census
SF00555,Match,"456 GREENWICH ST, SAN FRANCISCO, CA, 94133",-122.407265948049,37.802649355693,06,075,San Francisco city,census
SF00556,Match,"460 GREENWICH ST, SAN FRANCISCO, CA, 94133",-122.407312869163,37.802643464502,06,075,San Francisco city,census
SF00557,Match,"45 TELEGRAPH PL, SAN FRANCISCO, CA, 94133",-122.407228530496,37.802980591011,06,075,San Francisco city,census
SF00558,Match,"35 TELEGRAPH PL, SAN FRANCISCO, CA, 94133",-122.407272811475,37.802974759999,06,075,San Francisco city,census
SF00559,Match,"26 CHILD ST, SAN FRANCISCO, CA, 94133",-122.407471274423,37.803070076715,06,075,San Francisco city,census
SF00560,Match,"1720 GRANT AVE, SAN FRANCISCO, CA, 94133",-122.407941305883,37.802793299288,06,075,San Francisco city,census
SF00561,Match,"1724 GRANT AVE, SAN FRANCISCO, CA, 94133",-122.407969130423,37.802928818549,06,075,San Francisco city,census
SF00562,Match,"1730 GRANT AVE, SAN FRANCISCO, CA, 94133",-122.407970960879,37.802937649089,06,075,San Francisco city,census
SF00563,Match,"39 CHILD ST, SAN FRANCISCO, CA, 94133",-122.407628460605,37.803122083676,06,075,San Francisco city,census
SF00564,Match,"31 CHILD ST, SAN FRANCISCO, CA, 94133",-122.407620209922,37.803080698385,06,075,San Francisco city,census
SF00565,Match,"19 CHILD ST, SAN FRANCISCO, CA, 94133",-122.407607833897,37.803018620447,06,075,San Francisco city,census
SF00566,Match,"15 CHILD ST, SAN FRANCISCO, CA, 94133",-122.407603708555,37.802997927801,06,075,San Francisco city,census
SF00567,Match,"30 CHILD ST, SAN FRANCISCO, CA, 94133",-122.407475485709,37.803091200457,06,075,San Francisco city,census
SF00568,Match,"363 LOMBARD ST, SAN FRANCISCO, CA, 94133",-122.407443348343,37.803464031022,06,075,San Francisco city,census
SF00569,Match,"353 LOMBARD ST, SAN FRANCISCO, CA, 94133",-122.40731412,37.803480717475,06,075,San Francisco city,census
SF00570,Match,"325 LOMBARD ST, SAN FRANCISCO, CA, 94133",-122.406952145915,37.80352644924,06,075,San Francisco city,census
SF00571,Match,"51 TELEGRAPH PL, SAN FRANCISCO, CA, 94133",-122.407201961909,37.802984089619,06,075,San Francisco city,census
SF00572,Match,"480 GREENWICH ST, SAN FRANCISCO, CA, 94133",-122.407674786727,37.80259814951,06,075,San Francisco city,census
SF00573,Match,"218 FILBERT ST, SAN FRANCISCO, CA, 94133",-122.403935183137,37.802103765858,06,075,San Francisco city,census
SF00574,Match,"8 NAPIER LN, SAN FRANCISCO, CA, 94133",-122.403826002986,37.80259469931,06,075,San Francisco city,census
SF00575,Match,"28 NAPIER LN, SAN FRANCISCO, CA, 94133",-122.403831467139,37.802620731985,06,075,San Francisco city,census
SF00576,Match,"25 NAPIER LN, SAN FRANCISCO, CA, 94133",-122.403973861548,37.80259874289,06,075,San Francisco city,census
SF00577,Match,"21 NAPIER LN, SAN FRANCISCO, CA, 94133",-122.40397279102,37.80259364261,06,075,San Francisco city,census
SF00578,Match,"20 DARRELL PL, SAN FRANCISCO, CA, 94133",-122.404234373166,37.802231012928,06,075,San Francisco city,census
SF00579,Match,"24 DARRELL PL, SAN FRANCISCO, CA, 94133",-122.404241613911,37.802266882223,06,075,San Francisco city,census
SF00580,Match,"1410 MONTGOMERY ST, SAN FRANCISCO, CA, 94133",-122.404564755742,37.802110962817,06,075,San Francisco city,census
SF00581,Match,"1460 MONTGOMERY ST, SAN FRANCISCO, CA, 94133",-122.404650089433,37.802532964628,06,075,San Francisco city,census
SF00582,Match,"1470 MONTGOMERY ST, SAN FRANCISCO, CA, 94133",-122.404667368448,37.802617306911,06,075,San Francisco city,census
SF00583,Match,"60 DARRELL PL, SAN FRANCISCO, CA, 94133",-122.404297395971,37.802544079306,06,075,San Francisco city,census
SF00584,Match,"42 DARRELL PL, SAN FRANCISCO, CA, 94133",-122.404290453768,37.802509374735,06,075,San Francisco city,census
SF00585,Match,"52 DARRELL PL, SAN FRANCISCO, CA, 94133",-122.404294310547,37.802528655053,06,075,San Francisco city,census
SF00586,Match,"237 GREENWICH ST, SAN FRANCISCO, CA, 94133",-122.403769859842,37.802967030317,06,075,San Francisco city,census
SF00587,Match,"1420 MONTGOMERY ST, SAN FRANCISCO, CA, 94133",-122.404581747805,37.802195341477,06,075,San Francisco city,census
SF00588,Match,"1445 MONTGOMERY ST, SAN FRANCISCO, CA, 94133",-122.404765754789,37.802379843443,06,075,San Francisco city,census
SF00589,Match,"1441 MONTGOMERY ST, SAN FRANCISCO, CA, 94133",-122.404758957964,37.802346091979,06,075,San Francisco city,census
SF00590,Match,"1409 MONTGOMERY ST, SAN FRANCISCO, CA, 94133",-122.404704583363,37.802076080267,06,075,San Francisco city,census
SF00591,Match,"1403 MONTGOMERY ST, SAN FRANCISCO, CA, 94133",-122.404694388125,37.802025453071,06,075,San Francisco city,census
SF00592,Match,"310 FILBERT ST, SAN FRANCISCO, CA, 94133",-122.404763669427,37.802001054431,06,075,San Francisco city,census
SF00593,Match,"450 FILBERT ST, SAN FRANCISCO, CA, 94133",-122.407242680941,37.801698190722,06,075,San Francisco city,census
SF00594,Match,"474 FILBERT ST, SAN FRANCISCO, CA, 94133",-122.407389338997,37.801678659714,06,075,San Francisco city,census
SF00595,Match,"480 FILBERT ST, SAN FRANCISCO, CA, 94133",-122.407560888004,37.801656133235,06,075,San Francisco city,census
SF00596,Match,"486 FILBERT ST, SAN FRANCISCO, CA, 94133",-122.407610640179,37.801649688131,06,075,San Francisco city,census
SF00597,Match,"1622 GRANT AVE, SAN FRANCISCO, CA, 94133",-122.407761373178,37.801895905074,06,075,San Francisco city,census
SF00598,Match,"1628 GRANT AVE, SAN FRANCISCO, CA, 94133",-122.407775484764,37.801966650709,06,075,San Francisco city,census
SF00599,Match,"1616 GRANT AVE, SAN FRANCISCO, CA, 94133",-122.407747261591,37.801825159438,06,075,San Francisco city,census
SF00600,Match,"1634 GRANT AVE, SAN FRANCISCO, CA, 94133",-122.407789596351,37.802037396345,06,075,San Francisco city,census
SF00601,Match,"1640 GRANT AVE, SAN FRANCISCO, CA, 94133",-122.407803707938,37.80210814198,06,075,San Francisco city,census
SF00602,Match,"15 GERKE ALY, SAN FRANCISCO, CA, 94133",-122.407535820941,37.802192070205,06,075,San Francisco city,census
SF00603,Match,"7 GERKE ALY, SAN FRANCISCO, CA, 94133",-122.407509457133,37.802195522155,06,075,San Francisco city,census
SF00604,Match,"1650 GRANT AVE, SAN FRANCISCO, CA, 94133",-122.407842153772,37.802301481174,06,075,San Francisco city,census
SF00605,Match,"1654 GRANT AVE, SAN FRANCISCO, CA, 94133",-122.407844731567,37.802314462771,06,075,San Francisco city,census
SF00606,Match,"477 GREENWICH ST, SAN FRANCISCO, CA, 94133",-122.407618912136,37.80248911866,06,075,San Francisco city,census
SF00607,Match,"4 GERKE ALY, SAN FRANCISCO, CA, 94133",-122.407829622438,37.802269755328,06,075,San Francisco city,census
SF00608,Match,"465 GREENWICH ST, SAN FRANCISCO, CA, 94133",-122.407480314781,37.80250644874,06,075,San Francisco city,census
SF00609,Match,"459 GREENWICH ST, SAN FRANCISCO, CA, 94133",-122.407288595269,37.802530483151,06,075,San Francisco city,census
SF00610,Match,"447 GREENWICH ST, SAN FRANCISCO, CA, 94133",-122.407143291173,37.80254872684,06,075,San Francisco city,census
SF00611,Match,"427 GREENWICH ST, SAN FRANCISCO, CA, 94133",-122.40690111768,37.802579132988,06,075,San Francisco city,census
SF00612,Match,"425 GREENWICH ST, SAN FRANCISCO, CA, 94133",-122.40687690033,37.802582173603,06,075,San Francisco city,census
SF00613,Match,"466 FILBERT ST, SAN FRANCISCO, CA, 94133",-122.407340452979,37.80168517005,06,075,San Francisco city,census
SF00614,Match,"1653 GRANT AVE, SAN FRANCISCO, CA, 94133",-122.407982851482,37.80227073763,06,075,San Francisco city,census
SF00615,Match,"1647 GRANT AVE, SAN FRANCISCO, CA, 94133",-122.407948095511,37.802095961289,06,075,San Francisco city,census
SF00616,Match,"1639 GRANT AVE, SAN FRANCISCO, CA, 94133",-122.407931537916,37.802012953077,06,075,San Francisco city,census
SF00617,Match,"1635 GRANT AVE, SAN FRANCISCO, CA, 94133",-122.407923259119,37.801971448971,06,075,San Francisco city,census
SF00618,Match,"1615 GRANT AVE, SAN FRANCISCO, CA, 94133",-122.40788186513,37.80176392844,06,075,San Francisco city,census
SF00619,Match,"1601 GRANT AVE, SAN FRANCISCO, CA, 94133",-122.407852889339,37.801618664069,06,075,San Francisco city,census
SF00620,Match,"544 FILBERT ST, SAN FRANCISCO, CA, 94133",-122.408458531501,37.801542603144,06,075,San Francisco city,census
SF00621,Match,"552 FILBERT ST, SAN FRANCISCO, CA, 94133",-122.408634934771,37.801520664335,06,075,San Francisco city,census
SF00622,Match,"558 FILBERT ST, SAN FRANCISCO, CA, 94133",-122.408698688819,37.801512712801,06,075,San Francisco city,census
SF00623,Match,"570 FILBERT ST, SAN FRANCISCO, CA, 94133",-122.408826196916,37.801496809732,06,075,San Francisco city,census
SF00624,Match,"578 FILBERT ST, SAN FRANCISCO, CA, 94133",-122.40903894614,37.801470250157,06,075,San Francisco city,census
SF00625,Match,"1700 STOCKTON ST, SAN FRANCISCO, CA, 94133",-122.409309133712,37.801436790858,06,075,San Francisco city,census
SF00626,Match,"1720 STOCKTON ST, SAN FRANCISCO, CA, 94133",-122.409343697093,37.801603696096,06,075,San Francisco city,census
SF00627,Match,"1726 STOCKTON ST, SAN FRANCISCO, CA, 94133",-122.409354066107,37.801653767668,06,075,San Francisco city,census
SF00628,Match,"1750 STOCKTON ST, SAN FRANCISCO, CA, 94133",-122.409395542164,37.801854053953,06,075,San Francisco city,census
SF00629,Match,"591 GREENWICH ST, SAN FRANCISCO, CA, 94133",-122.409365082446,37.802268826698,06,075,San Francisco city,census
SF00630,Match,"579 GREENWICH ST, SAN FRANCISCO, CA, 94133",-122.409195813196,37.802290286579,06,075,San Francisco city,census
SF00631,Match,"561 GREENWICH ST, SAN FRANCISCO, CA, 94133",-122.408941909321,37.802322476401,06,075,San Francisco city,census
SF00632,Match,"551 GREENWICH ST, SAN FRANCISCO, CA, 94133",-122.408800851613,37.802340359635,06,075,San Francisco city,census
SF00633,Match,"547 GREENWICH ST, SAN FRANCISCO, CA, 94133",-122.40874442853,37.802347512929,06,075,San Francisco city,census
SF00634,Match,"517 GREENWICH ST, SAN FRANCISCO, CA, 94133",-122.408321274953,37.802400461951,06,075,San Francisco city,census
SF00635,Match,"1 KRAMER PL, SAN FRANCISCO, CA, 94133",-122.408321378584,37.802400521634,06,075,San Francisco city,census
SF00636,Match,"571 GREENWICH ST, SAN FRANCISCO, CA, 94133",-122.409082967029,37.802304593167,06,075,San Francisco city,census
SF00637,Match,"567 GREENWICH ST, SAN FRANCISCO, CA, 94133",-122.409026543946,37.80231174646,06,075,San Francisco city,census
SF00638,Match,"525 GREENWICH ST, SAN FRANCISCO, CA, 94133",-122.408434160742,37.802386351235,06,075,San Francisco city,census
SF00639,Match,"1763 STOCKTON ST, SAN FRANCISCO, CA, 94133",-122.40955926044,37.801935787615,06,075,San Francisco city,census
SF00640,Match,"1757 STOCKTON ST, SAN FRANCISCO, CA, 94133",-122.409548974332,37.801885705361,06,075,San Francisco city,census
SF00641,Match,"1753 STOCKTON ST, SAN FRANCISCO, CA, 94133",-122.409542116928,37.801852317191,06,075,San Francisco city,census
SF00642,Match,"1747 STOCKTON ST, SAN FRANCISCO, CA, 94133",-122.409531752842,37.801802168923,06,075,San Francisco city,census
SF00643,Match,"1741 STOCKTON ST, SAN FRANCISCO, CA, 94133",-122.409521383828,37.801752097351,06,075,San Francisco city,census
SF00644,Match,"1735 STOCKTON ST, SAN FRANCISCO, CA, 94133",-122.409511014814,37.80170202578,06,075,San Francisco city,census
SF00645,Match,"1729 STOCKTON ST, SAN FRANCISCO, CA, 94133",-122.409500645799,37.801651954208,06,075,San Francisco city,census
SF00646,Match,"1723 STOCKTON ST, SAN FRANCISCO, CA, 94133",-122.409490276785,37.801601882637,06,075,San Francisco city,census
SF00647,Match,"1717 STOCKTON ST, SAN FRANCISCO, CA, 94133",-122.409479907771,37.801551811066,06,075,San Francisco city,census
SF00648,Match,"1701 STOCKTON ST, SAN FRANCISCO, CA, 94133",-122.409452257067,37.801418286875,06,075,San Francisco city,census
SF00649,Match,"622 FILBERT ST, SAN FRANCISCO, CA, 94133",-122.409789927937,37.801377689122,06,075,San Francisco city,census
SF00650,Match,"630 FILBERT ST, SAN FRANCISCO, CA, 94133",-122.409912919321,37.801362706486,06,075,San Francisco city,census
SF00651,Match,"673 GREENWICH ST, SAN FRANCISCO, CA, 94133",-122.410747554529,37.802098999925,06,075,San Francisco city,census
SF00652,Match,"667 GREENWICH ST, SAN FRANCISCO, CA, 94133",-122.410661551538,37.802109567677,06,075,San Francisco city,census
SF00653,Match,"695 GREENWICH ST, SAN FRANCISCO, CA, 94133",-122.411062898826,37.802060251499,06,075,San Francisco city,census
SF00654,Match,"39 BRANT ALY, SAN FRANCISCO, CA, 94133",-122.410438153714,37.801740146661,06,075,San Francisco city,census
SF00655,Match,"655 GREENWICH ST, SAN FRANCISCO, CA, 94133",-122.41037814557,37.80214443875,06,075,San Francisco city,census
SF00656,Match,"637 GREENWICH ST, SAN FRANCISCO, CA, 94133",-122.410126128343,37.802175460634,06,075,San Francisco city,census
SF00657,Match,"619 GREENWICH ST, SAN FRANCISCO, CA, 94133",-122.409873904794,37.802206128613,06,075,San Francisco city,census
SF00658,Match,"625 GREENWICH ST, SAN FRANCISCO, CA, 94133",-122.40995797931,37.802195905954,06,075,San Francisco city,census
SF00659,Match,"1861 POWELL ST, SAN FRANCISCO, CA, 94133",-122.411200789025,37.801718457997,06,075,San Francisco city,census
SF00660,Match,"1853 POWELL ST, SAN FRANCISCO, CA, 94133",-122.411187590435,37.801651698688,06,075,San Francisco city,census
SF00661,Match,"1847 POWELL ST, SAN FRANCISCO, CA, 94133",-122.411177691492,37.801601629207,06,075,San Francisco city,census
SF00662,Match,"1841 POWELL ST, SAN FRANCISCO, CA, 94133",-122.411167792549,37.801551559725,06,075,San Francisco city,census
SF00663,Match,"1833 POWELL ST, SAN FRANCISCO, CA, 94133",-122.411154593959,37.801484800416,06,075,San Francisco city,census
SF00664,Match,"1823 POWELL ST, SAN FRANCISCO, CA, 94133",-122.411138095721,37.801401351281,06,075,San Francisco city,census
SF00665,Match,"1811 POWELL ST, SAN FRANCISCO, CA, 94133",-122.411118297835,37.801301212318,06,075,San Francisco city,census
SF00666,Match,"742 FILBERT ST, SAN FRANCISCO, CA, 94133",-122.411883114221,37.801119804698,06,075,San Francisco city,census
SF00667,Match,"750 FILBERT ST, SAN FRANCISCO, CA, 94133",-122.412004302258,37.801104703937,06,075,San Francisco city,census
SF00668,Match,"770 FILBERT ST, SAN FRANCISCO, CA, 94133",-122.412403910354,37.801054914778,06,075,San Francisco city,census
SF00669,Match,"1910 MASON ST, SAN FRANCISCO, CA, 94133",-122.412622048119,37.801140584353,06,075,San Francisco city,census
SF00670,Match,"1928 MASON ST, SAN FRANCISCO, CA, 94133",-122.412662074953,37.801338488998,06,075,San Francisco city,census
SF00671,Match,"1934 MASON ST, SAN FRANCISCO, CA, 94133",-122.412694037963,37.801495727578,06,075,San Francisco city,census
SF00672,Match,"1946 MASON ST, SAN FRANCISCO, CA, 94133",-122.412707494151,37.80156133396,06,075,San Francisco city,census
SF00673,Match,"6 SCOTLAND ST, SAN FRANCISCO, CA, 94133",-122.412253985064,37.801108748193,06,075,San Francisco city,census
SF00674,Match,"753 COLUMBUS AVE, SAN FRANCISCO, CA, 94133",-122.412182283145,37.80160663415,06,075,San Francisco city,census
SF00675,Match,"716 COLUMBUS AVE, SAN FRANCISCO, CA, 94133",-122.412321387498,37.801855184374,06,075,San Francisco city,census
SF00676,Match,"750 COLUMBUS AVE, SAN FRANCISCO, CA, 94133",-122.411753807404,37.801462504931,06,075,San Francisco city,census
SF00677,Match,"776 COLUMBUS AVE, SAN FRANCISCO, CA, 94133",-122.41212479551,37.8017191725,06,075,San Francisco city,census
SF00678,Match,"29 VIA BUFANO, SAN FRANCISCO, CA, 94133",-122.411540841704,37.801399724517,06,075,San Francisco city,census
SF00679,Match,"785 COLUMBUS AVE, SAN FRANCISCO, CA, 94133",-122.412700610016,37.801964971606,06,075,San Francisco city,census
SF00680,Match,"736 FILBERT ST, SAN FRANCISCO, CA, 94133",-122.411792223194,37.801131130269,06,075,San Francisco city,census
SF00681,Match,"724 FILBERT ST, SAN FRANCISCO, CA, 94133",-122.411610441139,37.801153781411,06,075,San Francisco city,census
SF00682,Match,"725 COLUMBUS AVE, SAN FRANCISCO, CA, 94133",-122.411803245987,37.801344397857,06,075,San Francisco city,census
SF00683,Match,"701 COLUMBUS AVE, SAN FRANCISCO, CA, 94133",-122.411478356995,37.801119623892,06,075,San Francisco city,census
SF00684,Match,"1943 MASON ST, SAN FRANCISCO, CA, 94133",-122.412849861588,37.801539143079,06,075,San Francisco city,census
SF00685,Match,"1937 MASON ST, SAN FRANCISCO, CA, 94133",-122.412843529265,37.801508269487,06,075,San Francisco city,census
SF00686,Match,"1931 MASON ST, SAN FRANCISCO, CA, 94133",-122.412837196941,37.801477395895,06,075,San Francisco city,census
SF00687,Match,"1921 MASON ST, SAN FRANCISCO, CA, 94133",-122.41279384738,37.801263861509,06,075,San Francisco city,census
SF00688,Match,"1901 MASON ST, SAN FRANCISCO, CA, 94133",-122.412743019654,37.801012554023,06,075,San Francisco city,census
SF00689,Match,"810 FILBERT ST, SAN FRANCISCO, CA, 94133",-122.412896041134,37.800993291061,06,075,San Francisco city,census
SF00690,Match,"816 FILBERT ST, SAN FRANCISCO, CA, 94133",-122.4129878659,37.800981720453,06,075,San Francisco city,census
SF00691,Match,"17 VALPARAISO ST, SAN FRANCISCO, CA, 94133",-122.413059348929,37.801333920146,06,075,San Francisco city,census
SF00692,Match,"822 FILBERT ST, SAN FRANCISCO, CA, 94133",-122.413079690666,37.800970149846,06,075,San Francisco city,census
SF00693,Match,"23 VALPARAISO ST, SAN FRANCISCO, CA, 94133",-122.413151227867,37.801322461636,06,075,San Francisco city,census
SF00694,Match,"828 FILBERT ST, SAN FRANCISCO, CA, 94133",-122.413171515431,37.800958579238,06,075,San Francisco city,census
SF00695,Match,"840 FILBERT ST, SAN FRANCISCO, CA, 94133",-122.413355164962,37.800935438023,06,075,San Francisco city,census
SF00696,Match,"846 FILBERT ST, SAN FRANCISCO, CA, 94133",-122.413446989728,37.800923867415,06,075,San Francisco city,census
SF00697,Match,"852 FILBERT ST, SAN FRANCISCO, CA, 94133",-122.413538814494,37.800912296808,06,075,San Francisco city,census
SF00698,Match,"862 FILBERT ST, SAN FRANCISCO, CA, 94133",-122.41369185577,37.800893012461,06,075,San Francisco city,census
SF00699,Match,"870 FILBERT ST, SAN FRANCISCO, CA, 94133",-122.41381428879,37.800877584985,06,075,San Francisco city,census
SF00700,Match,"874 FILBERT ST, SAN FRANCISCO, CA, 94133",-122.413875505301,37.800869871246,06,075,San Francisco city,census
SF00701,Match,"77 VALPARAISO ST, SAN FRANCISCO, CA, 94133",-122.413978138309,37.801219335043,06,075,San Francisco city,census
SF00702,Match,"882 FILBERT ST, SAN FRANCISCO, CA, 94133",-122.413997938322,37.800854443769,06,075,San Francisco city,census
SF00703,Match,"890 FILBERT ST, SAN FRANCISCO, CA, 94133",-122.414120371342,37.800839016292,06,075,San Francisco city,census
SF00704,Match,"2004 TAYLOR ST, SAN FRANCISCO, CA, 94133",-122.414253182103,37.800874195929,06,075,San Francisco city,census
SF00705,Match,"2016 TAYLOR ST, SAN FRANCISCO, CA, 94133",-122.414284021734,37.801025849166,06,075,San Francisco city,census
SF00706,Match,"2026 TAYLOR ST, SAN FRANCISCO, CA, 94133",-122.414309721427,37.801152226863,06,075,San Francisco city,census
SF00707,Match,"85 VALPARAISO ST, SAN FRANCISCO, CA, 94133",-122.414100643559,37.801204057029,06,075,San Francisco city,census
SF00708,Match,"67 VALPARAISO ST, SAN FRANCISCO, CA, 94133",-122.413825006745,37.80123843256,06,075,San Francisco city,census
SF00709,Match,"53 VALPARAISO ST, SAN FRANCISCO, CA, 94133",-122.413610622557,37.801265169084,06,075,San Francisco city,census
SF00710,Match,"29 VALPARAISO ST, SAN FRANCISCO, CA, 94133",-122.413243106805,37.801311003125,06,075,San Francisco city,census
SF00711,Match,"16 VALPARAISO ST, SAN FRANCISCO, CA, 94133",-122.413055799571,37.801450372624,06,075,San Francisco city,census
SF00712,Match,"24 VALPARAISO ST, SAN FRANCISCO, CA, 94133",-122.413180857014,37.801434776318,06,075,San Francisco city,census
SF00713,Match,"28 VALPARAISO ST, SAN FRANCISCO, CA, 94133",-122.413243385736,37.801426978165,06,075,San Francisco city,census
SF00714,Match,"34 VALPARAISO ST, SAN FRANCISCO, CA, 94133",-122.413337178818,37.801415280936,06,075,San Francisco city,census
SF00715,Match,"46 VALPARAISO ST, SAN FRANCISCO, CA, 94133",-122.413524764983,37.801391886478,06,075,San Francisco city,census
SF00716,Match,"52 VALPARAISO ST, SAN FRANCISCO, CA, 94133",-122.413618558066,37.801380189248,06,075,San Francisco city,census
SF00717,Match,"72 VALPARAISO ST, SAN FRANCISCO, CA, 94133",-122.413931201674,37.801341198484,06,075,San Francisco city,census
SF00718,Match,"80 VALPARAISO ST, SAN FRANCISCO, CA, 94133",-122.414056259118,37.801325602179,06,075,San Francisco city,census
SF00719,Match,"82 VALPARAISO ST, SAN FRANCISCO, CA, 94133",-122.414087523478,37.801321703102,06,075,San Francisco city,census
SF00720,Match,"88 VALPARAISO ST, SAN FRANCISCO, CA, 94133",-122.414181316561,37.801310005873,06,075,San Francisco city,census
SF00721,Match,"2040 TAYLOR ST, SAN FRANCISCO, CA, 94133",-122.414348282664,37.801342216402,06,075,San Francisco city,census
SF00722,Match,"2050 TAYLOR ST, SAN FRANCISCO, CA, 94133",-122.414358740379,37.801393815286,06,075,San Francisco city,census
SF00723,Match,"891 GREENWICH ST, SAN FRANCISCO, CA, 94133",-122.41429615013,37.801655339472,06,075,San Francisco city,census
SF00724,Match,"869 GREENWICH ST, SAN FRANCISCO, CA, 94133",-122.413985519112,37.801693934444,06,075,San Francisco city,census
SF00725,Match,"863 GREENWICH ST, SAN FRANCISCO, CA, 94133",-122.413900801561,37.801704460345,06,075,San Francisco city,census
SF00726,Match,"62 VALPARAISO ST, SAN FRANCISCO, CA, 94133",-122.41377487987,37.801360693866,06,075,San Francisco city,census
SF00727,Match,"857 GREENWICH ST, SAN FRANCISCO, CA, 94133",-122.413816084011,37.801714986246,06,075,San Francisco city,census
SF00728,Match,"58 VALPARAISO ST, SAN FRANCISCO, CA, 94133",-122.413712351148,37.801368492019,06,075,San Francisco city,census
SF00729,Match,"851 GREENWICH ST, SAN FRANCISCO, CA, 94133",-122.41373136646,37.801725512148,06,075,San Francisco city,census
SF00730,Match,"839 GREENWICH ST, SAN FRANCISCO, CA, 94133",-122.413446706225,37.801760847938,06,075,San Francisco city,census
SF00731,Match,"833 GREENWICH ST, SAN FRANCISCO, CA, 94133",-122.413361863499,37.801771376493,06,075,San Francisco city,census
SF00732,Match,"827 GREENWICH ST, SAN FRANCISCO, CA, 94133",-122.413277020772,37.801781905049,06,075,San Francisco city,census
SF00733,Match,"815 GREENWICH ST, SAN FRANCISCO, CA, 94133",-122.413107335319,37.80180296216,06,075,San Francisco city,census
SF00734,Match,"836 FILBERT ST, SAN FRANCISCO, CA, 94133",-122.413293948452,37.800943151761,06,075,San Francisco city,census
SF00735,Match,"35 VALPARAISO ST, SAN FRANCISCO, CA, 94133",-122.413334985743,37.801299544615,06,075,San Francisco city,census
SF00736,Match,"901 GREENWICH ST, SAN FRANCISCO, CA, 94133",-122.414552127838,37.801623363405,06,075,San Francisco city,census
SF00737,Match,"2043 TAYLOR ST, SAN FRANCISCO, CA, 94133",-122.414498324342,37.801357844992,06,075,San Francisco city,census
SF00738,Match,"2037 TAYLOR ST, SAN FRANCISCO, CA, 94133",-122.414492558466,37.801329395878,06,075,San Francisco city,census
SF00739,Match,"2029 TAYLOR ST, SAN FRANCISCO, CA, 94133",-122.414484870633,37.801291463725,06,075,San Francisco city,census
SF00740,Match,"960 FILBERT ST, SAN FRANCISCO, CA, 94133",-122.415277759284,37.800690474468,06,075,San Francisco city,census
SF00741,Match,"966 FILBERT ST, SAN FRANCISCO, CA, 94133",-122.415373331899,37.800678203191,06,075,San Francisco city,census
SF00742,Match,"972 FILBERT ST, SAN FRANCISCO, CA, 94133",-122.415468904515,37.800665931914,06,075,San Francisco city,census
SF00743,Match,"980 FILBERT ST, SAN FRANCISCO, CA, 94133",-122.415596334669,37.800649570211,06,075,San Francisco city,census
SF00744,Match,"984 FILBERT ST, SAN FRANCISCO, CA, 94133",-122.415660049747,37.800641389359,06,075,San Francisco city,census
SF00745,Match,"2100 JONES ST, SAN FRANCISCO, CA, 94133",-122.415882933487,37.800612688553,06,075,San Francisco city,census
SF00746,Match,"2120 JONES ST, SAN FRANCISCO, CA, 94133",-122.415934298296,37.8008647299,06,075,San Francisco city,census
SF00747,Match,"173 VALPARAISO ST, SAN FRANCISCO, CA, 94133",-122.415678886892,37.801001096855,06,075,San Francisco city,census
SF00748,Match,"111 VALPARAISO ST, SAN FRANCISCO, CA, 94133",-122.415021059091,37.801085626728,06,075,San Francisco city,census
SF00749,Match,"126 VALPARAISO ST, SAN FRANCISCO, CA, 94133",-122.415214100422,37.801176917922,06,075,San Francisco city,census
SF00750,Match,"140 VALPARAISO ST, SAN FRANCISCO, CA, 94133",-122.415362642184,37.801157830531,06,075,San Francisco city,census
SF00751,Match,"166 VALPARAISO ST, SAN FRANCISCO, CA, 94133",-122.415638505455,37.80112238252,06,075,San Francisco city,census
SF00752,Match,"2130 JONES ST, SAN FRANCISCO, CA, 94133",-122.415977855313,37.801078654898,06,075,San Francisco city,census
SF00753,Match,"2138 JONES ST, SAN FRANCISCO, CA, 94133",-122.415986334302,37.801120403106,06,075,San Francisco city,census
SF00754,Match,"2154 JONES ST, SAN FRANCISCO, CA, 94133",-122.41600329228,37.80120389952,06,075,San Francisco city,census
SF00755,Match,"985 GREENWICH ST, SAN FRANCISCO, CA, 94133",-122.415853202917,37.801458456326,06,075,San Francisco city,census
SF00756,Match,"969 GREENWICH ST, SAN FRANCISCO, CA, 94133",-122.415628375566,37.801486961947,06,075,San Francisco city,census
SF00757,Match,"963 GREENWICH ST, SAN FRANCISCO, CA, 94133",-122.415544065309,37.801497651555,06,075,San Francisco city,census
SF00758,Match,"945 GREENWICH ST, SAN FRANCISCO, CA, 94133",-122.415291134539,37.801529720379,06,075,San Francisco city,census
SF00759,Match,"939 GREENWICH ST, SAN FRANCISCO, CA, 94133",-122.415206824283,37.801540409987,06,075,San Francisco city,census
SF00760,Match,"915 GREENWICH ST, SAN FRANCISCO, CA, 94133",-122.414752447319,37.801597993528,06,075,San Francisco city,census
SF00761,Match,"160 VALPARAISO ST, SAN FRANCISCO, CA, 94133",-122.4155748447,37.80113056283,06,075,San Francisco city,census
SF00762,Match,"176 VALPARAISO ST, SAN FRANCISCO, CA, 94133",-122.415744606713,37.801108748669,06,075,San Francisco city,census
SF00763,Match,"2161 JONES ST, SAN FRANCISCO, CA, 94133",-122.416148947752,37.801197863003,06,075,San Francisco city,census
SF00764,Match,"2155 JONES ST, SAN FRANCISCO, CA, 94133",-122.4161419731,37.801163521736,06,075,San Francisco city,census
SF00765,Match,"2149 JONES ST, SAN FRANCISCO, CA, 94133",-122.416134998448,37.801129180468,06,075,San Francisco city,census
SF00766,Match,"2143 JONES ST, SAN FRANCISCO, CA, 94133",-122.416128023795,37.801094839201,06,075,San Francisco city,census
SF00767,Match,"2137 JONES ST, SAN FRANCISCO, CA, 94133",-122.416121049143,37.801060497934,06,075,San Francisco city,census
SF00768,Match,"2127 JONES ST, SAN FRANCISCO, CA, 94133",-122.416081104596,37.800864303248,06,075,San Francisco city,census
SF00769,Match,"2119 JONES ST, SAN FRANCISCO, CA, 94133",-122.416064184424,37.800781277863,06,075,San Francisco city,census
SF00770,Match,"2113 JONES ST, SAN FRANCISCO, CA, 94133",-122.416051494294,37.800719008824,06,075,San Francisco city,census
SF00771,Match,"2107 JONES ST, SAN FRANCISCO, CA, 94133",-122.416038804165,37.800656739786,06,075,San Francisco city,census
SF00772,Match,"1000 FILBERT ST, SAN FRANCISCO, CA, 94133",-122.416026038637,37.800594553013,06,075,San Francisco city,census
SF00773,Match,"1024 FILBERT ST, SAN FRANCISCO, CA, 94133",-122.416393515423,37.800548169859,06,075,San Francisco city,census
SF00774,Match,"1052 FILBERT ST, SAN FRANCISCO, CA, 94133",-122.416822396093,37.80049510012,06,075,San Francisco city,census
SF00775,Match,"1060 FILBERT ST, SAN FRANCISCO, CA, 94133",-122.416944901186,37.800479703612,06,075,San Francisco city,census
SF00776,Match,"1066 FILBERT ST, SAN FRANCISCO, CA, 94133",-122.417036780005,37.800468156231,06,075,San Francisco city,census
SF00777,Match,"1072 FILBERT ST, SAN FRANCISCO, CA, 94133",-122.417128658825,37.80045660885,06,075,San Francisco city,census
SF00778,Match,"2116 LEAVENWORTH ST, SAN FRANCISCO, CA, 94133",-122.417558913642,37.800540338414,06,075,San Francisco city,census
SF00779,Match,"2136 LEAVENWORTH ST, SAN FRANCISCO, CA, 94133",-122.417596861412,37.800706318515,06,075,San Francisco city,census
SF00780,Match,"2160 LEAVENWORTH ST, SAN FRANCISCO, CA, 94133",-122.417642434966,37.800905516795,06,075,San Francisco city,census
SF00781,Match,"1023 GREENWICH ST, SAN FRANCISCO, CA, 94133",-122.416534832217,37.801371391694,06,075,San Francisco city,census
SF00782,Match,"1021 GREENWICH ST, SAN FRANCISCO, CA, 94133",-122.416503753177,37.801375380406,06,075,San Francisco city,census
SF00783,Match,"2117 LEAVENWORTH ST, SAN FRANCISCO, CA, 94133",-122.417701628225,37.800519967094,06,075,San Francisco city,census
SF00784,Match,"1124 FILBERT ST, SAN FRANCISCO, CA, 94109",-122.418038046234,37.800342282702,06,075,San Francisco city,census
SF00785,Match,"1130 FILBERT ST, SAN FRANCISCO, CA, 94109",-122.418130050253,37.800330712513,06,075,San Francisco city,census
SF00786,Match,"1138 FILBERT ST, SAN FRANCISCO, CA, 94109",-122.418252722279,37.800315285594,06,075,San Francisco city,census
SF00787,Match,"1148 FILBERT ST, SAN FRANCISCO, CA, 94109",-122.41840606231,37.800296001945,06,075,San Francisco city,census
SF00788,Match,"1154 FILBERT ST, SAN FRANCISCO, CA, 94109",-122.418498066329,37.800284431756,06,075,San Francisco city,census
SF00789,Match,"1160 FILBERT ST, SAN FRANCISCO, CA, 94109",-122.418590070348,37.800272861567,06,075,San Francisco city,census
SF00790,Match,"1166 FILBERT ST, SAN FRANCISCO, CA, 94109",-122.418682074367,37.800261291378,06,075,San Francisco city,census
SF00791,Match,"1180 FILBERT ST, SAN FRANCISCO, CA, 94109",-122.418896750411,37.80023429427,06,075,San Francisco city,census
SF00792,Match,"2124 HYDE ST, SAN FRANCISCO, CA, 94109",-122.419214411506,37.800399355293,06,075,San Francisco city,census
SF00793,Match,"2140 HYDE ST, SAN FRANCISCO, CA, 94109",-122.419241942589,37.800532402252,06,075,San Francisco city,census
SF00794,Match,"2150 HYDE ST, SAN FRANCISCO, CA, 94109",-122.419259149517,37.800615556602,06,075,San Francisco city,census
SF00795,Match,"1149 GREENWICH ST, SAN FRANCISCO, CA, 94109",-122.418217631343,37.801156367067,06,075,San Francisco city,census
SF00796,Match,"2164 HYDE ST, SAN FRANCISCO, CA, 94109",-122.419283239214,37.800731972691,06,075,San Francisco city,census
SF00797,Match,"1201 GREENWICH ST, SAN FRANCISCO, CA, 94109",-122.419485514274,37.800996577528,06,075,San Francisco city,census
SF00798,Match,"1246 FILBERT ST, SAN FRANCISCO, CA, 94109",-122.420026992232,37.80009129761,06,075,San Francisco city,census
SF00799,Match,"1252 FILBERT ST, SAN FRANCISCO, CA, 94109",-122.420119721785,37.80007953423,06,075,San Francisco city,census
SF00800,Match,"1298 FILBERT ST, SAN FRANCISCO, CA, 94109",-122.420843497212,37.799976746513,06,075,San Francisco city,census
SF00801,Match,"2430 LARKIN ST, SAN FRANCISCO, CA, 94109",-122.420870685083,37.800217901669,06,075,San Francisco city,census
SF00802,Match,"2448 LARKIN ST, SAN FRANCISCO, CA, 94109",-122.420899721406,37.800368283415,06,075,San Francisco city,census
SF00803,Match,"2460 LARKIN ST, SAN FRANCISCO, CA, 94109",-122.420919078954,37.800468537912,06,075,San Francisco city,census
SF00804,Match,"1281 GREENWICH ST, SAN FRANCISCO, CA, 94109",-122.420713711824,37.800845660161,06,075,San Francisco city,census
SF00805,Match,"1275 GREENWICH ST, SAN FRANCISCO, CA, 94109",-122.420621597007,37.800856978963,06,075,San Francisco city,census
SF00806,Match,"1221 GREENWICH ST, SAN FRANCISCO, CA, 94109",-122.419792563662,37.800958848186,06,075,San Francisco city,census
SF00807,Match,"2041 HYDE ST, SAN FRANCISCO, CA, 94109",-122.419233302896,37.799761580408,06,075,San Francisco city,census
SF00808,Match,"2055 HYDE ST, SAN FRANCISCO, CA, 94109",-122.419247839459,37.799835688429,06,075,San Francisco city,census
SF00809,Match,"2049 HYDE ST, SAN FRANCISCO, CA, 94109",-122.419241609503,37.799803927849,06,075,San Francisco city,census
SF00810,Match,"2037 HYDE ST, SAN FRANCISCO, CA, 94109",-122.419229149592,37.799740406688,06,075,San Francisco city,census
SF00811,Match,"2027 HYDE ST, SAN FRANCISCO, CA, 94109",-122.419218766332,37.799687472387,06,075,San Francisco city,census
SF00812,Match,"2015 HYDE ST, SAN FRANCISCO, CA, 94109",-122.41920630642,37.799623951226,06,075,San Francisco city,census
SF00813,Match,"18 ALLEN ST, SAN FRANCISCO, CA, 94109",-122.419337920644,37.799510518711,06,075,San Francisco city,census
SF00814,Match,"28 ALLEN ST, SAN FRANCISCO, CA, 94109",-122.419430926206,37.799498679372,06,075,San Francisco city,census
SF00815,Match,"34 ALLEN ST, SAN FRANCISCO, CA, 94109",-122.419486729543,37.799491575768,06,075,San Francisco city,census
SF00816,Match,"42 ALLEN ST, SAN FRANCISCO, CA, 94109",-122.419561133992,37.799482104297,06,075,San Francisco city,census
SF00817,Match,"1200 UNION ST, SAN FRANCISCO, CA, 94109",-122.41913186086,37.799245717084,06,075,San Francisco city,census
SF00818,Match,"1206 UNION ST, SAN FRANCISCO, CA, 94109",-122.419206347588,37.799236489251,06,075,San Francisco city,census
SF00819,Match,"1212 UNION ST, SAN FRANCISCO, CA, 94109",-122.419280834317,37.799227261417,06,075,San Francisco city,census
SF00820,Match,"1216 UNION ST, SAN FRANCISCO, CA, 94109",-122.419330492136,37.799221109528,06,075,San Francisco city,census
SF00821,Match,"1220 UNION ST, SAN FRANCISCO, CA, 94109",-122.419380149955,37.799214957639,06,075,San Francisco city,census
SF00822,Match,"1224 UNION ST, SAN FRANCISCO, CA, 94109",-122.419429807774,37.79920880575,06,075,San Francisco city,census
SF00823,Match,"1240 UNION ST, SAN FRANCISCO, CA, 94109",-122.41962843905,37.799184198194,06,075,San Francisco city,census
SF00824,Match,"1248 UNION ST, SAN FRANCISCO, CA, 94109",-122.419727754688,37.799171894416,06,075,San Francisco city,census
SF00825,Match,"1258 UNION ST, SAN FRANCISCO, CA, 94109",-122.419851899235,37.799156514694,06,075,San Francisco city,census
SF00826,Match,"1268 UNION ST, SAN FRANCISCO, CA, 94109",-122.419976413227,37.799141072511,06,075,San Francisco city,census
SF00827,Match,"1274 UNION ST, SAN FRANCISCO, CA, 94109",-122.420168802413,37.799116792539,06,075,San Francisco city,census
SF00828,Match,"1280 UNION ST, SAN FRANCISCO, CA, 94109",-122.420285512258,37.799102438966,06,075,San Francisco city,census
SF00829,Match,"1290 UNION ST, SAN FRANCISCO, CA, 94109",-122.420532840593,37.799071856108,06,075,San Francisco city,census
SF00830,Match,"1296 UNION ST, SAN FRANCISCO, CA, 94109",-122.42062684064,37.799054478494,06,075,San Francisco city,census
SF00831,Match,"2320 LARKIN ST, SAN FRANCISCO, CA, 94109",-122.420664023154,37.799203770974,06,075,San Francisco city,census
SF00832,Match,"2324 LARKIN ST, SAN FRANCISCO, CA, 94109",-122.420670981294,37.799237155041,06,075,San Francisco city,census
SF00833,Tie,,,,,,,
SF00834,Tie,,,,,,,
SF00835,Tie,,,,,,,
SF00836,Tie,,,,,,,
SF00837,Tie,,,,,,,
SF00838,Tie,,,,,,,
SF00839,Tie,,,,,,,
SF00840,Tie,,,,,,,
SF00841,Match,"2330 LARKIN ST, SAN FRANCISCO, CA, 94109",-122.420681418505,37.799287231143,06,075,San Francisco city,census
SF00842,Match,"1101 FILBERT ST, SAN FRANCISCO, CA, 94109",-122.417647235532,37.800275396561,06,075,San Francisco city,census
SF00843,Match,"2053 LEAVENWORTH ST, SAN FRANCISCO, CA, 94133",-122.417613607193,37.80012370567,06,075,San Francisco city,census
SF00844,Match,"1120 UNION ST, SAN FRANCISCO, CA, 94109",-122.417786211696,37.799419380366,06,075,San Francisco city,census
SF00845,Match,"1136 UNION ST, SAN FRANCISCO, CA, 94109",-122.418003237153,37.799391569537,06,075,San Francisco city,census
SF00846,Match,"1150 UNION ST, SAN FRANCISCO, CA, 94109",-122.41830929555,37.799352216466,06,075,San Francisco city,census
SF00847,Match,"1172 UNION ST, SAN FRANCISCO, CA, 94109",-122.418620925706,37.799311703615,06,075,San Francisco city,census
SF00848,Match,"1178 UNION ST, SAN FRANCISCO, CA, 94109",-122.418705915748,37.799300654655,06,075,San Francisco city,census
SF00849,Match,"2006 HYDE ST, SAN FRANCISCO, CA, 94109",-122.419003426555,37.799336768078,06,075,San Francisco city,census
SF00850,Match,"2016 HYDE ST, SAN FRANCISCO, CA, 94109",-122.419048458046,37.799567394492,06,075,San Francisco city,census
SF00851,Match,"2028 HYDE ST, SAN FRANCISCO, CA, 94109",-122.41906334916,37.799643310026,06,075,San Francisco city,census
SF00852,Match,"2038 HYDE ST, SAN FRANCISCO, CA, 94109",-122.419075758422,37.799706572971,06,075,San Francisco city,census
SF00853,Match,"2044 HYDE ST, SAN FRANCISCO, CA, 94109",-122.419083203979,37.799744530738,06,075,San Francisco city,census
SF00854,Match,"2054 HYDE ST, SAN FRANCISCO, CA, 94109",-122.41909561324,37.799807793683,06,075,San Francisco city,census
SF00855,Match,"1183 FILBERT ST, SAN FRANCISCO, CA, 94109",-122.41890462379,37.800117270642,06,075,San Francisco city,census
SF00856,Match,"1141 FILBERT ST, SAN FRANCISCO, CA, 94109",-122.418260595658,37.800198261966,06,075,San Francisco city,census
SF00857,Match,"1133 FILBERT ST, SAN FRANCISCO, CA, 94109",-122.418137923633,37.800213688885,06,075,San Francisco city,census
SF00858,Match,"1127 FILBERT ST, SAN FRANCISCO, CA, 94109",-122.418045919614,37.800225259074,06,075,San Francisco city,census
SF00859,Match,"1125 FILBERT ST, SAN FRANCISCO, CA, 94109",-122.418015251608,37.800229115804,06,075,San Francisco city,census
SF00860,Match,"1100 UNION ST, SAN FRANCISCO, CA, 94109",-122.417468732657,37.799460787022,06,075,San Francisco city,census
SF00861,Match,"1000 UNION ST, SAN FRANCISCO, CA, 94133",-122.41584496764,37.799663647239,06,075,San Francisco city,census
SF00862,Match,"1048 UNION ST, SAN FRANCISCO, CA, 94133",-122.416719200624,37.799554668928,06,075,San Francisco city,census
SF00863,Match,"1074 UNION ST, SAN FRANCISCO, CA, 94133",-122.417034030931,37.799515573436,06,075,San Francisco city,census
SF00864,Match,"1082 UNION ST, SAN FRANCISCO, CA, 94133",-122.417130901795,37.799503544054,06,075,San Francisco city,census
SF00865,Match,"1094 UNION ST, SAN FRANCISCO, CA, 94133",-122.41727620809,37.799485499981,06,075,San Francisco city,census
SF00866,Match,"2060 LEAVENWORTH ST, SAN FRANCISCO, CA, 94133",-122.417459240022,37.800090208075,06,075,San Francisco city,census
SF00867,Match,"1077 FILBERT ST, SAN FRANCISCO, CA, 94133",-122.41716713025,37.800335741928,06,075,San Francisco city,census
SF00868,Match,"1073 FILBERT ST, SAN FRANCISCO, CA, 94133",-122.417105877703,37.800343440182,06,075,San Francisco city,census
SF00869,Match,"1067 FILBERT ST, SAN FRANCISCO, CA, 94133",-122.417013998884,37.800354987563,06,075,San Francisco city,census
SF00870,Match,"1061 FILBERT ST, SAN FRANCISCO, CA, 94133",-122.416922120065,37.800366534944,06,075,San Francisco city,census
SF00871,Match,"1053 FILBERT ST, SAN FRANCISCO, CA, 94133",-122.416799614972,37.800381931452,06,075,San Francisco city,census
SF00872,Match,"1020 UNION ST, SAN FRANCISCO, CA, 94133",-122.41618951294,37.799620643476,06,075,San Francisco city,census
SF00873,Match,"1020 UNION ST, SAN FRANCISCO, CA, 94133",-122.41618951294,37.799620643476,06,075,San Francisco city,census
SF00874,Match,"915 FILBERT ST, SAN FRANCISCO, CA, 94133",-122.414563465248,37.80066630374,06,075,San Francisco city,census
SF00875,Match,"1953 TAYLOR ST, SAN FRANCISCO, CA, 94133",-122.414316903813,37.800445605802,06,075,San Francisco city,census
SF00876,Match,"1947 TAYLOR ST, SAN FRANCISCO, CA, 94133",-122.41431077089,37.800413361734,06,075,San Francisco city,census
SF00877,Match,"1935 TAYLOR ST, SAN FRANCISCO, CA, 94133",-122.414298505043,37.800348873598,06,075,San Francisco city,census
SF00878,Match,"1941 TAYLOR ST, SAN FRANCISCO, CA, 94133",-122.414304637966,37.800381117666,06,075,San Francisco city,census
SF00879,Match,"1901 TAYLOR ST, SAN FRANCISCO, CA, 94133",-122.41420303356,37.799871556749,06,075,San Francisco city,census
SF00880,Match,"912 UNION ST, SAN FRANCISCO, CA, 94133",-122.414374041412,37.799850132005,06,075,San Francisco city,census
SF00881,Match,"918 UNION ST, SAN FRANCISCO, CA, 94133",-122.41445956127,37.799839402351,06,075,San Francisco city,census
SF00882,Match,"924 UNION ST, SAN FRANCISCO, CA, 94133",-122.414545081128,37.799828672696,06,075,San Francisco city,census
SF00883,Match,"930 UNION ST, SAN FRANCISCO, CA, 94133",-122.414630600986,37.799817943041,06,075,San Francisco city,census
SF00884,Match,"940 UNION ST, SAN FRANCISCO, CA, 94133",-122.414773134083,37.799800060283,06,075,San Francisco city,census
SF00885,Match,"942 UNION ST, SAN FRANCISCO, CA, 94133",-122.414801640702,37.799796483731,06,075,San Francisco city,census
SF00886,Match,"948 UNION ST, SAN FRANCISCO, CA, 94133",-122.41488716056,37.799785754076,06,075,San Francisco city,census
SF00887,Match,"956 UNION ST, SAN FRANCISCO, CA, 94133",-122.415001187037,37.79977144787,06,075,San Francisco city,census
SF00888,Match,"962 UNION ST, SAN FRANCISCO, CA, 94133",-122.415086706895,37.799760718215,06,075,San Francisco city,census
SF00889,Match,"988 UNION ST, SAN FRANCISCO, CA, 94133",-122.415563838549,37.799699617499,06,075,San Francisco city,census
SF00890,Match,"2022 JONES ST, SAN FRANCISCO, CA, 94133",-122.415736941525,37.799864893503,06,075,San Francisco city,census
SF00891,Match,"2048 JONES ST, SAN FRANCISCO, CA, 94133",-122.415779017684,37.800081860733,06,075,San Francisco city,census
SF00892,Match,"989 FILBERT ST, SAN FRANCISCO, CA, 94133",-122.415719811239,37.800517621786,06,075,San Francisco city,census
SF00893,Match,"971 FILBERT ST, SAN FRANCISCO, CA, 94133",-122.41546784707,37.800549973335,06,075,San Francisco city,census
SF00894,Match,"967 FILBERT ST, SAN FRANCISCO, CA, 94133",-122.415411855032,37.800557162568,06,075,San Francisco city,census
SF00895,Match,"963 FILBERT ST, SAN FRANCISCO, CA, 94133",-122.415355862995,37.800564351801,06,075,San Francisco city,census
SF00896,Match,"955 FILBERT ST, SAN FRANCISCO, CA, 94133",-122.41524387892,37.800578730267,06,075,San Francisco city,census
SF00897,Match,"949 FILBERT ST, SAN FRANCISCO, CA, 94133",-122.415159890863,37.800589514117,06,075,San Francisco city,census
SF00898,Match,"945 FILBERT ST, SAN FRANCISCO, CA, 94133",-122.415103898826,37.80059670335,06,075,San Francisco city,census
SF00899,Match,"927 FILBERT ST, SAN FRANCISCO, CA, 94133",-122.414735408927,37.800644106517,06,075,San Francisco city,census
SF00900,Match,"923 FILBERT ST, SAN FRANCISCO, CA, 94133",-122.414678094368,37.800651505591,06,075,San Francisco city,census
SF00901,Match,"17 MARION PL, SAN FRANCISCO, CA, 94133",-122.415298401707,37.79979307543,06,075,San Francisco city,census
SF00902,Match,"1857 MASON ST, SAN FRANCISCO, CA, 94133",-122.412663894986,37.800621738279,06,075,San Francisco city,census
SF00903,Match,"1851 MASON ST, SAN FRANCISCO, CA, 94133",-122.412655863187,37.800582073806,06,075,San Francisco city,census
SF00904,Match,"1845 MASON ST, SAN FRANCISCO, CA, 94133",-122.41264783139,37.800542409334,06,075,San Francisco city,census
SF00905,Match,"1839 MASON ST, SAN FRANCISCO, CA, 94133",-122.412639799591,37.800502744861,06,075,San Francisco city,census
SF00906,Match,"1833 MASON ST, SAN FRANCISCO, CA, 94133",-122.412631767794,37.800463080388,06,075,San Francisco city,census
SF00907,Match,"1827 MASON ST, SAN FRANCISCO, CA, 94133",-122.412623735996,37.800423415916,06,075,San Francisco city,census
SF00908,Match,"14 KENT ST, SAN FRANCISCO, CA, 94133",-122.412668933017,37.800363369717,06,075,San Francisco city,census
SF00909,Match,"24 KENT ST, SAN FRANCISCO, CA, 94133",-122.412715476719,37.800357451747,06,075,San Francisco city,census
SF00910,Match,"1807 MASON ST, SAN FRANCISCO, CA, 94133",-122.412567555417,37.800146198256,06,075,San Francisco city,census
SF00911,Match,"806 UNION ST, SAN FRANCISCO, CA, 94133",-122.41264619065,37.800067905475,06,075,San Francisco city,census
SF00912,Match,"822 UNION ST, SAN FRANCISCO, CA, 94133",-122.412892042849,37.800036895924,06,075,San Francisco city,census
SF00913,Match,"830 UNION ST, SAN FRANCISCO, CA, 94133",-122.413014968948,37.800021391148,06,075,San Francisco city,census
SF00914,Match,"852 UNION ST, SAN FRANCISCO, CA, 94133",-122.413353015722,37.799978753015,06,075,San Francisco city,census
SF00915,Match,"858 UNION ST, SAN FRANCISCO, CA, 94133",-122.413445210296,37.799967124433,06,075,San Francisco city,census
SF00916,Match,"15 ALADDIN TER, SAN FRANCISCO, CA, 94133",-122.413547059712,37.800307231125,06,075,San Francisco city,census
SF00917,Match,"878 UNION ST, SAN FRANCISCO, CA, 94133",-122.413752525545,37.799928362494,06,075,San Francisco city,census
SF00918,Match,"33 ALADDIN TER, SAN FRANCISCO, CA, 94133",-122.413672394749,37.800293112816,06,075,San Francisco city,census
SF00919,Match,"888 UNION ST, SAN FRANCISCO, CA, 94133",-122.413906183169,37.799908981525,06,075,San Francisco city,census
SF00920,Match,"1916 TAYLOR ST, SAN FRANCISCO, CA, 94133",-122.414097759256,37.800077761391,06,075,San Francisco city,census
SF00921,Match,"1920 TAYLOR ST, SAN FRANCISCO, CA, 94133",-122.414107244994,37.800124805095,06,075,San Francisco city,census
SF00922,Match,"22 ALADDIN TER, SAN FRANCISCO, CA, 94133",-122.413612207209,37.800415642527,06,075,San Francisco city,census
SF00923,Match,"28 ALADDIN TER, SAN FRANCISCO, CA, 94133",-122.413654855938,37.800410838381,06,075,San Francisco city,census
SF00924,Match,"1932 TAYLOR ST, SAN FRANCISCO, CA, 94133",-122.414153046817,37.800355156185,06,075,San Francisco city,census
SF00925,Match,"1944 TAYLOR ST, SAN FRANCISCO, CA, 94133",-122.414165312663,37.800419644321,06,075,San Francisco city,census
SF00926,Match,"1950 TAYLOR ST, SAN FRANCISCO, CA, 94133",-122.414171445586,37.800451888389,06,075,San Francisco city,census
SF00927,Match,"887 FILBERT ST, SAN FRANCISCO, CA, 94133",-122.414036315623,37.800733568721,06,075,San Francisco city,census
SF00928,Match,"881 FILBERT ST, SAN FRANCISCO, CA, 94133",-122.413944490857,37.800745139329,06,075,San Francisco city,census
SF00929,Match,"877 FILBERT ST, SAN FRANCISCO, CA, 94133",-122.413883274347,37.800752853067,06,075,San Francisco city,census
SF00930,Match,"843 FILBERT ST, SAN FRANCISCO, CA, 94133",-122.413362934009,37.800818419844,06,075,San Francisco city,census
SF00931,Match,"847 FILBERT ST, SAN FRANCISCO, CA, 94133",-122.413424150519,37.800810706105,06,075,San Francisco city,census
SF00932,Match,"837 FILBERT ST, SAN FRANCISCO, CA, 94133",-122.413271109243,37.800829990451,06,075,San Francisco city,census
SF00933,Match,"831 FILBERT ST, SAN FRANCISCO, CA, 94133",-122.413179284478,37.800841561059,06,075,San Francisco city,census
SF00934,Match,"825 FILBERT ST, SAN FRANCISCO, CA, 94133",-122.413087459712,37.800853131667,06,075,San Francisco city,census
SF00935,Match,"811 FILBERT ST, SAN FRANCISCO, CA, 94133",-122.412873201925,37.800880129751,06,075,San Francisco city,census
SF00936,Match,"840 UNION ST, SAN FRANCISCO, CA, 94133",-122.413168626572,37.800002010178,06,075,San Francisco city,census
SF00937,No_Match,,,,,,,
SF00938,Match,"865 FILBERT ST, SAN FRANCISCO, CA, 94133",-122.413699624816,37.800775994282,06,075,San Francisco city,census
SF00939,Match,"2 ALADDIN TER, SAN FRANCISCO, CA, 94133",-122.413470044782,37.800431656349,06,075,San Francisco city,census
SF00940,Match,"1701 POWELL ST, SAN FRANCISCO, CA, 94133",-122.410917013389,37.800286564351,06,075,San Francisco city,census
SF00941,Match,"728 UNION ST, SAN FRANCISCO, CA, 94133",-122.411349557385,37.800231919368,06,075,San Francisco city,census
SF00942,Match,"732 UNION ST, SAN FRANCISCO, CA, 94133",-122.411411347841,37.800224114641,06,075,San Francisco city,census
SF00943,Match,"738 UNION ST, SAN FRANCISCO, CA, 94133",-122.411504033525,37.800212407549,06,075,San Francisco city,census
SF00944,Match,"744 UNION ST, SAN FRANCISCO, CA, 94133",-122.411709053343,37.800186489039,06,075,San Francisco city,census
SF00945,Match,"746 UNION ST, SAN FRANCISCO, CA, 94133",-122.411735045287,37.800183197828,06,075,San Francisco city,census
SF00946,Match,"760 UNION ST, SAN FRANCISCO, CA, 94133",-122.411916988899,37.80016015935,06,075,San Francisco city,census
SF00947,Match,"766 UNION ST, SAN FRANCISCO, CA, 94133",-122.411994964733,37.800150285716,06,075,San Francisco city,census
SF00948,Match,"772 UNION ST, SAN FRANCISCO, CA, 94133",-122.412072940567,37.800140412083,06,075,San Francisco city,census
SF00949,Match,"776 UNION ST, SAN FRANCISCO, CA, 94133",-122.412124924456,37.800133829661,06,075,San Francisco city,census
SF00950,Match,"1806 MASON ST, SAN FRANCISCO, CA, 94133",-122.412422854891,37.800156915089,06,075,San Francisco city,census
SF00951,Match,"1814 MASON ST, SAN FRANCISCO, CA, 94133",-122.412438884242,37.800235968986,06,075,San Francisco city,census
SF00952,Match,"1820 MASON ST, SAN FRANCISCO, CA, 94133",-122.412469823778,37.800388634366,06,075,San Francisco city,census
SF00953,Match,"1826 MASON ST, SAN FRANCISCO, CA, 94133",-122.412478061519,37.800429315876,06,075,San Francisco city,census
SF00954,Match,"1834 MASON ST, SAN FRANCISCO, CA, 94133",-122.412489045175,37.80048355789,06,075,San Francisco city,census
SF00955,Match,"1842 MASON ST, SAN FRANCISCO, CA, 94133",-122.41250002883,37.800537799904,06,075,San Francisco city,census
SF00956,Match,"1848 MASON ST, SAN FRANCISCO, CA, 94133",-122.412508266572,37.800578481415,06,075,San Francisco city,census
SF00957,Match,"1854 MASON ST, SAN FRANCISCO, CA, 94133",-122.412516504313,37.800619162925,06,075,San Francisco city,census
SF00958,Match,"763 FILBERT ST, SAN FRANCISCO, CA, 94133",-122.412405475847,37.800938713436,06,075,San Francisco city,census
SF00959,Match,"755 FILBERT ST, SAN FRANCISCO, CA, 94133",-122.412367347667,37.800943462479,06,075,San Francisco city,census
SF00960,Match,"1535 GRANT AVE, SAN FRANCISCO, CA, 94133",-122.407748409077,37.801093657902,06,075,San Francisco city,census
SF00961,Match,"1519 GRANT AVE, SAN FRANCISCO, CA, 94133",-122.407727901758,37.800990705807,06,075,San Francisco city,census
SF00962,Match,"20 CADELL PL, SAN FRANCISCO, CA, 94133",-122.407962922035,37.800718324985,06,075,San Francisco city,census
SF00963,Match,"18 CADELL PL, SAN FRANCISCO, CA, 94133",-122.407961457827,37.800711015822,06,075,San Francisco city,census
SF00964,Match,"536 UNION ST, SAN FRANCISCO, CA, 94133",-122.408225646456,37.800619001448,06,075,San Francisco city,census
SF00965,Match,"544 UNION ST, SAN FRANCISCO, CA, 94133",-122.408274015149,37.800613180477,06,075,San Francisco city,census
SF00966,Match,"550 UNION ST, SAN FRANCISCO, CA, 94133",-122.408441506449,37.800593085145,06,075,San Francisco city,census
SF00967,Match,"558 UNION ST, SAN FRANCISCO, CA, 94133",-122.408552712909,37.800579797436,06,075,San Francisco city,census
SF00968,Match,"570 UNION ST, SAN FRANCISCO, CA, 94133",-122.408719522599,37.800559865873,06,075,San Francisco city,census
SF00969,Match,"577 FILBERT ST, SAN FRANCISCO, CA, 94133",-122.408989314429,37.801360437042,06,075,San Francisco city,census
SF00970,Match,"571 FILBERT ST, SAN FRANCISCO, CA, 94133",-122.408810123552,37.801382804284,06,075,San Francisco city,census
SF00971,Match,"565 FILBERT ST, SAN FRANCISCO, CA, 94133",-122.408756177819,37.801389532505,06,075,San Francisco city,census
SF00972,Match,"557 FILBERT ST, SAN FRANCISCO, CA, 94133",-122.408684250175,37.801398503467,06,075,San Francisco city,census
SF00973,Match,"551 FILBERT ST, SAN FRANCISCO, CA, 94133",-122.408630304441,37.801405231689,06,075,San Francisco city,census
SF00974,Match,"149 JASPER PL, SAN FRANCISCO, CA, 94133",-122.408525058787,37.800991451368,06,075,San Francisco city,census
SF00975,Match,"139 JASPER PL, SAN FRANCISCO, CA, 94133",-122.408507807695,37.800908289433,06,075,San Francisco city,census
SF00976,Match,"131 JASPER PL, SAN FRANCISCO, CA, 94133",-122.408494006822,37.800841759886,06,075,San Francisco city,census
SF00977,Match,"127 JASPER PL, SAN FRANCISCO, CA, 94133",-122.408487106385,37.800808495112,06,075,San Francisco city,census
SF00978,Match,"121 JASPER PL, SAN FRANCISCO, CA, 94133",-122.40847675573,37.800758597951,06,075,San Francisco city,census
SF00979,Match,"114 JASPER PL, SAN FRANCISCO, CA, 94133",-122.40832328978,37.800727235946,06,075,San Francisco city,census
SF00980,Match,"122 JASPER PL, SAN FRANCISCO, CA, 94133",-122.408337090654,37.800793765494,06,075,San Francisco city,census
SF00981,Match,"134 JASPER PL, SAN FRANCISCO, CA, 94133",-122.408357791964,37.800893559815,06,075,San Francisco city,census
SF00982,Match,"140 JASPER PL, SAN FRANCISCO, CA, 94133",-122.40836814262,37.800943456976,06,075,San Francisco city,census
SF00983,Match,"152 JASPER PL, SAN FRANCISCO, CA, 94133",-122.40838884393,37.801043251298,06,075,San Francisco city,census
SF00984,Match,"537 FILBERT ST, SAN FRANCISCO, CA, 94133",-122.408370634789,37.801437516628,06,075,San Francisco city,census
SF00985,Match,"525 FILBERT ST, SAN FRANCISCO, CA, 94133",-122.408252459886,37.801452185059,06,075,San Francisco city,census
SF00986,Match,"15 CADELL PL, SAN FRANCISCO, CA, 94133",-122.408153227633,37.800935347136,06,075,San Francisco city,census
SF00987,Match,"519 FILBERT ST, SAN FRANCISCO, CA, 94133",-122.408193372435,37.801459519275,06,075,San Francisco city,census
SF00988,Match,"1539 GRANT AVE, SAN FRANCISCO, CA, 94133",-122.407753535906,37.801119395925,06,075,San Francisco city,census
SF00989,Match,"25 CADELL PL, SAN FRANCISCO, CA, 94133",-122.408146056001,37.800899547153,06,075,San Francisco city,census
SF00990,Match,"1459 KEARNY ST, SAN FRANCISCO, CA, 94133",-122.406207546076,37.801391929023,06,075,San Francisco city,census
SF00991,Match,"1443 KEARNY ST, SAN FRANCISCO, CA, 94133",-122.406179770246,37.801251473419,06,075,San Francisco city,census
SF00992,Match,"1439 KEARNY ST, SAN FRANCISCO, CA, 94133",-122.406172826288,37.801216359518,06,075,San Francisco city,census
SF00993,Match,"1435 KEARNY ST, SAN FRANCISCO, CA, 94133",-122.40616588233,37.801181245617,06,075,San Francisco city,census
SF00994,Match,"1425 KEARNY ST, SAN FRANCISCO, CA, 94133",-122.406148522436,37.801093460864,06,075,San Francisco city,census
SF00995,Match,"1413 KEARNY ST, SAN FRANCISCO, CA, 94133",-122.406127690564,37.800988119161,06,075,San Francisco city,census
SF00996,Match,"1401 KEARNY ST, SAN FRANCISCO, CA, 94133",-122.406106858691,37.800882777458,06,075,San Francisco city,census
SF00997,Match,"2 GENOA PL, SAN FRANCISCO, CA, 94133",-122.406278707169,37.800860527348,06,075,San Francisco city,census
SF00998,Match,"418 UNION ST, SAN FRANCISCO, CA, 94133",-122.406526604137,37.800829199314,06,075,San Francisco city,census
SF00999,Match,"424 UNION ST, SAN FRANCISCO, CA, 94133",-122.406580127065,37.8008225275,06,075,San Francisco city,census
SF01000,Match,"434 UNION ST, SAN FRANCISCO, CA, 94133",-122.406669331944,37.800811407811,06,075,San Francisco city,census
SF01001,Match,"438 UNION ST, SAN FRANCISCO, CA, 94133",-122.406705013896,37.800806959935,06,075,San Francisco city,census
SF01002,Match,"100 VARENNES ST, SAN FRANCISCO, CA, 94133",-122.40674068015,37.800802503056,06,075,San Francisco city,census
SF01003,Match,"444 UNION ST, SAN FRANCISCO, CA, 94133",-122.406884057175,37.800784537863,06,075,San Francisco city,census
SF01004,Match,"460 UNION ST, SAN FRANCISCO, CA, 94133",-122.407073664984,37.800760617124,06,075,San Francisco city,census
SF01005,Match,"472 UNION ST, SAN FRANCISCO, CA, 94133",-122.407215827534,37.800742622705,06,075,San Francisco city,census
SF01006,Match,"478 UNION ST, SAN FRANCISCO, CA, 94133",-122.407286908808,37.800733625495,06,075,San Francisco city,census
SF01007,Match,"486 UNION ST, SAN FRANCISCO, CA, 94133",-122.407381683841,37.800721629215,06,075,San Francisco city,census
SF01008,Match,"1500 GRANT AVE, SAN FRANCISCO, CA, 94133",-122.407523674755,37.800703536433,06,075,San Francisco city,census
SF01009,Match,"1522 GRANT AVE, SAN FRANCISCO, CA, 94133",-122.407584639553,37.801008522161,06,075,San Francisco city,census
SF01010,Match,"8 NOBLES ALY, SAN FRANCISCO, CA, 94133",-122.407559840898,37.801011842517,06,075,San Francisco city,census
SF01011,Match,"2 BOB KAUFMAN ALY, SAN FRANCISCO, CA, 94133",-122.407318611367,37.801263459194,06,075,San Francisco city,census
SF01012,Match,"1528 GRANT AVE, SAN FRANCISCO, CA, 94133",-122.407592734547,37.801049161145,06,075,San Francisco city,census
SF01013,Match,"1534 GRANT AVE, SAN FRANCISCO, CA, 94133",-122.407600829541,37.80108980013,06,075,San Francisco city,census
SF01014,Match,"1546 GRANT AVE, SAN FRANCISCO, CA, 94133",-122.407617019529,37.8011710781,06,075,San Francisco city,census
SF01015,Match,"1552 GRANT AVE, SAN FRANCISCO, CA, 94133",-122.407625114523,37.801211717085,06,075,San Francisco city,census
SF01016,Match,"1558 GRANT AVE, SAN FRANCISCO, CA, 94133",-122.407633209518,37.80125235607,06,075,San Francisco city,census
SF01017,Match,"6 BOB KAUFMAN ALY, SAN FRANCISCO, CA, 94133",-122.407321086107,37.801275951877,06,075,San Francisco city,census
SF01018,Match,"10 BOB KAUFMAN ALY, SAN FRANCISCO, CA, 94133",-122.407323560846,37.801288444561,06,075,San Francisco city,census
SF01019,Match,"28 BOB KAUFMAN ALY, SAN FRANCISCO, CA, 94133",-122.407334697174,37.801344661638,06,075,San Francisco city,census
SF01020,Match,"457 FILBERT ST, SAN FRANCISCO, CA, 94133",-122.407100273116,37.801600948142,06,075,San Francisco city,census
SF01021,Match,"449 FILBERT ST, SAN FRANCISCO, CA, 94133",-122.407047476216,37.801607979305,06,075,San Francisco city,census
SF01022,Match,"153 VARENNES ST, SAN FRANCISCO, CA, 94133",-122.406971109026,37.801221804875,06,075,San Francisco city,census
SF01023,Match,"147 VARENNES ST, SAN FRANCISCO, CA, 94133",-122.406961050845,37.80117136594,06,075,San Francisco city,census
SF01024,Match,"143 VARENNES ST, SAN FRANCISCO, CA, 94133",-122.406954345391,37.801137739982,06,075,San Francisco city,census
SF01025,Match,"133 VARENNES ST, SAN FRANCISCO, CA, 94133",-122.406937581755,37.80105367509,06,075,San Francisco city,census
SF01026,Match,"127 VARENNES ST, SAN FRANCISCO, CA, 94133",-122.406927523574,37.801003236154,06,075,San Francisco city,census
SF01027,Match,"121 VARENNES ST, SAN FRANCISCO, CA, 94133",-122.406917465393,37.800952797219,06,075,San Francisco city,census
SF01028,Match,"114 VARENNES ST, SAN FRANCISCO, CA, 94133",-122.406764149239,37.800920193905,06,075,San Francisco city,census
SF01029,Match,"120 VARENNES ST, SAN FRANCISCO, CA, 94133",-122.40677420742,37.800970632841,06,075,San Francisco city,census
SF01030,Match,"126 VARENNES ST, SAN FRANCISCO, CA, 94133",-122.406784265601,37.801021071777,06,075,San Francisco city,census
SF01031,Match,"140 VARENNES ST, SAN FRANCISCO, CA, 94133",-122.406807734691,37.801138762627,06,075,San Francisco city,census
SF01032,Match,"443 FILBERT ST, SAN FRANCISCO, CA, 94133",-122.40687272832,37.801631167463,06,075,San Francisco city,census
SF01033,Match,"439 FILBERT ST, SAN FRANCISCO, CA, 94133",-122.406840931277,37.801635376233,06,075,San Francisco city,census
SF01034,Match,"433 FILBERT ST, SAN FRANCISCO, CA, 94133",-122.406793235714,37.801641689389,06,075,San Francisco city,census
SF01035,Match,"427 FILBERT ST, SAN FRANCISCO, CA, 94133",-122.40674554015,37.801648002544,06,075,San Francisco city,census
SF01036,Match,"417 FILBERT ST, SAN FRANCISCO, CA, 94133",-122.406666047545,37.801658524469,06,075,San Francisco city,census
SF01037,Match,"39 GENOA PL, SAN FRANCISCO, CA, 94133",-122.406486077555,37.801163253344,06,075,San Francisco city,census
SF01038,Match,"130 VARENNES ST, SAN FRANCISCO, CA, 94133",-122.406790971055,37.801054697734,06,075,San Francisco city,census
SF01039,Match,"27 GENOA PL, SAN FRANCISCO, CA, 94133",-122.406465828338,37.801062007192,06,075,San Francisco city,census
SF01040,Match,"56 GENOA PL, SAN FRANCISCO, CA, 94133",-122.406371727009,37.80132562686,06,075,San Francisco city,census
SF01041,Match,"152 VARENNES ST, SAN FRANCISCO, CA, 94133",-122.406827851053,37.801239640498,06,075,San Francisco city,census
SF01042,Match,"55 GENOA PL, SAN FRANCISCO, CA, 94133",-122.406513076511,37.801298248214,06,075,San Francisco city,census
SF01043,Match,"471 FILBERT ST, SAN FRANCISCO, CA, 94133",-122.407192667691,37.801588643608,06,075,San Francisco city,census
SF01044,Match,"467 FILBERT ST, SAN FRANCISCO, CA, 94133",-122.407166269241,37.801592159189,06,075,San Francisco city,census
SF01045,Match,"454 UNION ST, SAN FRANCISCO, CA, 94133",-122.407002537164,37.800769597457,06,075,San Francisco city,census
SF01046,Match,"1321 MONTGOMERY ST, SAN FRANCISCO, CA, 94133",-122.404600763524,37.801551817519,06,075,San Francisco city,census
SF01047,Match,"102 ALTA ST, SAN FRANCISCO, CA, 94133",-122.404588630042,37.801569798519,06,075,San Francisco city,census
SF01048,Match,"110 ALTA ST, SAN FRANCISCO, CA, 94133",-122.404646193768,37.801573488776,06,075,San Francisco city,census
SF01049,Match,"103 ALTA ST, SAN FRANCISCO, CA, 94133",-122.404608982728,37.801456341147,06,075,San Francisco city,census
SF01050,Match,"1313 MONTGOMERY ST, SAN FRANCISCO, CA, 94133",-122.404578047001,37.801434763638,06,075,San Francisco city,census
SF01051,Match,"1309 MONTGOMERY ST, SAN FRANCISCO, CA, 94133",-122.404577532292,37.801432073621,06,075,San Francisco city,census
SF01052,Match,"1305 MONTGOMERY ST, SAN FRANCISCO, CA, 94133",-122.404541521981,37.801241352449,06,075,San Francisco city,census
SF01053,Match,"1301 MONTGOMERY ST, SAN FRANCISCO, CA, 94133",-122.404512402685,37.801086249819,06,075,San Francisco city,census
SF01054,Match,"310 UNION ST, SAN FRANCISCO, CA, 94133",-122.404652183265,37.801067371991,06,075,San Francisco city,census
SF01055,Match,"324 UNION ST, SAN FRANCISCO, CA, 94133",-122.404846639491,37.801042280877,06,075,San Francisco city,census
SF01056,Match,"330 UNION ST, SAN FRANCISCO, CA, 94133",-122.404929868487,37.801031618355,06,075,San Francisco city,census
SF01057,Match,"350 UNION ST, SAN FRANCISCO, CA, 94133",-122.405323023487,37.800981541734,06,075,San Francisco city,census
SF01058,Match,"364 UNION ST, SAN FRANCISCO, CA, 94133",-122.405509933448,37.800957943215,06,075,San Francisco city,census
SF01059,Match,"370 UNION ST, SAN FRANCISCO, CA, 94133",-122.405590037717,37.800947829564,06,075,San Francisco city,census
SF01060,Match,"376 UNION ST, SAN FRANCISCO, CA, 94133",-122.405670141987,37.800937715913,06,075,San Francisco city,census
SF01061,Match,"382 UNION ST, SAN FRANCISCO, CA, 94133",-122.405750246256,37.800927602262,06,075,San Francisco city,census
SF01062,Match,"388 UNION ST, SAN FRANCISCO, CA, 94133",-122.405830350525,37.80091748861,06,075,San Francisco city,census
SF01063,Match,"1402 KEARNY ST, SAN FRANCISCO, CA, 94133",-122.405967043759,37.800918025282,06,075,San Francisco city,census
SF01064,Match,"1406 KEARNY ST, SAN FRANCISCO, CA, 94133",-122.405973987716,37.800953139183,06,075,San Francisco city,census
SF01065,Match,"1422 KEARNY ST, SAN FRANCISCO, CA, 94133",-122.406001763547,37.801093594787,06,075,San Francisco city,census
SF01066,Match,"1454 KEARNY ST, SAN FRANCISCO, CA, 94133",-122.406057315208,37.801374505995,06,075,San Francisco city,census
SF01067,Match,"381 FILBERT ST, SAN FRANCISCO, CA, 94133",-122.405257486174,37.801828687561,06,075,San Francisco city,census
SF01068,Match,"331 FILBERT ST, SAN FRANCISCO, CA, 94133",-122.404889894443,37.801870802964,06,075,San Francisco city,census
SF01069,Match,"325 FILBERT ST, SAN FRANCISCO, CA, 94133",-122.404845783435,37.801875856813,06,075,San Francisco city,census
SF01070,Match,"109 TELEGRAPH HILL BLVD, SAN FRANCISCO, CA, 94133",-122.405519146095,37.801774265932,06,075,San Francisco city,census
SF01071,Match,"307 FILBERT ST, SAN FRANCISCO, CA, 94133",-122.404713450412,37.801891018358,06,075,San Francisco city,census
SF01072,Match,"100 ALTA ST, SAN FRANCISCO, CA, 94133",-122.40457957983,37.801568784947,06,075,San Francisco city,census
SF01073,Match,"288 UNION ST, SAN FRANCISCO, CA, 94133",-122.404286025567,37.80111439868,06,075,San Francisco city,census
SF01074,Match,"296 UNION ST, SAN FRANCISCO, CA, 94133",-122.404353214125,37.801105823921,06,075,San Francisco city,census
SF01075,Match,"1308 MONTGOMERY ST, SAN FRANCISCO, CA, 94133",-122.40441262549,37.801335718623,06,075,San Francisco city,census
SF01076,Match,"1310 MONTGOMERY ST, SAN FRANCISCO, CA, 94133",-122.404434135207,37.801449203563,06,075,San Francisco city,census
SF01077,Match,"1306 MONTGOMERY ST, SAN FRANCISCO, CA, 94133",-122.404401705754,37.801277555137,06,075,San Francisco city,census
SF01078,Match,"31 ALTA ST, SAN FRANCISCO, CA, 94133",-122.403435745027,37.801584735704,06,075,San Francisco city,census
SF01079,Match,"27 ALTA ST, SAN FRANCISCO, CA, 94133",-122.403376978993,37.801592270884,06,075,San Francisco city,census
SF01080,Match,"25 ALTA ST, SAN FRANCISCO, CA, 94133",-122.403347595976,37.801596038474,06,075,San Francisco city,census
SF01081,Match,"60 ALTA ST, SAN FRANCISCO, CA, 94133",-122.403888090596,37.801642824719,06,075,San Francisco city,census
SF01082,Match,"279 FILBERT ST, SAN FRANCISCO, CA, 94133",-122.40411212815,37.801965092202,06,075,San Francisco city,census
SF01083,Match,"273 FILBERT ST, SAN FRANCISCO, CA, 94133",-122.404092119801,37.801967647218,06,075,San Francisco city,census
SF01084,Match,"267 FILBERT ST, SAN FRANCISCO, CA, 94133",-122.404072111452,37.801970202233,06,075,San Francisco city,census
SF01085,Match,"50 ALTA ST, SAN FRANCISCO, CA, 94133",-122.40373811478,37.801662055127,06,075,San Francisco city,census
SF01086,Match,"40 ALTA ST, SAN FRANCISCO, CA, 94133",-122.403588138964,37.801681285534,06,075,San Francisco city,census
SF01087,Match,"34 ALTA ST, SAN FRANCISCO, CA, 94133",-122.403498153474,37.801692823779,06,075,San Francisco city,census
SF01088,Match,"80 ALTA ST, SAN FRANCISCO, CA, 94133",-122.404188042227,37.801604363903,06,075,San Francisco city,census
SF01089,Match,"218 UNION ST, SAN FRANCISCO, CA, 94133",-122.403698125687,37.801189427822,06,075,San Francisco city,census
SF01090,Tie,,,,,,,
SF01091,Tie,,,,,,,
SF01092,Tie,,,,,,,
SF01093,Match,"1230 MONTGOMERY ST, SAN FRANCISCO, CA, 94133",-122.404274904698,37.800636650458,06,075,San Francisco city,census
SF01094,Match,"1252 MONTGOMERY ST, SAN FRANCISCO, CA, 94133",-122.404298206311,37.8007511346,06,075,San Francisco city,census
SF01095,Match,"1254 MONTGOMERY ST, SAN FRANCISCO, CA, 94133",-122.404300324639,37.800761542249,06,075,San Francisco city,census
SF01096,Match,"287 UNION ST, SAN FRANCISCO, CA, 94133",-122.404264614931,37.801001054736,06,075,San Francisco city,census
SF01097,Match,"265 UNION ST, SAN FRANCISCO, CA, 94133",-122.404113783475,37.801020304195,06,075,San Francisco city,census
SF01098,Match,"66 CALHOUN TER, SAN FRANCISCO, CA, 94133",-122.403515581114,37.801012079141,06,075,San Francisco city,census
SF01099,Match,"291 UNION ST, SAN FRANCISCO, CA, 94133",-122.404292038832,37.800997554835,06,075,San Francisco city,census
SF01100,Match,"1216 MONTGOMERY ST, SAN FRANCISCO, CA, 94133",-122.404221046289,37.800371850568,06,075,San Francisco city,census
SF01101,Match,"1228 MONTGOMERY ST, SAN FRANCISCO, CA, 94133",-122.404251885922,37.800523503816,06,075,San Francisco city,census
SF01102,Match,"301 UNION ST, SAN FRANCISCO, CA, 94133",-122.404489912524,37.80097220091,06,075,San Francisco city,census
SF01103,Match,"1257 MONTGOMERY ST, SAN FRANCISCO, CA, 94133",-122.404444280141,37.800747131657,06,075,San Francisco city,census
SF01104,Match,"1233 MONTGOMERY ST, SAN FRANCISCO, CA, 94133",-122.404418089899,37.800618455266,06,075,San Francisco city,census
SF01105,Match,"6 MONTAGUE PL, SAN FRANCISCO, CA, 94133",-122.404436225126,37.800616030152,06,075,San Francisco city,census
SF01106,Match,"5 MONTAGUE PL, SAN FRANCISCO, CA, 94133",-122.404412592033,37.800502970082,06,075,San Francisco city,census
SF01107,Match,"300 GREEN ST, SAN FRANCISCO, CA, 94133",-122.404323090701,37.800151492239,06,075,San Francisco city,census
SF01108,Match,"304 GREEN ST, SAN FRANCISCO, CA, 94133",-122.404378741199,37.800144444266,06,075,San Francisco city,census
SF01109,Match,"306 GREEN ST, SAN FRANCISCO, CA, 94133",-122.404406566447,37.800140920279,06,075,San Francisco city,census
SF01110,Match,"14 CASTLE ST, SAN FRANCISCO, CA, 94133",-122.405011437057,37.800169104536,06,075,San Francisco city,census
SF01111,Match,"350 GREEN ST, SAN FRANCISCO, CA, 94133",-122.405134155224,37.80004839413,06,075,San Francisco city,census
SF01112,Match,"360 GREEN ST, SAN FRANCISCO, CA, 94133",-122.405232415941,37.800035796279,06,075,San Francisco city,census
SF01113,Match,"4 WINDSOR PL, SAN FRANCISCO, CA, 94133",-122.405311765665,37.800030768497,06,075,San Francisco city,census
SF01114,Match,"24 WINDSOR PL, SAN FRANCISCO, CA, 94133",-122.405322246491,37.800083028269,06,075,San Francisco city,census
SF01115,Match,"370 GREEN ST, SAN FRANCISCO, CA, 94133",-122.40545412351,37.800007422455,06,075,San Francisco city,census
SF01116,Match,"376 GREEN ST, SAN FRANCISCO, CA, 94133",-122.405473807052,37.800004912875,06,075,San Francisco city,census
SF01117,Match,"1300 KEARNY ST, SAN FRANCISCO, CA, 94133",-122.40577391903,37.799966681894,06,075,San Francisco city,census
SF01118,Match,"1310 KEARNY ST, SAN FRANCISCO, CA, 94133",-122.405790959842,37.800050442765,06,075,San Francisco city,census
SF01119,Match,"1322 KEARNY ST, SAN FRANCISCO, CA, 94133",-122.405811408817,37.80015095581,06,075,San Francisco city,census
SF01120,Match,"1328 KEARNY ST, SAN FRANCISCO, CA, 94133",-122.405821633304,37.800201212333,06,075,San Francisco city,census
SF01121,Match,"1334 KEARNY ST, SAN FRANCISCO, CA, 94133",-122.405831857792,37.800251468856,06,075,San Francisco city,census
SF01122,Match,"1340 KEARNY ST, SAN FRANCISCO, CA, 94133",-122.405842082279,37.800301725378,06,075,San Francisco city,census
SF01123,Match,"1350 KEARNY ST, SAN FRANCISCO, CA, 94133",-122.405859123091,37.80038548625,06,075,San Francisco city,census
SF01124,Match,"1354 KEARNY ST, SAN FRANCISCO, CA, 94133",-122.405865939416,37.800418990598,06,075,San Francisco city,census
SF01125,Match,"1360 KEARNY ST, SAN FRANCISCO, CA, 94133",-122.405876163903,37.800469247121,06,075,San Francisco city,census
SF01126,Match,"387 UNION ST, SAN FRANCISCO, CA, 94133",-122.405780765958,37.800807703978,06,075,San Francisco city,census
SF01127,Match,"381 UNION ST, SAN FRANCISCO, CA, 94133",-122.405700661688,37.800817817629,06,075,San Francisco city,census
SF01128,Match,"351 UNION ST, SAN FRANCISCO, CA, 94133",-122.405300140342,37.800868385884,06,075,San Francisco city,census
SF01129,Match,"33 CASTLE ST, SAN FRANCISCO, CA, 94133",-122.405187977984,37.800316313866,06,075,San Francisco city,census
SF01130,Match,"27 CASTLE ST, SAN FRANCISCO, CA, 94133",-122.405177854279,37.800266113831,06,075,San Francisco city,census
SF01131,Match,"23 CASTLE ST, SAN FRANCISCO, CA, 94133",-122.405171105142,37.800232647141,06,075,San Francisco city,census
SF01132,Match,"15 CASTLE ST, SAN FRANCISCO, CA, 94133",-122.405157606869,37.80016571376,06,075,San Francisco city,census
SF01133,Match,"24 CASTLE ST, SAN FRANCISCO, CA, 94133",-122.405028661416,37.800254514318,06,075,San Francisco city,census
SF01134,Match,"26 CASTLE ST, SAN FRANCISCO, CA, 94133",-122.405032106288,37.800271596275,06,075,San Francisco city,census
SF01135,Match,"30 CASTLE ST, SAN FRANCISCO, CA, 94133",-122.405038996032,37.800305760188,06,075,San Francisco city,census
SF01136,Match,"34 CASTLE ST, SAN FRANCISCO, CA, 94133",-122.405045885775,37.800339924101,06,075,San Francisco city,census
SF01137,Match,"44 CASTLE ST, SAN FRANCISCO, CA, 94133",-122.405063640007,37.800425728426,06,075,San Francisco city,census
SF01138,Match,"50 CASTLE ST, SAN FRANCISCO, CA, 94133",-122.405074301957,37.800476466824,06,075,San Francisco city,census
SF01139,Match,"341 UNION ST, SAN FRANCISCO, CA, 94133",-122.405045681015,37.800900762071,06,075,San Francisco city,census
SF01140,Match,"325 UNION ST, SAN FRANCISCO, CA, 94133",-122.404823266054,37.800929187573,06,075,San Francisco city,census
SF01141,Match,"319 UNION ST, SAN FRANCISCO, CA, 94133",-122.404739927671,37.800939940908,06,075,San Francisco city,census
SF01142,Match,"1255 MONTGOMERY ST, SAN FRANCISCO, CA, 94133",-122.404442097621,37.800736408624,06,075,San Francisco city,census
SF01143,Match,"1351 KEARNY ST, SAN FRANCISCO, CA, 94133",-122.406002308563,37.800367298715,06,075,San Francisco city,census
SF01144,Match,"1339 KEARNY ST, SAN FRANCISCO, CA, 94133",-122.405981859588,37.80026678567,06,075,San Francisco city,census
SF01145,Match,"1333 KEARNY ST, SAN FRANCISCO, CA, 94133",-122.405971635101,37.800216529147,06,075,San Francisco city,census
SF01146,Match,"1321 KEARNY ST, SAN FRANCISCO, CA, 94133",-122.405951186126,37.800116016102,06,075,San Francisco city,census
SF01147,Match,"1315 KEARNY ST, SAN FRANCISCO, CA, 94133",-122.405940961639,37.800065759579,06,075,San Francisco city,census
SF01148,Match,"14 SONOMA ST, SAN FRANCISCO, CA, 94133",-122.406179595035,37.800020213575,06,075,San Francisco city,census
SF01149,Match,"1309 KEARNY ST, SAN FRANCISCO, CA, 94133",-122.405930737152,37.800015503056,06,075,San Francisco city,census
SF01150,Match,"406 GREEN ST, SAN FRANCISCO, CA, 94133",-122.406007807121,37.799936916923,06,075,San Francisco city,census
SF01151,Match,"412 GREEN ST, SAN FRANCISCO, CA, 94133",-122.406098484079,37.79992536761,06,075,San Francisco city,census
SF01152,Match,"2 SONOMA ST, SAN FRANCISCO, CA, 94133",-122.406158830919,37.799917608389,06,075,San Francisco city,census
SF01153,Match,"422 GREEN ST, SAN FRANCISCO, CA, 94133",-122.406340336229,37.799894861855,06,075,San Francisco city,census
SF01154,Match,"434 GREEN ST, SAN FRANCISCO, CA, 94133",-122.406455617196,37.799880491693,06,075,San Francisco city,census
SF01155,Match,"440 GREEN ST, SAN FRANCISCO, CA, 94133",-122.40651325768,37.799873306612,06,075,San Francisco city,census
SF01156,Match,"450 GREEN ST, SAN FRANCISCO, CA, 94133",-122.406744312414,37.799844229952,06,075,San Francisco city,census
SF01157,Match,"456 GREEN ST, SAN FRANCISCO, CA, 94133",-122.406818122715,37.799834861418,06,075,San Francisco city,census
SF01158,Match,"462 GREEN ST, SAN FRANCISCO, CA, 94133",-122.406891933015,37.799825492884,06,075,San Francisco city,census
SF01159,Match,"1400 GRANT AVE, SAN FRANCISCO, CA, 94133",-122.407334811922,37.799769626001,06,075,San Francisco city,census
SF01160,Match,"1436 GRANT AVE, SAN FRANCISCO, CA, 94133",-122.407395832998,37.800071159612,06,075,San Francisco city,census
SF01161,Match,"1450 GRANT AVE, SAN FRANCISCO, CA, 94133",-122.407419563416,37.800188422683,06,075,San Francisco city,census
SF01162,Match,"471 UNION ST, SAN FRANCISCO, CA, 94133",-122.407127730089,37.800637721421,06,075,San Francisco city,census
SF01163,Match,"465 UNION ST, SAN FRANCISCO, CA, 94133",-122.407047763655,37.800647843282,06,075,San Francisco city,census
SF01164,Match,"453 UNION ST, SAN FRANCISCO, CA, 94133",-122.406887859605,37.800668016897,06,075,San Francisco city,census
SF01165,Match,"49 VARENNES ST, SAN FRANCISCO, CA, 94133",-122.406776424111,37.800252567323,06,075,San Francisco city,census
SF01166,Match,"37 VARENNES ST, SAN FRANCISCO, CA, 94133",-122.406756083753,37.80015205612,06,075,San Francisco city,census
SF01167,Match,"31 VARENNES ST, SAN FRANCISCO, CA, 94133",-122.406745913574,37.800101800519,06,075,San Francisco city,census
SF01168,Match,"23 VARENNES ST, SAN FRANCISCO, CA, 94133",-122.406732353335,37.80003479305,06,075,San Francisco city,census
SF01169,Match,"7 VARENNES ST, SAN FRANCISCO, CA, 94133",-122.406705232857,37.799900778112,06,075,San Francisco city,census
SF01170,Match,"14 VARENNES ST, SAN FRANCISCO, CA, 94133",-122.40657262247,37.799971221389,06,075,San Francisco city,census
SF01171,Match,"20 VARENNES ST, SAN FRANCISCO, CA, 94133",-122.406583004528,37.800022523982,06,075,San Francisco city,census
SF01172,Match,"26 VARENNES ST, SAN FRANCISCO, CA, 94133",-122.406593386586,37.800073826575,06,075,San Francisco city,census
SF01173,Match,"32 VARENNES ST, SAN FRANCISCO, CA, 94133",-122.406603768644,37.800125129168,06,075,San Francisco city,census
SF01174,Match,"42 VARENNES ST, SAN FRANCISCO, CA, 94133",-122.406621072074,37.80021063349,06,075,San Francisco city,census
SF01175,Match,"46 VARENNES ST, SAN FRANCISCO, CA, 94133",-122.406627993446,37.800244835219,06,075,San Francisco city,census
SF01176,Match,"52 VARENNES ST, SAN FRANCISCO, CA, 94133",-122.406638375504,37.800296137813,06,075,San Francisco city,census
SF01177,Match,"439 UNION ST, SAN FRANCISCO, CA, 94133",-122.406622029374,37.800701295665,06,075,San Francisco city,census
SF01178,Match,"435 UNION ST, SAN FRANCISCO, CA, 94133",-122.406583602657,37.800706085685,06,075,San Francisco city,census
SF01179,Match,"17 SONOMA ST, SAN FRANCISCO, CA, 94133",-122.406329155817,37.800033529646,06,075,San Francisco city,census
SF01180,Match,"15 SONOMA ST, SAN FRANCISCO, CA, 94133",-122.406325765758,37.800016777779,06,075,San Francisco city,census
SF01181,Match,"9 SONOMA ST, SAN FRANCISCO, CA, 94133",-122.406315595579,37.799966522178,06,075,San Francisco city,census
SF01182,Match,"7 SONOMA ST, SAN FRANCISCO, CA, 94133",-122.406312205519,37.79994977031,06,075,San Francisco city,census
SF01183,Match,"5 SONOMA ST, SAN FRANCISCO, CA, 94133",-122.406308815459,37.799933018443,06,075,San Francisco city,census
SF01184,Match,"3 SONOMA ST, SAN FRANCISCO, CA, 94133",-122.406305425399,37.799916266576,06,075,San Francisco city,census
SF01185,Match,"421 UNION ST, SAN FRANCISCO, CA, 94133",-122.406361677336,37.800733956766,06,075,San Francisco city,census
SF01186,Match,"405 UNION ST, SAN FRANCISCO, CA, 94133",-122.406133188182,37.800763111254,06,075,San Francisco city,census
SF01187,Match,"423 UNION ST, SAN FRANCISCO, CA, 94133",-122.406468322505,37.800720455745,06,075,San Francisco city,census
SF01188,Match,"52 SONOMA ST, SAN FRANCISCO, CA, 94133",-122.406245348069,37.800345129998,06,075,San Francisco city,census
SF01189,Match,"1347 KEARNY ST, SAN FRANCISCO, CA, 94133",-122.405995492238,37.800333794367,06,075,San Francisco city,census
SF01190,Match,"28 SONOMA ST, SAN FRANCISCO, CA, 94133",-122.406203819837,37.800139919625,06,075,San Francisco city,census
SF01191,Match,"1327 KEARNY ST, SAN FRANCISCO, CA, 94133",-122.405961410614,37.800166272625,06,075,San Francisco city,census
SF01192,Match,"501 UNION ST, SAN FRANCISCO, CA, 94133",-122.407644670654,37.800572685516,06,075,San Francisco city,census
SF01193,Match,"1461 GRANT AVE, SAN FRANCISCO, CA, 94133",-122.407579717842,37.800254088304,06,075,San Francisco city,census
SF01194,Match,"1453 GRANT AVE, SAN FRANCISCO, CA, 94133",-122.407566157603,37.800187080835,06,075,San Francisco city,census
SF01195,Match,"1445 GRANT AVE, SAN FRANCISCO, CA, 94133",-122.407552597364,37.800120073366,06,075,San Francisco city,census
SF01196,Match,"1441 GRANT AVE, SAN FRANCISCO, CA, 94133",-122.407545817244,37.800086569631,06,075,San Francisco city,census
SF01197,Match,"30 BANNAM PL, SAN FRANCISCO, CA, 94133",-122.407689831525,37.799970089055,06,075,San Francisco city,census
SF01198,Match,"1435 GRANT AVE, SAN FRANCISCO, CA, 94133",-122.407535647065,37.80003631403,06,075,San Francisco city,census
SF01199,Match,"1427 GRANT AVE, SAN FRANCISCO, CA, 94133",-122.407522086826,37.799969306561,06,075,San Francisco city,census
SF01200,Match,"1421 GRANT AVE, SAN FRANCISCO, CA, 94133",-122.407511916646,37.799919050959,06,075,San Francisco city,census
SF01201,Match,"1415 GRANT AVE, SAN FRANCISCO, CA, 94133",-122.407501746467,37.799868795357,06,075,San Francisco city,census
SF01202,Match,"1401 GRANT AVE, SAN FRANCISCO, CA, 94133",-122.407478016049,37.799751532286,06,075,San Francisco city,census
SF01203,Match,"510 GREEN ST, SAN FRANCISCO, CA, 94133",-122.407849920061,37.799701799878,06,075,San Francisco city,census
SF01204,Match,"516 GREEN ST, SAN FRANCISCO, CA, 94133",-122.407890929488,37.799696312498,06,075,San Francisco city,census
SF01205,Match,"526 GREEN ST, SAN FRANCISCO, CA, 94133",-122.407959278534,37.799687166865,06,075,San Francisco city,census
SF01206,Match,"532 GREEN ST, SAN FRANCISCO, CA, 94133",-122.408000287961,37.799681679485,06,075,San Francisco city,census
SF01207,Match,"538 GREEN ST, SAN FRANCISCO, CA, 94133",-122.408041297388,37.799676192106,06,075,San Francisco city,census
SF01208,Match,"544 GREEN ST, SAN FRANCISCO, CA, 94133",-122.408082306816,37.799670704726,06,075,San Francisco city,census
SF01209,Match,"560 GREEN ST, SAN FRANCISCO, CA, 94133",-122.408398685912,37.799628908693,06,075,San Francisco city,census
SF01210,Match,"1534 STOCKTON ST, SAN FRANCISCO, CA, 94133",-122.409006366841,37.799846947781,06,075,San Francisco city,census
SF01211,Match,"1562 STOCKTON ST, SAN FRANCISCO, CA, 94133",-122.409050653221,37.800087452611,06,075,San Francisco city,census
SF01212,Match,"36 VIA FERLINGHETTI, SAN FRANCISCO, CA, 94133",-122.40870638817,37.800210654871,06,075,San Francisco city,census
SF01213,Match,"40 VIA FERLINGHETTI, SAN FRANCISCO, CA, 94133",-122.408709390477,37.800225482248,06,075,San Francisco city,census
SF01214,Match,"567 UNION ST, SAN FRANCISCO, CA, 94133",-122.40860516632,37.800457635786,06,075,San Francisco city,census
SF01215,Match,"561 UNION ST, SAN FRANCISCO, CA, 94133",-122.40854956309,37.800464279641,06,075,San Francisco city,census
SF01216,Match,"555 UNION ST, SAN FRANCISCO, CA, 94133",-122.40849395986,37.800470923495,06,075,San Francisco city,census
SF01217,Match,"547 UNION ST, SAN FRANCISCO, CA, 94133",-122.40841982222,37.800479781967,06,075,San Francisco city,census
SF01218,Match,"49 JASPER PL, SAN FRANCISCO, CA, 94133",-122.408333906611,37.800055520743,06,075,San Francisco city,census
SF01219,Match,"43 JASPER PL, SAN FRANCISCO, CA, 94133",-122.408323672073,37.80000465289,06,075,San Francisco city,census
SF01220,Match,"37 JASPER PL, SAN FRANCISCO, CA, 94133",-122.408313437536,37.799953785037,06,075,San Francisco city,census
SF01221,Match,"31 JASPER PL, SAN FRANCISCO, CA, 94133",-122.408303202998,37.799902917184,06,075,San Francisco city,census
SF01222,Match,"25 JASPER PL, SAN FRANCISCO, CA, 94133",-122.408292968461,37.799852049331,06,075,San Francisco city,census
SF01223,Match,"19 JASPER PL, SAN FRANCISCO, CA, 94133",-122.408282733923,37.799801181478,06,075,San Francisco city,census
SF01224,Match,"24 JASPER PL, SAN FRANCISCO, CA, 94133",-122.408147114235,37.799856970788,06,075,San Francisco city,census
SF01225,Match,"36 JASPER PL, SAN FRANCISCO, CA, 94133",-122.40816800975,37.799960825988,06,075,San Francisco city,census
SF01226,Match,"42 JASPER PL, SAN FRANCISCO, CA, 94133",-122.408178457507,37.800012753588,06,075,San Francisco city,census
SF01227,Match,"539 UNION ST, SAN FRANCISCO, CA, 94133",-122.408214692789,37.800504406814,06,075,San Francisco city,census
SF01228,Match,"533 UNION ST, SAN FRANCISCO, CA, 94133",-122.408153022705,37.800511828552,06,075,San Francisco city,census
SF01229,Match,"527 UNION ST, SAN FRANCISCO, CA, 94133",-122.408091352621,37.80051925029,06,075,San Francisco city,census
SF01230,Match,"517 UNION ST, SAN FRANCISCO, CA, 94133",-122.407943469013,37.800536800951,06,075,San Francisco city,census
SF01231,Match,"49 BANNAM PL, SAN FRANCISCO, CA, 94133",-122.40786767171,37.800114066799,06,075,San Francisco city,census
SF01232,Match,"43 BANNAM PL, SAN FRANCISCO, CA, 94133",-122.407856905477,37.800063680703,06,075,San Francisco city,census
SF01233,Match,"37 BANNAM PL, SAN FRANCISCO, CA, 94133",-122.407846139243,37.800013294607,06,075,San Francisco city,census
SF01234,Match,"31 BANNAM PL, SAN FRANCISCO, CA, 94133",-122.407835373009,37.799962908511,06,075,San Francisco city,census
SF01235,Match,"19 BANNAM PL, SAN FRANCISCO, CA, 94133",-122.407813840541,37.799862136318,06,075,San Francisco city,census
SF01236,Match,"15 BANNAM PL, SAN FRANCISCO, CA, 94133",-122.407806663052,37.799828545588,06,075,San Francisco city,census
SF01237,Match,"1552 STOCKTON ST, SAN FRANCISCO, CA, 94133",-122.409034789468,37.80000153471,06,075,San Francisco city,census
SF01238,Match,"1556 STOCKTON ST, SAN FRANCISCO, CA, 94133",-122.409041128522,37.800035929439,06,075,San Francisco city,census
SF01239,Match,"501 COLUMBUS AVE, SAN FRANCISCO, CA, 94133",-122.409116333324,37.799484630303,06,075,San Francisco city,census
SF01240,Match,"644 GREEN ST, SAN FRANCISCO, CA, 94133",-122.409763607376,37.799461976145,06,075,San Francisco city,census
SF01241,Match,"656 GREEN ST, SAN FRANCISCO, CA, 94133",-122.409945643812,37.799441090734,06,075,San Francisco city,census
SF01242,Match,"662 GREEN ST, SAN FRANCISCO, CA, 94133",-122.410036653203,37.799430642177,06,075,San Francisco city,census
SF01243,Match,"1600 POWELL ST, SAN FRANCISCO, CA, 94133",-122.410583924211,37.799368656202,06,075,San Francisco city,census
SF01244,Match,"1608 POWELL ST, SAN FRANCISCO, CA, 94133",-122.410597554763,37.799435828516,06,075,San Francisco city,census
SF01245,Match,"1614 POWELL ST, SAN FRANCISCO, CA, 94133",-122.410607777676,37.799486207751,06,075,San Francisco city,census
SF01246,Match,"1620 POWELL ST, SAN FRANCISCO, CA, 94133",-122.410618000589,37.799536586987,06,075,San Francisco city,census
SF01247,Match,"1626 POWELL ST, SAN FRANCISCO, CA, 94133",-122.410628223502,37.799586966222,06,075,San Francisco city,census
SF01248,Match,"1636 POWELL ST, SAN FRANCISCO, CA, 94133",-122.410645261691,37.799670931615,06,075,San Francisco city,census
SF01249,Match,"563 COLUMBUS AVE, SAN FRANCISCO, CA, 94133",-122.410200197448,37.80023415151,06,075,San Francisco city,census
SF01250,Match,"549 COLUMBUS AVE, SAN FRANCISCO, CA, 94133",-122.409616578305,37.799830563168,06,075,San Francisco city,census
SF01251,Match,"552 COLUMBUS AVE, SAN FRANCISCO, CA, 94133",-122.409595935652,37.799968567131,06,075,San Francisco city,census
SF01252,Match,"548 COLUMBUS AVE, SAN FRANCISCO, CA, 94133",-122.4095516963,37.799937974429,06,075,San Francisco city,census
SF01253,Match,"701 UNION ST, SAN FRANCISCO, CA, 94133",-122.410894132018,37.800173397779,06,075,San Francisco city,census
SF01254,Match,"1655 POWELL ST, SAN FRANCISCO, CA, 94133",-122.410819124043,37.799803927556,06,075,San Francisco city,census
SF01255,Match,"1647 POWELL ST, SAN FRANCISCO, CA, 94133",-122.410805493492,37.799736755242,06,075,San Francisco city,census
SF01256,Match,"1621 POWELL ST, SAN FRANCISCO, CA, 94133",-122.410761194201,37.799518445222,06,075,San Francisco city,census
SF01257,Match,"1615 POWELL ST, SAN FRANCISCO, CA, 94133",-122.410750971288,37.799468065986,06,075,San Francisco city,census
SF01258,Match,"1609 POWELL ST, SAN FRANCISCO, CA, 94133",-122.410740748375,37.799417686751,06,075,San Francisco city,census
SF01259,Match,"706 GREEN ST, SAN FRANCISCO, CA, 94133",-122.410812156301,37.79933968382,06,075,San Francisco city,census
SF01260,Match,"718 GREEN ST, SAN FRANCISCO, CA, 94133",-122.410982179701,37.799318081322,06,075,San Francisco city,census
SF01261,Match,"726 GREEN ST, SAN FRANCISCO, CA, 94133",-122.411095528635,37.799303679657,06,075,San Francisco city,census
SF01262,Match,"734 GREEN ST, SAN FRANCISCO, CA, 94133",-122.411208877568,37.799289277992,06,075,San Francisco city,census
SF01263,Match,"742 GREEN ST, SAN FRANCISCO, CA, 94133",-122.411322226501,37.799274876327,06,075,San Francisco city,census
SF01264,Match,"10 AUGUST ALY, SAN FRANCISCO, CA, 94133",-122.411383710444,37.799293309628,06,075,San Francisco city,census
SF01265,Match,"42 AUGUST ALY, SAN FRANCISCO, CA, 94133",-122.411404213464,37.799396571662,06,075,San Francisco city,census
SF01266,Match,"14 AUGUST ALY, SAN FRANCISCO, CA, 94133",-122.411386273321,37.799306217382,06,075,San Francisco city,census
SF01267,Match,"9 AUGUST ALY, SAN FRANCISCO, CA, 94133",-122.411526875685,37.799275021841,06,075,San Francisco city,census
SF01268,Match,"748 GREEN ST, SAN FRANCISCO, CA, 94133",-122.411521967078,37.799249610852,06,075,San Francisco city,census
SF01269,Match,"756 GREEN ST, SAN FRANCISCO, CA, 94133",-122.411617637622,37.799237606114,06,075,San Francisco city,census
SF01270,Match,"760 GREEN ST, SAN FRANCISCO, CA, 94133",-122.411665472893,37.799231603745,06,075,San Francisco city,census
SF01271,Match,"768 GREEN ST, SAN FRANCISCO, CA, 94133",-122.411761143436,37.799219599007,06,075,San Francisco city,census
SF01272,Match,"780 GREEN ST, SAN FRANCISCO, CA, 94133",-122.412023984916,37.799186592819,06,075,San Francisco city,census
SF01273,Match,"786 GREEN ST, SAN FRANCISCO, CA, 94133",-122.412090267482,37.799178252687,06,075,San Francisco city,census
SF01274,Match,"796 GREEN ST, SAN FRANCISCO, CA, 94133",-122.412200738427,37.799164352467,06,075,San Francisco city,census
SF01275,Match,"1724 MASON ST, SAN FRANCISCO, CA, 94133",-122.412268231433,37.799387704142,06,075,San Francisco city,census
SF01276,Match,"1734 MASON ST, SAN FRANCISCO, CA, 94133",-122.412287163949,37.799481935054,06,075,San Francisco city,census
SF01277,Match,"1742 MASON ST, SAN FRANCISCO, CA, 94133",-122.412302309961,37.799557319783,06,075,San Francisco city,census
SF01278,Match,"11 WINTER PL, SAN FRANCISCO, CA, 94133",-122.411853294349,37.799732177153,06,075,San Francisco city,census
SF01279,Match,"5 WINTER PL, SAN FRANCISCO, CA, 94133",-122.411821154869,37.799736362945,06,075,San Francisco city,census
SF01280,Match,"791 UNION ST, SAN FRANCISCO, CA, 94133",-122.412270924375,37.79999928914,06,075,San Francisco city,census
SF01281,Match,"785 UNION ST, SAN FRANCISCO, CA, 94133",-122.412183201562,37.800010396978,06,075,San Francisco city,census
SF01282,Match,"777 UNION ST, SAN FRANCISCO, CA, 94133",-122.412066237812,37.800025207428,06,075,San Francisco city,census
SF01283,Match,"771 UNION ST, SAN FRANCISCO, CA, 94133",-122.411978514999,37.800036315266,06,075,San Francisco city,census
SF01284,Match,"767 UNION ST, SAN FRANCISCO, CA, 94133",-122.411920033124,37.800043720491,06,075,San Francisco city,census
SF01285,Match,"755 UNION ST, SAN FRANCISCO, CA, 94133",-122.411744587498,37.800065936167,06,075,San Francisco city,census
SF01286,Match,"751 UNION ST, SAN FRANCISCO, CA, 94133",-122.411686105622,37.800073341392,06,075,San Francisco city,census
SF01287,Match,"741 UNION ST, SAN FRANCISCO, CA, 94133",-122.411434798507,37.800105106414,06,075,San Francisco city,census
SF01288,Match,"725 UNION ST, SAN FRANCISCO, CA, 94133",-122.411218531911,37.80013242296,06,075,San Francisco city,census
SF01289,Match,"717 UNION ST, SAN FRANCISCO, CA, 94133",-122.411110398613,37.800146081233,06,075,San Francisco city,census
SF01290,Match,"1753 MASON ST, SAN FRANCISCO, CA, 94133",-122.41250085398,37.799812711607,06,075,San Francisco city,census
SF01291,Match,"829 UNION ST, SAN FRANCISCO, CA, 94133",-122.412961376977,37.799912108747,06,075,San Francisco city,census
SF01292,Match,"1743 MASON ST, SAN FRANCISCO, CA, 94133",-122.412451899745,37.799571014208,06,075,San Francisco city,census
SF01293,Match,"1737 MASON ST, SAN FRANCISCO, CA, 94133",-122.412439631475,37.799509952577,06,075,San Francisco city,census
SF01294,Match,"1731 MASON ST, SAN FRANCISCO, CA, 94133",-122.412427363205,37.799448890947,06,075,San Francisco city,census
SF01295,Match,"1725 MASON ST, SAN FRANCISCO, CA, 94133",-122.412415094935,37.799387829316,06,075,San Francisco city,census
SF01296,Match,"1717 MASON ST, SAN FRANCISCO, CA, 94133",-122.412398737241,37.799306413808,06,075,San Francisco city,census
SF01297,Match,"1711 MASON ST, SAN FRANCISCO, CA, 94133",-122.412386468971,37.799245352177,06,075,San Francisco city,census
SF01298,Match,"802 GREEN ST, SAN FRANCISCO, CA, 94133",-122.412396756014,37.799139697136,06,075,San Francisco city,census
SF01299,Match,"812 GREEN ST, SAN FRANCISCO, CA, 94133",-122.412550317371,37.799120388454,06,075,San Francisco city,census
SF01300,Match,"818 GREEN ST, SAN FRANCISCO, CA, 94133",-122.412642454185,37.799108803245,06,075,San Francisco city,census
SF01301,Match,"828 GREEN ST, SAN FRANCISCO, CA, 94133",-122.412796015542,37.799089494563,06,075,San Francisco city,census
SF01302,Match,"834 GREEN ST, SAN FRANCISCO, CA, 94133",-122.412888152356,37.799077909354,06,075,San Francisco city,census
SF01303,Match,"844 GREEN ST, SAN FRANCISCO, CA, 94133",-122.413041768251,37.799058518844,06,075,San Francisco city,census
SF01304,Match,"854 GREEN ST, SAN FRANCISCO, CA, 94133",-122.413195305621,37.799039092494,06,075,San Francisco city,census
SF01305,Match,"866 GREEN ST, SAN FRANCISCO, CA, 94133",-122.413379550465,37.799015780875,06,075,San Francisco city,census
SF01306,Match,"874 GREEN ST, SAN FRANCISCO, CA, 94133",-122.41350238036,37.799000239795,06,075,San Francisco city,census
SF01307,Match,"890 GREEN ST, SAN FRANCISCO, CA, 94133",-122.413748040152,37.798969157635,06,075,San Francisco city,census
SF01308,Match,"1812 TAYLOR ST, SAN FRANCISCO, CA, 94133",-122.413895547736,37.799075567048,06,075,San Francisco city,census
SF01309,Match,"1818 TAYLOR ST, SAN FRANCISCO, CA, 94133",-122.413907892874,37.799136545879,06,075,San Francisco city,census
SF01310,Match,"1824 TAYLOR ST, SAN FRANCISCO, CA, 94133",-122.413920238011,37.79919752471,06,075,San Francisco city,census
SF01311,Match,"1838 TAYLOR ST, SAN FRANCISCO, CA, 94133",-122.413967767994,37.79943259639,06,075,San Francisco city,census
SF01312,Match,"1846 TAYLOR ST, SAN FRANCISCO, CA, 94133",-122.413977000261,37.79947843824,06,075,San Francisco city,census
SF01313,Match,"893 UNION ST, SAN FRANCISCO, CA, 94133",-122.413944785773,37.799788070542,06,075,San Francisco city,census
SF01314,Match,"887 UNION ST, SAN FRANCISCO, CA, 94133",-122.413852591198,37.799799699123,06,075,San Francisco city,census
SF01315,Match,"881 UNION ST, SAN FRANCISCO, CA, 94133",-122.413760396623,37.799811327705,06,075,San Francisco city,census
SF01316,Match,"873 UNION ST, SAN FRANCISCO, CA, 94133",-122.413637470524,37.799826832481,06,075,San Francisco city,census
SF01317,Match,"869 UNION ST, SAN FRANCISCO, CA, 94133",-122.413576007474,37.799834584869,06,075,San Francisco city,census
SF01318,Match,"859 UNION ST, SAN FRANCISCO, CA, 94133",-122.41342234985,37.799853965838,06,075,San Francisco city,census
SF01319,Match,"851 UNION ST, SAN FRANCISCO, CA, 94133",-122.41329942375,37.799869470614,06,075,San Francisco city,census
SF01320,Match,"845 UNION ST, SAN FRANCISCO, CA, 94133",-122.413207229176,37.799881099195,06,075,San Francisco city,census
SF01321,Match,"835 UNION ST, SAN FRANCISCO, CA, 94133",-122.413053571551,37.799900480165,06,075,San Francisco city,census
SF01322,Match,"819 UNION ST, SAN FRANCISCO, CA, 94133",-122.412807719352,37.799931489716,06,075,San Francisco city,census
SF01323,Match,"980 GREEN ST, SAN FRANCISCO, CA, 94133",-122.415236697496,37.798780304623,06,075,San Francisco city,census
SF01324,Match,"982 GREEN ST, SAN FRANCISCO, CA, 94133",-122.415267268863,37.798776448257,06,075,San Francisco city,census
SF01325,Match,"66 MACONDRAY LN, SAN FRANCISCO, CA, 94133",-122.41510939855,37.799282663269,06,075,San Francisco city,census
SF01326,Match,"80 MACONDRAY LN, SAN FRANCISCO, CA, 94133",-122.415327704353,37.799253910649,06,075,San Francisco city,census
SF01327,Match,"1950 JONES ST, SAN FRANCISCO, CA, 94133",-122.415607826137,37.799216626394,06,075,San Francisco city,census
SF01328,Match,"959 UNION ST, SAN FRANCISCO, CA, 94133",-122.415006951229,37.79965469783,06,075,San Francisco city,census
SF01329,Match,"953 UNION ST, SAN FRANCISCO, CA, 94133",-122.414921431371,37.799665427484,06,075,San Francisco city,census
SF01330,Match,"927 UNION ST, SAN FRANCISCO, CA, 94133",-122.41455084532,37.799711922655,06,075,San Francisco city,census
SF01331,Match,"919 UNION ST, SAN FRANCISCO, CA, 94133",-122.414436818843,37.799726228862,06,075,San Francisco city,census
SF01332,Match,"15 MACONDRAY LN, SAN FRANCISCO, CA, 94133",-122.414301435665,37.799272906233,06,075,San Francisco city,census
SF01333,Match,"1955 JONES ST, SAN FRANCISCO, CA, 94133",-122.415790241167,37.799392408469,06,075,San Francisco city,census
SF01334,Match,"1011 UNION ST, SAN FRANCISCO, CA, 94133",-122.415923327839,37.799537854755,06,075,San Francisco city,census
SF01335,Match,"1931 JONES ST, SAN FRANCISCO, CA, 94133",-122.415772814514,37.799306245885,06,075,San Francisco city,census
SF01336,Match,"1000 GREEN ST, SAN FRANCISCO, CA, 94133",-122.415655137029,37.798727435217,06,075,San Francisco city,census
SF01337,Match,"1020 GREEN ST, SAN FRANCISCO, CA, 94133",-122.41597472221,37.798686890613,06,075,San Francisco city,census
SF01338,Match,"1030 GREEN ST, SAN FRANCISCO, CA, 94133",-122.416126398647,37.798667751177,06,075,San Francisco city,census
SF01339,Match,"1918 LEAVENWORTH ST, SAN FRANCISCO, CA, 94133",-122.417200508395,37.798751627108,06,075,San Francisco city,census
SF01340,Match,"1950 LEAVENWORTH ST, SAN FRANCISCO, CA, 94133",-122.417271194072,37.799105108832,06,075,San Francisco city,census
SF01341,Match,"1083 UNION ST, SAN FRANCISCO, CA, 94133",-122.416986023514,37.799405537189,06,075,San Francisco city,census
SF01342,Match,"1073 UNION ST, SAN FRANCISCO, CA, 94133",-122.416788457936,37.799430070798,06,075,San Francisco city,census
SF01343,Match,"1067 UNION ST, SAN FRANCISCO, CA, 94133",-122.41666991859,37.799444790963,06,075,San Francisco city,census
SF01344,Match,"126 MACONDRAY LN, SAN FRANCISCO, CA, 94133",-122.416853756111,37.799058293968,06,075,San Francisco city,census
SF01345,Match,"1035 UNION ST, SAN FRANCISCO, CA, 94133",-122.416165697636,37.799507603832,06,075,San Francisco city,census
SF01346,Match,"1029 UNION ST, SAN FRANCISCO, CA, 94133",-122.416105105186,37.799515166563,06,075,San Francisco city,census
SF01347,Match,"1025 UNION ST, SAN FRANCISCO, CA, 94133",-122.41606471022,37.799520208384,06,075,San Francisco city,census
SF01348,Match,"1019 UNION ST, SAN FRANCISCO, CA, 94133",-122.416004117771,37.799527771114,06,075,San Francisco city,census
SF01349,Match,"1938 LEAVENWORTH ST, SAN FRANCISCO, CA, 94133",-122.417258195958,37.799040059267,06,075,San Francisco city,census
SF01350,Match,"1944 LEAVENWORTH ST, SAN FRANCISCO, CA, 94133",-122.417264695015,37.79907258405,06,075,San Francisco city,census
SF01351,Match,"1059 UNION ST, SAN FRANCISCO, CA, 94133",-122.416408067433,37.79947735291,06,075,San Francisco city,census
SF01352,Match,"1955 LEAVENWORTH ST, SAN FRANCISCO, CA, 94133",-122.417412200347,37.79907602195,06,075,San Francisco city,census
SF01353,Match,"1941 LEAVENWORTH ST, SAN FRANCISCO, CA, 94133",-122.417394944229,37.798989663046,06,075,San Francisco city,census
SF01354,Match,"1122 GREEN ST, SAN FRANCISCO, CA, 94109",-122.41773828733,37.798463957472,06,075,San Francisco city,census
SF01355,Match,"1132 GREEN ST, SAN FRANCISCO, CA, 94109",-122.417912038767,37.798442551846,06,075,San Francisco city,census
SF01356,Match,"1142 GREEN ST, SAN FRANCISCO, CA, 94109",-122.418046548667,37.798425590484,06,075,San Francisco city,census
SF01357,Match,"1152 GREEN ST, SAN FRANCISCO, CA, 94109",-122.418181058567,37.798408629123,06,075,San Francisco city,census
SF01358,Match,"1906 HYDE ST, SAN FRANCISCO, CA, 94109",-122.418816185541,37.798410738135,06,075,San Francisco city,census
SF01359,Match,"22 DELGADO PL, SAN FRANCISCO, CA, 94109",-122.418768139691,37.798642245611,06,075,San Francisco city,census
SF01360,Match,"18 DELGADO PL, SAN FRANCISCO, CA, 94109",-122.418786671981,37.798639912895,06,075,San Francisco city,census
SF01361,Match,"1916 HYDE ST, SAN FRANCISCO, CA, 94109",-122.418860546697,37.798630435773,06,075,San Francisco city,census
SF01362,Match,"1922 HYDE ST, SAN FRANCISCO, CA, 94109",-122.418867780015,37.798667037903,06,075,San Francisco city,census
SF01363,Match,"1930 HYDE ST, SAN FRANCISCO, CA, 94109",-122.418900885365,37.798831284122,06,075,San Francisco city,census
SF01364,Match,"1173 UNION ST, SAN FRANCISCO, CA, 94109",-122.418563901205,37.799202985077,06,075,San Francisco city,census
SF01365,Match,"1159 UNION ST, SAN FRANCISCO, CA, 94109",-122.418347562915,37.799231109701,06,075,San Francisco city,census
SF01366,Match,"7 SHARP PL, SAN FRANCISCO, CA, 94109",-122.418281842234,37.799217738457,06,075,San Francisco city,census
SF01367,Match,"1145 UNION ST, SAN FRANCISCO, CA, 94109",-122.418084360407,37.799265085461,06,075,San Francisco city,census
SF01368,Match,"1129 UNION ST, SAN FRANCISCO, CA, 94109",-122.417967500546,37.799280060523,06,075,San Francisco city,census
SF01369,Match,"1125 UNION ST, SAN FRANCISCO, CA, 94109",-122.417938285581,37.799283804288,06,075,San Francisco city,census
SF01370,Match,"1115 UNION ST, SAN FRANCISCO, CA, 94109",-122.417865248168,37.799293163702,06,075,San Francisco city,census
SF01371,Match,"1954 HYDE ST, SAN FRANCISCO, CA, 94109",-122.418939764991,37.799022051521,06,075,San Francisco city,census
SF01372,Match,"1203 UNION ST, SAN FRANCISCO, CA, 94109",-122.419137330514,37.79912904831,06,075,San Francisco city,census
SF01373,Match,"46 RUSSELL ST, SAN FRANCISCO, CA, 94109",-122.419444014664,37.798722299968,06,075,San Francisco city,census
SF01374,Match,"70 RUSSELL ST, SAN FRANCISCO, CA, 94109",-122.419666470832,37.798693870214,06,075,San Francisco city,census
SF01375,Match,"57 RUSSELL ST, SAN FRANCISCO, CA, 94109",-122.419521495204,37.798596317607,06,075,San Francisco city,census
SF01376,Match,"51 RUSSELL ST, SAN FRANCISCO, CA, 94109",-122.419467016143,37.798603279996,06,075,San Francisco city,census
SF01377,Match,"47 RUSSELL ST, SAN FRANCISCO, CA, 94109",-122.419430696768,37.798607921588,06,075,San Francisco city,census
SF01378,Match,"37 RUSSELL ST, SAN FRANCISCO, CA, 94109",-122.419339898332,37.79861952557,06,075,San Francisco city,census
SF01379,Match,"15 RUSSELL ST, SAN FRANCISCO, CA, 94109",-122.419140141774,37.798645054328,06,075,San Francisco city,census
SF01380,Match,"1931 HYDE ST, SAN FRANCISCO, CA, 94109",-122.419012098064,37.798654587173,06,075,San Francisco city,census
SF01381,Match,"1919 HYDE ST, SAN FRANCISCO, CA, 94109",-122.419003831415,37.798612756168,06,075,San Francisco city,census
SF01382,Match,"1913 HYDE ST, SAN FRANCISCO, CA, 94109",-122.418971584847,37.798452612063,06,075,San Francisco city,census
SF01383,Match,"1907 HYDE ST, SAN FRANCISCO, CA, 94109",-122.418957332336,37.798382543697,06,075,San Francisco city,census
SF01384,Match,"1901 HYDE ST, SAN FRANCISCO, CA, 94109",-122.418943079825,37.79831247533,06,075,San Francisco city,census
SF01385,Match,"1216 GREEN ST, SAN FRANCISCO, CA, 94109",-122.419172446133,37.798283322228,06,075,San Francisco city,census
SF01386,Match,"1220 GREEN ST, SAN FRANCISCO, CA, 94109",-122.419229786319,37.798276035496,06,075,San Francisco city,census
SF01387,Match,"1224 GREEN ST, SAN FRANCISCO, CA, 94109",-122.419287126505,37.798268748765,06,075,San Francisco city,census
SF01388,Match,"1230 GREEN ST, SAN FRANCISCO, CA, 94109",-122.419373136785,37.798257818668,06,075,San Francisco city,census
SF01389,Match,"1240 GREEN ST, SAN FRANCISCO, CA, 94109",-122.41951648725,37.798239601839,06,075,San Francisco city,census
SF01390,Match,"1244 GREEN ST, SAN FRANCISCO, CA, 94109",-122.419573827436,37.798232315108,06,075,San Francisco city,census
SF01391,Match,"1250 GREEN ST, SAN FRANCISCO, CA, 94109",-122.419659794118,37.798221399434,06,075,San Francisco city,census
SF01392,Match,"1254 GREEN ST, SAN FRANCISCO, CA, 94109",-122.41971714008,37.798214141388,06,075,San Francisco city,census
SF01393,Match,"1260 GREEN ST, SAN FRANCISCO, CA, 94109",-122.419803159022,37.798203254319,06,075,San Francisco city,census
SF01394,Match,"69 RUSSELL ST, SAN FRANCISCO, CA, 94109",-122.419630453327,37.79858239283,06,075,San Francisco city,census
SF01395,Match,"1272 GREEN ST, SAN FRANCISCO, CA, 94109",-122.420086614649,37.798167348713,06,075,San Francisco city,census
SF01396,Match,"1280 GREEN ST, SAN FRANCISCO, CA, 94109",-122.420198190263,37.79815320891,06,075,San Francisco city,census
SF01397,Match,"1288 GREEN ST, SAN FRANCISCO, CA, 94109",-122.420309765877,37.798139069108,06,075,San Francisco city,census
SF01398,Match,"2200 LARKIN ST, SAN FRANCISCO, CA, 94109",-122.420440688707,37.798098524615,06,075,San Francisco city,census
SF01399,Match,"2216 LARKIN ST, SAN FRANCISCO, CA, 94109",-122.420482355812,37.798306847054,06,075,San Francisco city,census
SF01400,Match,"2222 LARKIN ST, SAN FRANCISCO, CA, 94109",-122.420497980977,37.798384967969,06,075,San Francisco city,census
SF01401,Match,"2232 LARKIN ST, SAN FRANCISCO, CA, 94109",-122.420524022918,37.798515169493,06,075,San Francisco city,census
SF01402,Match,"2240 LARKIN ST, SAN FRANCISCO, CA, 94109",-122.420544856471,37.798619330713,06,075,San Francisco city,census
SF01403,Match,"2250 LARKIN ST, SAN FRANCISCO, CA, 94109",-122.420576481345,37.798776922197,06,075,San Francisco city,census
SF01404,Match,"1291 UNION ST, SAN FRANCISCO, CA, 94109",-122.42051037076,37.798958648576,06,075,San Francisco city,census
SF01405,Match,"1283 UNION ST, SAN FRANCISCO, CA, 94109",-122.420406409365,37.798971532037,06,075,San Francisco city,census
SF01406,Match,"1267 UNION ST, SAN FRANCISCO, CA, 94109",-122.420146499012,37.799003564461,06,075,San Francisco city,census
SF01407,Match,"1251 UNION ST, SAN FRANCISCO, CA, 94109",-122.41980771107,37.799045997809,06,075,San Francisco city,census
SF01408,Match,"1243 UNION ST, SAN FRANCISCO, CA, 94109",-122.419695980977,37.799059839559,06,075,San Francisco city,census
SF01409,Match,"1239 UNION ST, SAN FRANCISCO, CA, 94109",-122.419640115931,37.799066760434,06,075,San Francisco city,census
SF01410,Match,"1233 UNION ST, SAN FRANCISCO, CA, 94109",-122.419556318361,37.799077141747,06,075,San Francisco city,census
SF01411,Match,"1221 UNION ST, SAN FRANCISCO, CA, 94109",-122.419388723222,37.799097904372,06,075,San Francisco city,census
SF01412,Match,"1201 GREEN ST, SAN FRANCISCO, CA, 94109",-122.418920058493,37.798199331617,06,075,San Francisco city,census
SF01413,Match,"1861 HYDE ST, SAN FRANCISCO, CA, 94109",-122.418856119796,37.79788227633,06,075,San Francisco city,census
SF01414,Match,"1853 HYDE ST, SAN FRANCISCO, CA, 94109",-122.418842637841,37.797815515661,06,075,San Francisco city,census
SF01415,Match,"1847 HYDE ST, SAN FRANCISCO, CA, 94109",-122.418832526374,37.79776544516,06,075,San Francisco city,census
SF01416,Match,"1841 HYDE ST, SAN FRANCISCO, CA, 94109",-122.418822414907,37.797715374658,06,075,San Francisco city,census
SF01417,Match,"1837 HYDE ST, SAN FRANCISCO, CA, 94109",-122.418815673929,37.797681994324,06,075,San Francisco city,census
SF01418,Tie,,,,,,,
SF01419,Tie,,,,,,,
SF01420,Tie,,,,,,,
SF01421,Tie,,,,,,,
SF01422,Match,"35 WHITE ST, SAN FRANCISCO, CA, 94109",-122.419615798573,37.797455957739,06,075,San Francisco city,census
SF01423,Match,"21 WHITE ST, SAN FRANCISCO, CA, 94109",-122.419601034716,37.797382123668,06,075,San Francisco city,census
SF01424,Match,"15 WHITE ST, SAN FRANCISCO, CA, 94109",-122.419594707348,37.797350480495,06,075,San Francisco city,census
SF01425,Tie,,,,,,,
SF01426,Match,"2100 LARKIN ST, SAN FRANCISCO, CA, 94109",-122.420256649911,37.797174512866,06,075,San Francisco city,census
SF01427,Match,"2106 LARKIN ST, SAN FRANCISCO, CA, 94109",-122.420266534146,37.797224152474,06,075,San Francisco city,census
SF01428,Match,"2120 LARKIN ST, SAN FRANCISCO, CA, 94109",-122.420289597361,37.797339978226,06,075,San Francisco city,census
SF01429,Match,"2128 LARKIN ST, SAN FRANCISCO, CA, 94109",-122.420302776342,37.797406164369,06,075,San Francisco city,census
SF01430,Match,"2134 LARKIN ST, SAN FRANCISCO, CA, 94109",-122.420312660577,37.797455803977,06,075,San Francisco city,census
SF01431,Match,"2140 LARKIN ST, SAN FRANCISCO, CA, 94109",-122.420322544812,37.797505443585,06,075,San Francisco city,census
SF01432,Match,"2146 LARKIN ST, SAN FRANCISCO, CA, 94109",-122.420332429047,37.797555083193,06,075,San Francisco city,census
SF01433,Match,"2152 LARKIN ST, SAN FRANCISCO, CA, 94109",-122.420342313282,37.797604722801,06,075,San Francisco city,census
SF01434,Match,"1287 GREEN ST, SAN FRANCISCO, CA, 94109",-122.420236591952,37.798032286593,06,075,San Francisco city,census
SF01435,Match,"1281 GREEN ST, SAN FRANCISCO, CA, 94109",-122.42014175268,37.798044305425,06,075,San Francisco city,census
SF01436,Match,"1269 GREEN ST, SAN FRANCISCO, CA, 94109",-122.419952074136,37.79806834309,06,075,San Francisco city,census
SF01437,Match,"1257 GREEN ST, SAN FRANCISCO, CA, 94109",-122.419674219665,37.798103521624,06,075,San Francisco city,census
SF01438,Match,"1245 GREEN ST, SAN FRANCISCO, CA, 94109",-122.41951257375,37.798124035392,06,075,San Francisco city,census
SF01439,Match,"1241 GREEN ST, SAN FRANCISCO, CA, 94109",-122.419458708727,37.798130880503,06,075,San Francisco city,census
SF01440,Match,"1235 GREEN ST, SAN FRANCISCO, CA, 94109",-122.419377911192,37.79814114817,06,075,San Francisco city,census
SF01441,Match,"1229 GREEN ST, SAN FRANCISCO, CA, 94109",-122.419297113657,37.798151415837,06,075,San Francisco city,census
SF01442,Match,"1821 HYDE ST, SAN FRANCISCO, CA, 94109",-122.418788710018,37.797548472987,06,075,San Francisco city,census
SF01443,Match,"1801 HYDE ST, SAN FRANCISCO, CA, 94109",-122.418755005129,37.797381571316,06,075,San Francisco city,census
SF01444,Match,"1827 HYDE ST, SAN FRANCISCO, CA, 94109",-122.418798821485,37.797598543489,06,075,San Francisco city,census
SF01445,Match,"1251 GREEN ST, SAN FRANCISCO, CA, 94109",-122.419593371285,37.798113767725,06,075,San Francisco city,census
SF01446,Match,"1825 LEAVENWORTH ST, SAN FRANCISCO, CA, 94109",-122.417162565568,37.797835530441,06,075,San Francisco city,census
SF01447,Match,"1811 LEAVENWORTH ST, SAN FRANCISCO, CA, 94109",-122.41713362024,37.797691494743,06,075,San Francisco city,census
SF01448,Match,"1224 VALLEJO ST, SAN FRANCISCO, CA, 94109",-122.417480042876,37.797542294251,06,075,San Francisco city,census
SF01449,Match,"1801 LEAVENWORTH ST, SAN FRANCISCO, CA, 94109",-122.417112945005,37.797588612101,06,075,San Francisco city,census
SF01450,Match,"1815 LEAVENWORTH ST, SAN FRANCISCO, CA, 94109",-122.417141890333,37.797732647799,06,075,San Francisco city,census
SF01451,Match,"1234 VALLEJO ST, SAN FRANCISCO, CA, 94109",-122.417632982326,37.797523014835,06,075,San Francisco city,census
SF01452,Match,"1242 VALLEJO ST, SAN FRANCISCO, CA, 94109",-122.417755333886,37.797507591301,06,075,San Francisco city,census
SF01453,Match,"1250 VALLEJO ST, SAN FRANCISCO, CA, 94109",-122.417877685446,37.797492167768,06,075,San Francisco city,census
SF01454,Match,"1266 VALLEJO ST, SAN FRANCISCO, CA, 94109",-122.418122388565,37.797461320702,06,075,San Francisco city,census
SF01455,Match,"1294 VALLEJO ST, SAN FRANCISCO, CA, 94109",-122.418550619024,37.797407338335,06,075,San Francisco city,census
SF01456,Match,"1806 HYDE ST, SAN FRANCISCO, CA, 94109",-122.418621909696,37.797449699088,06,075,San Francisco city,census
SF01457,Match,"1810 HYDE ST, SAN FRANCISCO, CA, 94109",-122.418628650674,37.797483079422,06,075,San Francisco city,census
SF01458,Match,"1814 HYDE ST, SAN FRANCISCO, CA, 94109",-122.418635391652,37.797516459756,06,075,San Francisco city,census
SF01459,Match,"1818 HYDE ST, SAN FRANCISCO, CA, 94109",-122.41864213263,37.79754984009,06,075,San Francisco city,census
SF01460,Match,"1175 GREEN ST, SAN FRANCISCO, CA, 94109",-122.418444038546,37.79825942677,06,075,San Francisco city,census
SF01461,Match,"1159 GREEN ST, SAN FRANCISCO, CA, 94109",-122.41822209721,37.798287413017,06,075,San Francisco city,census
SF01462,Match,"1111 GREEN ST, SAN FRANCISCO, CA, 94109",-122.417633708053,37.798360697049,06,075,San Francisco city,census
SF01463,Match,"1844 HYDE ST, SAN FRANCISCO, CA, 94109",-122.418685948986,37.797766812263,06,075,San Francisco city,census
SF01464,Match,"1896 HYDE ST, SAN FRANCISCO, CA, 94109",-122.418773581697,37.798200756609,06,075,San Francisco city,census
SF01465,Match,"1859 JONES ST, SAN FRANCISCO, CA, 94109",-122.415564413439,37.798280979411,06,075,San Francisco city,census
SF01466,Match,"1827 JONES ST, SAN FRANCISCO, CA, 94109",-122.415510612714,37.798014333193,06,075,San Francisco city,census
SF01467,Match,"1815 JONES ST, SAN FRANCISCO, CA, 94109",-122.415490485153,37.797914303321,06,075,San Francisco city,census
SF01468,Match,"1801 JONES ST, SAN FRANCISCO, CA, 94109",-122.415467002998,37.797797601804,06,075,San Francisco city,census
SF01469,Match,"1126 VALLEJO ST, SAN FRANCISCO, CA, 94109",-122.415865797196,37.797746866816,06,075,San Francisco city,census
SF01470,Match,"1132 VALLEJO ST, SAN FRANCISCO, CA, 94109",-122.41595780363,37.797735183874,06,075,San Francisco city,census
SF01471,Match,"1140 VALLEJO ST, SAN FRANCISCO, CA, 94109",-122.416080478875,37.797719606619,06,075,San Francisco city,census
SF01472,Match,"1146 VALLEJO ST, SAN FRANCISCO, CA, 94109",-122.416172485308,37.797707923678,06,075,San Francisco city,census
SF01473,Match,"1150 VALLEJO ST, SAN FRANCISCO, CA, 94109",-122.416233822931,37.79770013505,06,075,San Francisco city,census
SF01474,Match,"1162 VALLEJO ST, SAN FRANCISCO, CA, 94109",-122.416417835798,37.797676769167,06,075,San Francisco city,census
SF01475,Match,"1176 VALLEJO ST, SAN FRANCISCO, CA, 94109",-122.416632517476,37.79764950897,06,075,San Francisco city,census
SF01476,Match,"1180 VALLEJO ST, SAN FRANCISCO, CA, 94109",-122.416693855098,37.797641720342,06,075,San Francisco city,census
SF01477,Match,"1186 VALLEJO ST, SAN FRANCISCO, CA, 94109",-122.416785861532,37.797630037401,06,075,San Francisco city,census
SF01478,Match,"1828 LEAVENWORTH ST, SAN FRANCISCO, CA, 94109",-122.417010726279,37.797810633973,06,075,San Francisco city,census
SF01479,Match,"1039 GREEN ST, SAN FRANCISCO, CA, 94133",-122.416373451457,37.79852053335,06,075,San Francisco city,census
SF01480,Match,"1034 VALLEJO ST, SAN FRANCISCO, CA, 94133",-122.414695157073,37.797894447118,06,075,San Francisco city,census
SF01481,Match,"8 RUSSIAN HILL PL, SAN FRANCISCO, CA, 94133",-122.415015040695,37.797876650756,06,075,San Francisco city,census
SF01482,Match,"1725 TAYLOR ST, SAN FRANCISCO, CA, 94133",-122.41386721269,37.798204888881,06,075,San Francisco city,census
SF01483,Match,"1657 MASON ST, SAN FRANCISCO, CA, 94133",-122.41227288546,37.798679923465,06,075,San Francisco city,census
SF01484,Match,"1651 MASON ST, SAN FRANCISCO, CA, 94133",-122.412262828274,37.798629853884,06,075,San Francisco city,census
SF01485,Match,"1643 MASON ST, SAN FRANCISCO, CA, 94133",-122.412249418693,37.798563094442,06,075,San Francisco city,census
SF01486,Match,"1615 MASON ST, SAN FRANCISCO, CA, 94133",-122.412202485159,37.798329436395,06,075,San Francisco city,census
SF01487,Match,"922 VALLEJO ST, SAN FRANCISCO, CA, 94133",-122.412584917143,37.798163024725,06,075,San Francisco city,census
SF01488,Match,"926 VALLEJO ST, SAN FRANCISCO, CA, 94133",-122.412658754494,37.798153968967,06,075,San Francisco city,census
SF01489,Match,"944 VALLEJO ST, SAN FRANCISCO, CA, 94133",-122.413033736677,37.798106741749,06,075,San Francisco city,census
SF01490,Match,"950 VALLEJO ST, SAN FRANCISCO, CA, 94133",-122.413106002894,37.798097413553,06,075,San Francisco city,census
SF01491,Match,"899 GREEN ST, SAN FRANCISCO, CA, 94133",-122.413847940523,37.798840466664,06,075,San Francisco city,census
SF01492,Match,"906 VALLEJO ST, SAN FRANCISCO, CA, 94133",-122.412289567742,37.798199247756,06,075,San Francisco city,census
SF01493,Match,"908 VALLEJO ST, SAN FRANCISCO, CA, 94133",-122.412326486417,37.798194719877,06,075,San Francisco city,census
SF01494,Match,"1555 POWELL ST, SAN FRANCISCO, CA, 94133",-122.410630065954,37.798870643957,06,075,San Francisco city,census
SF01495,Match,"1551 POWELL ST, SAN FRANCISCO, CA, 94133",-122.410623325919,37.798837302849,06,075,San Francisco city,census
SF01496,No_Match,,,,,,,
SF01497,No_Match,,,,,,,
SF01498,Match,"1533 POWELL ST, SAN FRANCISCO, CA, 94133",-122.410592995763,37.798687267863,06,075,San Francisco city,census
SF01499,Match,"1529 POWELL ST, SAN FRANCISCO, CA, 94133",-122.410586255728,37.798653926755,06,075,San Francisco city,census
SF01500,Match,"1525 POWELL ST, SAN FRANCISCO, CA, 94133",-122.410579515693,37.798620585647,06,075,San Francisco city,census
SF01501,Match,"1519 POWELL ST, SAN FRANCISCO, CA, 94133",-122.410569405641,37.798570573985,06,075,San Francisco city,census
SF01502,Match,"1501 POWELL ST, SAN FRANCISCO, CA, 94133",-122.410539075484,37.798420538999,06,075,San Francisco city,census
SF01503,Match,"810 VALLEJO ST, SAN FRANCISCO, CA, 94133",-122.410691865435,37.798401073232,06,075,San Francisco city,census
SF01504,Match,"824 VALLEJO ST, SAN FRANCISCO, CA, 94133",-122.410905687883,37.798373912538,06,075,San Francisco city,census
SF01505,Match,"828 VALLEJO ST, SAN FRANCISCO, CA, 94133",-122.410966780012,37.79836615234,06,075,San Francisco city,census
SF01506,Match,"832 VALLEJO ST, SAN FRANCISCO, CA, 94133",-122.41102787214,37.798358392142,06,075,San Francisco city,census
SF01507,Match,"838 VALLEJO ST, SAN FRANCISCO, CA, 94133",-122.411119510332,37.798346751844,06,075,San Francisco city,census
SF01508,Match,"850 VALLEJO ST, SAN FRANCISCO, CA, 94133",-122.411302786717,37.79832347125,06,075,San Francisco city,census
SF01509,Match,"850 VALLEJO ST, SAN FRANCISCO, CA, 94133",-122.411302786717,37.79832347125,06,075,San Francisco city,census
SF01510,Match,"862 VALLEJO ST, SAN FRANCISCO, CA, 94133",-122.411486063101,37.798300190655,06,075,San Francisco city,census
SF01511,Match,"868 VALLEJO ST, SAN FRANCISCO, CA, 94133",-122.411577701293,37.798288550358,06,075,San Francisco city,census
SF01512,Match,"874 VALLEJO ST, SAN FRANCISCO, CA, 94133",-122.411669339486,37.79827691006,06,075,San Francisco city,census
SF01513,Match,"880 VALLEJO ST, SAN FRANCISCO, CA, 94133",-122.411760977678,37.798265269763,06,075,San Francisco city,census
SF01514,Match,"1600 MASON ST, SAN FRANCISCO, CA, 94133",-122.412035790865,37.79823057022,06,075,San Francisco city,census
SF01515,Match,"1618 MASON ST, SAN FRANCISCO, CA, 94133",-122.412065962422,37.798380778964,06,075,San Francisco city,census
SF01516,Match,"1620 MASON ST, SAN FRANCISCO, CA, 94133",-122.412069314818,37.798397468824,06,075,San Francisco city,census
SF01517,Match,"1638 MASON ST, SAN FRANCISCO, CA, 94133",-122.412099486375,37.798547677569,06,075,San Francisco city,census
SF01518,Match,"1652 MASON ST, SAN FRANCISCO, CA, 94133",-122.412122953142,37.798664506592,06,075,San Francisco city,census
SF01519,Match,"1660 MASON ST, SAN FRANCISCO, CA, 94133",-122.412136362723,37.798731266034,06,075,San Francisco city,census
SF01520,Match,"785 GREEN ST, SAN FRANCISCO, CA, 94133",-122.412026034673,37.79907029975,06,075,San Francisco city,census
SF01521,Match,"781 GREEN ST, SAN FRANCISCO, CA, 94133",-122.411857986712,37.799091419875,06,075,San Francisco city,census
SF01522,Match,"755 GREEN ST, SAN FRANCISCO, CA, 94133",-122.411524848213,37.799133222087,06,075,San Francisco city,census
SF01523,Match,"745 GREEN ST, SAN FRANCISCO, CA, 94133",-122.411277666722,37.799164474634,06,075,San Francisco city,census
SF01524,Match,"735 GREEN ST, SAN FRANCISCO, CA, 94133",-122.411147315448,37.799181036549,06,075,San Francisco city,census
SF01525,Match,"731 GREEN ST, SAN FRANCISCO, CA, 94133",-122.411095174939,37.799187661315,06,075,San Francisco city,census
SF01526,Match,"725 GREEN ST, SAN FRANCISCO, CA, 94133",-122.411016964175,37.799197598464,06,075,San Francisco city,census
SF01527,Match,"719 GREEN ST, SAN FRANCISCO, CA, 94133",-122.410938753411,37.799207535613,06,075,San Francisco city,census
SF01528,Match,"25 CARD ALY, SAN FRANCISCO, CA, 94133",-122.409079512258,37.798957524912,06,075,San Francisco city,census
SF01529,Match,"722 VALLEJO ST, SAN FRANCISCO, CA, 94133",-122.409126957958,37.798590577783,06,075,San Francisco city,census
SF01530,Match,"728 VALLEJO ST, SAN FRANCISCO, CA, 94133",-122.409191421871,37.798582817279,06,075,San Francisco city,census
SF01531,Match,"51 CARD ALY, SAN FRANCISCO, CA, 94133",-122.409195375379,37.798943343407,06,075,San Francisco city,census
SF01532,Match,"776 VALLEJO ST, SAN FRANCISCO, CA, 94133",-122.410097073575,37.798473860734,06,075,San Francisco city,census
SF01533,Match,"782 VALLEJO ST, SAN FRANCISCO, CA, 94133",-122.410178377557,37.798464140638,06,075,San Francisco city,census
SF01534,Match,"1516 POWELL ST, SAN FRANCISCO, CA, 94133",-122.410422830347,37.798571978704,06,075,San Francisco city,census
SF01535,Match,"1544 POWELL ST, SAN FRANCISCO, CA, 94133",-122.410470010591,37.79880536646,06,075,San Francisco city,census
SF01536,Match,"1554 POWELL ST, SAN FRANCISCO, CA, 94133",-122.410486860678,37.79888871923,06,075,San Francisco city,census
SF01537,Match,"1558 POWELL ST, SAN FRANCISCO, CA, 94133",-122.410493600713,37.798922060338,06,075,San Francisco city,census
SF01538,Match,"679 GREEN ST, SAN FRANCISCO, CA, 94133",-122.410258492625,37.799289378787,06,075,San Francisco city,census
SF01539,Match,"667 GREEN ST, SAN FRANCISCO, CA, 94133",-122.410076473844,37.799310275902,06,075,San Francisco city,census
SF01540,Match,"635 GREEN ST, SAN FRANCISCO, CA, 94133",-122.409591098116,37.799365961158,06,075,San Francisco city,census
SF01541,Match,"1363 GRANT AVE, SAN FRANCISCO, CA, 94133",-122.407394097427,37.799338995426,06,075,San Francisco city,census
SF01542,Match,"1345 GRANT AVE, SAN FRANCISCO, CA, 94133",-122.407363626932,37.799189326256,06,075,San Francisco city,census
SF01543,Match,"1331 GRANT AVE, SAN FRANCISCO, CA, 94133",-122.407339927658,37.799072916903,06,075,San Francisco city,census
SF01544,Match,"1317 GRANT AVE, SAN FRANCISCO, CA, 94133",-122.407316228384,37.798956507548,06,075,San Francisco city,census
SF01545,Match,"1309 GRANT AVE, SAN FRANCISCO, CA, 94133",-122.407302685942,37.798889987918,06,075,San Francisco city,census
SF01546,Match,"545 GREEN ST, SAN FRANCISCO, CA, 94133",-122.407869382852,37.79958297281,06,075,San Francisco city,census
SF01547,Match,"511 GREEN ST, SAN FRANCISCO, CA, 94133",-122.407568801782,37.799622975272,06,075,San Francisco city,census
SF01548,Match,"1255 KEARNY ST, SAN FRANCISCO, CA, 94133",-122.405848569176,37.799612842529,06,075,San Francisco city,census
SF01549,Match,"44 SAN ANTONIO PL, SAN FRANCISCO, CA, 94133",-122.406350262712,37.799363377439,06,075,San Francisco city,census
SF01550,Match,"1251 KEARNY ST, SAN FRANCISCO, CA, 94133",-122.40584447149,37.799592605029,06,075,San Francisco city,census
SF01551,Match,"1223 KEARNY ST, SAN FRANCISCO, CA, 94133",-122.405783116637,37.799289237974,06,075,San Francisco city,census
SF01552,Match,"1219 KEARNY ST, SAN FRANCISCO, CA, 94133",-122.405773100124,37.79923965663,06,075,San Francisco city,census
SF01553,Match,"506 VALLEJO ST, SAN FRANCISCO, CA, 94133",-122.405804768899,37.799007433649,06,075,San Francisco city,census
SF01554,Match,"512 VALLEJO ST, SAN FRANCISCO, CA, 94133",-122.405881799711,37.798998014609,06,075,San Francisco city,census
SF01555,Match,"524 VALLEJO ST, SAN FRANCISCO, CA, 94133",-122.406035985321,37.798979077721,06,075,San Francisco city,census
SF01556,Match,"534 VALLEJO ST, SAN FRANCISCO, CA, 94133",-122.406164330858,37.79896318099,06,075,San Francisco city,census
SF01557,Match,"540 VALLEJO ST, SAN FRANCISCO, CA, 94133",-122.406241417122,37.798953575971,06,075,San Francisco city,census
SF01558,Match,"546 VALLEJO ST, SAN FRANCISCO, CA, 94133",-122.406318409174,37.79894396142,06,075,San Francisco city,census
SF01559,Match,"7 SAN ANTONIO PL, SAN FRANCISCO, CA, 94133",-122.405857854272,37.799382919807,06,075,San Francisco city,census
SF01560,Match,"15 SAN ANTONIO PL, SAN FRANCISCO, CA, 94133",-122.405929256452,37.799374719034,06,075,San Francisco city,census
SF01561,No_Match,,,,,,,
SF01562,Match,"39 POLLARD PL, SAN FRANCISCO, CA, 94133",-122.406539448605,37.799056684889,06,075,San Francisco city,census
SF01563,Match,"552 VALLEJO ST, SAN FRANCISCO, CA, 94133",-122.406512810388,37.798919848787,06,075,San Francisco city,census
SF01564,Match,"570 VALLEJO ST, SAN FRANCISCO, CA, 94133",-122.406705318234,37.798896249242,06,075,San Francisco city,census
SF01565,Match,"572 VALLEJO ST, SAN FRANCISCO, CA, 94133",-122.406726707994,37.79889362707,06,075,San Francisco city,census
SF01566,Match,"22 MARGRAVE PL, SAN FRANCISCO, CA, 94133",-122.406792333125,37.799000215449,06,075,San Francisco city,census
SF01567,Match,"1300 GRANT AVE, SAN FRANCISCO, CA, 94133",-122.40714596274,37.798841668263,06,075,San Francisco city,census
SF01568,Match,"1336 GRANT AVE, SAN FRANCISCO, CA, 94133",-122.407206903731,37.799141006602,06,075,San Francisco city,census
SF01569,Match,"481 GREEN ST, SAN FRANCISCO, CA, 94133",-122.407072013073,37.799686658968,06,075,San Francisco city,census
SF01570,Match,"475 GREEN ST, SAN FRANCISCO, CA, 94133",-122.406992036537,37.799696732021,06,075,San Francisco city,census
SF01571,Match,"457 GREEN ST, SAN FRANCISCO, CA, 94133",-122.406752065667,37.799727185477,06,075,San Francisco city,census
SF01572,Match,"453 GREEN ST, SAN FRANCISCO, CA, 94133",-122.406698758228,37.79973395164,06,075,San Francisco city,census
SF01573,Match,"447 GREEN ST, SAN FRANCISCO, CA, 94133",-122.406511244451,37.799757549033,06,075,San Francisco city,census
SF01574,Match,"441 GREEN ST, SAN FRANCISCO, CA, 94133",-122.406457721145,37.799764220894,06,075,San Francisco city,census
SF01575,Match,"435 GREEN ST, SAN FRANCISCO, CA, 94133",-122.406404197838,37.799770892755,06,075,San Francisco city,census
SF01576,Match,"421 GREEN ST, SAN FRANCISCO, CA, 94133",-122.406279310124,37.79978646043,06,075,San Francisco city,census
SF01577,Match,"566 VALLEJO ST, SAN FRANCISCO, CA, 94133",-122.406662538712,37.798901493585,06,075,San Francisco city,census
SF01578,Match,"20 SAN ANTONIO PL, SAN FRANCISCO, CA, 94133",-122.4063118533,37.799191435803,06,075,San Francisco city,census
SF01579,Match,"1 SAN ANTONIO PL, SAN FRANCISCO, CA, 94133",-122.405804302637,37.799389070387,06,075,San Francisco city,census
SF01580,Match,"1350 GRANT AVE, SAN FRANCISCO, CA, 94133",-122.407230603005,37.799257415956,06,075,San Francisco city,census
SF01581,Match,"483 GREEN ST, SAN FRANCISCO, CA, 94133",-122.407098671918,37.799683301284,06,075,San Francisco city,census
SF01582,Match,"1245 KEARNY ST, SAN FRANCISCO, CA, 94133",-122.405838324961,37.79956224878,06,075,San Francisco city,census
SF01583,Match,"301 GREEN ST, SAN FRANCISCO, CA, 94133",-122.404300138962,37.800038345042,06,075,San Francisco city,census
SF01584,Match,"1155 MONTGOMERY ST, SAN FRANCISCO, CA, 94133",-122.404226644395,37.799670770406,06,075,San Francisco city,census
SF01585,Match,"1141 MONTGOMERY ST, SAN FRANCISCO, CA, 94133",-122.404203143967,37.79955380192,06,075,San Francisco city,census
SF01586,Match,"1137 MONTGOMERY ST, SAN FRANCISCO, CA, 94133",-122.40419642956,37.799520382352,06,075,San Francisco city,census
SF01587,Match,"1131 MONTGOMERY ST, SAN FRANCISCO, CA, 94133",-122.404186357948,37.799470253001,06,075,San Francisco city,census
SF01588,Match,"1121 MONTGOMERY ST, SAN FRANCISCO, CA, 94133",-122.404169571928,37.799386704082,06,075,San Francisco city,census
SF01589,Match,"1115 MONTGOMERY ST, SAN FRANCISCO, CA, 94133",-122.404159500317,37.799336574731,06,075,San Francisco city,census
SF01590,Match,"1109 MONTGOMERY ST, SAN FRANCISCO, CA, 94133",-122.404149428705,37.79928644538,06,075,San Francisco city,census
SF01591,Match,"414 VALLEJO ST, SAN FRANCISCO, CA, 94133",-122.404840216414,37.799129609092,06,075,San Francisco city,census
SF01592,Match,"430 VALLEJO ST, SAN FRANCISCO, CA, 94133",-122.40498207105,37.799111527746,06,075,San Francisco city,census
SF01593,Match,"440 VALLEJO ST, SAN FRANCISCO, CA, 94133",-122.405070730198,37.799100226905,06,075,San Francisco city,census
SF01594,Match,"446 VALLEJO ST, SAN FRANCISCO, CA, 94133",-122.405123925686,37.7990934464,06,075,San Francisco city,census
SF01595,Match,"450 VALLEJO ST, SAN FRANCISCO, CA, 94133",-122.405159389345,37.799088926064,06,075,San Francisco city,census
SF01596,Match,"456 VALLEJO ST, SAN FRANCISCO, CA, 94133",-122.405212584834,37.799082145559,06,075,San Francisco city,census
SF01597,Match,"460 VALLEJO ST, SAN FRANCISCO, CA, 94133",-122.405248048493,37.799077625222,06,075,San Francisco city,census
SF01598,Match,"470 VALLEJO ST, SAN FRANCISCO, CA, 94133",-122.40533670764,37.799066324381,06,075,San Francisco city,census
SF01599,Match,"474 VALLEJO ST, SAN FRANCISCO, CA, 94133",-122.405372171299,37.799061804045,06,075,San Francisco city,census
SF01600,Match,"1236 KEARNY ST, SAN FRANCISCO, CA, 94133",-122.405682830245,37.799519639713,06,075,San Francisco city,census
SF01601,Match,"1224 KEARNY ST, SAN FRANCISCO, CA, 94133",-122.405637845637,37.799297093663,06,075,San Francisco city,census
SF01602,Match,"1244 KEARNY ST, SAN FRANCISCO, CA, 94133",-122.40569155435,37.799562726002,06,075,San Francisco city,census
SF01603,Match,"1252 KEARNY ST, SAN FRANCISCO, CA, 94133",-122.405700278456,37.799605812291,06,075,San Francisco city,census
SF01604,Match,"1260 KEARNY ST, SAN FRANCISCO, CA, 94133",-122.405709002561,37.79964889858,06,075,San Francisco city,census
SF01605,Match,"383 GREEN ST, SAN FRANCISCO, CA, 94133",-122.405497826588,37.799885776954,06,075,San Francisco city,census
SF01606,Match,"12 RENO PL, SAN FRANCISCO, CA, 94133",-122.405510050297,37.799825747543,06,075,San Francisco city,census
SF01607,Match,"10 RENO PL, SAN FRANCISCO, CA, 94133",-122.405509763446,37.799824413117,06,075,San Francisco city,census
SF01608,Match,"369 GREEN ST, SAN FRANCISCO, CA, 94133",-122.405439372434,37.799893229647,06,075,San Francisco city,census
SF01609,Match,"359 GREEN ST, SAN FRANCISCO, CA, 94133",-122.405221471117,37.799921109492,06,075,San Francisco city,census
SF01610,Match,"355 GREEN ST, SAN FRANCISCO, CA, 94133",-122.405177253795,37.799926778525,06,075,San Francisco city,census
SF01611,Match,"327 GREEN ST, SAN FRANCISCO, CA, 94133",-122.40467753378,37.799990448055,06,075,San Francisco city,census
SF01612,Match,"325 GREEN ST, SAN FRANCISCO, CA, 94133",-122.4046485014,37.799994138256,06,075,San Francisco city,census
SF01613,Match,"480 VALLEJO ST, SAN FRANCISCO, CA, 94133",-122.405425366788,37.79905502354,06,075,San Francisco city,census
SF01614,Match,"345 GREEN ST, SAN FRANCISCO, CA, 94133",-122.404938825206,37.79995723625,06,075,San Francisco city,census
SF01615,Match,"335 GREEN ST, SAN FRANCISCO, CA, 94133",-122.404793663303,37.799975687253,06,075,San Francisco city,census
SF01616,Match,"334 VALLEJO ST, SAN FRANCISCO, CA, 94133",-122.402992242344,37.799365918382,06,075,San Francisco city,census
SF01617,Match,"342 VALLEJO ST, SAN FRANCISCO, CA, 94133",-122.403107056219,37.799351014332,06,075,San Francisco city,census
SF01618,Match,"358 VALLEJO ST, SAN FRANCISCO, CA, 94133",-122.403426594742,37.799309902828,06,075,San Francisco city,census
SF01619,Match,"362 VALLEJO ST, SAN FRANCISCO, CA, 94133",-122.403471840576,37.799304132221,06,075,San Francisco city,census
SF01620,Match,"372 VALLEJO ST, SAN FRANCISCO, CA, 94133",-122.403584955159,37.799289705706,06,075,San Francisco city,census
SF01621,Match,"14 HODGES ALY, SAN FRANCISCO, CA, 94133",-122.403593231028,37.799333553595,06,075,San Francisco city,census
SF01622,Match,"378 VALLEJO ST, SAN FRANCISCO, CA, 94133",-122.403809715807,37.799260871772,06,075,San Francisco city,census
SF01623,Match,"17 HODGES ALY, SAN FRANCISCO, CA, 94133",-122.403739185165,37.799329383552,06,075,San Francisco city,census
SF01624,Match,"384 VALLEJO ST, SAN FRANCISCO, CA, 94133",-122.403864672977,37.799253905374,06,075,San Francisco city,census
SF01625,Match,"1100 MONTGOMERY ST, SAN FRANCISCO, CA, 94133",-122.403992771215,37.799237573064,06,075,San Francisco city,census
SF01626,Match,"1114 MONTGOMERY ST, SAN FRANCISCO, CA, 94133",-122.404016271643,37.79935454155,06,075,San Francisco city,census
SF01627,Match,"1120 MONTGOMERY ST, SAN FRANCISCO, CA, 94133",-122.404026343254,37.799404670901,06,075,San Francisco city,census
SF01628,Match,"1128 MONTGOMERY ST, SAN FRANCISCO, CA, 94133",-122.40403977207,37.799471510036,06,075,San Francisco city,census
SF01629,Match,"1134 MONTGOMERY ST, SAN FRANCISCO, CA, 94133",-122.404049843682,37.799521639387,06,075,San Francisco city,census
SF01630,Match,"1140 MONTGOMERY ST, SAN FRANCISCO, CA, 94133",-122.404059915294,37.799571768739,06,075,San Francisco city,census
SF01631,Match,"1142 MONTGOMERY ST, SAN FRANCISCO, CA, 94133",-122.404063272497,37.799588478523,06,075,San Francisco city,census
SF01632,Match,"1148 MONTGOMERY ST, SAN FRANCISCO, CA, 94133",-122.404073344109,37.799638607874,06,075,San Francisco city,census
SF01633,Match,"1158 MONTGOMERY ST, SAN FRANCISCO, CA, 94133",-122.404090130129,37.799722156793,06,075,San Francisco city,census
SF01634,Tie,,,,,,,
SF01635,Match,"150 BROADWAY, SAN FRANCISCO, CA, 94111",-122.400484022927,37.798709742993,06,075,San Francisco city,census
SF01636,Match,"1024 MONTGOMERY ST, SAN FRANCISCO, CA, 94133",-122.403843931482,37.79849324904,06,075,San Francisco city,census
SF01637,Match,"1030 MONTGOMERY ST, SAN FRANCISCO, CA, 94133",-122.403854222337,37.798544415827,06,075,San Francisco city,census
SF01638,Match,"1034 MONTGOMERY ST, SAN FRANCISCO, CA, 94133",-122.403861082907,37.798578527019,06,075,San Francisco city,census
SF01639,Match,"1042 MONTGOMERY ST, SAN FRANCISCO, CA, 94133",-122.403874711621,37.798646696682,06,075,San Francisco city,census
SF01640,Match,"1050 MONTGOMERY ST, SAN FRANCISCO, CA, 94133",-122.403888337193,37.798714931033,06,075,San Francisco city,census
SF01641,Match,"1052 MONTGOMERY ST, SAN FRANCISCO, CA, 94133",-122.403891743586,37.798731989621,06,075,San Francisco city,census
SF01642,Match,"1090 MONTGOMERY ST, SAN FRANCISCO, CA, 94133",-122.403956465049,37.799056102792,06,075,San Francisco city,census
SF01643,Match,"136 BARTOL ST, SAN FRANCISCO, CA, 94133",-122.403513351785,37.798640067993,06,075,San Francisco city,census
SF01644,Match,"375 VALLEJO ST, SAN FRANCISCO, CA, 94133",-122.403442397395,37.799191812915,06,075,San Francisco city,census
SF01645,Match,"349 VALLEJO ST, SAN FRANCISCO, CA, 94133",-122.403312994312,37.799208316849,06,075,San Francisco city,census
SF01646,Match,"31 PRESCOTT CT, SAN FRANCISCO, CA, 94133",-122.403291744614,37.799100771212,06,075,San Francisco city,census
SF01647,Match,"35 PRESCOTT CT, SAN FRANCISCO, CA, 94133",-122.403288874008,37.799086410406,06,075,San Francisco city,census
SF01648,Match,"26 PRESCOTT CT, SAN FRANCISCO, CA, 94133",-122.403152445902,37.799138395171,06,075,San Francisco city,census
SF01649,Match,"347 VALLEJO ST, SAN FRANCISCO, CA, 94133",-122.40316965694,37.799226760732,06,075,San Francisco city,census
SF01650,Match,"335 VALLEJO ST, SAN FRANCISCO, CA, 94133",-122.402989948266,37.79925008881,06,075,San Francisco city,census
SF01651,Match,"365 VALLEJO ST, SAN FRANCISCO, CA, 94133",-122.403392626978,37.799198160582,06,075,San Francisco city,census
SF01652,Match,"357 VALLEJO ST, SAN FRANCISCO, CA, 94133",-122.403352810645,37.799203238716,06,075,San Francisco city,census
SF01653,Match,"29 PRESCOTT CT, SAN FRANCISCO, CA, 94133",-122.403293179917,37.799107951615,06,075,San Francisco city,census
SF01654,Match,"1065 MONTGOMERY ST, SAN FRANCISCO, CA, 94133",-122.404055430843,37.798816481035,06,075,San Francisco city,census
SF01655,Match,"1059 MONTGOMERY ST, SAN FRANCISCO, CA, 94133",-122.404045211665,37.798765305271,06,075,San Francisco city,census
SF01656,Match,"1053 MONTGOMERY ST, SAN FRANCISCO, CA, 94133",-122.404034992486,37.798714129507,06,075,San Francisco city,census
SF01657,Match,"1047 MONTGOMERY ST, SAN FRANCISCO, CA, 94133",-122.404024773308,37.798662953743,06,075,San Francisco city,census
SF01658,Match,"1041 MONTGOMERY ST, SAN FRANCISCO, CA, 94133",-122.404014554129,37.798611777979,06,075,San Francisco city,census
SF01659,Match,"1035 MONTGOMERY ST, SAN FRANCISCO, CA, 94133",-122.404004305986,37.798560541548,06,075,San Francisco city,census
SF01660,Match,"426 BROADWAY, SAN FRANCISCO, CA, 94133",-122.404311206703,37.798223456767,06,075,San Francisco city,census
SF01661,Match,"432 BROADWAY, SAN FRANCISCO, CA, 94133",-122.404395437212,37.798212633062,06,075,San Francisco city,census
SF01662,Match,"456 BROADWAY, SAN FRANCISCO, CA, 94133",-122.40484433759,37.798155122467,06,075,San Francisco city,census
SF01663,Match,"462 BROADWAY, SAN FRANCISCO, CA, 94133",-122.404925567534,37.798144776623,06,075,San Francisco city,census
SF01664,Match,"4 DUNNES ALY, SAN FRANCISCO, CA, 94133",-122.40506346589,37.798480535934,06,075,San Francisco city,census
SF01665,Match,"1136 KEARNY ST, SAN FRANCISCO, CA, 94133",-122.405491322268,37.798576122975,06,075,San Francisco city,census
SF01666,Match,"1142 KEARNY ST, SAN FRANCISCO, CA, 94133",-122.405496344285,37.798600343695,06,075,San Francisco city,census
SF01667,Match,"1154 KEARNY ST, SAN FRANCISCO, CA, 94133",-122.405527872361,37.798753630659,06,075,San Francisco city,census
SF01668,Match,"471 VALLEJO ST, SAN FRANCISCO, CA, 94133",-122.405214314005,37.798965852495,06,075,San Francisco city,census
SF01669,No_Match,,,,,,,
SF01670,Match,"409 VALLEJO ST, SAN FRANCISCO, CA, 94133",-122.405388085934,37.798943702846,06,075,San Francisco city,census
SF01671,Match,"1165 KEARNY ST, SAN FRANCISCO, CA, 94133",-122.40568099657,37.798784454184,06,075,San Francisco city,census
SF01672,Match,"1151 KEARNY ST, SAN FRANCISCO, CA, 94133",-122.405671066249,37.798735496211,06,075,San Francisco city,census
SF01673,Match,"1143 KEARNY ST, SAN FRANCISCO, CA, 94133",-122.405637782965,37.79857374278,06,075,San Francisco city,census
SF01674,Match,"1135 KEARNY ST, SAN FRANCISCO, CA, 94133",-122.405624390919,37.798509154193,06,075,San Francisco city,census
SF01675,Match,"1127 KEARNY ST, SAN FRANCISCO, CA, 94133",-122.405610998873,37.798444565606,06,075,San Francisco city,census
SF01676,Match,"1123 KEARNY ST, SAN FRANCISCO, CA, 94133",-122.405604302851,37.798412271313,06,075,San Francisco city,census
SF01677,Match,"1119 KEARNY ST, SAN FRANCISCO, CA, 94133",-122.405574691464,37.798275299521,06,075,San Francisco city,census
SF01678,Match,"1224 GRANT AVE, SAN FRANCISCO, CA, 94133",-122.407057529838,37.798397177891,06,075,San Francisco city,census
SF01679,Match,"67 FRESNO ST, SAN FRANCISCO, CA, 94133",-122.406591216135,37.798503123216,06,075,San Francisco city,census
SF01680,Match,"31 ROMOLO PL, SAN FRANCISCO, CA, 94133",-122.406350597764,37.798137228492,06,075,San Francisco city,census
SF01681,Match,"20 ROMOLO PL, SAN FRANCISCO, CA, 94133",-122.406222024658,37.798224261885,06,075,San Francisco city,census
SF01682,Match,"15 FRESNO ST, SAN FRANCISCO, CA, 94133",-122.405793083628,37.798604105627,06,075,San Francisco city,census
SF01683,Match,"72 FRESNO ST, SAN FRANCISCO, CA, 94133",-122.406574769652,37.798621295674,06,075,San Francisco city,census
SF01684,Match,"80 FRESNO ST, SAN FRANCISCO, CA, 94133",-122.406732997785,37.798601113437,06,075,San Francisco city,census
SF01685,Match,"571 VALLEJO ST, SAN FRANCISCO, CA, 94133",-122.406700585623,37.798780867167,06,075,San Francisco city,census
SF01686,Match,"549 VALLEJO ST, SAN FRANCISCO, CA, 94133",-122.406321435059,37.798827569982,06,075,San Francisco city,census
SF01687,Match,"541 VALLEJO ST, SAN FRANCISCO, CA, 94133",-122.40621877899,37.798840389383,06,075,San Francisco city,census
SF01688,Match,"535 VALLEJO ST, SAN FRANCISCO, CA, 94133",-122.406141872872,37.798849971991,06,075,San Francisco city,census
SF01689,Match,"529 VALLEJO ST, SAN FRANCISCO, CA, 94133",-122.40606486555,37.79885951003,06,075,San Francisco city,census
SF01690,Match,"523 VALLEJO ST, SAN FRANCISCO, CA, 94133",-122.405987858227,37.798869048069,06,075,San Francisco city,census
SF01691,Match,"517 VALLEJO ST, SAN FRANCISCO, CA, 94133",-122.405910975776,37.798878491779,06,075,San Francisco city,census
SF01692,Match,"511 VALLEJO ST, SAN FRANCISCO, CA, 94133",-122.405833944964,37.79888791082,06,075,San Francisco city,census
SF01693,Match,"612 BROADWAY, SAN FRANCISCO, CA, 94133",-122.407277394844,37.797848364945,06,075,San Francisco city,census
SF01694,Match,"678 BROADWAY, SAN FRANCISCO, CA, 94133",-122.408260410166,37.79772939991,06,075,San Francisco city,census
SF01695,Match,"1328 STOCKTON ST, SAN FRANCISCO, CA, 94133",-122.408605956227,37.797930653599,06,075,San Francisco city,census
SF01696,Match,"15 KENNETH REXROTH PL, SAN FRANCISCO, CA, 94133",-122.407953621373,37.798316870463,06,075,San Francisco city,census
SF01697,Match,"2 KENNETH REXROTH PL, SAN FRANCISCO, CA, 94133",-122.407801077724,37.798281591966,06,075,San Francisco city,census
SF01698,Match,"353 COLUMBUS AVE, SAN FRANCISCO, CA, 94133",-122.407544525603,37.798395808906,06,075,San Francisco city,census
SF01699,Match,"303 COLUMBUS AVE, SAN FRANCISCO, CA, 94133",-122.407199133606,37.798156314469,06,075,San Francisco city,census
SF01700,Match,"716 BROADWAY, SAN FRANCISCO, CA, 94133",-122.408920073808,37.797648178669,06,075,San Francisco city,census
SF01701,Match,"724 BROADWAY, SAN FRANCISCO, CA, 94133",-122.409029186628,37.797634449219,06,075,San Francisco city,census
SF01702,Match,"744 BROADWAY, SAN FRANCISCO, CA, 94133",-122.409301769015,37.797599977927,06,075,San Francisco city,census
SF01703,Match,"748 BROADWAY, SAN FRANCISCO, CA, 94133",-122.409356285492,37.797593083668,06,075,San Francisco city,census
SF01704,Match,"1400 POWELL ST, SAN FRANCISCO, CA, 94133",-122.410203774863,37.79748600275,06,075,San Francisco city,census
SF01705,Match,"1416 POWELL ST, SAN FRANCISCO, CA, 94133",-122.410231966597,37.797623035776,06,075,San Francisco city,census
SF01706,Match,"1466 POWELL ST, SAN FRANCISCO, CA, 94133",-122.410317972653,37.79805114265,06,075,San Francisco city,census
SF01707,Match,"18 TURK MURPHY LN, SAN FRANCISCO, CA, 94133",-122.409656612732,37.797697830365,06,075,San Francisco city,census
SF01708,Match,"729 VALLEJO ST, SAN FRANCISCO, CA, 94133",-122.409151883471,37.798471663512,06,075,San Francisco city,census
SF01709,Match,"723 VALLEJO ST, SAN FRANCISCO, CA, 94133",-122.409091211552,37.798478967516,06,075,San Francisco city,census
SF01710,Match,"1419 POWELL ST, SAN FRANCISCO, CA, 94133",-122.410378573896,37.797621807074,06,075,San Francisco city,census
SF01711,Match,"1413 POWELL ST, SAN FRANCISCO, CA, 94133",-122.410367831137,37.797570023291,06,075,San Francisco city,census
SF01712,Match,"1401 POWELL ST, SAN FRANCISCO, CA, 94133",-122.410346832129,37.797467218604,06,075,San Francisco city,census
SF01713,Match,"858 BROADWAY, SAN FRANCISCO, CA, 94133",-122.411392636408,37.797375587039,06,075,San Francisco city,census
SF01714,Match,"870 BROADWAY, SAN FRANCISCO, CA, 94133",-122.411530501036,37.797356330353,06,075,San Francisco city,census
SF01715,Match,"886 BROADWAY, SAN FRANCISCO, CA, 94133",-122.41171432054,37.797330654772,06,075,San Francisco city,census
SF01716,Match,"1500 MASON ST, SAN FRANCISCO, CA, 94133",-122.411850292635,37.797310326448,06,075,San Francisco city,census
SF01717,Match,"1530 MASON ST, SAN FRANCISCO, CA, 94133",-122.411899864027,37.797557663976,06,075,San Francisco city,census
SF01718,Match,"1536 MASON ST, SAN FRANCISCO, CA, 94133",-122.411909825855,37.797607058555,06,075,San Francisco city,census
SF01719,Match,"1540 MASON ST, SAN FRANCISCO, CA, 94133",-122.411916467074,37.797639988274,06,075,San Francisco city,census
SF01720,Match,"1560 MASON ST, SAN FRANCISCO, CA, 94133",-122.411949673166,37.79780463687,06,075,San Francisco city,census
SF01721,Match,"871 VALLEJO ST, SAN FRANCISCO, CA, 94133",-122.411585230023,37.798171531554,06,075,San Francisco city,census
SF01722,Match,"859 VALLEJO ST, SAN FRANCISCO, CA, 94133",-122.411401953638,37.798194812149,06,075,San Francisco city,census
SF01723,Match,"849 VALLEJO ST, SAN FRANCISCO, CA, 94133",-122.411249223318,37.798214212644,06,075,San Francisco city,census
SF01724,Match,"843 VALLEJO ST, SAN FRANCISCO, CA, 94133",-122.411157585126,37.798225852941,06,075,San Francisco city,census
SF01725,Match,"837 VALLEJO ST, SAN FRANCISCO, CA, 94133",-122.411065946933,37.798237493239,06,075,San Francisco city,census
SF01726,Match,"829 VALLEJO ST, SAN FRANCISCO, CA, 94133",-122.410943762677,37.798253013635,06,075,San Francisco city,census
SF01727,Match,"821 VALLEJO ST, SAN FRANCISCO, CA, 94133",-122.41082157842,37.798268534032,06,075,San Francisco city,census
SF01728,Match,"801 VALLEJO ST, SAN FRANCISCO, CA, 94133",-122.410516117779,37.798307335022,06,075,San Francisco city,census
SF01729,Match,"1455 POWELL ST, SAN FRANCISCO, CA, 94133",-122.410440542942,37.797930337292,06,075,San Francisco city,census
SF01730,Match,"1443 POWELL ST, SAN FRANCISCO, CA, 94133",-122.410419886593,37.797827493886,06,075,San Francisco city,census
SF01731,Match,"901 VALLEJO ST, SAN FRANCISCO, CA, 94133",-122.412156569144,37.798099595923,06,075,San Francisco city,census
SF01732,Match,"1561 MASON ST, SAN FRANCISCO, CA, 94133",-122.41209288476,37.797786602799,06,075,San Francisco city,census
SF01733,Match,"1553 MASON ST, SAN FRANCISCO, CA, 94133",-122.412079602322,37.797720743361,06,075,San Francisco city,census
SF01734,Match,"1547 MASON ST, SAN FRANCISCO, CA, 94133",-122.412069640495,37.797671348782,06,075,San Francisco city,census
SF01735,Match,"1541 MASON ST, SAN FRANCISCO, CA, 94133",-122.412059678667,37.797621954204,06,075,San Francisco city,census
SF01736,Match,"1537 MASON ST, SAN FRANCISCO, CA, 94133",-122.412053037448,37.797589024484,06,075,San Francisco city,census
SF01737,Match,"1529 MASON ST, SAN FRANCISCO, CA, 94133",-122.412039755011,37.797523165046,06,075,San Francisco city,census
SF01738,Match,"1519 MASON ST, SAN FRANCISCO, CA, 94133",-122.412023151965,37.797440840748,06,075,San Francisco city,census
SF01739,Match,"1501 MASON ST, SAN FRANCISCO, CA, 94133",-122.411993633573,37.797292946908,06,075,San Francisco city,census
SF01740,Match,"934 BROADWAY, SAN FRANCISCO, CA, 94133",-122.412473772712,37.797233468977,06,075,San Francisco city,census
SF01741,Match,"940 BROADWAY, SAN FRANCISCO, CA, 94133",-122.412558717542,37.797223631921,06,075,San Francisco city,census
SF01742,Match,"946 BROADWAY, SAN FRANCISCO, CA, 94133",-122.412643662371,37.797213794865,06,075,San Francisco city,census
SF01743,Match,"960 BROADWAY, SAN FRANCISCO, CA, 94133",-122.412841866973,37.797190841734,06,075,San Francisco city,census
SF01744,No_Match,,,,,,,
SF01745,Match,"988 BROADWAY, SAN FRANCISCO, CA, 94133",-122.41335706166,37.797124373034,06,075,San Francisco city,census
SF01746,Match,"1610 TAYLOR ST, SAN FRANCISCO, CA, 94133",-122.413521792411,37.797218878301,06,075,San Francisco city,census
SF01747,Match,"1616 TAYLOR ST, SAN FRANCISCO, CA, 94133",-122.41353559142,37.797287444212,06,075,San Francisco city,census
SF01748,Match,"1644 TAYLOR ST, SAN FRANCISCO, CA, 94133",-122.413599986794,37.797607418463,06,075,San Francisco city,census
SF01749,Match,"933 VALLEJO ST, SAN FRANCISCO, CA, 94133",-122.412349450386,37.798075940065,06,075,San Francisco city,census
SF01750,Match,"927 VALLEJO ST, SAN FRANCISCO, CA, 94133",-122.412313285153,37.798080375539,06,075,San Francisco city,census
SF01751,Match,"925 VALLEJO ST, SAN FRANCISCO, CA, 94133",-122.412301230075,37.79808185403,06,075,San Francisco city,census
SF01752,Match,"919 VALLEJO ST, SAN FRANCISCO, CA, 94133",-122.412265064842,37.798086289503,06,075,San Francisco city,census
SF01753,Match,"7 FALLON PL, SAN FRANCISCO, CA, 94133",-122.413184269678,37.797659971852,06,075,San Francisco city,census
SF01754,Match,"1652 TAYLOR ST, SAN FRANCISCO, CA, 94133",-122.413627215655,37.797742406567,06,075,San Francisco city,census
SF01755,Match,"1629 TAYLOR ST, SAN FRANCISCO, CA, 94133",-122.413670924758,37.797230266773,06,075,San Francisco city,census
SF01756,Match,"1075 VALLEJO ST, SAN FRANCISCO, CA, 94133",-122.414973237454,37.797743336767,06,075,San Francisco city,census
SF01757,Match,"1019 VALLEJO ST, SAN FRANCISCO, CA, 94133",-122.414529254478,37.797799245395,06,075,San Francisco city,census
SF01758,Match,"1013 VALLEJO ST, SAN FRANCISCO, CA, 94133",-122.414499588815,37.797802969504,06,075,San Francisco city,census
SF01759,Match,"1637 TAYLOR ST, SAN FRANCISCO, CA, 94133",-122.41367918539,37.797271313033,06,075,San Francisco city,census
SF01760,Match,"1763 JONES ST, SAN FRANCISCO, CA, 94109",-122.415427407178,37.797601813643,06,075,San Francisco city,census
SF01761,Match,"1755 JONES ST, SAN FRANCISCO, CA, 94109",-122.415423688929,37.797583465727,06,075,San Francisco city,census
SF01762,Match,"1741 JONES ST, SAN FRANCISCO, CA, 94109",-122.415393526549,37.797433407116,06,075,San Francisco city,census
SF01763,Match,"1737 JONES ST, SAN FRANCISCO, CA, 94109",-122.41538790963,37.797405202214,06,075,San Francisco city,census
SF01764,Match,"1733 JONES ST, SAN FRANCISCO, CA, 94109",-122.415382292711,37.797376997312,06,075,San Francisco city,census
SF01765,Match,"1717 JONES ST, SAN FRANCISCO, CA, 94109",-122.415326064177,37.797098386242,06,075,San Francisco city,census
SF01766,Match,"1112 BROADWAY, SAN FRANCISCO, CA, 94109",-122.41546010088,37.79682910992,06,075,San Francisco city,census
SF01767,Match,"1124 BROADWAY, SAN FRANCISCO, CA, 94109",-122.415644124207,37.796805743899,06,075,San Francisco city,census
SF01768,Match,"1130 BROADWAY, SAN FRANCISCO, CA, 94109",-122.41573613587,37.796794060888,06,075,San Francisco city,census
SF01769,Match,"1136 BROADWAY, SAN FRANCISCO, CA, 94109",-122.415828147534,37.796782377878,06,075,San Francisco city,census
SF01770,Match,"33 GLOVER ST, SAN FRANCISCO, CA, 94109",-122.415841279219,37.797158032,06,075,San Francisco city,census
SF01771,Match,"1160 BROADWAY, SAN FRANCISCO, CA, 94109",-122.416196194187,37.796735645835,06,075,San Francisco city,census
SF01772,Match,"1168 BROADWAY, SAN FRANCISCO, CA, 94109",-122.416318876405,37.796720068487,06,075,San Francisco city,census
SF01773,Match,"1172 BROADWAY, SAN FRANCISCO, CA, 94109",-122.416380217514,37.796712279814,06,075,San Francisco city,census
SF01774,Match,"1180 BROADWAY, SAN FRANCISCO, CA, 94109",-122.416502899732,37.796696702466,06,075,San Francisco city,census
SF01775,Match,"1196 BROADWAY, SAN FRANCISCO, CA, 94109",-122.416748264168,37.796665547771,06,075,San Francisco city,census
SF01776,Match,"1720 LEAVENWORTH ST, SAN FRANCISCO, CA, 94109",-122.416822029945,37.796875265642,06,075,San Francisco city,census
SF01777,Match,"1732 LEAVENWORTH ST, SAN FRANCISCO, CA, 94109",-122.416847935814,37.797003460815,06,075,San Francisco city,census
SF01778,Match,"75 GLOVER ST, SAN FRANCISCO, CA, 94109",-122.41648495251,37.797075088511,06,075,San Francisco city,census
SF01779,Match,"69 GLOVER ST, SAN FRANCISCO, CA, 94109",-122.416392999182,37.797086937581,06,075,San Francisco city,census
SF01780,Match,"57 GLOVER ST, SAN FRANCISCO, CA, 94109",-122.416209092528,37.797110635721,06,075,San Francisco city,census
SF01781,Match,"51 GLOVER ST, SAN FRANCISCO, CA, 94109",-122.4161171392,37.797122484791,06,075,San Francisco city,census
SF01782,Match,"27 GLOVER ST, SAN FRANCISCO, CA, 94109",-122.415749325891,37.79716988107,06,075,San Francisco city,census
SF01783,Match,"20 GLOVER ST, SAN FRANCISCO, CA, 94109",-122.415655809159,37.797298036526,06,075,San Francisco city,census
SF01784,Match,"26 GLOVER ST, SAN FRANCISCO, CA, 94109",-122.415749678181,37.797285940601,06,075,San Francisco city,census
SF01785,Match,"30 GLOVER ST, SAN FRANCISCO, CA, 94109",-122.415812257528,37.797277876651,06,075,San Francisco city,census
SF01786,Match,"48 GLOVER ST, SAN FRANCISCO, CA, 94109",-122.416093864593,37.797241588874,06,075,San Francisco city,census
SF01787,Match,"62 GLOVER ST, SAN FRANCISCO, CA, 94109",-122.41631289231,37.797213365048,06,075,San Francisco city,census
SF01788,Match,"68 GLOVER ST, SAN FRANCISCO, CA, 94109",-122.416406761332,37.797201269123,06,075,San Francisco city,census
SF01789,Match,"1734 LEAVENWORTH ST, SAN FRANCISCO, CA, 94109",-122.416875803116,37.79714061641,06,075,San Francisco city,census
SF01790,Match,"1740 LEAVENWORTH ST, SAN FRANCISCO, CA, 94109",-122.416882472778,37.797173694024,06,075,San Francisco city,census
SF01791,Match,"1746 LEAVENWORTH ST, SAN FRANCISCO, CA, 94109",-122.416889142438,37.797206771637,06,075,San Francisco city,census
SF01792,Match,"1750 LEAVENWORTH ST, SAN FRANCISCO, CA, 94109",-122.416893588879,37.79722882338,06,075,San Francisco city,census
SF01793,Match,"1754 LEAVENWORTH ST, SAN FRANCISCO, CA, 94109",-122.41689803532,37.797250875122,06,075,San Francisco city,census
SF01794,Match,"1760 LEAVENWORTH ST, SAN FRANCISCO, CA, 94109",-122.416904704981,37.797283952736,06,075,San Francisco city,census
SF01795,Match,"1183 VALLEJO ST, SAN FRANCISCO, CA, 94109",-122.416701514897,37.797524686326,06,075,San Francisco city,census
SF01796,Match,"1175 VALLEJO ST, SAN FRANCISCO, CA, 94109",-122.416578839652,37.797540263581,06,075,San Francisco city,census
SF01797,Match,"1163 VALLEJO ST, SAN FRANCISCO, CA, 94109",-122.416394826785,37.797563629464,06,075,San Francisco city,census
SF01798,Match,"1133 VALLEJO ST, SAN FRANCISCO, CA, 94109",-122.415934794617,37.797622044171,06,075,San Francisco city,census
SF01799,Match,"1127 VALLEJO ST, SAN FRANCISCO, CA, 94109",-122.415842788183,37.797633727113,06,075,San Francisco city,census
SF01800,Match,"1121 VALLEJO ST, SAN FRANCISCO, CA, 94109",-122.41575078175,37.797645410054,06,075,San Francisco city,census
SF01801,Match,"1765 LEAVENWORTH ST, SAN FRANCISCO, CA, 94109",-122.417053508508,37.79729365399,06,075,San Francisco city,census
SF01802,Match,"1215 VALLEJO ST, SAN FRANCISCO, CA, 94109",-122.417304257178,37.797448413379,06,075,San Francisco city,census
SF01803,Match,"1737 LEAVENWORTH ST, SAN FRANCISCO, CA, 94109",-122.417023326608,37.797143969435,06,075,San Francisco city,census
SF01804,Match,"1733 LEAVENWORTH ST, SAN FRANCISCO, CA, 94109",-122.417019014908,37.797122585927,06,075,San Francisco city,census
SF01805,Match,"24 WALDO ALY, SAN FRANCISCO, CA, 94109",-122.41711647584,37.797085450981,06,075,San Francisco city,census
SF01806,Match,"1727 LEAVENWORTH ST, SAN FRANCISCO, CA, 94109",-122.416981927849,37.796939810928,06,075,San Francisco city,census
SF01807,Match,"1717 LEAVENWORTH ST, SAN FRANCISCO, CA, 94109",-122.41695890041,37.796825859664,06,075,San Francisco city,census
SF01808,Match,"1711 LEAVENWORTH ST, SAN FRANCISCO, CA, 94109",-122.416945083946,37.796757488906,06,075,San Francisco city,census
SF01809,Match,"1701 LEAVENWORTH ST, SAN FRANCISCO, CA, 94109",-122.416922056507,37.796643537641,06,075,San Francisco city,census
SF01810,Match,"1220 BROADWAY, SAN FRANCISCO, CA, 94109",-122.417504980347,37.796583861988,06,075,San Francisco city,census
SF01811,Match,"1226 BROADWAY, SAN FRANCISCO, CA, 94109",-122.4175758936,37.796576290395,06,075,San Francisco city,census
SF01812,Match,"1230 BROADWAY, SAN FRANCISCO, CA, 94109",-122.417623169102,37.796571242666,06,075,San Francisco city,census
SF01813,Match,"1234 BROADWAY, SAN FRANCISCO, CA, 94109",-122.417670444604,37.796566194937,06,075,San Francisco city,census
SF01814,Match,"1240 BROADWAY, SAN FRANCISCO, CA, 94109",-122.417741357858,37.796558623344,06,075,San Francisco city,census
SF01815,Match,"1246 BROADWAY, SAN FRANCISCO, CA, 94109",-122.417812271111,37.796551051751,06,075,San Francisco city,census
SF01816,Match,"1252 BROADWAY, SAN FRANCISCO, CA, 94109",-122.417883184364,37.796543480158,06,075,San Francisco city,census
SF01817,Match,"1260 BROADWAY, SAN FRANCISCO, CA, 94109",-122.417977735369,37.7965333847,06,075,San Francisco city,census
SF01818,Match,"1272 BROADWAY, SAN FRANCISCO, CA, 94109",-122.418119561875,37.796518241514,06,075,San Francisco city,census
SF01819,Match,"1274 BROADWAY, SAN FRANCISCO, CA, 94109",-122.418143199626,37.796515717649,06,075,San Francisco city,census
SF01820,Match,"1706 HYDE ST, SAN FRANCISCO, CA, 94109",-122.418438537739,37.796535502508,06,075,San Francisco city,census
SF01821,Match,"1718 HYDE ST, SAN FRANCISCO, CA, 94109",-122.418458165686,37.796633444498,06,075,San Francisco city,census
SF01822,Match,"1730 HYDE ST, SAN FRANCISCO, CA, 94109",-122.418477793632,37.796731386489,06,075,San Francisco city,census
SF01823,Match,"1732 HYDE ST, SAN FRANCISCO, CA, 94109",-122.418481064957,37.796747710154,06,075,San Francisco city,census
SF01824,Match,"1734 HYDE ST, SAN FRANCISCO, CA, 94109",-122.418484336281,37.796764033819,06,075,San Francisco city,census
SF01825,Match,"1746 HYDE ST, SAN FRANCISCO, CA, 94109",-122.418503964228,37.796861975809,06,075,San Francisco city,census
SF01826,Match,"1760 HYDE ST, SAN FRANCISCO, CA, 94109",-122.418526863499,37.796976241465,06,075,San Francisco city,census
SF01827,Match,"1271 VALLEJO ST, SAN FRANCISCO, CA, 94109",-122.418160718096,37.797340448646,06,075,San Francisco city,census
SF01828,Match,"1259 VALLEJO ST, SAN FRANCISCO, CA, 94109",-122.417977190757,37.797363583946,06,075,San Francisco city,census
SF01829,Match,"1249 VALLEJO ST, SAN FRANCISCO, CA, 94109",-122.417824251307,37.797382863362,06,075,San Francisco city,census
SF01830,Match,"1243 VALLEJO ST, SAN FRANCISCO, CA, 94109",-122.417732487637,37.797394431012,06,075,San Francisco city,census
SF01831,Match,"1235 VALLEJO ST, SAN FRANCISCO, CA, 94109",-122.417610136077,37.797409854545,06,075,San Francisco city,census
SF01832,Match,"1229 VALLEJO ST, SAN FRANCISCO, CA, 94109",-122.417518372408,37.797421422195,06,075,San Francisco city,census
SF01833,Match,"1221 VALLEJO ST, SAN FRANCISCO, CA, 94109",-122.417396020848,37.797436845729,06,075,San Francisco city,census
SF01834,Match,"1767 HYDE ST, SAN FRANCISCO, CA, 94109",-122.418679909593,37.797007289364,06,075,San Francisco city,census
SF01835,Match,"1755 HYDE ST, SAN FRANCISCO, CA, 94109",-122.418660281647,37.796909347373,06,075,San Francisco city,census
SF01836,Match,"1749 HYDE ST, SAN FRANCISCO, CA, 94109",-122.418650467673,37.796860376378,06,075,San Francisco city,census
SF01837,Match,"1745 HYDE ST, SAN FRANCISCO, CA, 94109",-122.418643925024,37.796827729048,06,075,San Francisco city,census
SF01838,Match,"1737 HYDE ST, SAN FRANCISCO, CA, 94109",-122.418630839726,37.796762434387,06,075,San Francisco city,census
SF01839,Match,"1735 HYDE ST, SAN FRANCISCO, CA, 94109",-122.418627568402,37.796746110722,06,075,San Francisco city,census
SF01840,Match,"1725 HYDE ST, SAN FRANCISCO, CA, 94109",-122.41861121178,37.796664492397,06,075,San Francisco city,census
SF01841,Match,"1711 HYDE ST, SAN FRANCISCO, CA, 94109",-122.418588312509,37.796550226741,06,075,San Francisco city,census
SF01842,Match,"1705 HYDE ST, SAN FRANCISCO, CA, 94109",-122.418578498535,37.796501255746,06,075,San Francisco city,census
SF01843,Match,"1701 HYDE ST, SAN FRANCISCO, CA, 94109",-122.418571955886,37.796468608416,06,075,San Francisco city,census
SF01844,Match,"1316 BROADWAY, SAN FRANCISCO, CA, 94109",-122.418969422082,37.796180242099,06,075,San Francisco city,census
SF01845,Match,"1324 BROADWAY, SAN FRANCISCO, CA, 94109",-122.418858291574,37.796194098907,06,075,San Francisco city,census
SF01846,Match,"1334 BROADWAY, SAN FRANCISCO, CA, 94109",-122.41871937844,37.796211419917,06,075,San Francisco city,census
SF01847,Match,"1346 BROADWAY, SAN FRANCISCO, CA, 94109",-122.418552682678,37.796232205128,06,075,San Francisco city,census
SF01848,Match,"1350 BROADWAY, SAN FRANCISCO, CA, 94109",-122.418832926887,37.796436570217,06,075,San Francisco city,census
SF01849,Match,"1356 BROADWAY, SAN FRANCISCO, CA, 94109",-122.418988812683,37.796415014854,06,075,San Francisco city,census
SF01850,Match,"1364 BROADWAY, SAN FRANCISCO, CA, 94109",-122.419196660411,37.796386274371,06,075,San Francisco city,census
SF01851,Match,"1368 BROADWAY, SAN FRANCISCO, CA, 94109",-122.419300584276,37.796371904129,06,075,San Francisco city,census
SF01852,Match,"1374 BROADWAY, SAN FRANCISCO, CA, 94109",-122.419456470072,37.796350348767,06,075,San Francisco city,census
SF01853,Match,"1390 BROADWAY, SAN FRANCISCO, CA, 94109",-122.419872165528,37.7962928678,06,075,San Francisco city,census
SF01854,Match,"2008 LARKIN ST, SAN FRANCISCO, CA, 94109",-122.420076932434,37.796291137272,06,075,San Francisco city,census
SF01855,Match,"2028 LARKIN ST, SAN FRANCISCO, CA, 94109",-122.420111813288,37.796462339607,06,075,San Francisco city,census
SF01856,Match,"2032 LARKIN ST, SAN FRANCISCO, CA, 94109",-122.420118789458,37.796496580074,06,075,San Francisco city,census
SF01857,Match,"2040 LARKIN ST, SAN FRANCISCO, CA, 94109",-122.4201327418,37.796565061008,06,075,San Francisco city,census
SF01858,Match,"1397 VALLEJO ST, SAN FRANCISCO, CA, 94109",-122.420203055536,37.797067412383,06,075,San Francisco city,census
SF01859,Match,"1391 VALLEJO ST, SAN FRANCISCO, CA, 94109",-122.420114698057,37.797080341308,06,075,San Francisco city,census
SF01860,Match,"1385 VALLEJO ST, SAN FRANCISCO, CA, 94109",-122.420026340577,37.797093270234,06,075,San Francisco city,census
SF01861,Match,"1379 VALLEJO ST, SAN FRANCISCO, CA, 94109",-122.419937983097,37.797106199159,06,075,San Francisco city,census
SF01862,Match,"1373 VALLEJO ST, SAN FRANCISCO, CA, 94109",-122.419849625617,37.797119128084,06,075,San Francisco city,census
SF01863,Match,"1367 VALLEJO ST, SAN FRANCISCO, CA, 94109",-122.419761268137,37.797132057009,06,075,San Francisco city,census
SF01864,Match,"1363 VALLEJO ST, SAN FRANCISCO, CA, 94109",-122.419702363151,37.797140676293,06,075,San Francisco city,census
SF01865,Match,"1359 VALLEJO ST, SAN FRANCISCO, CA, 94109",-122.419643458164,37.797149295576,06,075,San Francisco city,census
SF01866,Match,"1353 VALLEJO ST, SAN FRANCISCO, CA, 94109",-122.419555100684,37.797162224501,06,075,San Francisco city,census
SF01867,Match,"1347 VALLEJO ST, SAN FRANCISCO, CA, 94109",-122.419359338806,37.797188485381,06,075,San Francisco city,census
SF01868,Match,"1335 VALLEJO ST, SAN FRANCISCO, CA, 94109",-122.419195692884,37.797209317265,06,075,San Francisco city,census
SF01869,Match,"1329 VALLEJO ST, SAN FRANCISCO, CA, 94109",-122.419113869922,37.797219733207,06,075,San Francisco city,census
SF01870,Match,"1325 VALLEJO ST, SAN FRANCISCO, CA, 94109",-122.419059321281,37.797226677168,06,075,San Francisco city,census
SF01871,Match,"1655 HYDE ST, SAN FRANCISCO, CA, 94109",-122.418459248059,37.795914493126,06,075,San Francisco city,census
SF01872,Match,"1645 HYDE ST, SAN FRANCISCO, CA, 94109",-122.418449542912,37.795867273127,06,075,San Francisco city,census
SF01873,Match,"1637 HYDE ST, SAN FRANCISCO, CA, 94109",-122.418441778795,37.795829497127,06,075,San Francisco city,census
SF01874,Match,"1601 HYDE ST, SAN FRANCISCO, CA, 94109",-122.41837625537,37.795511352299,06,075,San Francisco city,census
SF01875,Match,"1406 PACIFIC AVE, SAN FRANCISCO, CA, 94109",-122.41846104761,37.795500804166,06,075,San Francisco city,census
SF01876,Match,"1414 PACIFIC AVE, SAN FRANCISCO, CA, 94109",-122.41857433771,37.795486484249,06,075,San Francisco city,census
SF01877,Match,"1418 PACIFIC AVE, SAN FRANCISCO, CA, 94109",-122.41863098276,37.795479324291,06,075,San Francisco city,census
SF01878,Match,"1424 PACIFIC AVE, SAN FRANCISCO, CA, 94109",-122.418715950335,37.795468584353,06,075,San Francisco city,census
SF01879,Match,"1430 PACIFIC AVE, SAN FRANCISCO, CA, 94109",-122.41880091791,37.795457844416,06,075,San Francisco city,census
SF01880,Match,"1436 PACIFIC AVE, SAN FRANCISCO, CA, 94109",-122.418885885486,37.795447104479,06,075,San Francisco city,census
SF01881,Match,"1448 PACIFIC AVE, SAN FRANCISCO, CA, 94109",-122.419055820636,37.795425624604,06,075,San Francisco city,census
SF01882,Match,"1450 PACIFIC AVE, SAN FRANCISCO, CA, 94109",-122.419199004867,37.795407535887,06,075,San Francisco city,census
SF01883,Match,"1456 PACIFIC AVE, SAN FRANCISCO, CA, 94109",-122.419284331284,37.795396762304,06,075,San Francisco city,census
SF01884,Match,"1472 PACIFIC AVE, SAN FRANCISCO, CA, 94109",-122.419511868395,37.79536803275,06,075,San Francisco city,census
SF01885,Match,"1478 PACIFIC AVE, SAN FRANCISCO, CA, 94109",-122.419597194811,37.795357259167,06,075,San Francisco city,census
SF01886,Match,"1492 PACIFIC AVE, SAN FRANCISCO, CA, 94109",-122.419796289784,37.795332120806,06,075,San Francisco city,census
SF01887,Match,"1918 LARKIN ST, SAN FRANCISCO, CA, 94109",-122.419903675252,37.795440283836,06,075,San Francisco city,census
SF01888,Match,"1922 LARKIN ST, SAN FRANCISCO, CA, 94109",-122.419909850841,37.79547064423,06,075,San Francisco city,census
SF01889,Match,"1928 LARKIN ST, SAN FRANCISCO, CA, 94109",-122.419919114226,37.795516184822,06,075,San Francisco city,census
SF01890,Match,"1952 LARKIN ST, SAN FRANCISCO, CA, 94109",-122.419956167763,37.795698347187,06,075,San Francisco city,census
SF01891,Match,"1958 LARKIN ST, SAN FRANCISCO, CA, 94109",-122.419965431147,37.795743887778,06,075,San Francisco city,census
SF01892,Match,"1964 LARKIN ST, SAN FRANCISCO, CA, 94109",-122.419974694531,37.795789428369,06,075,San Francisco city,census
SF01893,Tie,,,,,,,
SF01894,Tie,,,,,,,
SF01895,Match,"25 MORRELL ST, SAN FRANCISCO, CA, 94109",-122.419226419464,37.79555857735,06,075,San Francisco city,census
SF01896,Tie,,,,,,,
SF01897,Tie,,,,,,,
SF01898,Tie,,,,,,,
SF01899,Tie,,,,,,,
SF01900,Tie,,,,,,,
SF01901,Tie,,,,,,,
SF01902,Match,"1665 LEAVENWORTH ST, SAN FRANCISCO, CA, 94109",-122.416847541423,37.796274710242,06,075,San Francisco city,census
SF01903,Match,"1661 LEAVENWORTH ST, SAN FRANCISCO, CA, 94109",-122.416844404813,37.796259097484,06,075,San Francisco city,census
SF01904,Match,"1649 LEAVENWORTH ST, SAN FRANCISCO, CA, 94109",-122.416834994982,37.796212259211,06,075,San Francisco city,census
SF01905,Match,"1643 LEAVENWORTH ST, SAN FRANCISCO, CA, 94109",-122.416830290067,37.796188840075,06,075,San Francisco city,census
SF01906,Match,"1639 LEAVENWORTH ST, SAN FRANCISCO, CA, 94109",-122.416827153457,37.796173227317,06,075,San Francisco city,census
SF01907,Match,"1635 LEAVENWORTH ST, SAN FRANCISCO, CA, 94109",-122.416824016847,37.796157614559,06,075,San Francisco city,census
SF01908,Match,"1625 LEAVENWORTH ST, SAN FRANCISCO, CA, 94109",-122.416797726612,37.796026503363,06,075,San Francisco city,census
SF01909,Match,"1308 PACIFIC AVE, SAN FRANCISCO, CA, 94109",-122.41694469803,37.795691543671,06,075,San Francisco city,census
SF01910,Match,"1314 PACIFIC AVE, SAN FRANCISCO, CA, 94109",-122.417140023398,37.795667032274,06,075,San Francisco city,census
SF01911,Match,"1324 PACIFIC AVE, SAN FRANCISCO, CA, 94109",-122.417270118164,37.795650672021,06,075,San Francisco city,census
SF01912,Match,"1332 PACIFIC AVE, SAN FRANCISCO, CA, 94109",-122.417374193976,37.795637583819,06,075,San Francisco city,census
SF01913,Match,"1338 PACIFIC AVE, SAN FRANCISCO, CA, 94109",-122.417452250835,37.795627767668,06,075,San Francisco city,census
SF01914,Match,"1344 PACIFIC AVE, SAN FRANCISCO, CA, 94109",-122.417530307695,37.795617951516,06,075,San Francisco city,census
SF01915,Match,"1354 PACIFIC AVE, SAN FRANCISCO, CA, 94109",-122.41766040246,37.795601591264,06,075,San Francisco city,census
SF01916,Match,"1372 PACIFIC AVE, SAN FRANCISCO, CA, 94109",-122.417894573038,37.795572142809,06,075,San Francisco city,census
SF01917,Match,"1378 PACIFIC AVE, SAN FRANCISCO, CA, 94109",-122.417972629897,37.795562326657,06,075,San Francisco city,census
SF01918,Match,"1388 PACIFIC AVE, SAN FRANCISCO, CA, 94109",-122.418102724662,37.795545966405,06,075,San Francisco city,census
SF01919,Match,"1392 PACIFIC AVE, SAN FRANCISCO, CA, 94109",-122.418154762568,37.795539422304,06,075,San Francisco city,census
SF01920,Match,"1396 PACIFIC AVE, SAN FRANCISCO, CA, 94109",-122.418206800475,37.795532878203,06,075,San Francisco city,census
SF01921,Match,"68 LYNCH ST, SAN FRANCISCO, CA, 94109",-122.417816936641,37.795841468364,06,075,San Francisco city,census
SF01922,Match,"1610 HYDE ST, SAN FRANCISCO, CA, 94109",-122.418292578018,37.795818378847,06,075,San Francisco city,census
SF01923,Match,"1626 HYDE ST, SAN FRANCISCO, CA, 94109",-122.418304620323,37.795876970193,06,075,San Francisco city,census
SF01924,Match,"1630 HYDE ST, SAN FRANCISCO, CA, 94109",-122.4183076309,37.795891618029,06,075,San Francisco city,census
SF01925,Match,"1636 HYDE ST, SAN FRANCISCO, CA, 94109",-122.418312146764,37.795913589784,06,075,San Francisco city,census
SF01926,Match,"1642 HYDE ST, SAN FRANCISCO, CA, 94109",-122.418316662628,37.795935561539,06,075,San Francisco city,census
SF01927,Match,"1263 BROADWAY, SAN FRANCISCO, CA, 94109",-122.417828309158,37.79643370667,06,075,San Francisco city,census
SF01928,Match,"1261 BROADWAY, SAN FRANCISCO, CA, 94109",-122.417796135552,37.796437141929,06,075,San Francisco city,census
SF01929,Match,"1245 BROADWAY, SAN FRANCISCO, CA, 94109",-122.417538746707,37.796464624008,06,075,San Francisco city,census
SF01930,Match,"1243 BROADWAY, SAN FRANCISCO, CA, 94109",-122.417506573101,37.796468059268,06,075,San Francisco city,census
SF01931,Match,"1237 BROADWAY, SAN FRANCISCO, CA, 94109",-122.417410052284,37.796478365048,06,075,San Francisco city,census
SF01932,Match,"1215 BROADWAY, SAN FRANCISCO, CA, 94109",-122.417020636787,37.796519421864,06,075,San Francisco city,census
SF01933,Match,"7 CYRUS PL, SAN FRANCISCO, CA, 94109",-122.417200218078,37.796259002185,06,075,San Francisco city,census
SF01934,Match,"1350 PACIFIC AVE, SAN FRANCISCO, CA, 94109",-122.417608364554,37.795608135365,06,075,San Francisco city,census
SF01935,Match,"1653 JONES ST, SAN FRANCISCO, CA, 94109",-122.415191043686,37.796434889076,06,075,San Francisco city,census
SF01936,Match,"1635 JONES ST, SAN FRANCISCO, CA, 94109",-122.415176955139,37.796364625311,06,075,San Francisco city,census
SF01937,Match,"1625 JONES ST, SAN FRANCISCO, CA, 94109",-122.415144741575,37.796205609308,06,075,San Francisco city,census
SF01938,Match,"1615 JONES ST, SAN FRANCISCO, CA, 94109",-122.415133099042,37.796148461067,06,075,San Francisco city,census
SF01939,Match,"1200 PACIFIC AVE, SAN FRANCISCO, CA, 94109",-122.415087968324,37.795924585112,06,075,San Francisco city,census
SF01940,Match,"1212 PACIFIC AVE, SAN FRANCISCO, CA, 94109",-122.415272233434,37.795901441869,06,075,San Francisco city,census
SF01941,Match,"1220 PACIFIC AVE, SAN FRANCISCO, CA, 94109",-122.415395076841,37.79588601304,06,075,San Francisco city,census
SF01942,Match,"1222 PACIFIC AVE, SAN FRANCISCO, CA, 94109",-122.415425787692,37.795882155833,06,075,San Francisco city,census
SF01943,Match,"1236 PACIFIC AVE, SAN FRANCISCO, CA, 94109",-122.415640763654,37.795855155383,06,075,San Francisco city,census
SF01944,Match,"1242 PACIFIC AVE, SAN FRANCISCO, CA, 94109",-122.415732896208,37.795843583761,06,075,San Francisco city,census
SF01945,Match,"1244 PACIFIC AVE, SAN FRANCISCO, CA, 94109",-122.41576360706,37.795839726554,06,075,San Francisco city,census
SF01946,Match,"145 BERNARD ST, SAN FRANCISCO, CA, 94109",-122.415829400589,37.79616656422,06,075,San Francisco city,census
SF01947,Match,"1256 PACIFIC AVE, SAN FRANCISCO, CA, 94109",-122.41594787217,37.795816583311,06,075,San Francisco city,census
SF01948,Match,"1272 PACIFIC AVE, SAN FRANCISCO, CA, 94109",-122.416193558983,37.795785725653,06,075,San Francisco city,census
SF01949,Match,"1282 PACIFIC AVE, SAN FRANCISCO, CA, 94109",-122.416347113241,37.795766439617,06,075,San Francisco city,census
SF01950,Match,"1610 LEAVENWORTH ST, SAN FRANCISCO, CA, 94109",-122.416616334527,37.795853692784,06,075,San Francisco city,census
SF01951,Match,"1620 LEAVENWORTH ST, SAN FRANCISCO, CA, 94109",-122.416649868428,37.796021317409,06,075,San Francisco city,census
SF01952,Match,"139 BERNARD ST, SAN FRANCISCO, CA, 94109",-122.415737329535,37.79617813518,06,075,San Francisco city,census
SF01953,Match,"133 BERNARD ST, SAN FRANCISCO, CA, 94109",-122.41564525848,37.796189706139,06,075,San Francisco city,census
SF01954,Match,"127 BERNARD ST, SAN FRANCISCO, CA, 94109",-122.415553187426,37.796201277098,06,075,San Francisco city,census
SF01955,Match,"120 BERNARD ST, SAN FRANCISCO, CA, 94109",-122.415483893838,37.796326016956,06,075,San Francisco city,census
SF01956,Match,"126 BERNARD ST, SAN FRANCISCO, CA, 94109",-122.415575964893,37.796314445997,06,075,San Francisco city,census
SF01957,Match,"138 BERNARD ST, SAN FRANCISCO, CA, 94109",-122.415760107002,37.796291304079,06,075,San Francisco city,census
SF01958,Match,"144 BERNARD ST, SAN FRANCISCO, CA, 94109",-122.415852178057,37.796279733119,06,075,San Francisco city,census
SF01959,Match,"162 BERNARD ST, SAN FRANCISCO, CA, 94109",-122.41612839122,37.796245020242,06,075,San Francisco city,census
SF01960,Match,"168 BERNARD ST, SAN FRANCISCO, CA, 94109",-122.416220462275,37.796233449282,06,075,San Francisco city,census
SF01961,Match,"174 BERNARD ST, SAN FRANCISCO, CA, 94109",-122.41631253333,37.796221878323,06,075,San Francisco city,census
SF01962,Match,"180 BERNARD ST, SAN FRANCISCO, CA, 94109",-122.416404604384,37.796210307364,06,075,San Francisco city,census
SF01963,Match,"1630 LEAVENWORTH ST, SAN FRANCISCO, CA, 94109",-122.416680794051,37.796175581056,06,075,San Francisco city,census
SF01964,Match,"1636 LEAVENWORTH ST, SAN FRANCISCO, CA, 94109",-122.416685222206,37.796197622597,06,075,San Francisco city,census
SF01965,Match,"1640 LEAVENWORTH ST, SAN FRANCISCO, CA, 94109",-122.41668817431,37.796212316957,06,075,San Francisco city,census
SF01966,Match,"1648 LEAVENWORTH ST, SAN FRANCISCO, CA, 94109",-122.416694078517,37.796241705677,06,075,San Francisco city,census
SF01967,Match,"1656 LEAVENWORTH ST, SAN FRANCISCO, CA, 94109",-122.416699982725,37.796271094397,06,075,San Francisco city,census
SF01968,Match,"1183 BROADWAY, SAN FRANCISCO, CA, 94109",-122.416510562997,37.796579668245,06,075,San Francisco city,census
SF01969,Match,"1175 BROADWAY, SAN FRANCISCO, CA, 94109",-122.416387880779,37.796595245592,06,075,San Francisco city,census
SF01970,Match,"1171 BROADWAY, SAN FRANCISCO, CA, 94109",-122.41632653967,37.796603034266,06,075,San Francisco city,census
SF01971,Match,"1165 BROADWAY, SAN FRANCISCO, CA, 94109",-122.416234528007,37.796614717277,06,075,San Francisco city,census
SF01972,Match,"1157 BROADWAY, SAN FRANCISCO, CA, 94109",-122.416111845789,37.796630294624,06,075,San Francisco city,census
