address_id,match,matched_address,lon,lat,state_fips,county_fips,place,method
CAM00001,Match,"22 WATER ST, CAMBRIDGE, MA, 02141",-71.077985352477,42.372590988377,25,017,Cambridge city,census
CAM00002,Match,"108 2ND ST, CAMBRIDGE, MA, 02141",-71.079198651541,42.367960205553,25,017,Cambridge city,census
CAM00003,Match,"22 HURLEY ST, CAMBRIDGE, MA, 02141",-71.079177285299,42.368049510924,25,017,Cambridge city,census
CAM00004,Match,"350 3RD ST, CAMBRIDGE, MA, 02142",-71.08350493571,42.363693512062,25,017,Cambridge city,census
CAM00005,Match,"159 1ST ST, CAMBRIDGE, MA, 02142",-71.078125834519,42.365979385388,25,017,Cambridge city,census
CAM00006,Match,"50 ROGERS ST, CAMBRIDGE, MA, 02142",-71.07815307978,42.365866771261,25,017,Cambridge city,census
CAM00007,Match,"238 HURLEY ST, CAMBRIDGE, MA, 02141",-71.082039217858,42.368432561942,25,017,Cambridge city,census
CAM00008,Match,"226 HURLEY ST, CAMBRIDGE, MA, 02141",-71.081918525813,42.368417637442,25,017,Cambridge city,census
CAM00009,Match,"218 HURLEY ST, CAMBRIDGE, MA, 02141",-71.08183806445,42.368407687775,25,017,Cambridge city,census
CAM00010,Match,"206 HURLEY ST, CAMBRIDGE, MA, 02141",-71.081717372405,42.368392763275,25,017,Cambridge city,census
CAM00011,Match,"200 HURLEY ST, CAMBRIDGE, MA, 02141",-71.081657026383,42.368385301025,25,017,Cambridge city,census
CAM00012,Match,"177 3RD ST, CAMBRIDGE, MA, 02141",-71.080764174761,42.368127074377,25,017,Cambridge city,census
CAM00013,Match,"181 3RD ST, CAMBRIDGE, MA, 02141",-71.080822988759,42.36806569624,25,017,Cambridge city,census
CAM00014,Match,"189 3RD ST, CAMBRIDGE, MA, 02141",-71.080956110328,42.367926768436,25,017,Cambridge city,census
CAM00015,Match,"193 3RD ST, CAMBRIDGE, MA, 02141",-71.081022671113,42.367857304534,25,017,Cambridge city,census
CAM00016,Match,"195 3RD ST, CAMBRIDGE, MA, 02141",-71.081055951505,42.367822572583,25,017,Cambridge city,census
CAM00017,Match,"117 CHARLES ST, CAMBRIDGE, MA, 02141",-71.081602852389,42.36779583115,25,017,Cambridge city,census
CAM00018,Match,"121 CHARLES ST, CAMBRIDGE, MA, 02141",-71.081708875137,42.367810195589,25,017,Cambridge city,census
CAM00019,Match,"135 CHARLES ST, CAMBRIDGE, MA, 02141",-71.082084290762,42.367862007355,25,017,Cambridge city,census
CAM00020,Match,"139 CHARLES ST, CAMBRIDGE, MA, 02141",-71.08219155237,42.367876810717,25,017,Cambridge city,census
CAM00021,Match,"190 3RD ST, CAMBRIDGE, MA, 02141",-71.080853295425,42.367835747875,25,017,Cambridge city,census
CAM00022,Match,"176 3RD ST, CAMBRIDGE, MA, 02141",-71.080604663597,42.368108095594,25,017,Cambridge city,census
CAM00023,Match,"105 2ND ST, CAMBRIDGE, MA, 02141",-71.079339800011,42.368028353002,25,017,Cambridge city,census
CAM00024,Match,"66 HURLEY ST, CAMBRIDGE, MA, 02141",-71.079767520543,42.368127101129,25,017,Cambridge city,census
CAM00025,Match,"64 HURLEY ST, CAMBRIDGE, MA, 02141",-71.079746681767,42.368124363621,25,017,Cambridge city,census
CAM00026,Match,"113 2ND ST, CAMBRIDGE, MA, 02141",-71.079359620524,42.367945866822,25,017,Cambridge city,census
CAM00027,Match,"121 2ND ST, CAMBRIDGE, MA, 02141",-71.079379441038,42.367863380641,25,017,Cambridge city,census
CAM00028,Match,"129 2ND ST, CAMBRIDGE, MA, 02141",-71.079399261551,42.36778089446,25,017,Cambridge city,census
CAM00029,Match,"137 2ND ST, CAMBRIDGE, MA, 02141",-71.079419987096,42.367699683096,25,017,Cambridge city,census
CAM00030,Match,"202 3RD ST, CAMBRIDGE, MA, 02141",-71.081116472128,42.367573380512,25,017,Cambridge city,census
CAM00031,Match,"184 3RD ST, CAMBRIDGE, MA, 02141",-71.080746322736,42.367947386288,25,017,Cambridge city,census
CAM00032,Match,"180 3RD ST, CAMBRIDGE, MA, 02141",-71.08067500761,42.368021811898,25,017,Cambridge city,census
CAM00033,Match,"192 3RD ST, CAMBRIDGE, MA, 02141",-71.080888952988,42.36779853507,25,017,Cambridge city,census
CAM00034,Match,"44 2ND ST, CAMBRIDGE, MA, 02141",-71.078713055447,42.369992325946,25,017,Cambridge city,census
CAM00035,Match,"36 2ND ST, CAMBRIDGE, MA, 02141",-71.078693026821,42.370076653617,25,017,Cambridge city,census
CAM00036,Match,"32 2ND ST, CAMBRIDGE, MA, 02141",-71.078651746927,42.37027833789,25,017,Cambridge city,census
CAM00037,Match,"30 2ND ST, CAMBRIDGE, MA, 02141",-71.07863514334,42.370364987215,25,017,Cambridge city,census
CAM00038,Match,"1 1ST ST, CAMBRIDGE, MA, 02141",-71.077009560495,42.370594191812,25,017,Cambridge city,census
CAM00039,Match,"31 OTIS ST, CAMBRIDGE, MA, 02141",-71.078232466636,42.370138176487,25,017,Cambridge city,census
CAM00040,Match,"34 2ND ST, CAMBRIDGE, MA, 02141",-71.078668350515,42.370191688564,25,017,Cambridge city,census
CAM00041,Match,"16 LOPEZ AVE, CAMBRIDGE, MA, 02141",-71.079733423071,42.36845256802,25,017,Cambridge city,census
CAM00042,Match,"14 LOPEZ AVE, CAMBRIDGE, MA, 02141",-71.079721214544,42.368504304826,25,017,Cambridge city,census
CAM00043,Match,"87 2ND ST, CAMBRIDGE, MA, 02141",-71.079248527789,42.368381438621,25,017,Cambridge city,census
CAM00044,Match,"152 3RD ST, CAMBRIDGE, MA, 02141",-71.080416889934,42.368476401174,25,017,Cambridge city,census
CAM00045,Match,"158 3RD ST, CAMBRIDGE, MA, 02141",-71.080435396342,42.368428069654,25,017,Cambridge city,census
CAM00046,Match,"50 SPRING ST, CAMBRIDGE, MA, 02141",-71.080248480989,42.368898929035,25,017,Cambridge city,census
CAM00047,Match,"9 LOPEZ AVE, CAMBRIDGE, MA, 02141",-71.079811721594,42.368787949386,25,017,Cambridge city,census
CAM00048,Match,"63 HURLEY ST, CAMBRIDGE, MA, 02141",-71.079612885174,42.368223175976,25,017,Cambridge city,census
CAM00049,Match,"22 LOPEZ AVE, CAMBRIDGE, MA, 02141",-71.079770048651,42.368297357604,25,017,Cambridge city,census
CAM00050,Match,"134 3RD ST, CAMBRIDGE, MA, 02141",-71.080361370712,42.368621395733,25,017,Cambridge city,census
CAM00051,Match,"93 2ND ST, CAMBRIDGE, MA, 02141",-71.079274839028,42.368282343233,25,017,Cambridge city,census
CAM00052,Match,"97 2ND ST, CAMBRIDGE, MA, 02141",-71.079292379854,42.368216279641,25,017,Cambridge city,census
CAM00053,Match,"57 HURLEY ST, CAMBRIDGE, MA, 02141",-71.07952830426,42.368212064911,25,017,Cambridge city,census
CAM00054,Match,"40 SPRING ST, CAMBRIDGE, MA, 02141",-71.079649290241,42.368814047102,25,017,Cambridge city,census
CAM00055,Match,"46 SPRING ST, CAMBRIDGE, MA, 02141",-71.080025153954,42.368867239461,25,017,Cambridge city,census
CAM00056,Match,"169 MONSIGNOR OBRIEN HWY, CAMBRIDGE, MA, 02141",-71.078254366817,42.37196243372,25,017,Cambridge city,census
CAM00057,No_Match,,,,,,,
CAM00058,Match,"10 GLASSWORKS AVE, CAMBRIDGE, MA, 02141",-71.073245079368,42.3704528269,25,017,Cambridge city,census
CAM00059,Match,"1 LEIGHTON ST, CAMBRIDGE, MA, 02141",-71.073393706354,42.37040471933,25,017,Cambridge city,census
CAM00060,Match,"10 MUSEUM WAY, CAMBRIDGE, MA, 02141",-71.071398976167,42.3698959471,25,017,Cambridge city,census
CAM00061,Match,"25 GORE ST, CAMBRIDGE, MA, 02141",-71.079128226997,42.371703436562,25,017,Cambridge city,census
CAM00062,Match,"37 GORE ST, CAMBRIDGE, MA, 02141",-71.079443569189,42.371748123209,25,017,Cambridge city,census
CAM00063,Match,"41 GORE ST, CAMBRIDGE, MA, 02141",-71.079548683254,42.371763018757,25,017,Cambridge city,census
CAM00064,Match,"18 GORE ST, CAMBRIDGE, MA, 02141",-71.078275141904,42.371518172452,25,017,Cambridge city,census
CAM00065,Match,"16 GORE ST, CAMBRIDGE, MA, 02141",-71.078241875136,42.37152443956,25,017,Cambridge city,census
CAM00066,Match,"151 CAMBRIDGE ST, CAMBRIDGE, MA, 02141",-71.078368306246,42.370888530904,25,017,Cambridge city,census
CAM00067,Match,"159 CAMBRIDGE ST, CAMBRIDGE, MA, 02141",-71.078474876832,42.370902463786,25,017,Cambridge city,census
CAM00068,Match,"14 2ND ST, CAMBRIDGE, MA, 02141",-71.078488950263,42.371051051076,25,017,Cambridge city,census
CAM00069,Match,"192 MONSIGNOR OBRIEN HWY, CAMBRIDGE, MA, 02141",-71.078794812465,42.371933812587,25,017,Cambridge city,census
CAM00070,Match,"2 2ND ST, CAMBRIDGE, MA, 02141",-71.078374854006,42.371479726227,25,017,Cambridge city,census
CAM00071,Match,"31 GORE ST, CAMBRIDGE, MA, 02141",-71.079285898093,42.371725779885,25,017,Cambridge city,census
CAM00072,Match,"33 GORE ST, CAMBRIDGE, MA, 02141",-71.079338455125,42.37173322766,25,017,Cambridge city,census
CAM00073,Match,"36 SCIARAPPA ST, CAMBRIDGE, MA, 02141",-71.081290013124,42.371789030766,25,017,Cambridge city,census
CAM00074,Match,"74 GORE ST, CAMBRIDGE, MA, 02141",-71.080977453171,42.3718232916,25,017,Cambridge city,census
CAM00075,Match,"305 CAMBRIDGE ST, CAMBRIDGE, MA, 02141",-71.08109636648,42.371237530676,25,017,Cambridge city,census
CAM00076,Match,"311 CAMBRIDGE ST, CAMBRIDGE, MA, 02141",-71.081187129544,42.371248541587,25,017,Cambridge city,census
CAM00077,Match,"32 SCIARAPPA ST, CAMBRIDGE, MA, 02141",-71.081248973373,42.37197430913,25,017,Cambridge city,census
CAM00078,Match,"44 WINTER ST, CAMBRIDGE, MA, 02141",-71.080964096031,42.372518455446,25,017,Cambridge city,census
CAM00079,Match,"26R SCIARAPPA ST, CAMBRIDGE, MA, 02141",-71.081180656743,42.372256412077,25,017,Cambridge city,census
CAM00080,Match,"22 WINTER ST, CAMBRIDGE, MA, 02141",-71.080419636869,42.372445363825,25,017,Cambridge city,census
CAM00081,Match,"25 3RD ST, CAMBRIDGE, MA, 02141",-71.07970868503,42.371970829662,25,017,Cambridge city,census
CAM00082,Match,"49 GORE ST, CAMBRIDGE, MA, 02141",-71.079932502623,42.371811107688,25,017,Cambridge city,census
CAM00083,Match,"51 GORE ST, CAMBRIDGE, MA, 02141",-71.080020505769,42.371821393974,25,017,Cambridge city,census
CAM00084,Match,"55 GORE ST, CAMBRIDGE, MA, 02141",-71.080196305428,42.37184201344,25,017,Cambridge city,census
CAM00085,Match,"57 GORE ST, CAMBRIDGE, MA, 02141",-71.080284273524,42.371852462391,25,017,Cambridge city,census
CAM00086,Match,"67 GORE ST, CAMBRIDGE, MA, 02141",-71.080722607514,42.371906797112,25,017,Cambridge city,census
CAM00087,Match,"75 GORE ST, CAMBRIDGE, MA, 02141",-71.08107370689,42.371952003743,25,017,Cambridge city,census
CAM00088,Match,"33 WINTER ST, CAMBRIDGE, MA, 02141",-71.080688883188,42.372597976935,25,017,Cambridge city,census
CAM00089,Match,"61 GORE ST, CAMBRIDGE, MA, 02141",-71.080460209716,42.371873360293,25,017,Cambridge city,census
CAM00090,Match,"70 GORE ST, CAMBRIDGE, MA, 02141",-71.080778496859,42.371797674509,25,017,Cambridge city,census
CAM00091,Match,"68 GORE ST, CAMBRIDGE, MA, 02141",-71.080679018702,42.371784865964,25,017,Cambridge city,census
CAM00092,Match,"261 CAMBRIDGE ST, CAMBRIDGE, MA, 02141",-71.080430127821,42.371153670055,25,017,Cambridge city,census
CAM00093,Match,"10 WINTER ST, CAMBRIDGE, MA, 02141",-71.080094375768,42.372420191711,25,017,Cambridge city,census
CAM00094,Match,"25 WINTER ST, CAMBRIDGE, MA, 02141",-71.080490898039,42.372571398164,25,017,Cambridge city,census
CAM00095,Match,"243 CAMBRIDGE ST, CAMBRIDGE, MA, 02141",-71.080158660562,42.371117132798,25,017,Cambridge city,census
CAM00096,Match,"65 GORE ST, CAMBRIDGE, MA, 02141",-71.08063483267,42.371895495455,25,017,Cambridge city,census
CAM00097,Match,"26 SCIARAPPA ST, CAMBRIDGE, MA, 02141",-71.081180656743,42.372256412077,25,017,Cambridge city,census
CAM00098,No_Match,,,,,,,
CAM00099,Match,"61 WINTER ST, CAMBRIDGE, MA, 02141",-71.081448760077,42.372697696799,25,017,Cambridge city,census
CAM00100,Match,"85 WINTER ST, CAMBRIDGE, MA, 02141",-71.082034326986,42.372771743906,25,017,Cambridge city,census
CAM00101,Match,"91 WINTER ST, CAMBRIDGE, MA, 02141",-71.082070647005,42.372776374256,25,017,Cambridge city,census
CAM00102,Match,"11 5TH ST, CAMBRIDGE, MA, 02141",-71.082956115144,42.372535676299,25,017,Cambridge city,census
CAM00103,Match,"117 GORE ST, CAMBRIDGE, MA, 02141",-71.083028960001,42.372213873899,25,017,Cambridge city,census
CAM00104,Match,"100 WINTER ST, CAMBRIDGE, MA, 02141",-71.082186732256,42.372674888519,25,017,Cambridge city,census
CAM00105,Match,"98 WINTER ST, CAMBRIDGE, MA, 02141",-71.082175220993,42.372673420976,25,017,Cambridge city,census
CAM00106,Match,"96 WINTER ST, CAMBRIDGE, MA, 02141",-71.08216370973,42.372671953433,25,017,Cambridge city,census
CAM00107,Match,"94 WINTER ST, CAMBRIDGE, MA, 02141",-71.082152198467,42.37267048589,25,017,Cambridge city,census
CAM00108,Match,"76 WINTER ST, CAMBRIDGE, MA, 02141",-71.082048597102,42.372657278006,25,017,Cambridge city,census
CAM00109,Match,"66 WINTER ST, CAMBRIDGE, MA, 02141",-71.081666124338,42.372608890144,25,017,Cambridge city,census
CAM00110,Match,"64 WINTER ST, CAMBRIDGE, MA, 02141",-71.081608754636,42.372601646089,25,017,Cambridge city,census
CAM00111,Match,"23 SCIARAPPA ST, CAMBRIDGE, MA, 02141",-71.081292351798,42.37244585485,25,017,Cambridge city,census
CAM00112,Match,"87 GORE ST, CAMBRIDGE, MA, 02141",-71.081680789626,42.372032118768,25,017,Cambridge city,census
CAM00113,Match,"91 GORE ST, CAMBRIDGE, MA, 02141",-71.081867040053,42.372057121061,25,017,Cambridge city,census
CAM00114,Match,"99 GORE ST, CAMBRIDGE, MA, 02141",-71.082239540906,42.372107125645,25,017,Cambridge city,census
CAM00115,Match,"109 GORE ST, CAMBRIDGE, MA, 02141",-71.082697659941,42.372168829127,25,017,Cambridge city,census
CAM00116,Match,"12 5TH ST, CAMBRIDGE, MA, 02141",-71.082803204727,42.37251644797,25,017,Cambridge city,census
CAM00117,Match,"8 5TH ST, CAMBRIDGE, MA, 02141",-71.082781971241,42.37260860803,25,017,Cambridge city,census
CAM00118,Match,"107 WINTER ST, CAMBRIDGE, MA, 02141",-71.082167500388,42.372788721857,25,017,Cambridge city,census
CAM00119,Match,"13 SCIARAPPA ST, CAMBRIDGE, MA, 02141",-71.08120016423,42.372816002334,25,017,Cambridge city,census
CAM00120,Match,"8 MULLINS CT, CAMBRIDGE, MA, 02141",-71.082049146955,42.372646384727,25,017,Cambridge city,census
CAM00121,Match,"95 GORE ST, CAMBRIDGE, MA, 02141",-71.082053290479,42.372082123353,25,017,Cambridge city,census
CAM00122,Match,"80 WINTER ST, CAMBRIDGE, MA, 02141",-71.082071619628,42.372660213091,25,017,Cambridge city,census
CAM00123,Match,"25 SCIARAPPA ST, CAMBRIDGE, MA, 02141",-71.081319678451,42.372333013671,25,017,Cambridge city,census
CAM00124,Match,"262 MONSIGNOR OBRIEN HWY, CAMBRIDGE, MA, 02141",-71.081478259314,42.37330492065,25,017,Cambridge city,census
CAM00125,Match,"103 GORE ST, CAMBRIDGE, MA, 02141",-71.082425791332,42.372132127938,25,017,Cambridge city,census
CAM00126,Match,"3 5TH ST, CAMBRIDGE, MA, 02141",-71.082913648172,42.372719996419,25,017,Cambridge city,census
CAM00127,Match,"84 WINTER ST, CAMBRIDGE, MA, 02141",-71.082094642154,42.372663148177,25,017,Cambridge city,census
CAM00128,Match,"2 GORE STREET PL, CAMBRIDGE, MA, 02141",-71.08403686829,42.372230739382,25,017,Cambridge city,census
CAM00129,Match,"130 GORE ST, CAMBRIDGE, MA, 02141",-71.083918527655,42.372216961548,25,017,Cambridge city,census
CAM00130,Match,"122 GORE ST, CAMBRIDGE, MA, 02141",-71.0833537447,42.372142185925,25,017,Cambridge city,census
CAM00131,Match,"120 GORE ST, CAMBRIDGE, MA, 02141",-71.083205614627,42.372121711368,25,017,Cambridge city,census
CAM00132,Match,"27 5TH ST, CAMBRIDGE, MA, 02141",-71.083056243212,42.372099925689,25,017,Cambridge city,census
CAM00133,Match,"33 5TH ST, CAMBRIDGE, MA, 02141",-71.083092925579,42.371937381892,25,017,Cambridge city,census
CAM00134,Match,"37 5TH ST, CAMBRIDGE, MA, 02141",-71.083117380491,42.371829019361,25,017,Cambridge city,census
CAM00135,Match,"43 5TH ST, CAMBRIDGE, MA, 02141",-71.083154062859,42.371666475564,25,017,Cambridge city,census
CAM00136,Match,"463 CAMBRIDGE ST, CAMBRIDGE, MA, 02141",-71.083945497799,42.371600171167,25,017,Cambridge city,census
CAM00137,Match,"473 CAMBRIDGE ST, CAMBRIDGE, MA, 02141",-71.084144402274,42.371623539012,25,017,Cambridge city,census
CAM00138,Match,"10 6TH ST, CAMBRIDGE, MA, 02141",-71.084620624222,42.372024751992,25,017,Cambridge city,census
CAM00139,Match,"8 6TH ST, CAMBRIDGE, MA, 02141",-71.084604706314,42.372091987094,25,017,Cambridge city,census
CAM00140,Match,"3 GORE STREET PL, CAMBRIDGE, MA, 02141",-71.084189953401,42.372249226784,25,017,Cambridge city,census
CAM00141,Match,"112 GORE ST, CAMBRIDGE, MA, 02141",-71.082805188813,42.372066879788,25,017,Cambridge city,census
CAM00142,Match,"108 GORE ST, CAMBRIDGE, MA, 02141",-71.082705702476,42.372053420193,25,017,Cambridge city,census
CAM00143,Match,"100 GORE ST, CAMBRIDGE, MA, 02141",-71.082351083258,42.372005631265,25,017,Cambridge city,census
CAM00144,Match,"96 GORE ST, CAMBRIDGE, MA, 02141",-71.082146207789,42.371978128744,25,017,Cambridge city,census
CAM00145,Match,"94 GORE ST, CAMBRIDGE, MA, 02141",-71.082043770055,42.371964377483,25,017,Cambridge city,census
CAM00146,Match,"88 GORE ST, CAMBRIDGE, MA, 02141",-71.081736456851,42.3719231237,25,017,Cambridge city,census
CAM00147,Match,"86 GORE ST, CAMBRIDGE, MA, 02141",-71.081634019117,42.37190937244,25,017,Cambridge city,census
CAM00148,Match,"33 SCIARAPPA ST, CAMBRIDGE, MA, 02141",-71.081427621948,42.371880287478,25,017,Cambridge city,census
CAM00149,Match,"35 SCIARAPPA ST, CAMBRIDGE, MA, 02141",-71.081435952896,42.371841099698,25,017,Cambridge city,census
CAM00150,Match,"39 SCIARAPPA ST, CAMBRIDGE, MA, 02141",-71.081452614792,42.371762724139,25,017,Cambridge city,census
CAM00151,Match,"345 CAMBRIDGE ST, CAMBRIDGE, MA, 02141",-71.081829753304,42.371329137239,25,017,Cambridge city,census
CAM00152,Match,"359 CAMBRIDGE ST, CAMBRIDGE, MA, 02141",-71.082046489837,42.371357041219,25,017,Cambridge city,census
CAM00153,Match,"379 CAMBRIDGE ST, CAMBRIDGE, MA, 02141",-71.082356113455,42.371396904049,25,017,Cambridge city,census
CAM00154,Match,"381 CAMBRIDGE ST, CAMBRIDGE, MA, 02141",-71.082387075817,42.371400890332,25,017,Cambridge city,census
CAM00155,Match,"393 CAMBRIDGE ST, CAMBRIDGE, MA, 02141",-71.082572849988,42.371424808029,25,017,Cambridge city,census
CAM00156,Match,"397 CAMBRIDGE ST, CAMBRIDGE, MA, 02141",-71.082634774712,42.371432780595,25,017,Cambridge city,census
CAM00157,Match,"38 5TH ST, CAMBRIDGE, MA, 02141",-71.082964384117,42.371810174109,25,017,Cambridge city,census
CAM00158,Match,"34 5TH ST, CAMBRIDGE, MA, 02141",-71.082939929206,42.37191853664,25,017,Cambridge city,census
CAM00159,Match,"32 5TH ST, CAMBRIDGE, MA, 02141",-71.08292770175,42.371972717906,25,017,Cambridge city,census
CAM00160,Match,"478 CAMBRIDGE ST, CAMBRIDGE, MA, 02141",-71.084255505957,42.371520581282,25,017,Cambridge city,census
CAM00161,Match,"474 CAMBRIDGE ST, CAMBRIDGE, MA, 02141",-71.084188209802,42.371512654413,25,017,Cambridge city,census
CAM00162,Match,"472 CAMBRIDGE ST, CAMBRIDGE, MA, 02141",-71.084154617046,42.371508707844,25,017,Cambridge city,census
CAM00163,Match,"462 CAMBRIDGE ST, CAMBRIDGE, MA, 02141",-71.083986653268,42.371488974997,25,017,Cambridge city,census
CAM00164,Match,"446 CAMBRIDGE ST, CAMBRIDGE, MA, 02141",-71.083719397285,42.371455498877,25,017,Cambridge city,census
CAM00165,Match,"119 OTIS ST, CAMBRIDGE, MA, 02141",-71.083573624567,42.37082877678,25,017,Cambridge city,census
CAM00166,Match,"125 OTIS ST, CAMBRIDGE, MA, 02141",-71.083873630588,42.370865986608,25,017,Cambridge city,census
CAM00167,Match,"131 OTIS ST, CAMBRIDGE, MA, 02141",-71.08417363661,42.370903196437,25,017,Cambridge city,census
CAM00168,Match,"145 OTIS ST, CAMBRIDGE, MA, 02141",-71.084873650661,42.370990019369,25,017,Cambridge city,census
CAM00169,Match,"28 6TH ST, CAMBRIDGE, MA, 02141",-71.08478204486,42.371355485008,25,017,Cambridge city,census
CAM00170,Match,"26 6TH ST, CAMBRIDGE, MA, 02141",-71.08476390686,42.371428770781,25,017,Cambridge city,census
CAM00171,Match,"24 6TH ST, CAMBRIDGE, MA, 02141",-71.08474576886,42.371502056553,25,017,Cambridge city,census
CAM00172,Match,"364 CAMBRIDGE ST, CAMBRIDGE, MA, 02141",-71.08168780877,42.371194543907,25,017,Cambridge city,census
CAM00173,Match,"93 OTIS ST, CAMBRIDGE, MA, 02141",-71.082222691074,42.370661658696,25,017,Cambridge city,census
CAM00174,Match,"95 OTIS ST, CAMBRIDGE, MA, 02141",-71.082322491029,42.370673996176,25,017,Cambridge city,census
CAM00175,Match,"99 OTIS ST, CAMBRIDGE, MA, 02141",-71.08252209094,42.370698671136,25,017,Cambridge city,census
CAM00176,Match,"107 OTIS ST, CAMBRIDGE, MA, 02141",-71.082921290762,42.370748021055,25,017,Cambridge city,census
CAM00177,Match,"109 OTIS ST, CAMBRIDGE, MA, 02141",-71.083021090717,42.370760358535,25,017,Cambridge city,census
CAM00178,Match,"138 GORE ST, CAMBRIDGE, MA, 02141",-71.084335832343,42.37226752214,25,017,Cambridge city,census
CAM00179,Match,"136 GORE ST, CAMBRIDGE, MA, 02141",-71.08426244271,42.372258632338,25,017,Cambridge city,census
CAM00180,Match,"134 GORE ST, CAMBRIDGE, MA, 02141",-71.084189053077,42.372249742536,25,017,Cambridge city,census
CAM00181,Match,"70 5TH ST, CAMBRIDGE, MA, 02141",-71.083203770246,42.370842121754,25,017,Cambridge city,census
CAM00182,Match,"67 5TH ST, CAMBRIDGE, MA, 02141",-71.083329537803,42.370965326982,25,017,Cambridge city,census
CAM00183,Match,"447 CAMBRIDGE ST, CAMBRIDGE, MA, 02141",-71.083626824808,42.371559967874,25,017,Cambridge city,census
CAM00184,Match,"371 CAMBRIDGE ST, CAMBRIDGE, MA, 02141",-71.082232264008,42.371380958917,25,017,Cambridge city,census
CAM00185,Match,"440 CAMBRIDGE ST, CAMBRIDGE, MA, 02141",-71.083618844002,42.371442657931,25,017,Cambridge city,census
CAM00186,Match,"400 CAMBRIDGE ST, CAMBRIDGE, MA, 02141",-71.082678604349,42.371322104961,25,017,Cambridge city,census
CAM00187,Match,"413 CAMBRIDGE ST, CAMBRIDGE, MA, 02141",-71.082882473607,42.371464670859,25,017,Cambridge city,census
CAM00188,Match,"43 SCIARAPPA ST, CAMBRIDGE, MA, 02141",-71.081469276687,42.371684348581,25,017,Cambridge city,census
CAM00189,Match,"337 CAMBRIDGE ST, CAMBRIDGE, MA, 02141",-71.081705903856,42.371313192107,25,017,Cambridge city,census
CAM00190,Match,"408 CAMBRIDGE ST, CAMBRIDGE, MA, 02141",-71.082898781145,42.371350451862,25,017,Cambridge city,census
CAM00191,Match,"64 5TH ST, CAMBRIDGE, MA, 02141",-71.083157700076,42.371018372321,25,017,Cambridge city,census
CAM00192,Match,"71 5TH ST, CAMBRIDGE, MA, 02141",-71.083357459118,42.370858508456,25,017,Cambridge city,census
CAM00193,Match,"73 5TH ST, CAMBRIDGE, MA, 02141",-71.083371419775,42.370805099193,25,017,Cambridge city,census
CAM00194,Match,"426 CAMBRIDGE ST, CAMBRIDGE, MA, 02141",-71.083384219674,42.371412695724,25,017,Cambridge city,census
CAM00195,Match,"133 OTIS ST, CAMBRIDGE, MA, 02141",-71.084273638617,42.370915599713,25,017,Cambridge city,census
CAM00196,Match,"135 OTIS ST, CAMBRIDGE, MA, 02141",-71.084373640625,42.370928002989,25,017,Cambridge city,census
CAM00197,Match,"106 SCIARAPPA ST, CAMBRIDGE, MA, 02141",-71.08198736305,42.36874828175,25,017,Cambridge city,census
CAM00198,Match,"102 SCIARAPPA ST, CAMBRIDGE, MA, 02141",-71.081956571828,42.368881881565,25,017,Cambridge city,census
CAM00199,Match,"78 SPRING ST, CAMBRIDGE, MA, 02141",-71.081704403607,42.369078553599,25,017,Cambridge city,census
CAM00200,Match,"76 SPRING ST, CAMBRIDGE, MA, 02141",-71.081604002715,42.369066267889,25,017,Cambridge city,census
CAM00201,Match,"74 SPRING ST, CAMBRIDGE, MA, 02141",-71.081503601823,42.369053982179,25,017,Cambridge city,census
CAM00202,Match,"72 SPRING ST, CAMBRIDGE, MA, 02141",-71.08140320093,42.369041696468,25,017,Cambridge city,census
CAM00203,Match,"70 SPRING ST, CAMBRIDGE, MA, 02141",-71.081302800038,42.369029410758,25,017,Cambridge city,census
CAM00204,Match,"68 SPRING ST, CAMBRIDGE, MA, 02141",-71.081202399146,42.369017125048,25,017,Cambridge city,census
CAM00205,Match,"66 SPRING ST, CAMBRIDGE, MA, 02141",-71.081101998254,42.369004839338,25,017,Cambridge city,census
CAM00206,Match,"62 SPRING ST, CAMBRIDGE, MA, 02141",-71.080901196469,42.368980267918,25,017,Cambridge city,census
CAM00207,Match,"145 3RD ST, CAMBRIDGE, MA, 02141",-71.080479769925,42.368733141768,25,017,Cambridge city,census
CAM00208,Match,"153 3RD ST, CAMBRIDGE, MA, 02141",-71.080529120345,42.368604257715,25,017,Cambridge city,census
CAM00209,Match,"201 HURLEY ST, CAMBRIDGE, MA, 02141",-71.081609073199,42.368495556716,25,017,Cambridge city,census
CAM00210,Match,"207 HURLEY ST, CAMBRIDGE, MA, 02141",-71.081676124335,42.368503848105,25,017,Cambridge city,census
CAM00211,Match,"205 HURLEY ST, CAMBRIDGE, MA, 02141",-71.081653773956,42.368501084309,25,017,Cambridge city,census
CAM00212,Match,"223 HURLEY ST, CAMBRIDGE, MA, 02141",-71.081854927364,42.368525958476,25,017,Cambridge city,census
CAM00213,Match,"229 HURLEY ST, CAMBRIDGE, MA, 02141",-71.0819219785,42.368534249865,25,017,Cambridge city,census
CAM00214,Match,"94 SCIARAPPA ST, CAMBRIDGE, MA, 02141",-71.0818795899,42.369215895232,25,017,Cambridge city,census
CAM00215,Match,"90 SCIARAPPA ST, CAMBRIDGE, MA, 02141",-71.081841587208,42.36938104766,25,017,Cambridge city,census
CAM00216,Match,"88 SCIARAPPA ST, CAMBRIDGE, MA, 02141",-71.081822585862,42.369463623874,25,017,Cambridge city,census
CAM00217,Match,"80 SCIARAPPA ST, CAMBRIDGE, MA, 02141",-71.081746580478,42.36979392873,25,017,Cambridge city,census
CAM00218,Match,"74 THORNDIKE ST, CAMBRIDGE, MA, 02141",-71.081423043087,42.369750706667,25,017,Cambridge city,census
CAM00219,Match,"67 SPRING ST, CAMBRIDGE, MA, 02141",-71.081586005944,42.36918021831,25,017,Cambridge city,census
CAM00220,Match,"69 SPRING ST, CAMBRIDGE, MA, 02141",-71.081622737978,42.369184713082,25,017,Cambridge city,census
CAM00221,Match,"71 SPRING ST, CAMBRIDGE, MA, 02141",-71.081659470012,42.369189207854,25,017,Cambridge city,census
CAM00222,Match,"73 SPRING ST, CAMBRIDGE, MA, 02141",-71.081696202046,42.369193702626,25,017,Cambridge city,census
CAM00223,Match,"74 SCIARAPPA ST, CAMBRIDGE, MA, 02141",-71.08163768419,42.370281198982,25,017,Cambridge city,census
CAM00224,Match,"82 OTIS ST, CAMBRIDGE, MA, 02141",-71.081596607017,42.370467884227,25,017,Cambridge city,census
CAM00225,Match,"80 OTIS ST, CAMBRIDGE, MA, 02141",-71.081543175604,42.370461144528,25,017,Cambridge city,census
CAM00226,Match,"78 OTIS ST, CAMBRIDGE, MA, 02141",-71.081489744192,42.370454404829,25,017,Cambridge city,census
CAM00227,Match,"74 OTIS ST, CAMBRIDGE, MA, 02141",-71.081382881366,42.37044092543,25,017,Cambridge city,census
CAM00228,Match,"70 OTIS ST, CAMBRIDGE, MA, 02141",-71.081276018541,42.370427446032,25,017,Cambridge city,census
CAM00229,Match,"64 OTIS ST, CAMBRIDGE, MA, 02141",-71.081115724303,42.370407226934,25,017,Cambridge city,census
CAM00230,Match,"60 OTIS ST, CAMBRIDGE, MA, 02141",-71.081008861478,42.370393747535,25,017,Cambridge city,census
CAM00231,Match,"83 3RD ST, CAMBRIDGE, MA, 02141",-71.080161539887,42.369954889785,25,017,Cambridge city,census
CAM00232,Match,"85 3RD ST, CAMBRIDGE, MA, 02141",-71.080165721124,42.369933386285,25,017,Cambridge city,census
CAM00233,Match,"87 3RD ST, CAMBRIDGE, MA, 02141",-71.080169902361,42.369911882784,25,017,Cambridge city,census
CAM00234,Match,"95 3RD ST, CAMBRIDGE, MA, 02141",-71.080186627308,42.369825868782,25,017,Cambridge city,census
CAM00235,Match,"103 3RD ST, CAMBRIDGE, MA, 02141",-71.080203352256,42.36973985478,25,017,Cambridge city,census
CAM00236,Match,"69 THORNDIKE ST, CAMBRIDGE, MA, 02141",-71.08109688838,42.369824042542,25,017,Cambridge city,census
CAM00237,Match,"73 THORNDIKE ST, CAMBRIDGE, MA, 02141",-71.081274934621,42.369847555232,25,017,Cambridge city,census
CAM00238,Match,"77 THORNDIKE ST, CAMBRIDGE, MA, 02141",-71.081452980861,42.369871067922,25,017,Cambridge city,census
CAM00239,Match,"79 THORNDIKE ST, CAMBRIDGE, MA, 02141",-71.081542003982,42.369882824267,25,017,Cambridge city,census
CAM00240,Match,"81 THORNDIKE ST, CAMBRIDGE, MA, 02141",-71.081631027102,42.369894580612,25,017,Cambridge city,census
CAM00241,Match,"56 SCIARAPPA ST, CAMBRIDGE, MA, 02141",-71.08145771572,42.371031342116,25,017,Cambridge city,census
CAM00242,Match,"57 OTIS ST, CAMBRIDGE, MA, 02141",-71.080573117176,42.370455033581,25,017,Cambridge city,census
CAM00243,Match,"59 OTIS ST, CAMBRIDGE, MA, 02141",-71.080656232707,42.370465517558,25,017,Cambridge city,census
CAM00244,Match,"61 OTIS ST, CAMBRIDGE, MA, 02141",-71.080739348237,42.370476001534,25,017,Cambridge city,census
CAM00245,Match,"65 OTIS ST, CAMBRIDGE, MA, 02141",-71.080905579299,42.370496969488,25,017,Cambridge city,census
CAM00246,Match,"69 OTIS ST, CAMBRIDGE, MA, 02141",-71.081071810361,42.370517937441,25,017,Cambridge city,census
CAM00247,Match,"73 OTIS ST, CAMBRIDGE, MA, 02141",-71.081238041422,42.370538905394,25,017,Cambridge city,census
CAM00248,Match,"75 OTIS ST, CAMBRIDGE, MA, 02141",-71.081321156953,42.370549389371,25,017,Cambridge city,census
CAM00249,Match,"211 HURLEY ST, CAMBRIDGE, MA, 02141",-71.081720825092,42.368509375698,25,017,Cambridge city,census
CAM00250,Match,"55 OTIS ST, CAMBRIDGE, MA, 02141",-71.080490001645,42.370444549604,25,017,Cambridge city,census
CAM00251,Match,"68 OTIS ST, CAMBRIDGE, MA, 02141",-71.081222587128,42.370420706332,25,017,Cambridge city,census
CAM00252,Match,"77 SPRING ST, CAMBRIDGE, MA, 02141",-71.081769666113,42.36920269217,25,017,Cambridge city,census
CAM00253,Match,"110 SCIARAPPA ST, CAMBRIDGE, MA, 02141",-71.082018154272,42.368614681935,25,017,Cambridge city,census
CAM00254,Match,"235 HURLEY ST, CAMBRIDGE, MA, 02141",-71.081989029636,42.368542541254,25,017,Cambridge city,census
CAM00255,Match,"80 SPRING ST, CAMBRIDGE, MA, 02141",-71.081804804499,42.369090839309,25,017,Cambridge city,census
CAM00256,Match,"100 SCIARAPPA ST, CAMBRIDGE, MA, 02141",-71.081930531851,42.368994842624,25,017,Cambridge city,census
CAM00257,Match,"140 OTIS ST, CAMBRIDGE, MA, 02141",-71.084504585691,42.370828048982,25,017,Cambridge city,census
CAM00258,Match,"132 OTIS ST, CAMBRIDGE, MA, 02141",-71.084188789879,42.370788880742,25,017,Cambridge city,census
CAM00259,Match,"130 OTIS ST, CAMBRIDGE, MA, 02141",-71.084109840926,42.370779088682,25,017,Cambridge city,census
CAM00260,Match,"128 OTIS ST, CAMBRIDGE, MA, 02141",-71.084030891973,42.370769296622,25,017,Cambridge city,census
CAM00261,Match,"124 OTIS ST, CAMBRIDGE, MA, 02141",-71.083872994067,42.370749712501,25,017,Cambridge city,census
CAM00262,Match,"81 5TH ST, CAMBRIDGE, MA, 02141",-71.083447454654,42.370482216813,25,017,Cambridge city,census
CAM00263,Match,"83 5TH ST, CAMBRIDGE, MA, 02141",-71.0834634648,42.370412592721,25,017,Cambridge city,census
CAM00264,Match,"91 5TH ST, CAMBRIDGE, MA, 02141",-71.083527505384,42.370134096352,25,017,Cambridge city,census
CAM00265,Match,"121 THORNDIKE ST, CAMBRIDGE, MA, 02141",-71.083606679176,42.370143871227,25,017,Cambridge city,census
CAM00266,Match,"125 THORNDIKE ST, CAMBRIDGE, MA, 02141",-71.08376478174,42.370163549976,25,017,Cambridge city,census
CAM00267,Match,"131 THORNDIKE ST, CAMBRIDGE, MA, 02141",-71.084001935587,42.370193068098,25,017,Cambridge city,census
CAM00268,Match,"133 THORNDIKE ST, CAMBRIDGE, MA, 02141",-71.084080986869,42.370202907473,25,017,Cambridge city,census
CAM00269,Match,"135 THORNDIKE ST, CAMBRIDGE, MA, 02141",-71.084160038151,42.370212746847,25,017,Cambridge city,census
CAM00270,Match,"139 THORNDIKE ST, CAMBRIDGE, MA, 02141",-71.084318140715,42.370232425595,25,017,Cambridge city,census
CAM00271,Match,"141 THORNDIKE ST, CAMBRIDGE, MA, 02141",-71.084397191997,42.370242264969,25,017,Cambridge city,census
CAM00272,Match,"143 THORNDIKE ST, CAMBRIDGE, MA, 02141",-71.084476243279,42.370252104344,25,017,Cambridge city,census
CAM00273,Match,"40 6TH ST, CAMBRIDGE, MA, 02141",-71.084899711193,42.37087680983,25,017,Cambridge city,census
CAM00274,Match,"104 OTIS ST, CAMBRIDGE, MA, 02141",-71.082900826671,42.370629306558,25,017,Cambridge city,census
CAM00275,Match,"100 OTIS ST, CAMBRIDGE, MA, 02141",-71.082670519082,42.370600835451,25,017,Cambridge city,census
CAM00276,Match,"94 OTIS ST, CAMBRIDGE, MA, 02141",-71.082325057698,42.370558128791,25,017,Cambridge city,census
CAM00277,Match,"91 THORNDIKE ST, CAMBRIDGE, MA, 02141",-71.082154931707,42.369961508399,25,017,Cambridge city,census
CAM00278,Match,"97 THORNDIKE ST, CAMBRIDGE, MA, 02141",-71.082436387328,42.369996902531,25,017,Cambridge city,census
CAM00279,Match,"99 THORNDIKE ST, CAMBRIDGE, MA, 02141",-71.082530205869,42.370008700575,25,017,Cambridge city,census
CAM00280,Match,"101 THORNDIKE ST, CAMBRIDGE, MA, 02141",-71.082624024409,42.370020498619,25,017,Cambridge city,census
CAM00281,Match,"109 THORNDIKE ST, CAMBRIDGE, MA, 02141",-71.082999298572,42.370067690795,25,017,Cambridge city,census
CAM00282,Match,"117 THORNDIKE ST, CAMBRIDGE, MA, 02141",-71.083374572734,42.370114882971,25,017,Cambridge city,census
CAM00283,Match,"96 5TH ST, CAMBRIDGE, MA, 02141",-71.08336391816,42.370161319729,25,017,Cambridge city,census
CAM00284,Match,"114 THORNDIKE ST, CAMBRIDGE, MA, 02141",-71.083233810176,42.369980941859,25,017,Cambridge city,census
CAM00285,Match,"112 THORNDIKE ST, CAMBRIDGE, MA, 02141",-71.083150415918,42.369970454709,25,017,Cambridge city,census
CAM00286,Match,"110 THORNDIKE ST, CAMBRIDGE, MA, 02141",-71.08306702166,42.369959967559,25,017,Cambridge city,census
CAM00287,Match,"100 THORNDIKE ST, CAMBRIDGE, MA, 02141",-71.082650050368,42.369907531808,25,017,Cambridge city,census
CAM00288,Match,"84 THORNDIKE ST, CAMBRIDGE, MA, 02141",-71.081982896302,42.369823634606,25,017,Cambridge city,census
CAM00289,Match,"89 SPRING ST, CAMBRIDGE, MA, 02141",-71.082232628256,42.369260904406,25,017,Cambridge city,census
CAM00290,Match,"97 SPRING ST, CAMBRIDGE, MA, 02141",-71.082633456003,42.369312215085,25,017,Cambridge city,census
CAM00291,Match,"99 SPRING ST, CAMBRIDGE, MA, 02141",-71.082733662939,42.369325042755,25,017,Cambridge city,census
CAM00292,Match,"101 SPRING ST, CAMBRIDGE, MA, 02141",-71.082833869876,42.369337870424,25,017,Cambridge city,census
CAM00293,Match,"150 THORNDIKE ST, CAMBRIDGE, MA, 02141",-71.08505536969,42.370207980798,25,017,Cambridge city,census
CAM00294,Match,"146 THORNDIKE ST, CAMBRIDGE, MA, 02141",-71.084855106442,42.370183054384,25,017,Cambridge city,census
CAM00295,Match,"144 THORNDIKE ST, CAMBRIDGE, MA, 02141",-71.084754974818,42.370170591176,25,017,Cambridge city,census
CAM00296,Match,"142 THORNDIKE ST, CAMBRIDGE, MA, 02141",-71.084654843194,42.370158127969,25,017,Cambridge city,census
CAM00297,Match,"134 THORNDIKE ST, CAMBRIDGE, MA, 02141",-71.084254316697,42.37010827514,25,017,Cambridge city,census
CAM00298,Match,"130 THORNDIKE ST, CAMBRIDGE, MA, 02141",-71.084054053449,42.370083348725,25,017,Cambridge city,census
CAM00299,Match,"126 THORNDIKE ST, CAMBRIDGE, MA, 02141",-71.083853790201,42.370058422311,25,017,Cambridge city,census
CAM00300,Match,"99 5TH ST, CAMBRIDGE, MA, 02141",-71.083577410271,42.369920014281,25,017,Cambridge city,census
CAM00301,Match,"115 5TH ST, CAMBRIDGE, MA, 02141",-71.083640696431,42.369649845038,25,017,Cambridge city,census
CAM00302,Match,"119 SPRING ST, CAMBRIDGE, MA, 02141",-71.083790687883,42.369461794788,25,017,Cambridge city,census
CAM00303,Match,"121 SPRING ST, CAMBRIDGE, MA, 02141",-71.083894180903,42.369475874266,25,017,Cambridge city,census
CAM00304,Match,"125 SPRING ST, CAMBRIDGE, MA, 02141",-71.08415010856,42.369510757434,25,017,Cambridge city,census
CAM00305,Match,"129 SPRING ST, CAMBRIDGE, MA, 02141",-71.084352685564,42.369538492189,25,017,Cambridge city,census
CAM00306,Match,"133 SPRING ST, CAMBRIDGE, MA, 02141",-71.084581515056,42.369570059231,25,017,Cambridge city,census
CAM00307,Match,"66 6TH ST, CAMBRIDGE, MA, 02141",-71.085191889028,42.369653211033,25,017,Cambridge city,census
CAM00308,Match,"112 OTIS ST, CAMBRIDGE, MA, 02141",-71.083399300348,42.370690960141,25,017,Cambridge city,census
CAM00309,Match,"106 OTIS ST, CAMBRIDGE, MA, 02141",-71.083015980466,42.370643542112,25,017,Cambridge city,census
CAM00310,Match,"80 5TH ST, CAMBRIDGE, MA, 02141",-71.083278530715,42.370532648219,25,017,Cambridge city,census
CAM00311,Match,"118 THORNDIKE ST, CAMBRIDGE, MA, 02141",-71.083400598693,42.370001916159,25,017,Cambridge city,census
CAM00312,Match,"108 5TH ST, CAMBRIDGE, MA, 02141",-71.083442226066,42.369825137583,25,017,Cambridge city,census
CAM00313,Match,"88 5TH ST, CAMBRIDGE, MA, 02141",-71.083321224438,42.370346983974,25,017,Cambridge city,census
CAM00314,Match,"111 THORNDIKE ST, CAMBRIDGE, MA, 02141",-71.083093117112,42.370079488839,25,017,Cambridge city,census
CAM00315,Match,"75 5TH ST, CAMBRIDGE, MA, 02141",-71.083399424216,42.370691089089,25,017,Cambridge city,census
CAM00316,Match,"118 OTIS ST, CAMBRIDGE, MA, 02141",-71.083636147208,42.370720336321,25,017,Cambridge city,census
CAM00317,Match,"58 6TH ST, CAMBRIDGE, MA, 02141",-71.085114480467,42.369969909524,25,017,Cambridge city,census
CAM00318,Match,"96 OTIS ST, CAMBRIDGE, MA, 02141",-71.082440211492,42.370572364344,25,017,Cambridge city,census
CAM00319,Match,"96 THORNDIKE ST, CAMBRIDGE, MA, 02141",-71.082483261852,42.369886557507,25,017,Cambridge city,census
CAM00320,Match,"137 SPRING ST, CAMBRIDGE, MA, 02141",-71.08473407606,42.369590749606,25,017,Cambridge city,census
CAM00321,Match,"89 SCIARAPPA ST, CAMBRIDGE, MA, 02141",-71.081972039764,42.369497843294,25,017,Cambridge city,census
CAM00322,Match,"93 SCIARAPPA ST, CAMBRIDGE, MA, 02141",-71.081996223296,42.369392746294,25,017,Cambridge city,census
CAM00323,Match,"104 THORNDIKE ST, CAMBRIDGE, MA, 02141",-71.082816838885,42.369928506108,25,017,Cambridge city,census
CAM00324,Match,"106 THORNDIKE ST, CAMBRIDGE, MA, 02141",-71.082900233143,42.369938993258,25,017,Cambridge city,census
CAM00325,Match,"141 SPRING ST, CAMBRIDGE, MA, 02141",-71.084886637063,42.369611439981,25,017,Cambridge city,census
CAM00326,Match,"139 SPRING ST, CAMBRIDGE, MA, 02141",-71.084810356562,42.369601094793,25,017,Cambridge city,census
CAM00327,Match,"127 THORNDIKE ST, CAMBRIDGE, MA, 02141",-71.083843833022,42.37017338935,25,017,Cambridge city,census
CAM00328,Match,"129 THORNDIKE ST, CAMBRIDGE, MA, 02141",-71.083922884304,42.370183228724,25,017,Cambridge city,census
CAM00329,Match,"150 SPRING ST, CAMBRIDGE, MA, 02141",-71.085121796827,42.369526836115,25,017,Cambridge city,census
CAM00330,Match,"144 SPRING ST, CAMBRIDGE, MA, 02141",-71.084827462703,42.369486908636,25,017,Cambridge city,census
CAM00331,Match,"133 5TH ST, CAMBRIDGE, MA, 02141",-71.083746936006,42.36919259663,25,017,Cambridge city,census
CAM00332,Match,"135 5TH ST, CAMBRIDGE, MA, 02141",-71.083763198831,42.369121846365,25,017,Cambridge city,census
CAM00333,Match,"321 HURLEY ST, CAMBRIDGE, MA, 02141",-71.084146758956,42.368809567659,25,017,Cambridge city,census
CAM00334,Match,"329 HURLEY ST, CAMBRIDGE, MA, 02141",-71.084268099098,42.368825928169,25,017,Cambridge city,census
CAM00335,Match,"74 6TH ST, CAMBRIDGE, MA, 02141",-71.085266083187,42.369297318504,25,017,Cambridge city,census
CAM00336,Match,"112 SPRING ST, CAMBRIDGE, MA, 02141",-71.083373909608,42.36929070296,25,017,Cambridge city,census
CAM00337,Match,"110 SPRING ST, CAMBRIDGE, MA, 02141",-71.083279965605,42.369278677019,25,017,Cambridge city,census
CAM00338,Match,"108 SPRING ST, CAMBRIDGE, MA, 02141",-71.083186021601,42.369266651079,25,017,Cambridge city,census
CAM00339,Match,"102 SPRING ST, CAMBRIDGE, MA, 02141",-71.082904189592,42.369230573258,25,017,Cambridge city,census
CAM00340,Match,"98 SPRING ST, CAMBRIDGE, MA, 02141",-71.082716301586,42.369206521377,25,017,Cambridge city,census
CAM00341,Match,"96 SPRING ST, CAMBRIDGE, MA, 02141",-71.082622357583,42.369194495437,25,017,Cambridge city,census
CAM00342,Match,"94 SPRING ST, CAMBRIDGE, MA, 02141",-71.08252841358,42.369182469497,25,017,Cambridge city,census
CAM00343,Match,"105 SCIARAPPA ST, CAMBRIDGE, MA, 02141",-71.082147960423,42.368734117382,25,017,Cambridge city,census
CAM00344,Match,"249 HURLEY ST, CAMBRIDGE, MA, 02141",-71.082395806753,42.368589987033,25,017,Cambridge city,census
CAM00345,Match,"259 HURLEY ST, CAMBRIDGE, MA, 02141",-71.082655720037,42.368619524114,25,017,Cambridge city,census
CAM00346,Match,"265 HURLEY ST, CAMBRIDGE, MA, 02141",-71.082811668008,42.368637246363,25,017,Cambridge city,census
CAM00347,Match,"291 HURLEY ST, CAMBRIDGE, MA, 02141",-71.083483926884,42.368720684925,25,017,Cambridge city,census
CAM00348,Match,"148 5TH ST, CAMBRIDGE, MA, 02141",-71.08372400376,42.368608847843,25,017,Cambridge city,census
CAM00349,Match,"278 HURLEY ST, CAMBRIDGE, MA, 02141",-71.083256605178,42.368573990135,25,017,Cambridge city,census
CAM00350,Match,"111 SCIARAPPA ST, CAMBRIDGE, MA, 02141",-71.082212794786,42.368454477457,25,017,Cambridge city,census
CAM00351,Match,"113 SCIARAPPA ST, CAMBRIDGE, MA, 02141",-71.082215799757,42.368441815235,25,017,Cambridge city,census
CAM00352,Match,"115 SCIARAPPA ST, CAMBRIDGE, MA, 02141",-71.082218804729,42.368429153013,25,017,Cambridge city,census
CAM00353,Match,"169 CHARLES ST, CAMBRIDGE, MA, 02141",-71.083072651055,42.367980123509,25,017,Cambridge city,census
CAM00354,Match,"173 CHARLES ST, CAMBRIDGE, MA, 02141",-71.083176359568,42.367992076565,25,017,Cambridge city,census
CAM00355,Match,"177 CHARLES ST, CAMBRIDGE, MA, 02141",-71.08328006808,42.36800402962,25,017,Cambridge city,census
CAM00356,Match,"181 CHARLES ST, CAMBRIDGE, MA, 02141",-71.083383776593,42.368015982675,25,017,Cambridge city,census
CAM00357,Match,"160 5TH ST, CAMBRIDGE, MA, 02141",-71.083761648948,42.368446823773,25,017,Cambridge city,census
CAM00358,Match,"338 HURLEY ST, CAMBRIDGE, MA, 02141",-71.084986066293,42.368806248828,25,017,Cambridge city,census
CAM00359,Match,"334 HURLEY ST, CAMBRIDGE, MA, 02141",-71.084879893669,42.368791933381,25,017,Cambridge city,census
CAM00360,Match,"318 HURLEY ST, CAMBRIDGE, MA, 02141",-71.084455203171,42.368734671597,25,017,Cambridge city,census
CAM00361,Match,"306 HURLEY ST, CAMBRIDGE, MA, 02141",-71.084136685298,42.368691725259,25,017,Cambridge city,census
CAM00362,Match,"302 HURLEY ST, CAMBRIDGE, MA, 02141",-71.084030512673,42.368677409813,25,017,Cambridge city,census
CAM00363,Match,"296 HURLEY ST, CAMBRIDGE, MA, 02141",-71.083871253737,42.368655936644,25,017,Cambridge city,census
CAM00364,Match,"153 5TH ST, CAMBRIDGE, MA, 02141",-71.08388579629,42.368589806308,25,017,Cambridge city,census
CAM00365,Match,"209 CHARLES ST, CAMBRIDGE, MA, 02141",-71.084262336793,42.36812540023,25,017,Cambridge city,census
CAM00366,Match,"96 6TH ST, CAMBRIDGE, MA, 02141",-71.08548334007,42.368378044713,25,017,Cambridge city,census
CAM00367,Match,"92 6TH ST, CAMBRIDGE, MA, 02141",-71.08544175335,42.368537327615,25,017,Cambridge city,census
CAM00368,Match,"223 CHARLES ST, CAMBRIDGE, MA, 02141",-71.084719930676,42.368189235481,25,017,Cambridge city,census
CAM00369,Match,"221 CHARLES ST, CAMBRIDGE, MA, 02141",-71.084654560121,42.36818011616,25,017,Cambridge city,census
CAM00370,Match,"275 HURLEY ST, CAMBRIDGE, MA, 02141",-71.083071581292,42.368666783444,25,017,Cambridge city,census
CAM00371,Match,"269 HURLEY ST, CAMBRIDGE, MA, 02141",-71.082915633322,42.368649061195,25,017,Cambridge city,census
CAM00372,Match,"153 CHARLES ST, CAMBRIDGE, MA, 02141",-71.082657817005,42.367932311289,25,017,Cambridge city,census
CAM00373,Match,"121 SCIARAPPA ST, CAMBRIDGE, MA, 02141",-71.082227819643,42.368391166346,25,017,Cambridge city,census
CAM00374,Match,"205 CHARLES ST, CAMBRIDGE, MA, 02141",-71.084131595684,42.368107161587,25,017,Cambridge city,census
CAM00375,Match,"207 CHARLES ST, CAMBRIDGE, MA, 02141",-71.084196966239,42.368116280909,25,017,Cambridge city,census
CAM00376,Match,"5 5TH ST, CAMBRIDGE, MA, 02141",-71.082924264915,42.372673916389,25,017,Cambridge city,census
CAM00377,Match,"155 5TH ST, CAMBRIDGE, MA, 02141",-71.083890863911,42.368567995376,25,017,Cambridge city,census
CAM00378,Match,"333 HURLEY ST, CAMBRIDGE, MA, 02141",-71.084328769169,42.368834108424,25,017,Cambridge city,census
CAM00379,Match,"331 HURLEY ST, CAMBRIDGE, MA, 02141",-71.084298434133,42.368830018296,25,017,Cambridge city,census
CAM00380,Match,"72 6TH ST, CAMBRIDGE, MA, 02141",-71.085249629568,42.36937884233,25,017,Cambridge city,census
CAM00381,Match,"118 SPRING ST, CAMBRIDGE, MA, 02141",-71.083715282484,42.369335018513,25,017,Cambridge city,census
CAM00382,Match,"253 HURLEY ST, CAMBRIDGE, MA, 02141",-71.082499772066,42.368601801866,25,017,Cambridge city,census
CAM00383,Match,"119 SCIARAPPA ST, CAMBRIDGE, MA, 02141",-71.082224814671,42.368403828568,25,017,Cambridge city,census
CAM00384,Match,"341 HURLEY ST, CAMBRIDGE, MA, 02141",-71.084450109311,42.368850468933,25,017,Cambridge city,census
CAM00385,Match,"241 HURLEY ST, CAMBRIDGE, MA, 02141",-71.082187876125,42.368566357368,25,017,Cambridge city,census
CAM00386,Match,"303 HURLEY ST, CAMBRIDGE, MA, 02141",-71.083873743636,42.368772756512,25,017,Cambridge city,census
CAM00387,Match,"163 CHARLES ST, CAMBRIDGE, MA, 02141",-71.082917088286,42.367962193927,25,017,Cambridge city,census
CAM00388,Match,"165 CHARLES ST, CAMBRIDGE, MA, 02141",-71.082968942543,42.367968170454,25,017,Cambridge city,census
CAM00389,Match,"159 5TH ST, CAMBRIDGE, MA, 02141",-71.083900999154,42.368524373511,25,017,Cambridge city,census
CAM00390,Match,"163 5TH ST, CAMBRIDGE, MA, 02141",-71.083911134397,42.368480751646,25,017,Cambridge city,census
CAM00391,Match,"332 HURLEY ST, CAMBRIDGE, MA, 02141",-71.084826807356,42.368784775658,25,017,Cambridge city,census
CAM00392,Match,"322 HURLEY ST, CAMBRIDGE, MA, 02141",-71.084561375795,42.368748987043,25,017,Cambridge city,census
CAM00393,Match,"122A SPRING ST, CAMBRIDGE, MA, 02141",-71.083922268525,42.369363177468,25,017,Cambridge city,census
CAM00394,Match,"335 HURLEY ST, CAMBRIDGE, MA, 02141",-71.084359104204,42.368838198551,25,017,Cambridge city,census
CAM00395,Match,"152 SPRING ST, CAMBRIDGE, MA, 02141",-71.085219845388,42.369540243127,25,017,Cambridge city,census
CAM00396,Match,"162 5TH ST, CAMBRIDGE, MA, 02141",-71.083767923146,42.368419819761,25,017,Cambridge city,census
CAM00397,Match,"166 5TH ST, CAMBRIDGE, MA, 02141",-71.083780471542,42.368365811738,25,017,Cambridge city,census
CAM00398,Match,"189 CHARLES ST, CAMBRIDGE, MA, 02141",-71.083591193618,42.368039888785,25,017,Cambridge city,census
CAM00399,Match,"227 CHARLES ST, CAMBRIDGE, MA, 02141",-71.084850671785,42.368207474124,25,017,Cambridge city,census
CAM00400,Match,"235 CHARLES ST, CAMBRIDGE, MA, 02141",-71.085112154003,42.36824395141,25,017,Cambridge city,census
CAM00401,Match,"245 CHARLES ST, CAMBRIDGE, MA, 02141",-71.085439006776,42.368289548018,25,017,Cambridge city,census
CAM00402,Match,"239 CHARLES ST, CAMBRIDGE, MA, 02141",-71.085242895113,42.368262190053,25,017,Cambridge city,census
CAM00403,Match,"103 SCIARAPPA ST, CAMBRIDGE, MA, 02141",-71.082128715909,42.368817617266,25,017,Cambridge city,census
CAM00404,Match,"101 SCIARAPPA ST, CAMBRIDGE, MA, 02141",-71.082109471395,42.36890111715,25,017,Cambridge city,census
CAM00405,Match,"6 4TH STREET PL, CAMBRIDGE, MA, 02141",-71.08211226858,42.368896115011,25,017,Cambridge city,census
CAM00406,Match,"138 SPRING ST, CAMBRIDGE, MA, 02141",-71.08453323791,42.369447005769,25,017,Cambridge city,census
CAM00407,Match,"102 6TH ST, CAMBRIDGE, MA, 02141",-71.085532263276,42.368177445832,25,017,Cambridge city,census
CAM00408,Match,"240 CHARLES ST, CAMBRIDGE, MA, 02141",-71.084643313668,42.368061930923,25,017,Cambridge city,census
CAM00409,Match,"243 BENT ST, CAMBRIDGE, MA, 02141",-71.084736413008,42.367510391514,25,017,Cambridge city,census
CAM00410,Match,"182 CHARLES ST, CAMBRIDGE, MA, 02141",-71.083473364408,42.367910330761,25,017,Cambridge city,census
CAM00411,Match,"172 CHARLES ST, CAMBRIDGE, MA, 02141",-71.083222735503,42.367881444211,25,017,Cambridge city,census
CAM00412,Match,"160 CHARLES ST, CAMBRIDGE, MA, 02141",-71.082921980816,42.367846780351,25,017,Cambridge city,census
CAM00413,Match,"152 CHARLES ST, CAMBRIDGE, MA, 02141",-71.082721477692,42.367823671111,25,017,Cambridge city,census
CAM00414,Match,"146 CHARLES ST, CAMBRIDGE, MA, 02141",-71.082571100349,42.367806339182,25,017,Cambridge city,census
CAM00415,Match,"126 CHARLES ST, CAMBRIDGE, MA, 02141",-71.081936979977,42.367725103209,25,017,Cambridge city,census
CAM00416,Match,"120 CHARLES ST, CAMBRIDGE, MA, 02141",-71.081767149099,42.367701664552,25,017,Cambridge city,census
CAM00417,Match,"124 CHARLES ST, CAMBRIDGE, MA, 02141",-71.081880369684,42.367717290323,25,017,Cambridge city,census
CAM00418,Match,"164 CHARLES ST, CAMBRIDGE, MA, 02141",-71.083022232379,42.367858334971,25,017,Cambridge city,census
CAM00419,Match,"166 CHARLES ST, CAMBRIDGE, MA, 02141",-71.08307235816,42.367864112281,25,017,Cambridge city,census
CAM00420,Match,"255 3RD ST, CAMBRIDGE, MA, 02142",-71.081848246668,42.36686181955,25,017,Cambridge city,census
CAM00421,Match,"222 CHARLES ST, CAMBRIDGE, MA, 02141",-71.084367156427,42.368023406442,25,017,Cambridge city,census
CAM00422,Match,"212 CHARLES ST, CAMBRIDGE, MA, 02141",-71.084213735738,42.368002003953,25,017,Cambridge city,census
CAM00423,Match,"114 CHARLES ST, CAMBRIDGE, MA, 02141",-71.081595850825,42.367678736079,25,017,Cambridge city,census
CAM00424,Match,"265 3RD ST, CAMBRIDGE, MA, 02142",-71.081968287624,42.366645672596,25,017,Cambridge city,census
CAM00425,Match,"303 3RD ST, CAMBRIDGE, MA, 02142",-71.08351639548,42.363920369987,25,017,Cambridge city,census
CAM00426,Match,"97 6TH ST, CAMBRIDGE, MA, 02141",-71.085640253652,42.368382050795,25,017,Cambridge city,census
CAM00427,Match,"91 6TH ST, CAMBRIDGE, MA, 02141",-71.085591735812,42.368567880847,25,017,Cambridge city,census
CAM00428,Match,"93 6TH ST, CAMBRIDGE, MA, 02141",-71.085607908425,42.368505937496,25,017,Cambridge city,census
CAM00429,Match,"53 FULKERSON ST, CAMBRIDGE, MA, 02141",-71.087353455272,42.370412937603,25,017,Cambridge city,census
CAM00430,Match,"57 FULKERSON ST, CAMBRIDGE, MA, 02141",-71.087365927676,42.370354657022,25,017,Cambridge city,census
CAM00431,Match,"170 THORNDIKE ST, CAMBRIDGE, MA, 02141",-71.086241434814,42.37037338776,25,017,Cambridge city,census
CAM00432,Match,"113 7TH ST, CAMBRIDGE, MA, 02141",-71.085960466293,42.370259175986,25,017,Cambridge city,census
CAM00433,Match,"58 8TH ST, CAMBRIDGE, MA, 02141",-71.086407425649,42.370305407192,25,017,Cambridge city,census
CAM00434,Match,"160 THORNDIKE ST, CAMBRIDGE, MA, 02141",-71.08579371173,42.370307292831,25,017,Cambridge city,census
CAM00435,Match,"156 THORNDIKE ST, CAMBRIDGE, MA, 02141",-71.085501477841,42.37026764366,25,017,Cambridge city,census
CAM00436,Match,"55 6TH ST, CAMBRIDGE, MA, 02141",-71.085290337955,42.369895263674,25,017,Cambridge city,census
CAM00437,Match,"157 SPRING ST, CAMBRIDGE, MA, 02141",-71.085772518469,42.369733746254,25,017,Cambridge city,census
CAM00438,Match,"108 7TH ST, CAMBRIDGE, MA, 02141",-71.085802382653,42.370262931363,25,017,Cambridge city,census
CAM00439,Match,"156 SPRING ST, CAMBRIDGE, MA, 02141",-71.085944200656,42.369641079648,25,017,Cambridge city,census
CAM00440,Match,"69 6TH ST, CAMBRIDGE, MA, 02141",-71.085403035508,42.369395742383,25,017,Cambridge city,census
CAM00441,Match,"153 SPRING ST, CAMBRIDGE, MA, 02141",-71.085486708751,42.369693875817,25,017,Cambridge city,census
CAM00442,Match,"56 FULKERSON ST, CAMBRIDGE, MA, 02141",-71.08720150125,42.370389214014,25,017,Cambridge city,census
CAM00443,Match,"64 FULKERSON ST, CAMBRIDGE, MA, 02141",-71.087221457096,42.370295965083,25,017,Cambridge city,census
CAM00444,Match,"54 FULKERSON ST, CAMBRIDGE, MA, 02141",-71.087196512288,42.370412526246,25,017,Cambridge city,census
CAM00445,Match,"172 THORNDIKE ST, CAMBRIDGE, MA, 02141",-71.086314938305,42.370384421079,25,017,Cambridge city,census
CAM00446,Match,"194 THORNDIKE ST, CAMBRIDGE, MA, 02141",-71.087063352993,42.370470633494,25,017,Cambridge city,census
CAM00447,Match,"177 SPRING ST, CAMBRIDGE, MA, 02141",-71.086775163173,42.369842554552,25,017,Cambridge city,census
CAM00448,Match,"162 THORNDIKE ST, CAMBRIDGE, MA, 02141",-71.085947420851,42.370329254482,25,017,Cambridge city,census
CAM00449,Match,"57 8TH ST, CAMBRIDGE, MA, 02141",-71.086551105325,42.370363782796,25,017,Cambridge city,census
CAM00450,Match,"63 6TH ST, CAMBRIDGE, MA, 02141",-71.085344523948,42.369673574731,25,017,Cambridge city,census
CAM00451,Match,"185 SPRING ST, CAMBRIDGE, MA, 02141",-71.086968546782,42.369863574068,25,017,Cambridge city,census
CAM00452,Match,"183 SPRING ST, CAMBRIDGE, MA, 02141",-71.08692020088,42.369858319189,25,017,Cambridge city,census
CAM00453,Match,"181 SPRING ST, CAMBRIDGE, MA, 02141",-71.086871854978,42.36985306431,25,017,Cambridge city,census
CAM00454,Match,"51 8TH ST, CAMBRIDGE, MA, 02141",-71.086548005471,42.370376935393,25,017,Cambridge city,census
CAM00455,Match,"182 THORNDIKE ST, CAMBRIDGE, MA, 02141",-71.08671234127,42.370433203055,25,017,Cambridge city,census
CAM00456,Match,"186 THORNDIKE ST, CAMBRIDGE, MA, 02141",-71.086829345177,42.370445679868,25,017,Cambridge city,census
CAM00457,Match,"110 7TH ST, CAMBRIDGE, MA, 02141",-71.085804924912,42.370251646718,25,017,Cambridge city,census
CAM00458,Match,"112R 7TH ST, CAMBRIDGE, MA, 02141",-71.085807467171,42.370240362072,25,017,Cambridge city,census
CAM00459,Match,"71 FULKERSON ST, CAMBRIDGE, MA, 02141",-71.087409581091,42.370150674986,25,017,Cambridge city,census
CAM00460,Match,"636 CAMBRIDGE ST, CAMBRIDGE, MA, 02141",-71.086982604136,42.371875494007,25,017,Cambridge city,census
CAM00461,Match,"7 FULKERSON ST, CAMBRIDGE, MA, 02141",-71.087005582474,42.371713671118,25,017,Cambridge city,census
CAM00462,Match,"11 FULKERSON ST, CAMBRIDGE, MA, 02141",-71.087034354381,42.371608637721,25,017,Cambridge city,census
CAM00463,Match,"7 8TH ST, CAMBRIDGE, MA, 02141",-71.086275871582,42.371519585753,25,017,Cambridge city,census
CAM00464,Match,"5 8TH ST, CAMBRIDGE, MA, 02141",-71.086256692555,42.371603726317,25,017,Cambridge city,census
CAM00465,Match,"9 8TH ST, CAMBRIDGE, MA, 02141",-71.08629505061,42.37143544519,25,017,Cambridge city,census
CAM00466,Match,"11 8TH ST, CAMBRIDGE, MA, 02141",-71.086314229637,42.371351304626,25,017,Cambridge city,census
CAM00467,Match,"15 8TH ST, CAMBRIDGE, MA, 02141",-71.086352587692,42.371183023499,25,017,Cambridge city,census
CAM00468,Match,"173 OTIS ST, CAMBRIDGE, MA, 02141",-71.086659939053,42.371227786757,25,017,Cambridge city,census
CAM00469,Match,"14 FULKERSON ST, CAMBRIDGE, MA, 02141",-71.086896714605,42.371533391235,25,017,Cambridge city,census
CAM00470,Match,"10 FULKERSON ST, CAMBRIDGE, MA, 02141",-71.086867942699,42.371638424633,25,017,Cambridge city,census
CAM00471,Match,"588 CAMBRIDGE ST, CAMBRIDGE, MA, 02141",-71.086021308148,42.371747148663,25,017,Cambridge city,census
CAM00472,Match,"564 CAMBRIDGE ST, CAMBRIDGE, MA, 02141",-71.08575484605,42.371713232911,25,017,Cambridge city,census
CAM00473,Match,"55 7TH ST, CAMBRIDGE, MA, 02141",-71.085733131429,42.371247486909,25,017,Cambridge city,census
CAM00474,Match,"57 7TH ST, CAMBRIDGE, MA, 02141",-71.085744222019,42.37120254354,25,017,Cambridge city,census
CAM00475,Match,"59 7TH ST, CAMBRIDGE, MA, 02141",-71.085755312609,42.371157600172,25,017,Cambridge city,census
CAM00476,Match,"161 OTIS ST, CAMBRIDGE, MA, 02141",-71.086055918106,42.371146785908,25,017,Cambridge city,census
CAM00477,Match,"6 8TH ST, CAMBRIDGE, MA, 02141",-71.086103738696,42.37158469714,25,017,Cambridge city,census
CAM00478,Match,"4 8TH ST, CAMBRIDGE, MA, 02141",-71.086084559668,42.371668837704,25,017,Cambridge city,census
CAM00479,Match,"544 CAMBRIDGE ST, CAMBRIDGE, MA, 02141",-71.085385586061,42.371664819608,25,017,Cambridge city,census
CAM00480,Match,"536 CAMBRIDGE ST, CAMBRIDGE, MA, 02141",-71.085273298495,42.371649535912,25,017,Cambridge city,census
CAM00481,Match,"520 CAMBRIDGE ST, CAMBRIDGE, MA, 02141",-71.085048723365,42.371618968518,25,017,Cambridge city,census
CAM00482,Match,"23 6TH ST, CAMBRIDGE, MA, 02141",-71.084894718655,42.371537324787,25,017,Cambridge city,census
CAM00483,Match,"25 6TH ST, CAMBRIDGE, MA, 02141",-71.084909229055,42.37147869617,25,017,Cambridge city,census
CAM00484,Match,"29 6TH ST, CAMBRIDGE, MA, 02141",-71.084938249855,42.371361438934,25,017,Cambridge city,census
CAM00485,Match,"58 7TH ST, CAMBRIDGE, MA, 02141",-71.08550701276,42.371524892484,25,017,Cambridge city,census
CAM00486,Match,"54 7TH ST, CAMBRIDGE, MA, 02141",-71.085496332933,42.371568171283,25,017,Cambridge city,census
CAM00487,Match,"48 7TH ST, CAMBRIDGE, MA, 02141",-71.085480313191,42.371633089482,25,017,Cambridge city,census
CAM00488,Match,"160 OTIS ST, CAMBRIDGE, MA, 02141",-71.086138649912,42.371040699279,25,017,Cambridge city,census
CAM00489,Match,"77 7TH ST, CAMBRIDGE, MA, 02141",-71.085842446137,42.370781556213,25,017,Cambridge city,census
CAM00490,Match,"79 7TH ST, CAMBRIDGE, MA, 02141",-71.085849468666,42.370750500989,25,017,Cambridge city,census
CAM00491,Match,"83 7TH ST, CAMBRIDGE, MA, 02141",-71.085863513725,42.370688390541,25,017,Cambridge city,census
CAM00492,Match,"87 7TH ST, CAMBRIDGE, MA, 02141",-71.085877558783,42.370626280093,25,017,Cambridge city,census
CAM00493,Match,"171 THORNDIKE ST, CAMBRIDGE, MA, 02141",-71.085994365867,42.370453233908,25,017,Cambridge city,census
CAM00494,Match,"24 8TH ST, CAMBRIDGE, MA, 02141",-71.086292678552,42.370779818359,25,017,Cambridge city,census
CAM00495,Match,"20 8TH ST, CAMBRIDGE, MA, 02141",-71.086248538187,42.370960229654,25,017,Cambridge city,census
CAM00496,Match,"162 OTIS ST, CAMBRIDGE, MA, 02141",-71.086225033622,42.371051183164,25,017,Cambridge city,census
CAM00497,Match,"44 FULKERSON ST, CAMBRIDGE, MA, 02141",-71.087139104214,42.370649347185,25,017,Cambridge city,census
CAM00498,Match,"42 FULKERSON ST, CAMBRIDGE, MA, 02141",-71.087123585644,42.37070591758,25,017,Cambridge city,census
CAM00499,Match,"34 FULKERSON ST, CAMBRIDGE, MA, 02141",-71.087061511362,42.370932199158,25,017,Cambridge city,census
CAM00500,Match,"186 OTIS ST, CAMBRIDGE, MA, 02141",-71.086998445447,42.371158972149,25,017,Cambridge city,census
CAM00501,Match,"25 FULKERSON ST, CAMBRIDGE, MA, 02141",-71.087151452505,42.37118124202,25,017,Cambridge city,census
CAM00502,Match,"33 FULKERSON ST, CAMBRIDGE, MA, 02141",-71.087213526787,42.370954960442,25,017,Cambridge city,census
CAM00503,Match,"204 OTIS ST, CAMBRIDGE, MA, 02141",-71.08750531558,42.371223030709,25,017,Cambridge city,census
CAM00504,Match,"200 OTIS ST, CAMBRIDGE, MA, 02141",-71.087416321936,42.371212016422,25,017,Cambridge city,census
CAM00505,Match,"28 8TH ST, CAMBRIDGE, MA, 02141",-71.086336818918,42.370599407063,25,017,Cambridge city,census
CAM00506,Match,"56 7TH ST, CAMBRIDGE, MA, 02141",-71.085501672846,42.371546531883,25,017,Cambridge city,census
CAM00507,Match,"13 FULKERSON ST, CAMBRIDGE, MA, 02141",-71.087048740334,42.371556121022,25,017,Cambridge city,census
CAM00508,Match,"15 FULKERSON ST, CAMBRIDGE, MA, 02141",-71.087063126287,42.371503604323,25,017,Cambridge city,census
CAM00509,Match,"46 7TH ST, CAMBRIDGE, MA, 02141",-71.085474973278,42.371654728882,25,017,Cambridge city,census
CAM00510,Match,"674 CAMBRIDGE ST, CAMBRIDGE, MA, 02141",-71.087689196545,42.37196445603,25,017,Cambridge city,census
CAM00511,Match,"206 OTIS ST, CAMBRIDGE, MA, 02141",-71.087658155879,42.371241824856,25,017,Cambridge city,census
CAM00512,Match,"197 OTIS ST, CAMBRIDGE, MA, 02141",-71.087209639188,42.371302624605,25,017,Cambridge city,census
CAM00513,Match,"227 THORNDIKE ST, CAMBRIDGE, MA, 02141",-71.087478505602,42.370632332562,25,017,Cambridge city,census
CAM00514,Match,"177 OTIS ST, CAMBRIDGE, MA, 02141",-71.08681461637,42.371249654126,25,017,Cambridge city,census
CAM00515,Match,"179 OTIS ST, CAMBRIDGE, MA, 02141",-71.086891955028,42.37126058781,25,017,Cambridge city,census
CAM00516,Match,"602 CAMBRIDGE ST, CAMBRIDGE, MA, 02141",-71.086357523522,42.371790688395,25,017,Cambridge city,census
CAM00517,Match,"594 CAMBRIDGE ST, CAMBRIDGE, MA, 02141",-71.086218861068,42.371772558738,25,017,Cambridge city,census
CAM00518,Match,"3 7TH ST, CAMBRIDGE, MA, 02141",-71.085283623111,42.372497604242,25,017,Cambridge city,census
CAM00519,Match,"21 7TH ST, CAMBRIDGE, MA, 02141",-71.085517651777,42.372106368938,25,017,Cambridge city,census
CAM00520,Match,"561 CAMBRIDGE ST, CAMBRIDGE, MA, 02141",-71.085701865211,42.371822769075,25,017,Cambridge city,census
CAM00521,Match,"633 CAMBRIDGE ST, CAMBRIDGE, MA, 02141",-71.086958833578,42.371988963434,25,017,Cambridge city,census
CAM00522,Match,"20 LAMBERT ST, CAMBRIDGE, MA, 02141",-71.086536162721,42.372781241518,25,017,Cambridge city,census
CAM00523,Match,"1 6TH ST, CAMBRIDGE, MA, 02141",-71.084709741904,42.372313435428,25,017,Cambridge city,census
CAM00524,Match,"9 6TH ST, CAMBRIDGE, MA, 02141",-71.084773413536,42.372044495023,25,017,Cambridge city,census
CAM00525,Match,"11 6TH ST, CAMBRIDGE, MA, 02141",-71.084789331445,42.371977259922,25,017,Cambridge city,census
CAM00526,Match,"13 6TH ST, CAMBRIDGE, MA, 02141",-71.084805249353,42.37191002482,25,017,Cambridge city,census
CAM00527,Match,"527 CAMBRIDGE ST, CAMBRIDGE, MA, 02141",-71.085173739308,42.371752504737,25,017,Cambridge city,census
CAM00528,Match,"555 CAMBRIDGE ST, CAMBRIDGE, MA, 02141",-71.085648572791,42.371815985924,25,017,Cambridge city,census
CAM00529,Match,"645 CAMBRIDGE ST, CAMBRIDGE, MA, 02141",-71.087193627463,42.372021274534,25,017,Cambridge city,census
CAM00530,Match,"21 LAMBERT ST, CAMBRIDGE, MA, 02141",-71.086688381653,42.372809460394,25,017,Cambridge city,census
CAM00531,Match,"25 LAMBERT ST, CAMBRIDGE, MA, 02141",-71.086711209259,42.372769423774,25,017,Cambridge city,census
CAM00532,Match,"29 LAMBERT ST, CAMBRIDGE, MA, 02141",-71.086734036866,42.372729387153,25,017,Cambridge city,census
CAM00533,Match,"154 GORE ST, CAMBRIDGE, MA, 02141",-71.085178688228,42.372504031497,25,017,Cambridge city,census
CAM00534,Match,"6 7TH ST, CAMBRIDGE, MA, 02141",-71.085154250924,42.372429513191,25,017,Cambridge city,census
CAM00535,Match,"20 7TH ST, CAMBRIDGE, MA, 02141",-71.085301972796,42.372183143239,25,017,Cambridge city,census
CAM00536,Match,"7 6TH ST, CAMBRIDGE, MA, 02141",-71.084757495628,42.372111730124,25,017,Cambridge city,census
CAM00537,Match,"170 GORE ST, CAMBRIDGE, MA, 02141",-71.085633028071,42.37266691304,25,017,Cambridge city,census
CAM00538,Match,"3 LAMBERT ST, CAMBRIDGE, MA, 02141",-71.086585433647,42.372989988266,25,017,Cambridge city,census
CAM00539,Match,"39 HUNTING ST, CAMBRIDGE, MA, 02141",-71.090987384695,42.373785790527,25,017,Cambridge city,census
CAM00540,Match,"31 HUNTING ST, CAMBRIDGE, MA, 02141",-71.091038355757,42.373522427011,25,017,Cambridge city,census
CAM00541,Match,"25 HUNTING ST, CAMBRIDGE, MA, 02141",-71.091079007978,42.373327193774,25,017,Cambridge city,census
CAM00542,Match,"149 WILLOW ST, CAMBRIDGE, MA, 02141",-71.091617943969,42.373068174051,25,017,Cambridge city,census
CAM00543,Match,"145 WILLOW ST, CAMBRIDGE, MA, 02141",-71.091626337379,42.373029811069,25,017,Cambridge city,census
CAM00544,Match,"135 WILLOW ST, CAMBRIDGE, MA, 02141",-71.091647320904,42.372933903613,25,017,Cambridge city,census
CAM00545,Match,"15 HUNTING ST, CAMBRIDGE, MA, 02141",-71.091158050882,42.372999808496,25,017,Cambridge city,census
CAM00546,Match,"129 WILLOW ST, CAMBRIDGE, MA, 02141",-71.091661293476,42.372875027408,25,017,Cambridge city,census
CAM00547,Match,"125 WILLOW ST, CAMBRIDGE, MA, 02141",-71.091671032296,42.372836838363,25,017,Cambridge city,census
CAM00548,Match,"9 HUNTING ST, CAMBRIDGE, MA, 02141",-71.091205476624,42.372803377329,25,017,Cambridge city,census
CAM00549,Match,"119 WILLOW ST, CAMBRIDGE, MA, 02141",-71.091685640525,42.372779554796,25,017,Cambridge city,census
CAM00550,Match,"877 CAMBRIDGE ST, CAMBRIDGE, MA, 02141",-71.091475314898,42.372571503966,25,017,Cambridge city,census
CAM00551,Match,"871 CAMBRIDGE ST, CAMBRIDGE, MA, 02141",-71.09140605614,42.372561690887,25,017,Cambridge city,census
CAM00552,Match,"45 HARDING ST, CAMBRIDGE, MA, 02141",-71.090410374455,42.373895431397,25,017,Cambridge city,census
CAM00553,Match,"43 HARDING ST, CAMBRIDGE, MA, 02141",-71.09042067912,42.373849122021,25,017,Cambridge city,census
CAM00554,Match,"30 HUNTING ST, CAMBRIDGE, MA, 02141",-71.090879708906,42.373532543992,25,017,Cambridge city,census
CAM00555,Match,"22 HUNTING ST, CAMBRIDGE, MA, 02141",-71.090942117493,42.373241594798,25,017,Cambridge city,census
CAM00556,Match,"19 HARDING ST, CAMBRIDGE, MA, 02141",-71.09059621826,42.373035972729,25,017,Cambridge city,census
CAM00557,Match,"18 HUNTING ST, CAMBRIDGE, MA, 02141",-71.090976896371,42.373097545276,25,017,Cambridge city,census
CAM00558,Match,"7 HARDING ST, CAMBRIDGE, MA, 02141",-71.090682331497,42.372663410423,25,017,Cambridge city,census
CAM00559,Match,"48 HARDING ST, CAMBRIDGE, MA, 02141",-71.090277925856,42.373784224646,25,017,Cambridge city,census
CAM00560,Match,"81 PORTER ST, CAMBRIDGE, MA, 02141",-71.089919833259,42.373741012462,25,017,Cambridge city,census
CAM00561,Match,"37 PORTER ST, CAMBRIDGE, MA, 02141",-71.08904436442,42.37363524776,25,017,Cambridge city,census
CAM00562,Match,"15 PORTER ST, CAMBRIDGE, MA, 02141",-71.088445928693,42.373556102487,25,017,Cambridge city,census
CAM00563,Match,"7 PORTER ST, CAMBRIDGE, MA, 02141",-71.088197423926,42.373517648983,25,017,Cambridge city,census
CAM00564,Match,"34 HARDING ST, CAMBRIDGE, MA, 02141",-71.090349846186,42.373444285949,25,017,Cambridge city,census
CAM00565,Match,"68 PORTER ST, CAMBRIDGE, MA, 02141",-71.089673836278,42.373595180136,25,017,Cambridge city,census
CAM00566,Match,"52 PORTER ST, CAMBRIDGE, MA, 02141",-71.08933827574,42.373554641332,25,017,Cambridge city,census
CAM00567,Match,"48 PORTER ST, CAMBRIDGE, MA, 02141",-71.089254385606,42.373544506631,25,017,Cambridge city,census
CAM00568,Match,"42 PORTER ST, CAMBRIDGE, MA, 02141",-71.089128550404,42.373529304579,25,017,Cambridge city,census
CAM00569,Match,"10 PORTER ST, CAMBRIDGE, MA, 02141",-71.088266498656,42.373411259411,25,017,Cambridge city,census
CAM00570,Match,"35 WARREN ST, CAMBRIDGE, MA, 02141",-71.088118845224,42.37307163181,25,017,Cambridge city,census
CAM00571,Match,"33 WARREN ST, CAMBRIDGE, MA, 02141",-71.088129882441,42.373028256347,25,017,Cambridge city,census
CAM00572,Match,"7 JEFFERSON ST, CAMBRIDGE, MA, 02141",-71.088425324329,42.373013196959,25,017,Cambridge city,census
CAM00573,Match,"9 JEFFERSON ST, CAMBRIDGE, MA, 02141",-71.088518905886,42.373023279197,25,017,Cambridge city,census
CAM00574,Match,"13 JEFFERSON ST, CAMBRIDGE, MA, 02141",-71.088706069001,42.373043443672,25,017,Cambridge city,census
CAM00575,Match,"19 JEFFERSON ST, CAMBRIDGE, MA, 02141",-71.088930340429,42.373070298978,25,017,Cambridge city,census
CAM00576,Match,"21 JEFFERSON ST, CAMBRIDGE, MA, 02141",-71.088966795206,42.373074887808,25,017,Cambridge city,census
CAM00577,Match,"27 JEFFERSON ST, CAMBRIDGE, MA, 02141",-71.089076159539,42.373088654295,25,017,Cambridge city,census
CAM00578,Match,"29 JEFFERSON ST, CAMBRIDGE, MA, 02141",-71.089112614317,42.373093243125,25,017,Cambridge city,census
CAM00579,Match,"33 JEFFERSON ST, CAMBRIDGE, MA, 02141",-71.089185523872,42.373102420783,25,017,Cambridge city,census
CAM00580,Match,"37 JEFFERSON ST, CAMBRIDGE, MA, 02141",-71.089258433427,42.373111598442,25,017,Cambridge city,census
CAM00581,Match,"39 JEFFERSON ST, CAMBRIDGE, MA, 02141",-71.089294888205,42.373116187271,25,017,Cambridge city,census
CAM00582,Match,"32 HARDING ST, CAMBRIDGE, MA, 02141",-71.090357779246,42.373406400201,25,017,Cambridge city,census
CAM00583,Match,"42 JEFFERSON ST, CAMBRIDGE, MA, 02141",-71.089315333128,42.373002517765,25,017,Cambridge city,census
CAM00584,Match,"36 JEFFERSON ST, CAMBRIDGE, MA, 02141",-71.089197556155,42.372987692317,25,017,Cambridge city,census
CAM00585,Match,"34 JEFFERSON ST, CAMBRIDGE, MA, 02141",-71.089158297163,42.372982750501,25,017,Cambridge city,census
CAM00586,Match,"32 JEFFERSON ST, CAMBRIDGE, MA, 02141",-71.089119038172,42.372977808685,25,017,Cambridge city,census
CAM00587,Match,"20 JEFFERSON ST, CAMBRIDGE, MA, 02141",-71.088883484225,42.372948157788,25,017,Cambridge city,census
CAM00588,Match,"23 MARION ST, CAMBRIDGE, MA, 02141",-71.088992232886,42.372408944103,25,017,Cambridge city,census
CAM00589,Match,"747 CAMBRIDGE ST, CAMBRIDGE, MA, 02141",-71.089284711347,42.37228869349,25,017,Cambridge city,census
CAM00590,Match,"757 CAMBRIDGE ST, CAMBRIDGE, MA, 02141",-71.089404196736,42.372304284172,25,017,Cambridge city,census
CAM00591,Match,"777 CAMBRIDGE ST, CAMBRIDGE, MA, 02141",-71.089643167516,42.372335465537,25,017,Cambridge city,census
CAM00592,Match,"781 CAMBRIDGE ST, CAMBRIDGE, MA, 02141",-71.089831096487,42.372360081226,25,017,Cambridge city,census
CAM00593,Match,"803 CAMBRIDGE ST, CAMBRIDGE, MA, 02141",-71.09021922214,42.372411052724,25,017,Cambridge city,census
CAM00594,Match,"12 HARDING ST, CAMBRIDGE, MA, 02141",-71.090493555138,42.372799356287,25,017,Cambridge city,census
CAM00595,Match,"14 HARDING ST, CAMBRIDGE, MA, 02141",-71.090477767711,42.372867659377,25,017,Cambridge city,census
CAM00596,Match,"8 JEFFERSON ST, CAMBRIDGE, MA, 02141",-71.088377521557,42.372892243257,25,017,Cambridge city,census
CAM00597,Match,"6 JEFFERSON ST, CAMBRIDGE, MA, 02141",-71.088307335389,42.372884681579,25,017,Cambridge city,census
CAM00598,Match,"25 WARREN ST, CAMBRIDGE, MA, 02141",-71.088191438712,42.372770318126,25,017,Cambridge city,census
CAM00599,Match,"48 WARREN ST, CAMBRIDGE, MA, 02141",-71.087817663691,42.37352715997,25,017,Somerville city,census
CAM00600,Match,"5 WARREN ST, CAMBRIDGE, MA, 02141",-71.0883065597,42.372266747719,25,017,Cambridge city,census
CAM00601,Match,"44 WARREN ST, CAMBRIDGE, MA, 02141",-71.087889144646,42.37335408922,25,017,Cambridge city,census
CAM00602,Match,"40 WARREN ST, CAMBRIDGE, MA, 02141",-71.087913978383,42.373256494431,25,017,Cambridge city,census
CAM00603,Match,"38 WARREN ST, CAMBRIDGE, MA, 02141",-71.087926395252,42.373207697036,25,017,Cambridge city,census
CAM00604,Match,"16 WARREN ST, CAMBRIDGE, MA, 02141",-71.08808262621,42.372558199385,25,017,Cambridge city,census
CAM00605,Match,"76 PORTER ST, CAMBRIDGE, MA, 02141",-71.089841616547,42.373615449539,25,017,Cambridge city,census
CAM00606,Match,"43 JEFFERSON ST, CAMBRIDGE, MA, 02141",-71.08936779776,42.37312536493,25,017,Cambridge city,census
CAM00607,Match,"18 HARDING ST, CAMBRIDGE, MA, 02141",-71.090446192857,42.373004265556,25,017,Cambridge city,census
CAM00608,Match,"839 CAMBRIDGE ST, CAMBRIDGE, MA, 02141",-71.090897365674,42.372496714136,25,017,Cambridge city,census
CAM00609,Match,"36 HUNTING ST, CAMBRIDGE, MA, 02141",-71.090837657779,42.373749818893,25,017,Cambridge city,census
CAM00610,Match,"38 HUNTING ST, CAMBRIDGE, MA, 02141",-71.090823640737,42.37382224386,25,017,Cambridge city,census
CAM00611,Match,"137 WILLOW ST, CAMBRIDGE, MA, 02141",-71.091643124199,42.372953085104,25,017,Cambridge city,census
CAM00612,Match,"17 HUNTING ST, CAMBRIDGE, MA, 02141",-71.091142242301,42.373065285551,25,017,Cambridge city,census
CAM00613,Match,"9 HARDING ST, CAMBRIDGE, MA, 02141",-71.090667979291,42.372725504141,25,017,Cambridge city,census
CAM00614,Match,"8 PORTER ST, CAMBRIDGE, MA, 02141",-71.088210585084,42.373402607373,25,017,Cambridge city,census
CAM00615,Match,"20 HUNTING ST, CAMBRIDGE, MA, 02141",-71.090959506932,42.373169570037,25,017,Cambridge city,census
CAM00616,Match,"22 HARDING ST, CAMBRIDGE, MA, 02141",-71.090414618003,42.373140871735,25,017,Cambridge city,census
CAM00617,Match,"20 HARDING ST, CAMBRIDGE, MA, 02141",-71.09043040543,42.373072568645,25,017,Cambridge city,census
CAM00618,Match,"795 CAMBRIDGE ST, CAMBRIDGE, MA, 02141",-71.090078085539,42.372392517634,25,017,Cambridge city,census
CAM00619,Match,"17 MARION ST, CAMBRIDGE, MA, 02141",-71.089000914244,42.372366472507,25,017,Cambridge city,census
CAM00620,Match,"15 MARION ST, CAMBRIDGE, MA, 02141",-71.08900380803,42.372352315308,25,017,Cambridge city,census
CAM00621,Match,"35 HARDING ST, CAMBRIDGE, MA, 02141",-71.090480467954,42.373570049213,25,017,Cambridge city,census
CAM00622,Match,"3 JEFFERSON ST, CAMBRIDGE, MA, 02141",-71.088238161214,42.372993032483,25,017,Cambridge city,census
CAM00623,Match,"29 WARREN ST, CAMBRIDGE, MA, 02141",-71.088168414515,42.372871032207,25,017,Cambridge city,census
CAM00624,Match,"5 HUNTING ST, CAMBRIDGE, MA, 02141",-71.091237093786,42.372672423217,25,017,Cambridge city,census
CAM00625,Match,"15 WARREN ST, CAMBRIDGE, MA, 02141",-71.088248999206,42.372518532923,25,017,Cambridge city,census
CAM00626,Match,"12 HUNTING ST, CAMBRIDGE, MA, 02141",-71.091029064688,42.372881470992,25,017,Cambridge city,census
CAM00627,Match,"6 HUNTING ST, CAMBRIDGE, MA, 02141",-71.091081233004,42.372665396708,25,017,Cambridge city,census
CAM00628,Match,"725 CAMBRIDGE ST, CAMBRIDGE, MA, 02141",-71.089021843489,42.372254393989,25,017,Cambridge city,census
CAM00629,Match,"731 CAMBRIDGE ST, CAMBRIDGE, MA, 02141",-71.089093534723,42.372263748398,25,017,Cambridge city,census
CAM00630,Match,"16 WARREN ST, CAMBRIDGE, MA, 02141",-71.08808262621,42.372558199385,25,017,Cambridge city,census
CAM00631,Match,"38 JEFFERSON ST, CAMBRIDGE, MA, 02141",-71.089236815146,42.372992634133,25,017,Cambridge city,census
CAM00632,Match,"40 JEFFERSON ST, CAMBRIDGE, MA, 02141",-71.089276074137,42.372997575949,25,017,Cambridge city,census
CAM00633,Match,"71 PORTER ST, CAMBRIDGE, MA, 02141",-71.089720863069,42.37371697503,25,017,Cambridge city,census
CAM00634,Match,"73 PORTER ST, CAMBRIDGE, MA, 02141",-71.089760657107,42.373721782516,25,017,Cambridge city,census
CAM00635,Match,"94 BERKSHIRE ST, CAMBRIDGE, MA, 02141",-71.090525124197,42.370749603939,25,017,Cambridge city,census
CAM00636,Match,"98 BERKSHIRE ST, CAMBRIDGE, MA, 02141",-71.090462807623,42.370858071781,25,017,Cambridge city,census
CAM00637,Match,"102 BERKSHIRE ST, CAMBRIDGE, MA, 02141",-71.090400491048,42.370966539623,25,017,Cambridge city,census
CAM00638,Match,"146 BERKSHIRE ST, CAMBRIDGE, MA, 02141",-71.089933792118,42.37179593619,25,017,Cambridge city,census
CAM00639,Match,"716 CAMBRIDGE ST, CAMBRIDGE, MA, 02141",-71.088750692034,42.372098859995,25,017,Cambridge city,census
CAM00640,Match,"439 CARDINAL MEDEIROS AVE, CAMBRIDGE, MA, 02141",-71.088841196221,42.371591011319,25,017,Cambridge city,census
CAM00641,Match,"383 CARDINAL MEDEIROS AVE, CAMBRIDGE, MA, 02141",-71.089242062024,42.370874113422,25,017,Cambridge city,census
CAM00642,Match,"375 CARDINAL MEDEIROS AVE, CAMBRIDGE, MA, 02141",-71.089325603841,42.37072194639,25,017,Cambridge city,census
CAM00643,Match,"369 CARDINAL MEDEIROS AVE, CAMBRIDGE, MA, 02141",-71.089388260205,42.370607821115,25,017,Cambridge city,census
CAM00644,Match,"11 MARNEY ST, CAMBRIDGE, MA, 02141",-71.089620446104,42.370431122034,25,017,Cambridge city,census
CAM00645,Match,"31 MARNEY ST, CAMBRIDGE, MA, 02141",-71.089829270025,42.370477692811,25,017,Cambridge city,census
CAM00646,Match,"106 BERKSHIRE ST, CAMBRIDGE, MA, 02141",-71.090338174474,42.371075007465,25,017,Cambridge city,census
CAM00647,Match,"112 BERKSHIRE ST, CAMBRIDGE, MA, 02141",-71.090244699612,42.371237709228,25,017,Cambridge city,census
CAM00648,Match,"122 BERKSHIRE ST, CAMBRIDGE, MA, 02141",-71.090088908175,42.371508878833,25,017,Cambridge city,census
CAM00649,Match,"395 CARDINAL MEDEIROS AVE, CAMBRIDGE, MA, 02141",-71.089116749297,42.37110236397,25,017,Cambridge city,census
CAM00650,Match,"124 BERKSHIRE ST, CAMBRIDGE, MA, 02141",-71.090029432444,42.371616346646,25,017,Cambridge city,census
CAM00651,Match,"25 MARCELLA ST, CAMBRIDGE, MA, 02141",-71.0892622096,42.371365808246,25,017,Cambridge city,census
CAM00652,Match,"21 MARCELLA ST, CAMBRIDGE, MA, 02141",-71.089220823847,42.371352419088,25,017,Cambridge city,census
CAM00653,Match,"17 MARCELLA ST, CAMBRIDGE, MA, 02141",-71.089179438095,42.371339029929,25,017,Cambridge city,census
CAM00654,Match,"13 MARCELLA ST, CAMBRIDGE, MA, 02141",-71.089138052342,42.37132564077,25,017,Cambridge city,census
CAM00655,Match,"417 CARDINAL MEDEIROS AVE, CAMBRIDGE, MA, 02141",-71.08893885042,42.37141454683,25,017,Cambridge city,census
CAM00656,Match,"3 MARCELLA ST, CAMBRIDGE, MA, 02141",-71.08903458796,42.371292167874,25,017,Cambridge city,census
CAM00657,Match,"9 MARCELLA ST, CAMBRIDGE, MA, 02141",-71.089096666589,42.371312251612,25,017,Cambridge city,census
CAM00658,Match,"27 MARNEY ST, CAMBRIDGE, MA, 02141",-71.089786467926,42.370464822685,25,017,Cambridge city,census
CAM00659,Match,"19 MARNEY ST, CAMBRIDGE, MA, 02141",-71.089710462648,42.370446600264,25,017,Cambridge city,census
CAM00660,Match,"22 MARCELLA ST, CAMBRIDGE, MA, 02141",-71.089287352604,42.371248845383,25,017,Cambridge city,census
CAM00661,Match,"18-20 MARCELLA ST, CAMBRIDGE, MA, 02141",-71.089283041588,42.371247450679,25,017,Cambridge city,census
CAM00662,Match,"16 MARCELLA ST, CAMBRIDGE, MA, 02141",-71.08922398067,42.371228343234,25,017,Cambridge city,census
CAM00663,Match,"14 MARCELLA ST, CAMBRIDGE, MA, 02141",-71.089202856692,42.371221509184,25,017,Cambridge city,census
CAM00664,Match,"427 CARDINAL MEDEIROS AVE, CAMBRIDGE, MA, 02141",-71.088891628916,42.371495310595,25,017,Cambridge city,census
CAM00665,Match,"429 CARDINAL MEDEIROS AVE, CAMBRIDGE, MA, 02141",-71.088882184615,42.371511463348,25,017,Cambridge city,census
CAM00666,Match,"732 CAMBRIDGE ST, CAMBRIDGE, MA, 02141",-71.089048820832,42.372141549036,25,017,Cambridge city,census
CAM00667,Match,"437 CARDINAL MEDEIROS AVE, CAMBRIDGE, MA, 02141",-71.088849542379,42.371574531779,25,017,Cambridge city,census
CAM00668,Match,"411 CARDINAL MEDEIROS AVE, CAMBRIDGE, MA, 02141",-71.088967183322,42.371366088571,25,017,Cambridge city,census
CAM00669,Match,"379 CARDINAL MEDEIROS AVE, CAMBRIDGE, MA, 02141",-71.089283832932,42.370798029906,25,017,Cambridge city,census
CAM00670,Match,"377A CARDINAL MEDEIROS AVE, CAMBRIDGE, MA, 02141",-71.089304718387,42.370759988148,25,017,Cambridge city,census
CAM00671,Match,"114 BERKSHIRE ST, CAMBRIDGE, MA, 02141",-71.090213541324,42.371291943149,25,017,Cambridge city,census
CAM00672,Match,"120 BERKSHIRE ST, CAMBRIDGE, MA, 02141",-71.090120066462,42.371454644912,25,017,Cambridge city,census
CAM00673,Match,"5 BERKSHIRE ST, CAMBRIDGE, MA, 02141",-71.092136792557,42.36825834947,25,017,Cambridge city,census
CAM00674,Match,"120R BERKSHIRE ST, CAMBRIDGE, MA, 02141",-71.090120066462,42.371454644912,25,017,Cambridge city,census
CAM00675,Match,"52 BERKSHIRE ST, CAMBRIDGE, MA, 02141",-71.091163384233,42.36967623795,25,017,Cambridge city,census
CAM00676,Match,"56 BERKSHIRE ST, CAMBRIDGE, MA, 02141",-71.091118909127,42.36975623851,25,017,Cambridge city,census
CAM00677,Match,"60 BERKSHIRE ST, CAMBRIDGE, MA, 02141",-71.091074434022,42.369836239071,25,017,Cambridge city,census
CAM00678,Match,"317 CARDINAL MEDEIROS AVE, CAMBRIDGE, MA, 02141",-71.090013073266,42.369515893817,25,017,Cambridge city,census
CAM00679,Match,"313 CARDINAL MEDEIROS AVE, CAMBRIDGE, MA, 02141",-71.090052651134,42.369443220491,25,017,Cambridge city,census
CAM00680,Match,"309 CARDINAL MEDEIROS AVE, CAMBRIDGE, MA, 02141",-71.090092229002,42.369370547165,25,017,Cambridge city,census
CAM00681,Match,"68 BERKSHIRE ST, CAMBRIDGE, MA, 02141",-71.090947231773,42.370059321361,25,017,Cambridge city,census
CAM00682,Match,"90 BERKSHIRE ST, CAMBRIDGE, MA, 02141",-71.090619662548,42.370589090159,25,017,Cambridge city,census
CAM00683,Match,"28 MARNEY ST, CAMBRIDGE, MA, 02141",-71.08985073354,42.370360427824,25,017,Cambridge city,census
CAM00684,Match,"24 MARNEY ST, CAMBRIDGE, MA, 02141",-71.089807039732,42.37034728957,25,017,Cambridge city,census
CAM00685,Match,"20 MARNEY ST, CAMBRIDGE, MA, 02141",-71.08974984125,42.3703357173,25,017,Cambridge city,census
CAM00686,Match,"16 MARNEY ST, CAMBRIDGE, MA, 02141",-71.089703895305,42.370327816954,25,017,Cambridge city,census
CAM00687,Match,"19 HARDWICK ST, CAMBRIDGE, MA, 02141",-71.090083410469,42.369792760148,25,017,Cambridge city,census
CAM00688,Match,"23 HARDWICK ST, CAMBRIDGE, MA, 02141",-71.090126661845,42.369806202356,25,017,Cambridge city,census
CAM00689,Match,"27 HARDWICK ST, CAMBRIDGE, MA, 02141",-71.090169913221,42.369819644564,25,017,Cambridge city,census
CAM00690,Match,"6 MARNEY ST, CAMBRIDGE, MA, 02141",-71.089589030444,42.370308066088,25,017,Cambridge city,census
CAM00691,Match,"351 CARDINAL MEDEIROS AVE, CAMBRIDGE, MA, 02141",-71.089616311459,42.37020437317,25,017,Cambridge city,census
CAM00692,Match,"12 HARDWICK ST, CAMBRIDGE, MA, 02141",-71.090040932599,42.369662401785,25,017,Cambridge city,census
CAM00693,Match,"24 HARDWICK ST, CAMBRIDGE, MA, 02141",-71.090191759387,42.369702116309,25,017,Cambridge city,census
CAM00694,Match,"26 HARDWICK ST, CAMBRIDGE, MA, 02141",-71.090213835611,42.369708977435,25,017,Cambridge city,census
CAM00695,Match,"20 HARDWICK ST, CAMBRIDGE, MA, 02141",-71.090147606941,42.369688394055,25,017,Cambridge city,census
CAM00696,Match,"16 HARDWICK ST, CAMBRIDGE, MA, 02141",-71.090103454494,42.369674671801,25,017,Cambridge city,census
CAM00697,Match,"345 CARDINAL MEDEIROS AVE, CAMBRIDGE, MA, 02141",-71.089680577449,42.370095403636,25,017,Cambridge city,census
CAM00698,Match,"301 CARDINAL MEDEIROS AVE, CAMBRIDGE, MA, 02141",-71.090171384738,42.369225200513,25,017,Cambridge city,census
CAM00699,Match,"303 CARDINAL MEDEIROS AVE, CAMBRIDGE, MA, 02141",-71.090151595804,42.369261537176,25,017,Cambridge city,census
CAM00700,Match,"46 BERKSHIRE ST, CAMBRIDGE, MA, 02141",-71.09123009689,42.369556237109,25,017,Cambridge city,census
CAM00701,Match,"48 BERKSHIRE ST, CAMBRIDGE, MA, 02141",-71.091207859338,42.369596237389,25,017,Cambridge city,census
CAM00702,Match,"76 BERKSHIRE ST, CAMBRIDGE, MA, 02141",-71.090828133742,42.370251973797,25,017,Cambridge city,census
CAM00703,Match,"21 YORK PL, CAMBRIDGE, MA, 02141",-71.090439776929,42.36919690543,25,017,Cambridge city,census
CAM00704,Match,"17 YORK PL, CAMBRIDGE, MA, 02141",-71.090395768159,42.369184532498,25,017,Cambridge city,census
CAM00705,Match,"66 BERKSHIRE ST, CAMBRIDGE, MA, 02141",-71.091007721365,42.369956239912,25,017,Cambridge city,census
CAM00706,Match,"64 BERKSHIRE ST, CAMBRIDGE, MA, 02141",-71.091029958917,42.369916239632,25,017,Cambridge city,census
CAM00707,Match,"2 HARDWICK ST, CAMBRIDGE, MA, 02141",-71.089923071444,42.369646751077,25,017,Cambridge city,census
CAM00708,Match,"8 HARDWICK ST, CAMBRIDGE, MA, 02141",-71.089993788137,42.369656141502,25,017,Cambridge city,census
CAM00709,Match,"341 CARDINAL MEDEIROS AVE, CAMBRIDGE, MA, 02141",-71.089723411985,42.370022723201,25,017,Cambridge city,census
CAM00710,Match,"9 WEBSTER AVE, CAMBRIDGE, MA, 02141",-71.092359573152,42.366990213911,25,017,Cambridge city,census
CAM00711,Match,"49 WEBSTER AVE, CAMBRIDGE, MA, 02141",-71.092709362731,42.368071640045,25,017,Cambridge city,census
CAM00712,Match,"53 WEBSTER AVE, CAMBRIDGE, MA, 02141",-71.092772696763,42.368269439269,25,017,Cambridge city,census
CAM00713,Match,"40 BRISTOL ST, CAMBRIDGE, MA, 02141",-71.092428748465,42.368133972533,25,017,Cambridge city,census
CAM00714,Match,"36 BRISTOL ST, CAMBRIDGE, MA, 02141",-71.092298487456,42.368099091569,25,017,Cambridge city,census
CAM00715,Match,"26 BRISTOL ST, CAMBRIDGE, MA, 02141",-71.091894321095,42.367972117742,25,017,Cambridge city,census
CAM00716,Match,"73 WEBSTER AVE, CAMBRIDGE, MA, 02141",-71.092863834197,42.368549939456,25,017,Cambridge city,census
CAM00717,Match,"77 WEBSTER AVE, CAMBRIDGE, MA, 02141",-71.092876066954,42.368587453255,25,017,Cambridge city,census
CAM00718,Match,"81 WEBSTER AVE, CAMBRIDGE, MA, 02141",-71.09288829971,42.368624967054,25,017,Cambridge city,census
CAM00719,Tie,,,,,,,
CAM00720,No_Match,,,,,,,
CAM00721,Match,"50 PLYMOUTH ST, CAMBRIDGE, MA, 02141",-71.092792890814,42.369046530688,25,017,Cambridge city,census
CAM00722,Match,"46 PLYMOUTH ST, CAMBRIDGE, MA, 02141",-71.092643588765,42.368987976086,25,017,Cambridge city,census
CAM00723,Match,"40 PLYMOUTH ST, CAMBRIDGE, MA, 02141",-71.092419635692,42.368900144185,25,017,Cambridge city,census
CAM00724,Match,"37 BRISTOL ST, CAMBRIDGE, MA, 02141",-71.092245638448,42.368206825472,25,017,Cambridge city,census
CAM00725,Match,"45 BRISTOL ST, CAMBRIDGE, MA, 02141",-71.092506160467,42.368276587399,25,017,Cambridge city,census
CAM00726,Match,"49 BRISTOL ST, CAMBRIDGE, MA, 02141",-71.092636421476,42.368311468362,25,017,Cambridge city,census
CAM00727,Match,"12 BERKSHIRE PL, CAMBRIDGE, MA, 02141",-71.090933888524,42.3681687419,25,017,Cambridge city,census
CAM00728,Match,"9 BRISTOL ST, CAMBRIDGE, MA, 02141",-71.091278293902,42.367896616307,25,017,Cambridge city,census
CAM00729,Match,"51 PLYMOUTH ST, CAMBRIDGE, MA, 02141",-71.092720169395,42.369147745837,25,017,Cambridge city,census
CAM00730,Match,"10 HAMLIN ST, CAMBRIDGE, MA, 02141",-71.092709738215,42.369207593773,25,017,Cambridge city,census
CAM00731,Match,"14 HAMLIN ST, CAMBRIDGE, MA, 02141",-71.092700442316,42.369230273966,25,017,Cambridge city,census
CAM00732,Match,"37 BERKSHIRE ST, CAMBRIDGE, MA, 02141",-71.091780334755,42.36888826778,25,017,Cambridge city,census
CAM00733,Match,"23 BERKSHIRE ST, CAMBRIDGE, MA, 02141",-71.091810688134,42.368832504093,25,017,Cambridge city,census
CAM00734,Match,"27 PLYMOUTH ST, CAMBRIDGE, MA, 02141",-71.091998537989,42.368884859404,25,017,Cambridge city,census
CAM00735,Match,"49 PLYMOUTH ST, CAMBRIDGE, MA, 02141",-71.092660448576,42.369124323997,25,017,Cambridge city,census
CAM00736,Match,"16 VANDINE ST, CAMBRIDGE, MA, 02141",-71.0905953379,42.368814396347,25,017,Cambridge city,census
CAM00737,Match,"281 CARDINAL MEDEIROS AVE, CAMBRIDGE, MA, 02141",-71.090443021653,42.368772227735,25,017,Cambridge city,census
CAM00738,Match,"279 CARDINAL MEDEIROS AVE, CAMBRIDGE, MA, 02141",-71.090467007172,42.368736626876,25,017,Cambridge city,census
CAM00739,Match,"273 CARDINAL MEDEIROS AVE, CAMBRIDGE, MA, 02141",-71.090538963727,42.368629824296,25,017,Cambridge city,census
CAM00740,Match,"7 PLYMOUTH ST, CAMBRIDGE, MA, 02141",-71.090998969128,42.368560122993,25,017,Cambridge city,census
CAM00741,Match,"11 PLYMOUTH ST, CAMBRIDGE, MA, 02141",-71.091222554103,42.368633160335,25,017,Cambridge city,census
CAM00742,Match,"17 PLYMOUTH ST, CAMBRIDGE, MA, 02141",-71.091557931566,42.368742716348,25,017,Cambridge city,census
CAM00743,Match,"17 VANDINE ST, CAMBRIDGE, MA, 02141",-71.09055451561,42.368925935244,25,017,Cambridge city,census
CAM00744,Match,"7 VANDINE ST, CAMBRIDGE, MA, 02141",-71.090446077798,42.368892754983,25,017,Cambridge city,census
CAM00745,Match,"10 BRISTOL ST, CAMBRIDGE, MA, 02141",-71.091349439832,42.367793884033,25,017,Cambridge city,census
CAM00746,Match,"6 BRISTOL ST, CAMBRIDGE, MA, 02141",-71.091211025367,42.367756026733,25,017,Cambridge city,census
CAM00747,Match,"233 CARDINAL MEDEIROS AVE, CAMBRIDGE, MA, 02141",-71.091074385566,42.367721182882,25,017,Cambridge city,census
CAM00748,Match,"45 WEBSTER AVE, CAMBRIDGE, MA, 02141",-71.092646028699,42.367873840821,25,017,Cambridge city,census
CAM00749,Match,"30 BERKSHIRE ST, CAMBRIDGE, MA, 02141",-71.091502013233,42.369092465414,25,017,Cambridge city,census
CAM00750,Match,"28 BERKSHIRE ST, CAMBRIDGE, MA, 02141",-71.091544291154,42.369014794564,25,017,Cambridge city,census
CAM00751,Match,"19 PLYMOUTH ST, CAMBRIDGE, MA, 02141",-71.091669724054,42.368779235019,25,017,Cambridge city,census
CAM00752,Match,"24 BERKSHIRE ST, CAMBRIDGE, MA, 02141",-71.091628846996,42.368859452865,25,017,Cambridge city,census
CAM00753,Match,"18 BRISTOL ST, CAMBRIDGE, MA, 02141",-71.091625812838,42.367881509357,25,017,Cambridge city,census
CAM00754,Match,"14 VANDINE ST, CAMBRIDGE, MA, 02141",-71.090573198514,42.368807622044,25,017,Cambridge city,census
CAM00755,Match,"15 BERKSHIRE ST, CAMBRIDGE, MA, 02141",-71.092040596292,42.368426537915,25,017,Cambridge city,census
CAM00756,Match,"38 PLYMOUTH ST, CAMBRIDGE, MA, 02141",-71.092339371334,42.368868971382,25,017,Cambridge city,census
CAM00757,Match,"10 BERKSHIRE ST, CAMBRIDGE, MA, 02141",-71.091972549495,42.368251119954,25,017,Cambridge city,census
CAM00758,Match,"63 HAMPSHIRE ST, CAMBRIDGE, MA, 02139",-71.093158454632,42.367487326851,25,017,Cambridge city,census
CAM00759,Match,"55 HAMPSHIRE ST, CAMBRIDGE, MA, 02139",-71.09284415604,42.367233042851,25,017,Cambridge city,census
CAM00760,Match,"59 HAMPSHIRE ST, CAMBRIDGE, MA, 02139",-71.093001305336,42.367360184851,25,017,Cambridge city,census
CAM00761,Match,"38 BERKSHIRE ST, CAMBRIDGE, MA, 02141",-71.09135965649,42.369329093194,25,017,Cambridge city,census
CAM00762,Match,"34 BERKSHIRE ST, CAMBRIDGE, MA, 02141",-71.0914147385,42.369239922515,25,017,Cambridge city,census
CAM00763,Match,"25 BRISTOL ST, CAMBRIDGE, MA, 02141",-71.091779539899,42.368059362839,25,017,Cambridge city,census
CAM00764,Match,"45 PLYMOUTH ST, CAMBRIDGE, MA, 02141",-71.092541006937,42.369077480316,25,017,Cambridge city,census
CAM00765,Match,"41 PLYMOUTH ST, CAMBRIDGE, MA, 02141",-71.092421565298,42.369030636635,25,017,Cambridge city,census
CAM00766,Match,"32 BRISTOL ST, CAMBRIDGE, MA, 02141",-71.092095702287,42.368040074031,25,017,Cambridge city,census
CAM00767,Match,"8 PLYMOUTH ST, CAMBRIDGE, MA, 02141",-71.09100071008,42.368435399075,25,017,Cambridge city,census
CAM00768,Match,"10 YORK PL, CAMBRIDGE, MA, 02141",-71.090364746839,42.369053202876,25,017,Cambridge city,census
CAM00769,Match,"11 VANDINE ST, CAMBRIDGE, MA, 02141",-71.090489452923,42.368906027087,25,017,Cambridge city,census
CAM00770,Match,"26A PLYMOUTH ST, CAMBRIDGE, MA, 02141",-71.091873980864,42.368720174017,25,017,Cambridge city,census
CAM00771,Match,"28 PLYMOUTH ST, CAMBRIDGE, MA, 02141",-71.091951545942,42.368744973578,25,017,Cambridge city,census
CAM00772,Match,"30 PLYMOUTH ST, CAMBRIDGE, MA, 02141",-71.092029111021,42.368769773139,25,017,Cambridge city,census
CAM00773,Match,"19 BERKSHIRE ST, CAMBRIDGE, MA, 02141",-71.091873575392,42.368719429223,25,017,Cambridge city,census
CAM00774,Match,"5 BERKSHIRE PL, CAMBRIDGE, MA, 02141",-71.091869454159,42.368362531032,25,017,Cambridge city,census
CAM00775,Match,"7 BRISTOL ST, CAMBRIDGE, MA, 02141",-71.091213412121,42.367878870697,25,017,Cambridge city,census
CAM00776,Match,"293 CARDINAL MEDEIROS AVE, CAMBRIDGE, MA, 02141",-71.090288431169,42.369020078334,25,017,Cambridge city,census
CAM00777,Match,"15 VANDINE ST, CAMBRIDGE, MA, 02141",-71.090532828048,42.368919299192,25,017,Cambridge city,census
CAM00778,Match,"24 WEBSTER AVE, CAMBRIDGE, MA, 02141",-71.092697908861,42.367541003346,25,017,Cambridge city,census
CAM00779,Match,"22 BRISTOL ST, CAMBRIDGE, MA, 02141",-71.091760066966,42.367926813549,25,017,Cambridge city,census
CAM00780,Match,"20 BRISTOL ST, CAMBRIDGE, MA, 02141",-71.091692939902,42.367904161453,25,017,Cambridge city,census
CAM00781,Match,"50 YORK ST, CAMBRIDGE, MA, 02141",-71.092239546978,42.369613345432,25,017,Cambridge city,census
CAM00782,Match,"9 PLYMOUTH ST, CAMBRIDGE, MA, 02141",-71.091110761616,42.368596641664,25,017,Cambridge city,census
CAM00783,Match,"1 HAMPSHIRE ST, CAMBRIDGE, MA, 02139",-71.090412589811,42.365249931897,25,017,Cambridge city,census
CAM00784,Match,"221 BROADWAY, CAMBRIDGE, MA, 02139",-71.094189953084,42.36667835522,25,017,Cambridge city,census
CAM00785,Match,"97 MOORE ST, CAMBRIDGE, MA, 02139",-71.093719847903,42.366214965694,25,017,Cambridge city,census
CAM00786,Match,"93-95 MOORE ST, CAMBRIDGE, MA, 02139",-71.093652923084,42.36632039465,25,017,Cambridge city,census
CAM00787,Match,"125 PORTLAND ST, CAMBRIDGE, MA, 02139",-71.092596162852,42.365061535881,25,017,Cambridge city,census
CAM00788,Match,"113 HARVARD ST, CAMBRIDGE, MA, 02139",-71.092959642755,42.365058413706,25,017,Cambridge city,census
CAM00789,Match,"119 HARVARD ST, CAMBRIDGE, MA, 02139",-71.09311393434,42.36513201066,25,017,Cambridge city,census
CAM00790,Match,"127 HARVARD ST, CAMBRIDGE, MA, 02139",-71.0934188598,42.365271304363,25,017,Cambridge city,census
CAM00791,Match,"6 DICKINSON ST, CAMBRIDGE, MA, 02139",-71.094463345312,42.366238687364,25,017,Cambridge city,census
CAM00792,Match,"214 BROADWAY, CAMBRIDGE, MA, 02139",-71.093725823547,42.366364113011,25,017,Cambridge city,census
CAM00793,Match,"131 HARVARD ST, CAMBRIDGE, MA, 02139",-71.093552873972,42.365329139205,25,017,Cambridge city,census
CAM00794,Match,"100 MEMORIAL DR, CAMBRIDGE, MA, 02142",-71.084929621562,42.360041593656,25,017,Cambridge city,census
CAM00795,Match,"64 CHESTNUT ST, CAMBRIDGE, MA, 02139",-71.108202863064,42.356210400391,25,017,Cambridge city,census
CAM00796,Match,"56 CHESTNUT ST, CAMBRIDGE, MA, 02139",-71.108078209357,42.356137859898,25,017,Cambridge city,census
CAM00797,Match,"52 CHESTNUT ST, CAMBRIDGE, MA, 02139",-71.108018211159,42.356101429934,25,017,Cambridge city,census
CAM00798,Match,"283 SIDNEY ST, CAMBRIDGE, MA, 02139",-71.10771861269,42.355809249065,25,017,Cambridge city,census
CAM00799,Match,"289 SIDNEY ST, CAMBRIDGE, MA, 02139",-71.107745563043,42.35578330829,25,017,Cambridge city,census
CAM00800,Match,"47 HENRY ST, CAMBRIDGE, MA, 02139",-71.108379197345,42.355320901599,25,017,Cambridge city,census
CAM00801,Match,"53 HENRY ST, CAMBRIDGE, MA, 02139",-71.108559716647,42.355385071381,25,017,Cambridge city,census
CAM00802,Match,"59 HENRY ST, CAMBRIDGE, MA, 02139",-71.108724959289,42.355479597857,25,017,Cambridge city,census
CAM00803,Match,"63 HENRY ST, CAMBRIDGE, MA, 02139",-71.1088392983,42.355545779491,25,017,Cambridge city,census
CAM00804,Match,"65 HENRY ST, CAMBRIDGE, MA, 02139",-71.108896467805,42.355578870308,25,017,Cambridge city,census
CAM00805,Match,"322 BROOKLINE ST, CAMBRIDGE, MA, 02139",-71.109034884451,42.35633121059,25,017,Cambridge city,census
CAM00806,Match,"20 CHESTNUT ST, CAMBRIDGE, MA, 02139",-71.107236156908,42.355657000371,25,017,Cambridge city,census
CAM00807,Match,"308 BROOKLINE ST, CAMBRIDGE, MA, 02139",-71.108794548216,42.356554504432,25,017,Cambridge city,census
CAM00808,Match,"314 BROOKLINE ST, CAMBRIDGE, MA, 02139",-71.108897549459,42.356458807071,25,017,Cambridge city,census
CAM00809,Match,"320 BROOKLINE ST, CAMBRIDGE, MA, 02139",-71.109000550703,42.356363109711,25,017,Cambridge city,census
CAM00810,Match,"318R BROOKLINE ST, CAMBRIDGE, MA, 02139",-71.108966216955,42.356395008831,25,017,Cambridge city,census
CAM00811,Match,"272 SIDNEY ST, CAMBRIDGE, MA, 02139",-71.107428810239,42.355896153009,25,017,Cambridge city,census
CAM00812,Match,"49 ALLSTON ST, CAMBRIDGE, MA, 02139",-71.105849051987,42.357376900914,25,017,Cambridge city,census
CAM00813,Match,"43 ALLSTON ST, CAMBRIDGE, MA, 02139",-71.105788795167,42.357341228366,25,017,Cambridge city,census
CAM00814,Match,"204 SIDNEY ST, CAMBRIDGE, MA, 02139",-71.105436866357,42.3577361284,25,017,Cambridge city,census
CAM00815,Match,"266 SIDNEY ST, CAMBRIDGE, MA, 02139",-71.107253267126,42.356051180275,25,017,Cambridge city,census
CAM00816,Match,"262 SIDNEY ST, CAMBRIDGE, MA, 02139",-71.107136014444,42.356156643406,25,017,Cambridge city,census
CAM00817,Match,"625 PUTNAM AVE, CAMBRIDGE, MA, 02139",-71.106301762836,42.356306671732,25,017,Cambridge city,census
CAM00818,Match,"605 PUTNAM AVE, CAMBRIDGE, MA, 02139",-71.106652240927,42.356504183526,25,017,Cambridge city,census
CAM00819,Match,"609 PUTNAM AVE, CAMBRIDGE, MA, 02139",-71.106582145309,42.356464681167,25,017,Cambridge city,census
CAM00820,Match,"240 SIDNEY ST, CAMBRIDGE, MA, 02139",-71.106377288223,42.356871035337,25,017,Cambridge city,census
CAM00821,Match,"100 LANDSDOWNE ST, CAMBRIDGE, MA, 02139",-71.100981343853,42.36016933841,25,017,Cambridge city,census
CAM00822,Match,"20 SIDNEY ST, CAMBRIDGE, MA, 02139",-71.100589226047,42.361963652688,25,017,Cambridge city,census
CAM00823,Match,"233 MASSACHUSETTS AVE, CAMBRIDGE, MA, 02139",-71.097217480172,42.361613484833,25,017,Cambridge city,census
CAM00824,Match,"798 MAIN ST, CAMBRIDGE, MA, 02139",-71.097471988088,42.363209462045,25,017,Cambridge city,census
CAM00825,Match,"884 MAIN ST, CAMBRIDGE, MA, 02139",-71.099229128109,42.36334059689,25,017,Cambridge city,census
CAM00826,Match,"355 MASSACHUSETTS AVE, CAMBRIDGE, MA, 02139",-71.099235774085,42.362842197121,25,017,Cambridge city,census
CAM00827,Match,"616 MAIN ST, CAMBRIDGE, MA, 02139",-71.094409929512,42.362979454114,25,017,Cambridge city,census
CAM00828,Match,"72 SCHOOL ST, CAMBRIDGE, MA, 02139",-71.097400430856,42.36387461273,25,017,Cambridge city,census
CAM00829,Match,"68 SCHOOL ST, CAMBRIDGE, MA, 02139",-71.097362296665,42.363872526567,25,017,Cambridge city,census
CAM00830,Match,"73 SCHOOL ST, CAMBRIDGE, MA, 02139",-71.09725550999,42.363981589777,25,017,Cambridge city,census
CAM00831,Match,"56 CHERRY ST, CAMBRIDGE, MA, 02139",-71.097317139724,42.36418365872,25,017,Cambridge city,census
CAM00832,Match,"109 WINDSOR ST, CAMBRIDGE, MA, 02139",-71.09662950997,42.364157096242,25,017,Cambridge city,census
CAM00833,Match,"71 SCHOOL ST, CAMBRIDGE, MA, 02139",-71.097240680027,42.363980778492,25,017,Cambridge city,census
CAM00834,Match,"120 CHERRY ST, CAMBRIDGE, MA, 02139",-71.096923658991,42.365369806568,25,017,Cambridge city,census
CAM00835,Match,"128 CHERRY ST, CAMBRIDGE, MA, 02139",-71.096883083988,42.365482282857,25,017,Cambridge city,census
CAM00836,Match,"132 CHERRY ST, CAMBRIDGE, MA, 02139",-71.096862796487,42.365538521002,25,017,Cambridge city,census
CAM00837,Match,"170 HARVARD ST, CAMBRIDGE, MA, 02139",-71.096051299298,42.366240509703,25,017,Cambridge city,census
CAM00838,Match,"189 WINDSOR ST, CAMBRIDGE, MA, 02139",-71.095956383477,42.365949692201,25,017,Cambridge city,census
CAM00839,Match,"187 WINDSOR ST, CAMBRIDGE, MA, 02139",-71.09597103215,42.365909698134,25,017,Cambridge city,census
CAM00840,Match,"183 WINDSOR ST, CAMBRIDGE, MA, 02139",-71.096000329497,42.365829709999,25,017,Cambridge city,census
CAM00841,Match,"181 WINDSOR ST, CAMBRIDGE, MA, 02139",-71.09601497817,42.365789715931,25,017,Cambridge city,census
CAM00842,Match,"177 WINDSOR ST, CAMBRIDGE, MA, 02139",-71.096044275516,42.365709727797,25,017,Cambridge city,census
CAM00843,Match,"171 WINDSOR ST, CAMBRIDGE, MA, 02139",-71.096088221536,42.365589745594,25,017,Cambridge city,census
CAM00844,Match,"167 WINDSOR ST, CAMBRIDGE, MA, 02139",-71.096117518883,42.36550975746,25,017,Cambridge city,census
CAM00845,Match,"161 WINDSOR ST, CAMBRIDGE, MA, 02139",-71.096161464903,42.365389775257,25,017,Cambridge city,census
CAM00846,Match,"157 WINDSOR ST, CAMBRIDGE, MA, 02139",-71.096191489808,42.365310578224,25,017,Cambridge city,census
CAM00847,Match,"247 WASHINGTON ST, CAMBRIDGE, MA, 02139",-71.096845652108,42.365053095599,25,017,Cambridge city,census
CAM00848,Match,"241 WASHINGTON ST, CAMBRIDGE, MA, 02139",-71.096778378879,42.365039799106,25,017,Cambridge city,census
CAM00849,Match,"151 WINDSOR ST, CAMBRIDGE, MA, 02139",-71.096237187578,42.3651909539,25,017,Cambridge city,census
CAM00850,Match,"259 WASHINGTON ST, CAMBRIDGE, MA, 02139",-71.096980198564,42.365079688585,25,017,Cambridge city,census
CAM00851,Match,"261 WASHINGTON ST, CAMBRIDGE, MA, 02139",-71.097002622973,42.36508412075,25,017,Cambridge city,census
CAM00852,Match,"191 WINDSOR ST, CAMBRIDGE, MA, 02139",-71.095941734804,42.365989686268,25,017,Cambridge city,census
CAM00853,Match,"174 HARVARD ST, CAMBRIDGE, MA, 02139",-71.096364906301,42.366380399834,25,017,Cambridge city,census
CAM00854,Match,"176 HARVARD ST, CAMBRIDGE, MA, 02139",-71.096521709803,42.3664503449,25,017,Cambridge city,census
CAM00855,Match,"304 WASHINGTON ST, CAMBRIDGE, MA, 02139",-71.098050121634,42.365179802256,25,017,Cambridge city,census
CAM00856,Match,"55 PINE ST, CAMBRIDGE, MA, 02139",-71.098069078276,42.365036421448,25,017,Cambridge city,census
CAM00857,Match,"65 PINE ST, CAMBRIDGE, MA, 02139",-71.098014522445,42.36517147428,25,017,Cambridge city,census
CAM00858,Match,"51 PINE ST, CAMBRIDGE, MA, 02139",-71.098090900608,42.364982400316,25,017,Cambridge city,census
CAM00859,Match,"9 PINE ST, CAMBRIDGE, MA, 02139",-71.098389720092,42.364211961467,25,017,Cambridge city,census
CAM00860,Match,"98 COLUMBIA ST, CAMBRIDGE, MA, 02139",-71.098477842905,42.365837221753,25,017,Cambridge city,census
CAM00861,Match,"132 COLUMBIA ST, CAMBRIDGE, MA, 02139",-71.098060756634,42.366559558076,25,017,Cambridge city,census
CAM00862,Match,"136 COLUMBIA ST, CAMBRIDGE, MA, 02139",-71.098011238561,42.366638634698,25,017,Cambridge city,census
CAM00863,Match,"140 COLUMBIA ST, CAMBRIDGE, MA, 02139",-71.097961720487,42.36671771132,25,017,Cambridge city,census
CAM00864,Match,"146 COLUMBIA ST, CAMBRIDGE, MA, 02139",-71.097887443377,42.366836326253,25,017,Cambridge city,census
CAM00865,Match,"150 COLUMBIA ST, CAMBRIDGE, MA, 02139",-71.097837925304,42.366915402875,25,017,Cambridge city,census
CAM00866,Match,"139 PINE ST, CAMBRIDGE, MA, 02139",-71.0976782131,42.366119303941,25,017,Cambridge city,census
CAM00867,Match,"133 PINE ST, CAMBRIDGE, MA, 02139",-71.097702826838,42.366049350144,25,017,Cambridge city,census
CAM00868,Match,"127 PINE ST, CAMBRIDGE, MA, 02139",-71.097727440575,42.365979396347,25,017,Cambridge city,census
CAM00869,Match,"97 PINE ST, CAMBRIDGE, MA, 02139",-71.097850509262,42.36562962736,25,017,Cambridge city,census
CAM00870,Match,"81 PINE ST, CAMBRIDGE, MA, 02139",-71.097916145895,42.3654430839,25,017,Cambridge city,census
CAM00871,Match,"307 WASHINGTON ST, CAMBRIDGE, MA, 02139",-71.098107385845,42.365312461668,25,017,Cambridge city,census
CAM00872,Match,"17 BISHOP ALLEN DR, CAMBRIDGE, MA, 02139",-71.098959156005,42.363917706491,25,017,Cambridge city,census
CAM00873,Match,"823 MAIN ST, CAMBRIDGE, MA, 02139",-71.098058768095,42.363370796532,25,017,Cambridge city,census
CAM00874,Match,"8 PINE ST, CAMBRIDGE, MA, 02139",-71.098274538098,42.364090609226,25,017,Cambridge city,census
CAM00875,Match,"18 PINE ST, CAMBRIDGE, MA, 02139",-71.098236255669,42.364191973075,25,017,Cambridge city,census
CAM00876,Match,"34 PINE ST, CAMBRIDGE, MA, 02139",-71.098175003783,42.364354155233,25,017,Cambridge city,census
CAM00877,Match,"6 EATON ST, CAMBRIDGE, MA, 02139",-71.097432429332,42.364446731736,25,017,Cambridge city,census
CAM00878,Match,"4 EATON ST, CAMBRIDGE, MA, 02139",-71.097418224441,42.364443479616,25,017,Cambridge city,census
CAM00879,Match,"59 CHERRY ST, CAMBRIDGE, MA, 02139",-71.09740403816,42.364420335375,25,017,Cambridge city,census
CAM00880,Match,"49 CHERRY ST, CAMBRIDGE, MA, 02139",-71.097425871218,42.364348632246,25,017,Cambridge city,census
CAM00881,Match,"45 CHERRY ST, CAMBRIDGE, MA, 02139",-71.097434604441,42.364319950994,25,017,Cambridge city,census
CAM00882,Match,"296 WASHINGTON ST, CAMBRIDGE, MA, 02139",-71.097850569954,42.365136877143,25,017,Cambridge city,census
CAM00883,Match,"290 WASHINGTON ST, CAMBRIDGE, MA, 02139",-71.097810866483,42.365128818433,25,017,Cambridge city,census
CAM00884,Match,"299 WASHINGTON ST, CAMBRIDGE, MA, 02139",-71.097822721696,42.365250061384,25,017,Cambridge city,census
CAM00885,Match,"132 PINE ST, CAMBRIDGE, MA, 02139",-71.097540953331,42.366053973847,25,017,Cambridge city,census
CAM00886,Match,"142 PINE ST, CAMBRIDGE, MA, 02139",-71.097501714039,42.366165494394,25,017,Cambridge city,census
CAM00887,Match,"184 HARVARD ST, CAMBRIDGE, MA, 02139",-71.097016402872,42.366671305162,25,017,Cambridge city,census
CAM00888,Match,"137 CHERRY ST, CAMBRIDGE, MA, 02139",-71.096992367871,42.365624272059,25,017,Cambridge city,census
CAM00889,Match,"127 CHERRY ST, CAMBRIDGE, MA, 02139",-71.097043086624,42.365483676698,25,017,Cambridge city,census
CAM00890,Match,"289 WASHINGTON ST, CAMBRIDGE, MA, 02139",-71.097631989332,42.365211347971,25,017,Cambridge city,census
CAM00891,Match,"283 WASHINGTON ST, CAMBRIDGE, MA, 02139",-71.097517549914,42.365188119923,25,017,Cambridge city,census
CAM00892,Match,"275 WASHINGTON ST, CAMBRIDGE, MA, 02139",-71.097364964023,42.365157149193,25,017,Cambridge city,census
CAM00893,Match,"123 CHERRY ST, CAMBRIDGE, MA, 02139",-71.097063374125,42.365427438553,25,017,Cambridge city,census
CAM00894,Match,"21 PINE ST, CAMBRIDGE, MA, 02139",-71.098303967451,42.364439016489,25,017,Cambridge city,census
CAM00895,Match,"23 PINE ST, CAMBRIDGE, MA, 02139",-71.098289675344,42.364476858993,25,017,Cambridge city,census
CAM00896,Match,"8 MARVIN PL, CAMBRIDGE, MA, 02139",-71.098367192358,42.365990292986,25,017,Cambridge city,census
CAM00897,Match,"180 HARVARD ST, CAMBRIDGE, MA, 02139",-71.096770902248,42.366563840232,25,017,Cambridge city,census
CAM00898,Match,"182 HARVARD ST, CAMBRIDGE, MA, 02139",-71.096886997763,42.366617115305,25,017,Cambridge city,census
CAM00899,Match,"44 COLUMBIA ST, CAMBRIDGE, MA, 02139",-71.099272001564,42.364368217172,25,017,Cambridge city,census
CAM00900,Match,"101 SCHOOL ST, CAMBRIDGE, MA, 02139",-71.098518913917,42.364052745125,25,017,Cambridge city,census
CAM00901,Match,"97 SCHOOL ST, CAMBRIDGE, MA, 02139",-71.098492458445,42.364051620531,25,017,Cambridge city,census
CAM00902,Match,"113 CHERRY ST, CAMBRIDGE, MA, 02139",-71.097114092878,42.365286843192,25,017,Cambridge city,census
CAM00903,Match,"86 PINE ST, CAMBRIDGE, MA, 02139",-71.097721454072,42.365540979334,25,017,Cambridge city,census
CAM00904,Match,"96 PINE ST, CAMBRIDGE, MA, 02139",-71.09768221478,42.36565249988,25,017,Cambridge city,census
CAM00905,Match,"100 PINE ST, CAMBRIDGE, MA, 02139",-71.097666519064,42.365697108099,25,017,Cambridge city,census
CAM00906,Match,"124 COLUMBIA ST, CAMBRIDGE, MA, 02139",-71.098196084095,42.36633811829,25,017,Cambridge city,census
CAM00907,Match,"120 COLUMBIA ST, CAMBRIDGE, MA, 02139",-71.098228975001,42.366279574208,25,017,Cambridge city,census
CAM00908,Match,"84 COLUMBIA ST, CAMBRIDGE, MA, 02139",-71.098672899581,42.365487175031,25,017,Cambridge city,census
CAM00909,Match,"88 COLUMBIA ST, CAMBRIDGE, MA, 02139",-71.098617169103,42.36558718838,25,017,Cambridge city,census
CAM00910,Match,"92 COLUMBIA ST, CAMBRIDGE, MA, 02139",-71.098561438624,42.365687201729,25,017,Cambridge city,census
CAM00911,Match,"2 WASHINGTON CT, CAMBRIDGE, MA, 02139",-71.098345850977,42.365367146881,25,017,Cambridge city,census
CAM00912,Match,"270 WASHINGTON ST, CAMBRIDGE, MA, 02139",-71.097678521577,42.365101956065,25,017,Cambridge city,census
CAM00913,Match,"280 WASHINGTON ST, CAMBRIDGE, MA, 02139",-71.09774469403,42.365115387249,25,017,Cambridge city,census
CAM00914,Match,"106 PINE ST, CAMBRIDGE, MA, 02139",-71.097642975489,42.365764020427,25,017,Cambridge city,census
CAM00915,Match,"134 PINE ST, CAMBRIDGE, MA, 02139",-71.097533105473,42.366076277957,25,017,Cambridge city,census
CAM00916,Match,"136 PINE ST, CAMBRIDGE, MA, 02139",-71.097525257614,42.366098582066,25,017,Cambridge city,census
CAM00917,Match,"151R CHERRY ST, CAMBRIDGE, MA, 02139",-71.096921361618,42.365821105565,25,017,Cambridge city,census
CAM00918,Match,"151 CHERRY ST, CAMBRIDGE, MA, 02139",-71.096921361618,42.365821105565,25,017,Cambridge city,census
CAM00919,Match,"149 CHERRY ST, CAMBRIDGE, MA, 02139",-71.096931505368,42.365792986493,25,017,Cambridge city,census
CAM00920,Match,"108 COLUMBIA ST, CAMBRIDGE, MA, 02139",-71.098327647719,42.366103941963,25,017,Cambridge city,census
CAM00921,Match,"47 PINE ST, CAMBRIDGE, MA, 02139",-71.09811272294,42.364928379183,25,017,Cambridge city,census
CAM00922,Match,"38 MARKET ST, CAMBRIDGE, MA, 02139",-71.095979305373,42.368178986268,25,017,Cambridge city,census
CAM00923,Match,"34 MARKET ST, CAMBRIDGE, MA, 02139",-71.095789054192,42.368044951265,25,017,Cambridge city,census
CAM00924,Match,"253 BROADWAY, CAMBRIDGE, MA, 02139",-71.096076667445,42.367423461401,25,017,Cambridge city,census
CAM00925,Match,"257 BROADWAY, CAMBRIDGE, MA, 02139",-71.096325381889,42.36751928979,25,017,Cambridge city,census
CAM00926,Match,"218 COLUMBIA ST, CAMBRIDGE, MA, 02139",-71.096905739044,42.368533966933,25,017,Cambridge city,census
CAM00927,Match,"254 WINDSOR ST, CAMBRIDGE, MA, 02139",-71.095139572263,42.367650654319,25,017,Cambridge city,census
CAM00928,Match,"14 MARKET ST, CAMBRIDGE, MA, 02139",-71.094562311722,42.367180099593,25,017,Cambridge city,census
CAM00929,Match,"225 BROADWAY, CAMBRIDGE, MA, 02139",-71.094511679261,42.366807128739,25,017,Cambridge city,census
CAM00930,Match,"237 BROADWAY, CAMBRIDGE, MA, 02139",-71.095195201873,42.367084231523,25,017,Cambridge city,census
CAM00931,Match,"270 BROADWAY, CAMBRIDGE, MA, 02139",-71.09731410896,42.367792453328,25,017,Cambridge city,census
CAM00932,Match,"268 BROADWAY, CAMBRIDGE, MA, 02139",-71.097195291856,42.367745522681,25,017,Cambridge city,census
CAM00933,Match,"180 COLUMBIA ST, CAMBRIDGE, MA, 02139",-71.097446203332,42.367562473007,25,017,Cambridge city,census
CAM00934,Match,"254 BROADWAY, CAMBRIDGE, MA, 02139",-71.096106929877,42.367305884249,25,017,Cambridge city,census
CAM00935,Match,"250 BROADWAY, CAMBRIDGE, MA, 02139",-71.095913485309,42.367231351058,25,017,Cambridge city,census
CAM00936,Match,"248 BROADWAY, CAMBRIDGE, MA, 02139",-71.095816763025,42.367194084462,25,017,Cambridge city,census
CAM00937,Match,"236 BROADWAY, CAMBRIDGE, MA, 02139",-71.094956832407,42.366855322945,25,017,Cambridge city,census
CAM00938,Match,"143 CLARK ST, CAMBRIDGE, MA, 02139",-71.094450097611,42.36655688693,25,017,Cambridge city,census
CAM00939,Match,"226 WINDSOR ST, CAMBRIDGE, MA, 02139",-71.095370503832,42.367038320258,25,017,Cambridge city,census
CAM00940,Match,"257 WINDSOR ST, CAMBRIDGE, MA, 02139",-71.095310882124,42.367622024217,25,017,Cambridge city,census
CAM00941,Match,"30 MARKET ST, CAMBRIDGE, MA, 02139",-71.095601128835,42.367910116848,25,017,Cambridge city,census
CAM00942,Match,"259 WINDSOR ST, CAMBRIDGE, MA, 02139",-71.09530004714,42.367651402605,25,017,Cambridge city,census
CAM00943,Match,"167 HARVARD ST, CAMBRIDGE, MA, 02139",-71.095611839742,42.366187722241,25,017,Cambridge city,census
CAM00944,Match,"243 BROADWAY, CAMBRIDGE, MA, 02139",-71.09545487202,42.36718756964,25,017,Cambridge city,census
CAM00945,Match,"212 WINDSOR ST, CAMBRIDGE, MA, 02139",-71.095555791519,42.366607023874,25,017,Cambridge city,census
CAM00946,Match,"17 BOARDMAN ST, CAMBRIDGE, MA, 02139",-71.096636611353,42.367011584574,25,017,Cambridge city,census
CAM00947,Match,"15 BOARDMAN ST, CAMBRIDGE, MA, 02139",-71.096642608567,42.367001639675,25,017,Cambridge city,census
CAM00948,Match,"9 BOARDMAN ST, CAMBRIDGE, MA, 02139",-71.096660600207,42.366971804981,25,017,Cambridge city,census
CAM00949,Match,"2 BOARDMAN PL, CAMBRIDGE, MA, 02139",-71.096495481054,42.366762962873,25,017,Cambridge city,census
CAM00950,Match,"4 BOARDMAN PL, CAMBRIDGE, MA, 02139",-71.096500593763,42.36676434873,25,017,Cambridge city,census
CAM00951,Match,"216 WINDSOR ST, CAMBRIDGE, MA, 02139",-71.095508193424,42.366732401995,25,017,Cambridge city,census
CAM00952,Match,"185 HARVARD ST, CAMBRIDGE, MA, 02139",-71.096945405326,42.366773185206,25,017,Cambridge city,census
CAM00953,Match,"265 BROADWAY, CAMBRIDGE, MA, 02139",-71.096628435178,42.367642935019,25,017,Cambridge city,census
CAM00954,Match,"189 HARVARD ST, CAMBRIDGE, MA, 02139",-71.097238595903,42.366884720789,25,017,Cambridge city,census
CAM00955,Match,"187 HARVARD ST, CAMBRIDGE, MA, 02139",-71.097092000615,42.366828952997,25,017,Cambridge city,census
CAM00956,Match,"191 HARVARD ST, CAMBRIDGE, MA, 02139",-71.097381455764,42.366935903549,25,017,Cambridge city,census
CAM00957,Match,"174 COLUMBIA ST, CAMBRIDGE, MA, 02139",-71.097515990487,42.367446533663,25,017,Cambridge city,census
CAM00958,Match,"164 COLUMBIA ST, CAMBRIDGE, MA, 02139",-71.097632302411,42.367253301425,25,017,Cambridge city,census
CAM00959,Match,"162 COLUMBIA ST, CAMBRIDGE, MA, 02139",-71.097655564796,42.367214654978,25,017,Cambridge city,census
CAM00960,Match,"218 WINDSOR ST, CAMBRIDGE, MA, 02139",-71.095483923916,42.366791736831,25,017,Cambridge city,census
CAM00961,Match,"220 WINDSOR ST, CAMBRIDGE, MA, 02139",-71.095455568895,42.366853382688,25,017,Cambridge city,census
CAM00962,Match,"183 HARVARD ST, CAMBRIDGE, MA, 02139",-71.096805168805,42.366714459473,25,017,Cambridge city,census
CAM00963,Match,"255 BROADWAY, CAMBRIDGE, MA, 02139",-71.096201024667,42.367471375596,25,017,Cambridge city,census
CAM00964,Match,"5 BROADWAY, CAMBRIDGE, MA, 02142",-71.084456216617,42.362812565104,25,017,Cambridge city,census
CAM00965,Match,"222 COLUMBIA ST, CAMBRIDGE, MA, 02139",-71.096830285134,42.368674382644,25,017,Cambridge city,census
CAM00966,Match,"12 BOARDMAN ST, CAMBRIDGE, MA, 02139",-71.096795647801,42.367029422949,25,017,Cambridge city,census
CAM00967,Match,"7 UNION ST, CAMBRIDGE, MA, 02139",-71.09598654806,42.368655998058,25,017,Cambridge city,census
CAM00968,Match,"3 UNION ST, CAMBRIDGE, MA, 02139",-71.096076246492,42.368486140548,25,017,Cambridge city,census
CAM00969,Match,"1 UNION ST, CAMBRIDGE, MA, 02139",-71.096121095709,42.368401211793,25,017,Cambridge city,census
CAM00970,Match,"43 MARKET ST, CAMBRIDGE, MA, 02139",-71.09629827486,42.368546690011,25,017,Cambridge city,census
CAM00971,Match,"45 MARKET ST, CAMBRIDGE, MA, 02139",-71.096405326405,42.368616101949,25,017,Cambridge city,census
CAM00972,Match,"244 COLUMBIA ST, CAMBRIDGE, MA, 02139",-71.096531226432,42.369196754483,25,017,Cambridge city,census
CAM00973,Match,"256 COLUMBIA ST, CAMBRIDGE, MA, 02139",-71.096397466994,42.369429838447,25,017,Cambridge city,census
CAM00974,Match,"262 COLUMBIA ST, CAMBRIDGE, MA, 02139",-71.096331685322,42.369546359205,25,017,Cambridge city,census
CAM00975,Match,"266 COLUMBIA ST, CAMBRIDGE, MA, 02139",-71.096287830874,42.36962403971,25,017,Cambridge city,census
CAM00976,Match,"100 HAMPSHIRE ST, CAMBRIDGE, MA, 02139",-71.095303062049,42.369109630613,25,017,Cambridge city,census
CAM00977,Match,"29 MARKET ST, CAMBRIDGE, MA, 02139",-71.095361112849,42.367897114445,25,017,Cambridge city,census
CAM00978,Match,"31 MARKET ST, CAMBRIDGE, MA, 02139",-71.095511576833,42.368005671857,25,017,Cambridge city,census
CAM00979,Match,"8 UNION ST, CAMBRIDGE, MA, 02139",-71.095730003584,42.368824450027,25,017,Cambridge city,census
CAM00980,Match,"10 UNION ST, CAMBRIDGE, MA, 02139",-71.095640213972,42.368977854689,25,017,Cambridge city,census
CAM00981,Tie,,,,,,,
CAM00982,Match,"276 WINDSOR ST, CAMBRIDGE, MA, 02139",-71.094920327253,42.368204434753,25,017,Cambridge city,census
CAM00983,Match,"280 WINDSOR ST, CAMBRIDGE, MA, 02139",-71.094886007367,42.3682936715,25,017,Cambridge city,census
CAM00984,Match,"288 WINDSOR ST, CAMBRIDGE, MA, 02139",-71.094817367594,42.368472144994,25,017,Cambridge city,census
CAM00985,Match,"74 HAMPSHIRE ST, CAMBRIDGE, MA, 02139",-71.093806915576,42.36787415282,25,017,Cambridge city,census
CAM00986,Match,"5 HAMPSHIRE ST, CAMBRIDGE, MA, 02139",-71.090527367228,42.365343545963,25,017,Cambridge city,census
CAM00987,Match,"183 CLARK ST, CAMBRIDGE, MA, 02139",-71.093523142825,42.367394225196,25,017,Cambridge city,census
CAM00988,Match,"2 ROSELAND ST, CAMBRIDGE, MA, 02140",-71.118247110137,42.38670848577,25,017,Cambridge city,census
CAM00989,Match,"11 MARKET ST, CAMBRIDGE, MA, 02139",-71.094369822933,42.367209434311,25,017,Cambridge city,census
CAM00990,Match,"236 COLUMBIA ST, CAMBRIDGE, MA, 02139",-71.096621396481,42.369042164699,25,017,Cambridge city,census
CAM00991,Tie,,,,,,,
CAM00992,Match,"295 WINDSOR ST, CAMBRIDGE, MA, 02139",-71.094920800219,42.368622448482,25,017,Cambridge city,census
CAM00993,Match,"291 WINDSOR ST, CAMBRIDGE, MA, 02139",-71.094960840086,42.368518338944,25,017,Cambridge city,census
CAM00994,Match,"270 WINDSOR ST, CAMBRIDGE, MA, 02139",-71.094969742299,42.368071045915,25,017,Cambridge city,census
CAM00995,Match,"285 WINDSOR ST, CAMBRIDGE, MA, 02139",-71.095020899887,42.368362174637,25,017,Cambridge city,census
CAM00996,Match,"84 HAMPSHIRE ST, CAMBRIDGE, MA, 02139",-71.0943940217,42.368359091009,25,017,Cambridge city,census
CAM00997,Match,"95 BRISTOL ST, CAMBRIDGE, MA, 02139",-71.09421240389,42.36774111898,25,017,Cambridge city,census
CAM00998,Match,"267 WINDSOR ST, CAMBRIDGE, MA, 02139",-71.095195412607,42.367891638531,25,017,Cambridge city,census
CAM00999,Match,"271 WINDSOR ST, CAMBRIDGE, MA, 02139",-71.095157481391,42.367996178147,25,017,Cambridge city,census
CAM01000,Match,"102 HAMPSHIRE ST, CAMBRIDGE, MA, 02139",-71.095507364469,42.369279101458,25,017,Cambridge city,census
CAM01001,Match,"14 UNION ST, CAMBRIDGE, MA, 02139",-71.095460634748,42.369284664015,25,017,Cambridge city,census
CAM01002,Match,"110 HAMPSHIRE ST, CAMBRIDGE, MA, 02139",-71.095907148915,42.369607673273,25,017,Cambridge city,census
CAM01003,Match,"25 MARKET ST, CAMBRIDGE, MA, 02139",-71.095084346123,42.367719822074,25,017,Cambridge city,census
CAM01004,Match,"47 MARKET ST, CAMBRIDGE, MA, 02139",-71.096512409144,42.368685519131,25,017,Cambridge city,census
CAM01005,Match,"51 MARKET ST, CAMBRIDGE, MA, 02139",-71.096726581504,42.368824285373,25,017,Cambridge city,census
CAM01006,Match,"66 BRISTOL ST, CAMBRIDGE, MA, 02141",-71.093475048333,42.368084490261,25,017,Cambridge city,census
CAM01007,Match,"64 WEBSTER AVE, CAMBRIDGE, MA, 02141",-71.092912318498,42.368207737215,25,017,Cambridge city,census
CAM01008,Match,"50 WEBSTER AVE, CAMBRIDGE, MA, 02141",-71.092833150958,42.367960488186,25,017,Cambridge city,census
CAM01009,Match,"79 HAMPSHIRE ST, CAMBRIDGE, MA, 02139",-71.093987791954,42.368195775595,25,017,Cambridge city,census
CAM01010,Match,"29 PORTSMOUTH ST, CAMBRIDGE, MA, 02141",-71.093402370558,42.368554295472,25,017,Cambridge city,census
CAM01011,Match,"19 PORTSMOUTH ST, CAMBRIDGE, MA, 02141",-71.093274907473,42.368576692893,25,017,Cambridge city,census
CAM01012,Match,"15 PORTSMOUTH ST, CAMBRIDGE, MA, 02141",-71.093223922239,42.368585651862,25,017,Cambridge city,census
CAM01013,Match,"7 PORTSMOUTH ST, CAMBRIDGE, MA, 02141",-71.093121951772,42.368603569799,25,017,Cambridge city,census
CAM01014,Match,"59 BRISTOL ST, CAMBRIDGE, MA, 02141",-71.093157339567,42.368306595419,25,017,Cambridge city,census
CAM01015,Match,"65 BRISTOL ST, CAMBRIDGE, MA, 02141",-71.093451332822,42.368220386253,25,017,Cambridge city,census
CAM01016,Match,"69 BRISTOL ST, CAMBRIDGE, MA, 02141",-71.093645920163,42.36813776565,25,017,Cambridge city,census
CAM01017,Match,"87 HAMPSHIRE ST, CAMBRIDGE, MA, 02139",-71.094382213807,42.368520912836,25,017,Cambridge city,census
CAM01018,Match,"89 HAMPSHIRE ST, CAMBRIDGE, MA, 02139",-71.094675448662,42.36876173573,25,017,Cambridge city,census
CAM01019,Match,"86 PLYMOUTH ST, CAMBRIDGE, MA, 02141",-71.094280029558,42.368828117427,25,017,Cambridge city,census
CAM01020,Match,"84 PLYMOUTH ST, CAMBRIDGE, MA, 02141",-71.094209669441,42.368840995972,25,017,Cambridge city,census
CAM01021,Match,"80 PLYMOUTH ST, CAMBRIDGE, MA, 02141",-71.094068949206,42.368866753061,25,017,Cambridge city,census
CAM01022,Match,"60 PLYMOUTH ST, CAMBRIDGE, MA, 02141",-71.093365842965,42.368985719558,25,017,Cambridge city,census
CAM01023,Match,"92 WEBSTER AVE, CAMBRIDGE, MA, 02141",-71.093138536659,42.368960594808,25,017,Cambridge city,census
CAM01024,Match,"38 PORTSMOUTH ST, CAMBRIDGE, MA, 02141",-71.093549787576,42.368646179298,25,017,Cambridge city,census
CAM01025,Match,"46 PORTSMOUTH ST, CAMBRIDGE, MA, 02141",-71.093653882429,42.368627888071,25,017,Cambridge city,census
CAM01026,Match,"322 WINDSOR ST, CAMBRIDGE, MA, 02141",-71.094538354847,42.369235587841,25,017,Cambridge city,census
CAM01027,Match,"330 WINDSOR ST, CAMBRIDGE, MA, 02141",-71.094477728567,42.36939091492,25,017,Cambridge city,census
CAM01028,Match,"336 WINDSOR ST, CAMBRIDGE, MA, 02141",-71.094432258857,42.36950741023,25,017,Cambridge city,census
CAM01029,Match,"340 WINDSOR ST, CAMBRIDGE, MA, 02141",-71.094401945717,42.369585073769,25,017,Cambridge city,census
CAM01030,Match,"124 WEBSTER AVE, CAMBRIDGE, MA, 02141",-71.093323369651,42.369565699382,25,017,Cambridge city,census
CAM01031,Match,"61 PLYMOUTH ST, CAMBRIDGE, MA, 02141",-71.093261507117,42.369118169575,25,017,Cambridge city,census
CAM01032,Match,"67 PLYMOUTH ST, CAMBRIDGE, MA, 02141",-71.093495991755,42.369083221693,25,017,Cambridge city,census
CAM01033,Match,"75 PLYMOUTH ST, CAMBRIDGE, MA, 02141",-71.093810734199,42.369032071606,25,017,Cambridge city,census
CAM01034,Match,"79 PLYMOUTH ST, CAMBRIDGE, MA, 02141",-71.093965526457,42.369003738808,25,017,Cambridge city,census
CAM01035,Match,"83 PLYMOUTH ST, CAMBRIDGE, MA, 02141",-71.094120318715,42.368975406009,25,017,Cambridge city,census
CAM01036,Match,"89 PLYMOUTH ST, CAMBRIDGE, MA, 02141",-71.094352507102,42.368932906811,25,017,Cambridge city,census
CAM01037,Match,"350 WINDSOR ST, CAMBRIDGE, MA, 02141",-71.094290120826,42.369865164927,25,017,Cambridge city,census
CAM01038,Match,"356 WINDSOR ST, CAMBRIDGE, MA, 02141",-71.094241009559,42.369995324443,25,017,Cambridge city,census
CAM01039,Match,"358 WINDSOR ST, CAMBRIDGE, MA, 02141",-71.094225655844,42.370038319349,25,017,Cambridge city,census
CAM01040,Match,"362 WINDSOR ST, CAMBRIDGE, MA, 02141",-71.094194948413,42.37012430916,25,017,Cambridge city,census
CAM01041,Match,"366 WINDSOR ST, CAMBRIDGE, MA, 02141",-71.094164240983,42.370210298971,25,017,Cambridge city,census
CAM01042,Match,"372 WINDSOR ST, CAMBRIDGE, MA, 02141",-71.094118179837,42.370339283687,25,017,Cambridge city,census
CAM01043,Match,"386 WINDSOR ST, CAMBRIDGE, MA, 02141",-71.094006003746,42.370637800827,25,017,Cambridge city,census
CAM01044,Match,"166 WEBSTER AVE, CAMBRIDGE, MA, 02141",-71.093579862695,42.370352549581,25,017,Cambridge city,census
CAM01045,Match,"158 WEBSTER AVE, CAMBRIDGE, MA, 02141",-71.093549734935,42.37022880072,25,017,Cambridge city,census
CAM01046,Match,"154 WEBSTER AVE, CAMBRIDGE, MA, 02141",-71.093529548427,42.370164010262,25,017,Cambridge city,census
CAM01047,Match,"150 WEBSTER AVE, CAMBRIDGE, MA, 02141",-71.093509197022,42.370102967396,25,017,Cambridge city,census
CAM01048,Match,"9 SECKLE ST, CAMBRIDGE, MA, 02141",-71.09345533788,42.369698718338,25,017,Cambridge city,census
CAM01049,Match,"13 SECKLE ST, CAMBRIDGE, MA, 02141",-71.093497858365,42.369691289109,25,017,Cambridge city,census
CAM01050,Match,"163 WEBSTER AVE, CAMBRIDGE, MA, 02141",-71.093356856889,42.370696732102,25,017,Cambridge city,census
CAM01051,Match,"155 WEBSTER AVE, CAMBRIDGE, MA, 02141",-71.093448418383,42.370522774202,25,017,Cambridge city,census
CAM01052,Match,"123 WEBSTER AVE, CAMBRIDGE, MA, 02141",-71.093160802349,42.369555232022,25,017,Cambridge city,census
CAM01053,Match,"20 WILLOW ST, CAMBRIDGE, MA, 02141",-71.093106890695,42.370457760036,25,017,Cambridge city,census
CAM01054,Match,"24 WILLOW ST, CAMBRIDGE, MA, 02141",-71.093059089623,42.370556195627,25,017,Cambridge city,census
CAM01055,Match,"26 WILLOW ST, CAMBRIDGE, MA, 02141",-71.093035189087,42.370605413422,25,017,Cambridge city,census
CAM01056,Match,"136 WEBSTER AVE, CAMBRIDGE, MA, 02141",-71.093410951483,42.369820821673,25,017,Cambridge city,census
CAM01057,Match,"16 PORTSMOUTH ST, CAMBRIDGE, MA, 02141",-71.093263526732,42.368696480174,25,017,Cambridge city,census
CAM01058,Match,"24 PORTSMOUTH ST, CAMBRIDGE, MA, 02141",-71.093367621585,42.368678188947,25,017,Cambridge city,census
CAM01059,Match,"34 PORTSMOUTH ST, CAMBRIDGE, MA, 02141",-71.09349774015,42.368655324912,25,017,Cambridge city,census
CAM01060,Match,"121 WEBSTER AVE, CAMBRIDGE, MA, 02141",-71.093149282276,42.369518737862,25,017,Cambridge city,census
CAM01061,Match,"376 WINDSOR ST, CAMBRIDGE, MA, 02141",-71.094087472407,42.370425273498,25,017,Cambridge city,census
CAM01062,Match,"378 WINDSOR ST, CAMBRIDGE, MA, 02141",-71.094072118692,42.370468268403,25,017,Cambridge city,census
CAM01063,Match,"76 PLYMOUTH ST, CAMBRIDGE, MA, 02141",-71.093928228972,42.368892510151,25,017,Cambridge city,census
CAM01064,Match,"68 PLYMOUTH ST, CAMBRIDGE, MA, 02141",-71.093650066768,42.368943358489,25,017,Cambridge city,census
CAM01065,Match,"60 BRISTOL ST, CAMBRIDGE, MA, 02141",-71.093209624476,42.368175132541,25,017,Cambridge city,census
CAM01066,Match,"56 WEBSTER AVE, CAMBRIDGE, MA, 02141",-71.092867079903,42.368066452055,25,017,Cambridge city,census
CAM01067,Match,"396 WINDSOR ST, CAMBRIDGE, MA, 02141",-71.093921992674,42.370851292083,25,017,Cambridge city,census
CAM01068,Match,"170 WEBSTER AVE, CAMBRIDGE, MA, 02141",-71.093594732436,42.370418127944,25,017,Cambridge city,census
CAM01069,Match,"16 SECKLE ST, CAMBRIDGE, MA, 02141",-71.093486523681,42.369575517464,25,017,Cambridge city,census
CAM01070,Match,"24 SECKLE ST, CAMBRIDGE, MA, 02141",-71.093573336337,42.369560349454,25,017,Cambridge city,census
CAM01071,Match,"203 CLARK ST, CAMBRIDGE, MA, 02139",-71.093242976007,42.367575756251,25,017,Cambridge city,census
CAM01072,Match,"33 PORTSMOUTH ST, CAMBRIDGE, MA, 02141",-71.093453355791,42.368545336503,25,017,Cambridge city,census
CAM01073,Match,"81 HAMPSHIRE ST, CAMBRIDGE, MA, 02139",-71.094084693058,42.36827570003,25,017,Cambridge city,census
CAM01074,Match,"114 WEBSTER AVE, CAMBRIDGE, MA, 02141",-71.093265769291,42.369383228581,25,017,Cambridge city,census
CAM01075,Match,"118 WEBSTER AVE, CAMBRIDGE, MA, 02141",-71.093288809435,42.369456216901,25,017,Cambridge city,census
CAM01076,Match,"144 WEBSTER AVE, CAMBRIDGE, MA, 02141",-71.093450092518,42.369929932902,25,017,Cambridge city,census
CAM01077,Match,"146 WEBSTER AVE, CAMBRIDGE, MA, 02141",-71.093488845617,42.37004192453,25,017,Cambridge city,census
CAM01078,Match,"133 WEBSTER AVE, CAMBRIDGE, MA, 02141",-71.093300166478,42.369959289654,25,017,Cambridge city,census
CAM01079,Match,"131 WEBSTER AVE, CAMBRIDGE, MA, 02141",-71.093261025443,42.369850178426,25,017,Cambridge city,census
CAM01080,Match,"70 YORK ST, CAMBRIDGE, MA, 02141",-71.092657795838,42.369746106986,25,017,Cambridge city,census
CAM01081,Tie,,,,,,,
CAM01082,Tie,,,,,,,
CAM01083,Tie,,,,,,,
CAM01084,Match,"333 COLUMBIA ST, CAMBRIDGE, MA, 02141",-71.09554548623,42.371195024767,25,017,Cambridge city,census
CAM01085,Match,"325 COLUMBIA ST, CAMBRIDGE, MA, 02141",-71.095648078164,42.371019070358,25,017,Cambridge city,census
CAM01086,Match,"309 COLUMBIA ST, CAMBRIDGE, MA, 02141",-71.0958534421,42.370667155747,25,017,Cambridge city,census
CAM01087,Match,"301 COLUMBIA ST, CAMBRIDGE, MA, 02141",-71.095956124068,42.370491198442,25,017,Cambridge city,census
CAM01088,Match,"291 COLUMBIA ST, CAMBRIDGE, MA, 02141",-71.096084476528,42.37027125181,25,017,Cambridge city,census
CAM01089,Match,"119 HAMPSHIRE ST, CAMBRIDGE, MA, 02139",-71.096088465903,42.369927766849,25,017,Cambridge city,census
CAM01090,Match,"296 COLUMBIA ST, CAMBRIDGE, MA, 02141",-71.095883860728,42.370325592822,25,017,Cambridge city,census
CAM01091,Match,"302 COLUMBIA ST, CAMBRIDGE, MA, 02141",-71.095804282203,42.370461959734,25,017,Cambridge city,census
CAM01092,Match,"310 COLUMBIA ST, CAMBRIDGE, MA, 02141",-71.095698177502,42.370643782283,25,017,Cambridge city,census
CAM01093,Match,"322 COLUMBIA ST, CAMBRIDGE, MA, 02141",-71.095539020452,42.370916516106,25,017,Cambridge city,census
CAM01094,Match,"330 COLUMBIA ST, CAMBRIDGE, MA, 02141",-71.095432938048,42.371098377671,25,017,Cambridge city,census
CAM01095,Match,"39 UNION ST, CAMBRIDGE, MA, 02141",-71.094979862253,42.370423213907,25,017,Cambridge city,census
CAM01096,Match,"37 UNION ST, CAMBRIDGE, MA, 02141",-71.095041524621,42.370319182015,25,017,Cambridge city,census
CAM01097,Match,"18 UNION ST, CAMBRIDGE, MA, 02141",-71.095353314987,42.369472856791,25,017,Cambridge city,census
CAM01098,Match,"24 UNION ST, CAMBRIDGE, MA, 02141",-71.095215949578,42.369721087249,25,017,Cambridge city,census
CAM01099,Match,"30 UNION ST, CAMBRIDGE, MA, 02141",-71.095071473848,42.369989848542,25,017,Cambridge city,census
CAM01100,Match,"40 UNION ST, CAMBRIDGE, MA, 02141",-71.094837237493,42.370378180812,25,017,Cambridge city,census
CAM01101,Match,"44 UNION ST, CAMBRIDGE, MA, 02141",-71.094822189382,42.370404194615,25,017,Cambridge city,census
CAM01102,Match,"46 LINCOLN ST, CAMBRIDGE, MA, 02141",-71.094412665349,42.371038523962,25,017,Cambridge city,census
CAM01103,Match,"391 WINDSOR ST, CAMBRIDGE, MA, 02141",-71.094154941423,42.370669791077,25,017,Cambridge city,census
CAM01104,Match,"387 WINDSOR ST, CAMBRIDGE, MA, 02141",-71.094188545852,42.370584394575,25,017,Cambridge city,census
CAM01105,Match,"379 WINDSOR ST, CAMBRIDGE, MA, 02141",-71.094252797235,42.370411511261,25,017,Cambridge city,census
CAM01106,Match,"371 WINDSOR ST, CAMBRIDGE, MA, 02141",-71.094314212096,42.370239531639,25,017,Cambridge city,census
CAM01107,Match,"369 WINDSOR ST, CAMBRIDGE, MA, 02141",-71.094329565811,42.370196536733,25,017,Cambridge city,census
CAM01108,Match,"363 WINDSOR ST, CAMBRIDGE, MA, 02141",-71.094375626956,42.370067552017,25,017,Cambridge city,census
CAM01109,Match,"357 WINDSOR ST, CAMBRIDGE, MA, 02141",-71.094421708601,42.369940377646,25,017,Cambridge city,census
CAM01110,Match,"353 WINDSOR ST, CAMBRIDGE, MA, 02141",-71.094455934063,42.369855115985,25,017,Cambridge city,census
CAM01111,Match,"347 WINDSOR ST, CAMBRIDGE, MA, 02141",-71.094507272254,42.369727223492,25,017,Cambridge city,census
CAM01112,Match,"341 WINDSOR ST, CAMBRIDGE, MA, 02141",-71.094578531445,42.369546221547,25,017,Cambridge city,census
CAM01113,Match,"333 WINDSOR ST, CAMBRIDGE, MA, 02141",-71.094633646245,42.369405015112,25,017,Cambridge city,census
CAM01114,Match,"327 WINDSOR ST, CAMBRIDGE, MA, 02141",-71.094674982345,42.369299110285,25,017,Cambridge city,census
CAM01115,Match,"95 HAMPSHIRE ST, CAMBRIDGE, MA, 02139",-71.095023799455,42.369050269761,25,017,Cambridge city,census
CAM01116,Match,"97 HAMPSHIRE ST, CAMBRIDGE, MA, 02139",-71.095146380907,42.369151952267,25,017,Cambridge city,census
CAM01117,Match,"340 COLUMBIA ST, CAMBRIDGE, MA, 02141",-71.095300459692,42.371325704898,25,017,Cambridge city,census
CAM01118,Match,"70 LINCOLN ST, CAMBRIDGE, MA, 02141",-71.094837274875,42.371173428084,25,017,Cambridge city,census
CAM01119,Match,"288 COLUMBIA ST, CAMBRIDGE, MA, 02141",-71.095989965428,42.370143770274,25,017,Cambridge city,census
CAM01120,Match,"292 COLUMBIA ST, CAMBRIDGE, MA, 02141",-71.095936913078,42.370234681548,25,017,Cambridge city,census
CAM01121,Match,"200 ELM ST, CAMBRIDGE, MA, 02139",-71.096128728664,42.371580634976,25,017,Cambridge city,census
CAM01122,Match,"332 COLUMBIA ST, CAMBRIDGE, MA, 02141",-71.095406442377,42.371143843117,25,017,Cambridge city,census
CAM01123,Match,"314 COLUMBIA ST, CAMBRIDGE, MA, 02141",-71.095645125152,42.370734693558,25,017,Cambridge city,census
CAM01124,Match,"65 UNION ST, CAMBRIDGE, MA, 02141",-71.094707516742,42.370953987148,25,017,Cambridge city,census
CAM01125,Match,"113 HAMPSHIRE ST, CAMBRIDGE, MA, 02139",-71.095866021084,42.369745196192,25,017,Cambridge city,census
CAM01126,Match,"320 COLUMBIA ST, CAMBRIDGE, MA, 02141",-71.095565546627,42.370871060469,25,017,Cambridge city,census
CAM01127,Match,"45 UNION ST, CAMBRIDGE, MA, 02141",-71.094888312098,42.370581774574,25,017,Cambridge city,census
CAM01128,Match,"49 UNION ST, CAMBRIDGE, MA, 02141",-71.094834764088,42.370692096778,25,017,Cambridge city,census
CAM01129,Match,"125 HAMPSHIRE ST, CAMBRIDGE, MA, 02139",-71.096421825762,42.370196657791,25,017,Cambridge city,census
CAM01130,Match,"2 UNION PL, CAMBRIDGE, MA, 02141",-71.095038977666,42.370314654875,25,017,Cambridge city,census
CAM01131,Match,"3 UNION PL, CAMBRIDGE, MA, 02141",-71.095431739949,42.370546739645,25,017,Cambridge city,census
CAM01132,Match,"319 COLUMBIA ST, CAMBRIDGE, MA, 02141",-71.09572508964,42.370887102379,25,017,Cambridge city,census
CAM01133,Match,"321 COLUMBIA ST, CAMBRIDGE, MA, 02141",-71.095699419148,42.370931091706,25,017,Cambridge city,census
CAM01134,Match,"341 COLUMBIA ST, CAMBRIDGE, MA, 02141",-71.095442922341,42.371371020039,25,017,Cambridge city,census
CAM01135,Match,"335 COLUMBIA ST, CAMBRIDGE, MA, 02141",-71.095519845258,42.371239023585,25,017,Cambridge city,census
CAM01136,Match,"2 UNION TER, CAMBRIDGE, MA, 02141",-71.095275119728,42.369929695595,25,017,Cambridge city,census
CAM01137,Match,"1 UNION TER, CAMBRIDGE, MA, 02141",-71.09521636887,42.370035748223,25,017,Cambridge city,census
CAM01138,Match,"1060 CAMBRIDGE ST, CAMBRIDGE, MA, 02139",-71.094894964771,42.372904700325,25,017,Cambridge city,census
CAM01139,Match,"401 COLUMBIA ST, CAMBRIDGE, MA, 02141",-71.094813793804,42.372488503699,25,017,Cambridge city,census
CAM01140,Match,"395 COLUMBIA ST, CAMBRIDGE, MA, 02141",-71.094836784157,42.372447714816,25,017,Cambridge city,census
CAM01141,Match,"389 COLUMBIA ST, CAMBRIDGE, MA, 02141",-71.09485977451,42.372406925933,25,017,Cambridge city,census
CAM01142,Match,"381 COLUMBIA ST, CAMBRIDGE, MA, 02141",-71.094977860689,42.372206567702,25,017,Cambridge city,census
CAM01143,Match,"379 COLUMBIA ST, CAMBRIDGE, MA, 02141",-71.094997053088,42.372174498719,25,017,Cambridge city,census
CAM01144,Match,"367 COLUMBIA ST, CAMBRIDGE, MA, 02141",-71.095112207482,42.371982084819,25,017,Cambridge city,census
CAM01145,Match,"365 COLUMBIA ST, CAMBRIDGE, MA, 02141",-71.095131399881,42.371950015835,25,017,Cambridge city,census
CAM01146,Match,"361 COLUMBIA ST, CAMBRIDGE, MA, 02141",-71.09516735751,42.37188246999,25,017,Cambridge city,census
CAM01147,Match,"357 COLUMBIA ST, CAMBRIDGE, MA, 02141",-71.095201986385,42.371817175667,25,017,Cambridge city,census
CAM01148,Match,"345 COLUMBIA ST, CAMBRIDGE, MA, 02141",-71.095359909702,42.371521199602,25,017,Cambridge city,census
CAM01149,Match,"220 ELM ST, CAMBRIDGE, MA, 02139",-71.095917948565,42.371918799206,25,017,Cambridge city,census
CAM01150,Match,"222 ELM ST, CAMBRIDGE, MA, 02139",-71.095901600475,42.37194492814,25,017,Cambridge city,census
CAM01151,Match,"238 ELM ST, CAMBRIDGE, MA, 02139",-71.095771202944,42.372155320136,25,017,Cambridge city,census
CAM01152,Match,"246 ELM ST, CAMBRIDGE, MA, 02139",-71.095708595004,42.372260762522,25,017,Cambridge city,census
CAM01153,Match,"254 ELM ST, CAMBRIDGE, MA, 02139",-71.095645987064,42.372366204909,25,017,Cambridge city,census
CAM01154,Match,"43 LINCOLN ST, CAMBRIDGE, MA, 02141",-71.094435114034,42.371168740872,25,017,Cambridge city,census
CAM01155,Match,"49 LINCOLN ST, CAMBRIDGE, MA, 02141",-71.094658159596,42.371239923388,25,017,Cambridge city,census
CAM01156,Match,"65 LINCOLN ST, CAMBRIDGE, MA, 02141",-71.094989902151,42.371348773598,25,017,Cambridge city,census
CAM01157,Match,"455 WINDSOR ST, CAMBRIDGE, MA, 02141",-71.093665508151,42.371975562668,25,017,Cambridge city,census
CAM01158,Match,"453 WINDSOR ST, CAMBRIDGE, MA, 02141",-71.093675419737,42.371949624195,25,017,Cambridge city,census
CAM01159,Match,"960 CAMBRIDGE ST, CAMBRIDGE, MA, 02141",-71.092908685751,42.372647140589,25,017,Cambridge city,census
CAM01160,Match,"956 CAMBRIDGE ST, CAMBRIDGE, MA, 02141",-71.092876314149,42.372642886904,25,017,Cambridge city,census
CAM01161,Match,"918 CAMBRIDGE ST, CAMBRIDGE, MA, 02141",-71.092432305597,42.372584511928,25,017,Cambridge city,census
CAM01162,Match,"98 WILLOW ST, CAMBRIDGE, MA, 02141",-71.092122309793,42.372183375179,25,017,Cambridge city,census
CAM01163,Match,"96 WILLOW ST, CAMBRIDGE, MA, 02141",-71.092143367055,42.372148739632,25,017,Cambridge city,census
CAM01164,Match,"92 WILLOW ST, CAMBRIDGE, MA, 02141",-71.092185481579,42.372079468539,25,017,Cambridge city,census
CAM01165,Match,"88 WILLOW ST, CAMBRIDGE, MA, 02141",-71.092227596103,42.372010197445,25,017,Cambridge city,census
CAM01166,Match,"84 WILLOW ST, CAMBRIDGE, MA, 02141",-71.092269710628,42.371940926352,25,017,Cambridge city,census
CAM01167,Match,"80 WILLOW ST, CAMBRIDGE, MA, 02141",-71.092311825152,42.371871655259,25,017,Cambridge city,census
CAM01168,Match,"3 PALERMO ST, CAMBRIDGE, MA, 02141",-71.092401001096,42.371773082736,25,017,Cambridge city,census
CAM01169,Match,"5 PALERMO ST, CAMBRIDGE, MA, 02141",-71.092422977589,42.371779615831,25,017,Cambridge city,census
CAM01170,Match,"23 PALERMO ST, CAMBRIDGE, MA, 02141",-71.09262076602,42.371838413682,25,017,Cambridge city,census
CAM01171,Match,"464 WINDSOR ST, CAMBRIDGE, MA, 02141",-71.093453823123,42.372105990867,25,017,Cambridge city,census
CAM01172,Match,"472 WINDSOR ST, CAMBRIDGE, MA, 02141",-71.093400272469,42.372241747484,25,017,Cambridge city,census
CAM01173,Match,"478 WINDSOR ST, CAMBRIDGE, MA, 02141",-71.09336010948,42.372343564947,25,017,Cambridge city,census
CAM01174,Match,"72 WILLOW ST, CAMBRIDGE, MA, 02141",-71.092435647458,42.371658112462,25,017,Cambridge city,census
CAM01175,Match,"64 WILLOW ST, CAMBRIDGE, MA, 02141",-71.092523309699,42.371482769515,25,017,Cambridge city,census
CAM01176,Match,"38 WILLOW ST, CAMBRIDGE, MA, 02141",-71.092834658327,42.370923913882,25,017,Cambridge city,census
CAM01177,Match,"15 LINCOLN ST, CAMBRIDGE, MA, 02141",-71.093447511947,42.370856556685,25,017,Cambridge city,census
CAM01178,Match,"434 WINDSOR ST, CAMBRIDGE, MA, 02141",-71.093653184254,42.37156672483,25,017,Cambridge city,census
CAM01179,Match,"440 WINDSOR ST, CAMBRIDGE, MA, 02141",-71.093624580137,42.37166038786,25,017,Cambridge city,census
CAM01180,Match,"454 WINDSOR ST, CAMBRIDGE, MA, 02141",-71.093543492078,42.371873098926,25,017,Cambridge city,census
CAM01181,Match,"24 PALERMO ST, CAMBRIDGE, MA, 02141",-71.092683703289,42.371733602944,25,017,Cambridge city,census
CAM01182,Match,"12 PALERMO ST, CAMBRIDGE, MA, 02141",-71.092549097274,42.37169358774,25,017,Cambridge city,census
CAM01183,Match,"19 PALERMO ST, CAMBRIDGE, MA, 02141",-71.092576813035,42.371825347493,25,017,Cambridge city,census
CAM01184,Match,"9 PALERMO ST, CAMBRIDGE, MA, 02141",-71.092466930573,42.37179268202,25,017,Cambridge city,census
CAM01185,Match,"11 LINCOLN ST, CAMBRIDGE, MA, 02141",-71.093289179049,42.370805931014,25,017,Cambridge city,census
CAM01186,Match,"9 LINCOLN ST, CAMBRIDGE, MA, 02141",-71.093227193583,42.37078763637,25,017,Cambridge city,census
CAM01187,Match,"28 WILLOW ST, CAMBRIDGE, MA, 02141",-71.092968815583,42.370717312238,25,017,Cambridge city,census
CAM01188,Match,"32 WILLOW ST, CAMBRIDGE, MA, 02141",-71.092910222176,42.370800143168,25,017,Cambridge city,census
CAM01189,Tie,,,,,,,
CAM01190,Match,"448 WINDSOR ST, CAMBRIDGE, MA, 02141",-71.093578802102,42.371780693114,25,017,Cambridge city,census
CAM01191,Match,"469 WINDSOR ST, CAMBRIDGE, MA, 02141",-71.093554823032,42.372259518031,25,017,Cambridge city,census
CAM01192,Match,"467 WINDSOR ST, CAMBRIDGE, MA, 02141",-71.093566801467,42.372229151419,25,017,Cambridge city,census
CAM01193,Match,"1066 CAMBRIDGE ST, CAMBRIDGE, MA, 02139",-71.095031159143,42.372921358478,25,017,Cambridge city,census
CAM01194,Match,"475 WINDSOR ST, CAMBRIDGE, MA, 02141",-71.093518887725,42.372350617866,25,017,Cambridge city,census
CAM01195,Match,"16 PALERMO ST, CAMBRIDGE, MA, 02141",-71.092593965946,42.371706926141,25,017,Cambridge city,census
CAM01196,Match,"20 PALERMO ST, CAMBRIDGE, MA, 02141",-71.092638834618,42.371720264543,25,017,Cambridge city,census
CAM01197,Match,"250 WEBSTER AVE, CAMBRIDGE, MA, 02141",-71.093849912337,42.371425133776,25,017,Cambridge city,census
CAM01198,Match,"101 LINCOLN ST, CAMBRIDGE, MA, 02141",-71.095508516213,42.371514423159,25,017,Cambridge city,census
CAM01199,Match,"216 ELM ST, CAMBRIDGE, MA, 02139",-71.095950644744,42.371866541339,25,017,Cambridge city,census
CAM01200,Match,"93 LINCOLN ST, CAMBRIDGE, MA, 02141",-71.09546283673,42.371500406703,25,017,Cambridge city,census
CAM01201,Match,"89 LINCOLN ST, CAMBRIDGE, MA, 02141",-71.095439996988,42.371493398475,25,017,Cambridge city,census
CAM01202,Match,"427 WINDSOR ST, CAMBRIDGE, MA, 02141",-71.093799469317,42.371608377351,25,017,Cambridge city,census
CAM01203,No_Match,,,,,,,
CAM01204,Match,"1035 CAMBRIDGE ST, CAMBRIDGE, MA, 02141",-71.093934735666,42.372898725921,25,017,Cambridge city,census
CAM01205,Match,"384 PROSPECT ST, CAMBRIDGE, MA, 02139",-71.097369211835,42.374369212859,25,017,Cambridge city,census
CAM01206,Match,"169 TREMONT ST, CAMBRIDGE, MA, 02139",-71.096442271637,42.374346374474,25,017,Cambridge city,census
CAM01207,Match,"155 TREMONT ST, CAMBRIDGE, MA, 02139",-71.096592845541,42.374137218645,25,017,Cambridge city,census
CAM01208,Match,"147 TREMONT ST, CAMBRIDGE, MA, 02139",-71.096676627288,42.374017714195,25,017,Cambridge city,census
CAM01209,Match,"131 TREMONT ST, CAMBRIDGE, MA, 02139",-71.096844190784,42.373778705295,25,017,Cambridge city,census
CAM01210,Match,"354 PROSPECT ST, CAMBRIDGE, MA, 02139",-71.097923816876,42.373535791531,25,017,Cambridge city,census
CAM01211,Match,"107 TREMONT ST, CAMBRIDGE, MA, 02139",-71.097091513402,42.373418056637,25,017,Cambridge city,census
CAM01212,Match,"1197 CAMBRIDGE ST, CAMBRIDGE, MA, 02139",-71.097437995288,42.373352560372,25,017,Cambridge city,census
CAM01213,Match,"409 NORFOLK ST, CAMBRIDGE, MA, 02139",-71.095623719091,42.374298712876,25,017,Cambridge city,census
CAM01214,Match,"405 NORFOLK ST, CAMBRIDGE, MA, 02139",-71.095675914648,42.374219397033,25,017,Cambridge city,census
CAM01215,Match,"401 NORFOLK ST, CAMBRIDGE, MA, 02139",-71.095729133816,42.374138202404,25,017,Cambridge city,census
CAM01216,Match,"397 NORFOLK ST, CAMBRIDGE, MA, 02139",-71.095777123282,42.374057609158,25,017,Cambridge city,census
CAM01217,Match,"393 NORFOLK ST, CAMBRIDGE, MA, 02139",-71.095825112748,42.373977015912,25,017,Cambridge city,census
CAM01218,Match,"387 NORFOLK ST, CAMBRIDGE, MA, 02139",-71.095897096947,42.373856126043,25,017,Cambridge city,census
CAM01219,Match,"385 NORFOLK ST, CAMBRIDGE, MA, 02139",-71.09592109168,42.37381582942,25,017,Cambridge city,census
CAM01220,Match,"373 NORFOLK ST, CAMBRIDGE, MA, 02139",-71.096065060077,42.373574049682,25,017,Cambridge city,census
CAM01221,Match,"122 TREMONT ST, CAMBRIDGE, MA, 02139",-71.096801204041,42.373588163538,25,017,Cambridge city,census
CAM01222,Match,"134 TREMONT ST, CAMBRIDGE, MA, 02139",-71.09668434695,42.373757539949,25,017,Cambridge city,census
CAM01223,Match,"140 TREMONT ST, CAMBRIDGE, MA, 02139",-71.096625001546,42.373842188934,25,017,Cambridge city,census
CAM01224,Match,"154 TREMONT ST, CAMBRIDGE, MA, 02139",-71.096486528935,42.374039703234,25,017,Cambridge city,census
CAM01225,Match,"325 ELM ST, CAMBRIDGE, MA, 02139",-71.095156273528,42.373572421811,25,017,Cambridge city,census
CAM01226,Match,"1099 CAMBRIDGE ST, CAMBRIDGE, MA, 02139",-71.095704141321,42.373122469618,25,017,Cambridge city,census
CAM01227,Match,"1111 CAMBRIDGE ST, CAMBRIDGE, MA, 02139",-71.09587818911,42.373144923255,25,017,Cambridge city,census
CAM01228,Match,"382 NORFOLK ST, CAMBRIDGE, MA, 02139",-71.095838240264,42.373670385325,25,017,Cambridge city,census
CAM01229,Match,"388 NORFOLK ST, CAMBRIDGE, MA, 02139",-71.095768826929,42.373786957699,25,017,Cambridge city,census
CAM01230,Match,"392 NORFOLK ST, CAMBRIDGE, MA, 02139",-71.095722551373,42.373864672615,25,017,Cambridge city,census
CAM01231,Match,"396 NORFOLK ST, CAMBRIDGE, MA, 02139",-71.095676275817,42.373942387531,25,017,Cambridge city,census
CAM01232,Match,"408 NORFOLK ST, CAMBRIDGE, MA, 02139",-71.095534536763,42.37417214808,25,017,Cambridge city,census
CAM01233,Match,"1179 CAMBRIDGE ST, CAMBRIDGE, MA, 02139",-71.097028865286,42.37329717685,25,017,Cambridge city,census
CAM01234,Match,"158 TREMONT ST, CAMBRIDGE, MA, 02139",-71.096446965332,42.374096135891,25,017,Cambridge city,census
CAM01235,Match,"168 TREMONT ST, CAMBRIDGE, MA, 02139",-71.096347272227,42.374235719295,25,017,Cambridge city,census
CAM01236,Match,"164 TREMONT ST, CAMBRIDGE, MA, 02139",-71.096388233418,42.374179833413,25,017,Cambridge city,census
CAM01237,Match,"1103 CAMBRIDGE ST, CAMBRIDGE, MA, 02139",-71.095762157251,42.373129954164,25,017,Cambridge city,census
CAM01238,Match,"1105 CAMBRIDGE ST, CAMBRIDGE, MA, 02139",-71.095791165216,42.373133696437,25,017,Cambridge city,census
CAM01239,Match,"376 PROSPECT ST, CAMBRIDGE, MA, 02139",-71.097426484633,42.37428510199,25,017,Cambridge city,census
CAM01240,Match,"372 PROSPECT ST, CAMBRIDGE, MA, 02139",-71.09749459357,42.374184941295,25,017,Cambridge city,census
CAM01241,Match,"368 PROSPECT ST, CAMBRIDGE, MA, 02139",-71.097562702507,42.374084780599,25,017,Cambridge city,census
CAM01242,Match,"380 PROSPECT ST, CAMBRIDGE, MA, 02139",-71.097369211835,42.374369212859,25,017,Cambridge city,census
CAM01243,Match,"128 TREMONT ST, CAMBRIDGE, MA, 02139",-71.096742956528,42.373673227536,25,017,Cambridge city,census
CAM01244,Match,"289 ELM ST, CAMBRIDGE, MA, 02139",-71.095299780365,42.373249006964,25,017,Cambridge city,census
CAM01245,Match,"291 ELM ST, CAMBRIDGE, MA, 02139",-71.095291807763,42.373266974456,25,017,Cambridge city,census
CAM01246,Match,"297 ELM ST, CAMBRIDGE, MA, 02139",-71.095267889956,42.37332087693,25,017,Cambridge city,census
CAM01247,Match,"301 ELM ST, CAMBRIDGE, MA, 02139",-71.095251944752,42.373356811913,25,017,Cambridge city,census
CAM01248,Match,"398 NORFOLK ST, CAMBRIDGE, MA, 02139",-71.095653138039,42.373981244988,25,017,Cambridge city,census
CAM01249,Match,"400 NORFOLK ST, CAMBRIDGE, MA, 02139",-71.09563000026,42.374020102446,25,017,Cambridge city,census
CAM01250,Match,"381 NORFOLK ST, CAMBRIDGE, MA, 02139",-71.095969081145,42.373735236174,25,017,Cambridge city,census
CAM01251,Match,"412 NORFOLK ST, CAMBRIDGE, MA, 02139",-71.095484374037,42.374248373324,25,017,Cambridge city,census
CAM01252,Match,"410 NORFOLK ST, CAMBRIDGE, MA, 02139",-71.095509425222,42.374210330942,25,017,Cambridge city,census
CAM01253,Match,"139 TREMONT ST, CAMBRIDGE, MA, 02139",-71.096760409036,42.373898209745,25,017,Cambridge city,census
CAM01254,Match,"303 ELM ST, CAMBRIDGE, MA, 02139",-71.09524397215,42.373374779404,25,017,Cambridge city,census
CAM01255,Match,"18 SPRINGFIELD ST, CAMBRIDGE, MA, 02139",-71.100490877401,42.374183655391,25,017,Cambridge city,census
CAM01256,Match,"16 SPRINGFIELD ST, CAMBRIDGE, MA, 02139",-71.100501421635,42.374131461891,25,017,Cambridge city,census
CAM01257,Match,"12 SPRINGFIELD ST, CAMBRIDGE, MA, 02139",-71.100522510103,42.374027074891,25,017,Cambridge city,census
CAM01258,Match,"26 OAK ST, CAMBRIDGE, MA, 02139",-71.099704719833,42.373635335071,25,017,Cambridge city,census
CAM01259,No_Match,,,,,,,
CAM01260,Match,"32 OAKLAND ST, CAMBRIDGE, MA, 02139",-71.098854045398,42.374417824842,25,017,Somerville city,census
CAM01261,Match,"28 OAKLAND ST, CAMBRIDGE, MA, 02139",-71.098871227964,42.374342078018,25,017,Cambridge city,census
CAM01262,Match,"24 OAKLAND ST, CAMBRIDGE, MA, 02139",-71.098897960617,42.374223299431,25,017,Cambridge city,census
CAM01263,Match,"18 OAKLAND ST, CAMBRIDGE, MA, 02139",-71.09893824803,42.374045105161,25,017,Cambridge city,census
CAM01264,Match,"16 OAKLAND ST, CAMBRIDGE, MA, 02139",-71.098951682746,42.373985724302,25,017,Cambridge city,census
CAM01265,Match,"12 OAKLAND ST, CAMBRIDGE, MA, 02139",-71.09897855218,42.373866962583,25,017,Cambridge city,census
CAM01266,Match,"8 OAKLAND ST, CAMBRIDGE, MA, 02139",-71.099005421613,42.373748200865,25,017,Cambridge city,census
CAM01267,No_Match,,,,,,,
CAM01268,Match,"385 PROSPECT ST, CAMBRIDGE, MA, 02139",-71.097692227396,42.374149575153,25,017,Cambridge city,census
CAM01269,Match,"375 PROSPECT ST, CAMBRIDGE, MA, 02139",-71.097783039312,42.374016027559,25,017,Cambridge city,census
CAM01270,Match,"371 PROSPECT ST, CAMBRIDGE, MA, 02139",-71.097819364078,42.373962608522,25,017,Cambridge city,census
CAM01271,Match,"17 CLARY ST, CAMBRIDGE, MA, 02139",-71.097948844217,42.373980050734,25,017,Cambridge city,census
CAM01272,Match,"365 PROSPECT ST, CAMBRIDGE, MA, 02139",-71.09794009606,42.373778720509,25,017,Cambridge city,census
CAM01273,No_Match,,,,,,,
CAM01274,Match,"12 OAK ST, CAMBRIDGE, MA, 02139",-71.099672620091,42.373814602448,25,017,Cambridge city,census
CAM01275,Match,"1245 CAMBRIDGE ST, CAMBRIDGE, MA, 02139",-71.098314487475,42.373471182401,25,017,Cambridge city,census
CAM01276,Match,"10 CLARY ST, CAMBRIDGE, MA, 02139",-71.097965433783,42.37385711991,25,017,Cambridge city,census
CAM01277,Match,"18 CLARY ST, CAMBRIDGE, MA, 02139",-71.098023146961,42.373879442828,25,017,Cambridge city,census
CAM01278,Match,"20 CLARY ST, CAMBRIDGE, MA, 02139",-71.098037575255,42.373885023557,25,017,Cambridge city,census
CAM01279,No_Match,,,,,,,
CAM01280,No_Match,,,,,,,
CAM01281,Match,"7 OAKLAND ST, CAMBRIDGE, MA, 02139",-71.099158411017,42.373767092007,25,017,Cambridge city,census
CAM01282,Match,"19 OAKLAND ST, CAMBRIDGE, MA, 02139",-71.099077802716,42.374123377162,25,017,Cambridge city,census
CAM01283,Match,"23 OAKLAND ST, CAMBRIDGE, MA, 02139",-71.099050973419,42.374242094201,25,017,Cambridge city,census
CAM01284,No_Match,,,,,,,
CAM01285,No_Match,,,,,,,
CAM01286,Match,"24 CLARY ST, CAMBRIDGE, MA, 02139",-71.098066431844,42.373896185015,25,017,Cambridge city,census
CAM01287,No_Match,,,,,,,
CAM01288,Match,"241 HAMPSHIRE ST, CAMBRIDGE, MA, 02139",-71.100934970909,42.373912582035,25,017,Cambridge city,census
CAM01289,Match,"1365 CAMBRIDGE ST, CAMBRIDGE, MA, 02139",-71.100233488666,42.373718223746,25,017,Cambridge city,census
CAM01290,Match,"7 SPRINGFIELD ST, CAMBRIDGE, MA, 02139",-71.100387022356,42.373921430903,25,017,Cambridge city,census
CAM01291,Match,"1218 CAMBRIDGE ST, CAMBRIDGE, MA, 02139",-71.097765561067,42.373280518555,25,017,Cambridge city,census
CAM01292,Match,"1210 CAMBRIDGE ST, CAMBRIDGE, MA, 02139",-71.097654306152,42.373265415281,25,017,Cambridge city,census
CAM01293,Match,"1192 CAMBRIDGE ST, CAMBRIDGE, MA, 02139",-71.097403982594,42.373231432915,25,017,Cambridge city,census
CAM01294,Match,"87 TREMONT ST, CAMBRIDGE, MA, 02139",-71.097362179936,42.372910986627,25,017,Cambridge city,census
CAM01295,Match,"85 TREMONT ST, CAMBRIDGE, MA, 02139",-71.097386242099,42.372860177795,25,017,Cambridge city,census
CAM01296,Match,"77 TREMONT ST, CAMBRIDGE, MA, 02139",-71.09748073589,42.37266195078,25,017,Cambridge city,census
CAM01297,Match,"3 CARLISLE ST, CAMBRIDGE, MA, 02139",-71.097710363286,42.372325073755,25,017,Cambridge city,census
CAM01298,Match,"15 CARLISLE ST, CAMBRIDGE, MA, 02139",-71.097822556088,42.372362601729,25,017,Cambridge city,census
CAM01299,Match,"300 PROSPECT ST, CAMBRIDGE, MA, 02139",-71.098600075046,42.372632898902,25,017,Cambridge city,census
CAM01300,Match,"306 PROSPECT ST, CAMBRIDGE, MA, 02139",-71.098543724147,42.372716863092,25,017,Cambridge city,census
CAM01301,Match,"294 PROSPECT ST, CAMBRIDGE, MA, 02139",-71.098720026589,42.372451918637,25,017,Cambridge city,census
CAM01302,Match,"20 CARLISLE ST, CAMBRIDGE, MA, 02139",-71.097927435712,42.372271893668,25,017,Cambridge city,census
CAM01303,Match,"14 CARLISLE ST, CAMBRIDGE, MA, 02139",-71.097870170636,42.372252738765,25,017,Cambridge city,census
CAM01304,Match,"12 CARLISLE ST, CAMBRIDGE, MA, 02139",-71.097851082277,42.372246353797,25,017,Cambridge city,census
CAM01305,Match,"8 1/2 CARLISLE ST, CAMBRIDGE, MA, 02139",-71.09781290556,42.372233583861,25,017,Cambridge city,census
CAM01306,Match,"4 CARLISLE ST, CAMBRIDGE, MA, 02139",-71.097774728843,42.372220813926,25,017,Cambridge city,census
CAM01307,Match,"163 HAMPSHIRE ST, CAMBRIDGE, MA, 02139",-71.098373041169,42.371789273958,25,017,Cambridge city,census
CAM01308,Match,"173 HAMPSHIRE ST, CAMBRIDGE, MA, 02139",-71.098739521409,42.372082854483,25,017,Cambridge city,census
CAM01309,Match,"292 PROSPECT ST, CAMBRIDGE, MA, 02139",-71.09874591062,42.372412670525,25,017,Cambridge city,census
CAM01310,Match,"79 TREMONT ST, CAMBRIDGE, MA, 02139",-71.09745842859,42.372707751298,25,017,Cambridge city,census
CAM01311,Match,"322 PROSPECT ST, CAMBRIDGE, MA, 02139",-71.098391294212,42.372933848109,25,017,Cambridge city,census
CAM01312,Match,"318 PROSPECT ST, CAMBRIDGE, MA, 02139",-71.09843102235,42.372884791473,25,017,Cambridge city,census
CAM01313,Match,"81 TREMONT ST, CAMBRIDGE, MA, 02139",-71.097434366426,42.37275856013,25,017,Cambridge city,census
CAM01314,Match,"79A TREMONT ST, CAMBRIDGE, MA, 02139",-71.09745842859,42.372707751298,25,017,Cambridge city,census
CAM01315,Match,"81 TREMONT ST, CAMBRIDGE, MA, 02139",-71.097434366426,42.37275856013,25,017,Cambridge city,census
CAM01316,Match,"317 PROSPECT ST, CAMBRIDGE, MA, 02139",-71.098576490331,42.37292600621,25,017,Cambridge city,census
CAM01317,Match,"1264 CAMBRIDGE ST, CAMBRIDGE, MA, 02139",-71.098585645321,42.373391083711,25,017,Cambridge city,census
CAM01318,Match,"167 HAMPSHIRE ST, CAMBRIDGE, MA, 02139",-71.098544661262,42.371926947338,25,017,Cambridge city,census
CAM01319,Match,"165 HAMPSHIRE ST, CAMBRIDGE, MA, 02139",-71.098439445715,42.371842605201,25,017,Cambridge city,census
CAM01320,Match,"57 TREMONT ST, CAMBRIDGE, MA, 02139",-71.097916786136,42.371957754807,25,017,Cambridge city,census
CAM01321,Match,"73 TREMONT ST, CAMBRIDGE, MA, 02139",-71.097540972157,42.372563921209,25,017,Cambridge city,census
CAM01322,Match,"11 CARLISLE ST, CAMBRIDGE, MA, 02139",-71.097785158487,42.372350092405,25,017,Cambridge city,census
CAM01323,Match,"7 CARLISLE ST, CAMBRIDGE, MA, 02139",-71.097747760887,42.37233758308,25,017,Cambridge city,census
CAM01324,Match,"328 PROSPECT ST, CAMBRIDGE, MA, 02139",-71.09832472522,42.373013625922,25,017,Cambridge city,census
CAM01325,Match,"1238 CAMBRIDGE ST, CAMBRIDGE, MA, 02139",-71.098043698353,42.373318276739,25,017,Cambridge city,census
CAM01326,Match,"310 PROSPECT ST, CAMBRIDGE, MA, 02139",-71.098506156882,42.372772839219,25,017,Cambridge city,census
CAM01327,Match,"310R PROSPECT ST, CAMBRIDGE, MA, 02139",-71.098506156882,42.372772839219,25,017,Cambridge city,census
CAM01328,Match,"312 PROSPECT ST, CAMBRIDGE, MA, 02139",-71.098487373249,42.372800827283,25,017,Cambridge city,census
CAM01329,Match,"5 TREMONT ST, CAMBRIDGE, MA, 02139",-71.099850119186,42.369176378423,25,017,Cambridge city,census
CAM01330,Match,"61 TREMONT ST, CAMBRIDGE, MA, 02139",-71.097756008492,42.372215162482,25,017,Cambridge city,census
CAM01331,Match,"19 CARLISLE ST, CAMBRIDGE, MA, 02139",-71.097859953688,42.372375111054,25,017,Cambridge city,census
CAM01332,Match,"195 HAMPSHIRE ST, CAMBRIDGE, MA, 02139",-71.099825444401,42.37298770135,25,017,Cambridge city,census
CAM01333,Match,"1296 CAMBRIDGE ST, CAMBRIDGE, MA, 02139",-71.099221863397,42.373473513315,25,017,Cambridge city,census
CAM01334,Match,"80 TREMONT ST, CAMBRIDGE, MA, 02139",-71.097257022014,42.372786042796,25,017,Cambridge city,census
CAM01335,Match,"1160 CAMBRIDGE ST, CAMBRIDGE, MA, 02139",-71.096775587178,42.37314686397,25,017,Cambridge city,census
CAM01336,Match,"1154 CAMBRIDGE ST, CAMBRIDGE, MA, 02139",-71.096670250283,42.373132781677,25,017,Cambridge city,census
CAM01337,Match,"349 NORFOLK ST, CAMBRIDGE, MA, 02139",-71.096428849452,42.37295046247,25,017,Cambridge city,census
CAM01338,Match,"345 NORFOLK ST, CAMBRIDGE, MA, 02139",-71.096525668474,42.372796691972,25,017,Cambridge city,census
CAM01339,Match,"336 NORFOLK ST, CAMBRIDGE, MA, 02139",-71.096530661362,42.372510311031,25,017,Cambridge city,census
CAM01340,Match,"352 NORFOLK ST, CAMBRIDGE, MA, 02139",-71.096229532211,42.372995326392,25,017,Cambridge city,census
CAM01341,Match,"1132 CAMBRIDGE ST, CAMBRIDGE, MA, 02139",-71.096165943258,42.37306572044,25,017,Cambridge city,census
CAM01342,Match,"1124 CAMBRIDGE ST, CAMBRIDGE, MA, 02139",-71.096054208875,42.373051305759,25,017,Cambridge city,census
CAM01343,Match,"257 ELM ST, CAMBRIDGE, MA, 02139",-71.095572538456,42.37276162425,25,017,Cambridge city,census
CAM01344,Match,"253 ELM ST, CAMBRIDGE, MA, 02139",-71.095621563035,42.372686122798,25,017,Cambridge city,census
CAM01345,Match,"237 ELM ST, CAMBRIDGE, MA, 02139",-71.095807950699,42.372378687895,25,017,Cambridge city,census
CAM01346,Match,"229 ELM ST, CAMBRIDGE, MA, 02139",-71.095899016793,42.372225317151,25,017,Cambridge city,census
CAM01347,Match,"221 ELM ST, CAMBRIDGE, MA, 02139",-71.095991863671,42.372073770723,25,017,Cambridge city,census
CAM01348,Match,"205 ELM ST, CAMBRIDGE, MA, 02139",-71.096182095988,42.371769724952,25,017,Cambridge city,census
CAM01349,Match,"185R ELM ST, CAMBRIDGE, MA, 02139",-71.096458890322,42.371306502553,25,017,Cambridge city,census
CAM01350,Match,"183 ELM ST, CAMBRIDGE, MA, 02139",-71.096482375677,42.371266532285,25,017,Cambridge city,census
CAM01351,Match,"177 ELM ST, CAMBRIDGE, MA, 02139",-71.096553008463,42.371147363721,25,017,Cambridge city,census
CAM01352,Match,"165 ELM ST, CAMBRIDGE, MA, 02139",-71.096697458935,42.370908694333,25,017,Cambridge city,census
CAM01353,Match,"137 HAMPSHIRE ST, CAMBRIDGE, MA, 02139",-71.097052064495,42.370709270348,25,017,Cambridge city,census
CAM01354,Match,"82 TREMONT ST, CAMBRIDGE, MA, 02139",-71.097236397302,42.372829593224,25,017,Cambridge city,census
CAM01355,Match,"263 ELM ST, CAMBRIDGE, MA, 02139",-71.095499001588,42.372874876429,25,017,Cambridge city,census
CAM01356,Match,"338 NORFOLK ST, CAMBRIDGE, MA, 02139",-71.09649375091,42.372571301791,25,017,Cambridge city,census
CAM01357,Match,"175 ELM ST, CAMBRIDGE, MA, 02139",-71.096577083541,42.37110758549,25,017,Cambridge city,census
CAM01358,Match,"348 NORFOLK ST, CAMBRIDGE, MA, 02139",-71.096305813865,42.372874173878,25,017,Cambridge city,census
CAM01359,Match,"90 TREMONT ST, CAMBRIDGE, MA, 02139",-71.097153898456,42.373003794934,25,017,Cambridge city,census
CAM01360,Match,"1178 CAMBRIDGE ST, CAMBRIDGE, MA, 02139",-71.097209286494,42.373205002186,25,017,Cambridge city,census
CAM01361,Match,"167 ELM ST, CAMBRIDGE, MA, 02139",-71.096673383856,42.370948472565,25,017,Cambridge city,census
CAM01362,Match,"211 ELM ST, CAMBRIDGE, MA, 02139",-71.096110758869,42.371883742116,25,017,Cambridge city,census
CAM01363,Match,"193 ELM ST, CAMBRIDGE, MA, 02139",-71.096364948903,42.371466383626,25,017,Cambridge city,census
CAM01364,Match,"171 ELM ST, CAMBRIDGE, MA, 02139",-71.096625233699,42.371028029027,25,017,Cambridge city,census
CAM01365,Match,"291 BROADWAY, CAMBRIDGE, MA, 02139",-71.098896164381,42.368543847125,25,017,Cambridge city,census
CAM01366,Match,"224 NORFOLK ST, CAMBRIDGE, MA, 02139",-71.098299426353,42.369570941351,25,017,Cambridge city,census
CAM01367,Match,"232 NORFOLK ST, CAMBRIDGE, MA, 02139",-71.098196001339,42.369748233709,25,017,Cambridge city,census
CAM01368,Match,"236 NORFOLK ST, CAMBRIDGE, MA, 02139",-71.0981436282,42.369836925112,25,017,Cambridge city,census
CAM01369,Match,"242 NORFOLK ST, CAMBRIDGE, MA, 02139",-71.098065068491,42.369969962216,25,017,Cambridge city,census
CAM01370,Match,"248 NORFOLK ST, CAMBRIDGE, MA, 02139",-71.097986508782,42.37010299932,25,017,Cambridge city,census
CAM01371,Match,"250 NORFOLK ST, CAMBRIDGE, MA, 02139",-71.097960322212,42.370147345021,25,017,Cambridge city,census
CAM01372,Match,"254 NORFOLK ST, CAMBRIDGE, MA, 02139",-71.097907949073,42.370236036424,25,017,Cambridge city,census
CAM01373,Match,"260 NORFOLK ST, CAMBRIDGE, MA, 02139",-71.097829389364,42.370369073529,25,017,Cambridge city,census
CAM01374,Match,"137 ELM ST, CAMBRIDGE, MA, 02139",-71.0970625733,42.37029526547,25,017,Cambridge city,census
CAM01375,Match,"133 ELM ST, CAMBRIDGE, MA, 02139",-71.097105514314,42.370220568636,25,017,Cambridge city,census
CAM01376,Match,"129 ELM ST, CAMBRIDGE, MA, 02139",-71.097148455329,42.370145871802,25,017,Cambridge city,census
CAM01377,Match,"77 ELM ST, CAMBRIDGE, MA, 02139",-71.097757791496,42.369108521929,25,017,Cambridge city,census
CAM01378,Match,"287 BROADWAY, CAMBRIDGE, MA, 02139",-71.098556719708,42.368411137651,25,017,Cambridge city,census
CAM01379,Match,"64 ELM ST, CAMBRIDGE, MA, 02139",-71.097815512656,42.368711189097,25,017,Cambridge city,census
CAM01380,Match,"66 ELM ST, CAMBRIDGE, MA, 02139",-71.097797633307,42.368743132444,25,017,Cambridge city,census
CAM01381,Match,"72 ELM ST, CAMBRIDGE, MA, 02139",-71.097743995258,42.368838962487,25,017,Cambridge city,census
CAM01382,Match,"88 ELM ST, CAMBRIDGE, MA, 02139",-71.097598150675,42.369092890146,25,017,Cambridge city,census
CAM01383,Match,"56 MARKET ST, CAMBRIDGE, MA, 02139",-71.096945683547,42.368819937223,25,017,Cambridge city,census
CAM01384,Match,"209 COLUMBIA ST, CAMBRIDGE, MA, 02139",-71.097087618419,42.368506043556,25,017,Cambridge city,census
CAM01385,Match,"279 BROADWAY, CAMBRIDGE, MA, 02139",-71.097845996182,42.368132199968,25,017,Cambridge city,census
CAM01386,Tie,,,,,,,
CAM01387,Tie,,,,,,,
CAM01388,Match,"243 COLUMBIA ST, CAMBRIDGE, MA, 02139",-71.096659469875,42.369266438742,25,017,Cambridge city,census
CAM01389,Match,"237 COLUMBIA ST, CAMBRIDGE, MA, 02139",-71.096724592688,42.369154790565,25,017,Cambridge city,census
CAM01390,Match,"235 COLUMBIA ST, CAMBRIDGE, MA, 02139",-71.096746300292,42.369117574506,25,017,Cambridge city,census
CAM01391,Match,"57 MARKET ST, CAMBRIDGE, MA, 02139",-71.096885434295,42.368938360374,25,017,Cambridge city,census
CAM01392,Match,"55 MARKET ST, CAMBRIDGE, MA, 02139",-71.096860082101,42.368919184129,25,017,Cambridge city,census
CAM01393,Match,"194 NORFOLK ST, CAMBRIDGE, MA, 02139",-71.098685949612,42.368902833253,25,017,Cambridge city,census
CAM01394,Match,"200 NORFOLK ST, CAMBRIDGE, MA, 02139",-71.098607746228,42.369036908048,25,017,Cambridge city,census
CAM01395,Match,"71 ELM ST, CAMBRIDGE, MA, 02139",-71.097823205033,42.368995517943,25,017,Cambridge city,census
CAM01396,Match,"67 ELM ST, CAMBRIDGE, MA, 02139",-71.097866793814,42.368919429377,25,017,Cambridge city,census
CAM01397,Match,"61 MARKET ST, CAMBRIDGE, MA, 02139",-71.096936138685,42.368976712865,25,017,Cambridge city,census
CAM01398,Match,"277 BROADWAY, CAMBRIDGE, MA, 02139",-71.097611925359,42.36803985772,25,017,Cambridge city,census
CAM01399,Tie,,,,,,,
CAM01400,Match,"55 ELM ST, CAMBRIDGE, MA, 02139",-71.097993935855,42.368692276683,25,017,Cambridge city,census
CAM01401,Match,"59 ELM ST, CAMBRIDGE, MA, 02139",-71.097951555175,42.368767994248,25,017,Cambridge city,census
CAM01402,Tie,,,,,,,
CAM01403,Tie,,,,,,,
CAM01404,Match,"281 BROADWAY, CAMBRIDGE, MA, 02139",-71.098080067005,42.368224542216,25,017,Cambridge city,census
CAM01405,Match,"56 ELM ST, CAMBRIDGE, MA, 02139",-71.097887030054,42.368583415706,25,017,Cambridge city,census
CAM01406,Match,"206 NORFOLK ST, CAMBRIDGE, MA, 02139",-71.098530666259,42.369170416374,25,017,Cambridge city,census
CAM01407,Match,"270 NORFOLK ST, CAMBRIDGE, MA, 02139",-71.097698456515,42.370590802036,25,017,Cambridge city,census
CAM01408,Match,"140 HAMPSHIRE ST, CAMBRIDGE, MA, 02139",-71.0973289954,42.370767547068,25,017,Cambridge city,census
CAM01409,Match,"212 NORFOLK ST, CAMBRIDGE, MA, 02139",-71.09845358629,42.3693039247,25,017,Cambridge city,census
CAM01410,Match,"251 COLUMBIA ST, CAMBRIDGE, MA, 02139",-71.09657391254,42.369414971296,25,017,Cambridge city,census
CAM01411,Tie,,,,,,,
CAM01412,Tie,,,,,,,
CAM01413,Match,"132 HAMPSHIRE ST, CAMBRIDGE, MA, 02139",-71.097053372113,42.370537454732,25,017,Cambridge city,census
CAM01414,Match,"121 ELM ST, CAMBRIDGE, MA, 02139",-71.097234091621,42.369997115439,25,017,Cambridge city,census
CAM01415,Match,"176 PROSPECT ST, CAMBRIDGE, MA, 02139",-71.100637267223,42.369726666189,25,017,Cambridge city,census
CAM01416,Match,"180 PROSPECT ST, CAMBRIDGE, MA, 02139",-71.100570187287,42.36982290691,25,017,Cambridge city,census
CAM01417,Match,"190 PROSPECT ST, CAMBRIDGE, MA, 02139",-71.100402487448,42.370063508713,25,017,Cambridge city,census
CAM01418,Match,"194 PROSPECT ST, CAMBRIDGE, MA, 02139",-71.100335407513,42.370159749434,25,017,Cambridge city,census
CAM01419,Match,"208 PROSPECT ST, CAMBRIDGE, MA, 02139",-71.100100627739,42.370496591958,25,017,Cambridge city,census
CAM01420,Match,"210 PROSPECT ST, CAMBRIDGE, MA, 02139",-71.100067087771,42.370544712319,25,017,Cambridge city,census
CAM01421,Match,"216 PROSPECT ST, CAMBRIDGE, MA, 02139",-71.099948333183,42.370714842729,25,017,Cambridge city,census
CAM01422,Match,"222 PROSPECT ST, CAMBRIDGE, MA, 02139",-71.099905861583,42.37077556659,25,017,Cambridge city,census
CAM01423,Match,"10 GARDNER RD, CAMBRIDGE, MA, 02139",-71.099477125358,42.370654457899,25,017,Cambridge city,census
CAM01424,Match,"31 TREMONT ST, CAMBRIDGE, MA, 02139",-71.098953985683,42.370461535601,25,017,Cambridge city,census
CAM01425,Match,"29 TREMONT ST, CAMBRIDGE, MA, 02139",-71.099025036006,42.370363460429,25,017,Cambridge city,census
CAM01426,Match,"244 PROSPECT ST, CAMBRIDGE, MA, 02139",-71.099538549391,42.371305720953,25,017,Cambridge city,census
CAM01427,Match,"256 PROSPECT ST, CAMBRIDGE, MA, 02139",-71.099344503187,42.371575936285,25,017,Cambridge city,census
CAM01428,Match,"258 PROSPECT ST, CAMBRIDGE, MA, 02139",-71.099312162153,42.371620972173,25,017,Cambridge city,census
CAM01429,Match,"174 HAMPSHIRE ST, CAMBRIDGE, MA, 02139",-71.098861597607,42.37201161212,25,017,Cambridge city,census
CAM01430,Match,"3 MURDOCK ST, CAMBRIDGE, MA, 02139",-71.09866907413,42.371800118108,25,017,Cambridge city,census
CAM01431,Match,"11 GARDNER RD, CAMBRIDGE, MA, 02139",-71.099420362799,42.370761359831,25,017,Cambridge city,census
CAM01432,Match,"15 GARDNER RD, CAMBRIDGE, MA, 02139",-71.099438612179,42.370767686322,25,017,Cambridge city,census
CAM01433,Match,"18 MURDOCK ST, CAMBRIDGE, MA, 02139",-71.098641795563,42.371591567935,25,017,Cambridge city,census
CAM01434,Match,"39 TREMONT ST, CAMBRIDGE, MA, 02139",-71.098631695652,42.370903553714,25,017,Cambridge city,census
CAM01435,Match,"6 TREMONT ST, CAMBRIDGE, MA, 02139",-71.099677878584,42.369170817392,25,017,Cambridge city,census
CAM01436,Match,"12 TREMONT ST, CAMBRIDGE, MA, 02139",-71.099411837382,42.369540984998,25,017,Cambridge city,census
CAM01437,Match,"14 TREMONT ST, CAMBRIDGE, MA, 02139",-71.099328208062,42.369665552738,25,017,Cambridge city,census
CAM01438,Match,"16 TREMONT ST, CAMBRIDGE, MA, 02139",-71.099244578742,42.369790120478,25,017,Cambridge city,census
CAM01439,Match,"24 TREMONT ST, CAMBRIDGE, MA, 02139",-71.098906050153,42.37028486742,25,017,Cambridge city,census
CAM01440,Match,"26 TREMONT ST, CAMBRIDGE, MA, 02139",-71.09881723725,42.370407461386,25,017,Cambridge city,census
CAM01441,Match,"30 TREMONT ST, CAMBRIDGE, MA, 02139",-71.098692917508,42.370578188323,25,017,Cambridge city,census
CAM01442,Match,"32 TREMONT ST, CAMBRIDGE, MA, 02139",-71.098641885629,42.370648119935,25,017,Cambridge city,census
CAM01443,Match,"34 TREMONT ST, CAMBRIDGE, MA, 02139",-71.098590853749,42.370718051545,25,017,Cambridge city,census
CAM01444,Match,"36 TREMONT ST, CAMBRIDGE, MA, 02139",-71.098539821869,42.370787983157,25,017,Cambridge city,census
CAM01445,Match,"38 TREMONT ST, CAMBRIDGE, MA, 02139",-71.09848878999,42.370857914768,25,017,Cambridge city,census
CAM01446,Match,"46 TREMONT ST, CAMBRIDGE, MA, 02139",-71.098284662471,42.371137641212,25,017,Cambridge city,census
CAM01447,Match,"48 TREMONT ST, CAMBRIDGE, MA, 02139",-71.098233630591,42.371207572823,25,017,Cambridge city,census
CAM01448,Match,"150 HAMPSHIRE ST, CAMBRIDGE, MA, 02139",-71.098117239392,42.371414055189,25,017,Cambridge city,census
CAM01449,Match,"269 NORFOLK ST, CAMBRIDGE, MA, 02139",-71.097962549849,42.370430139865,25,017,Cambridge city,census
CAM01450,Match,"265 NORFOLK ST, CAMBRIDGE, MA, 02139",-71.098006739686,42.370355306494,25,017,Cambridge city,census
CAM01451,Match,"259 NORFOLK ST, CAMBRIDGE, MA, 02139",-71.09807302444,42.370243056437,25,017,Cambridge city,census
CAM01452,Match,"241 NORFOLK ST, CAMBRIDGE, MA, 02139",-71.098271878704,42.369906306267,25,017,Cambridge city,census
CAM01453,Match,"231 NORFOLK ST, CAMBRIDGE, MA, 02139",-71.098382353295,42.369719222839,25,017,Cambridge city,census
CAM01454,Match,"221 NORFOLK ST, CAMBRIDGE, MA, 02139",-71.098491068251,42.369531067854,25,017,Cambridge city,census
CAM01455,Match,"215 NORFOLK ST, CAMBRIDGE, MA, 02139",-71.098556104475,42.369418420204,25,017,Cambridge city,census
CAM01456,Match,"207 NORFOLK ST, CAMBRIDGE, MA, 02139",-71.09864281944,42.369268223337,25,017,Cambridge city,census
CAM01457,Match,"297 BROADWAY, CAMBRIDGE, MA, 02139",-71.09936445085,42.368726980619,25,017,Cambridge city,census
CAM01458,Match,"23 MURDOCK ST, CAMBRIDGE, MA, 02139",-71.098822747437,42.371583286034,25,017,Cambridge city,census
CAM01459,Match,"15A TREMONT ST, CAMBRIDGE, MA, 02139",-71.09950060833,42.369666644375,25,017,Cambridge city,census
CAM01460,Match,"15 TREMONT ST, CAMBRIDGE, MA, 02139",-71.09950060833,42.369666644375,25,017,Cambridge city,census
CAM01461,Match,"295 BROADWAY, CAMBRIDGE, MA, 02139",-71.099198844709,42.368662213648,25,017,Cambridge city,census
CAM01462,Match,"5 TREMONT ST, CAMBRIDGE, MA, 02139",-71.099850119186,42.369176378423,25,017,Cambridge city,census
CAM01463,Match,"4 TREMONT ST, CAMBRIDGE, MA, 02139",-71.099767372679,42.36904849477,25,017,Cambridge city,census
CAM01464,Match,"299 BROADWAY, CAMBRIDGE, MA, 02139",-71.099530056991,42.368791747589,25,017,Cambridge city,census
CAM01465,Match,"303 BROADWAY, CAMBRIDGE, MA, 02139",-71.099856269371,42.368924636564,25,017,Cambridge city,census
CAM01466,Match,"201 NORFOLK ST, CAMBRIDGE, MA, 02139",-71.098707855663,42.369155575688,25,017,Cambridge city,census
CAM01467,Match,"33 TREMONT ST, CAMBRIDGE, MA, 02139",-71.098880476065,42.37056263711,25,017,Cambridge city,census
CAM01468,Match,"230 PROSPECT ST, CAMBRIDGE, MA, 02139",-71.099758523858,42.370989283457,25,017,Cambridge city,census
CAM01469,Match,"47 TREMONT ST, CAMBRIDGE, MA, 02139",-71.098299988434,42.371358109186,25,017,Cambridge city,census
CAM01470,Match,"158 HAMPSHIRE ST, CAMBRIDGE, MA, 02139",-71.098420790644,42.371658362643,25,017,Cambridge city,census
CAM01471,Match,"156 HAMPSHIRE ST, CAMBRIDGE, MA, 02139",-71.098354386098,42.371605031401,25,017,Cambridge city,census
CAM01472,Match,"162 HAMPSHIRE ST, CAMBRIDGE, MA, 02139",-71.098553599736,42.371765025128,25,017,Cambridge city,census
CAM01473,Match,"238 PROSPECT ST, CAMBRIDGE, MA, 02139",-71.099633975547,42.371171269722,25,017,Cambridge city,census
CAM01474,Match,"240 PROSPECT ST, CAMBRIDGE, MA, 02139",-71.099603231459,42.371215649176,25,017,Cambridge city,census
CAM01475,Match,"35 TREMONT ST, CAMBRIDGE, MA, 02139",-71.098797549261,42.370676275978,25,017,Cambridge city,census
CAM01476,Match,"314 BROADWAY, CAMBRIDGE, MA, 02139",-71.100642960166,42.369106574063,25,017,Cambridge city,census
CAM01477,Match,"229 HARVARD ST, CAMBRIDGE, MA, 02139",-71.099949852139,42.367735618241,25,017,Cambridge city,census
CAM01478,Match,"312 BROADWAY, CAMBRIDGE, MA, 02139",-71.098968706494,42.368442561997,25,017,Cambridge city,census
CAM01479,Match,"310 BROADWAY, CAMBRIDGE, MA, 02139",-71.098912132382,42.368420443751,25,017,Cambridge city,census
CAM01480,Match,"306 BROADWAY, CAMBRIDGE, MA, 02139",-71.098798984158,42.368376207259,25,017,Cambridge city,census
CAM01481,Match,"286 BROADWAY, CAMBRIDGE, MA, 02139",-71.098153120794,42.36812345818,25,017,Cambridge city,census
CAM01482,Match,"280 BROADWAY, CAMBRIDGE, MA, 02139",-71.097852172593,42.368004732433,25,017,Cambridge city,census
CAM01483,Match,"177 COLUMBIA ST, CAMBRIDGE, MA, 02139",-71.097536739393,42.367694060221,25,017,Cambridge city,census
CAM01484,Match,"201 HARVARD ST, CAMBRIDGE, MA, 02139",-71.098023241775,42.367142267893,25,017,Cambridge city,census
CAM01485,Match,"203 HARVARD ST, CAMBRIDGE, MA, 02139",-71.098151507501,42.367179312644,25,017,Cambridge city,census
CAM01486,Match,"28 ELM ST, CAMBRIDGE, MA, 02139",-71.098277935532,42.36791777628,25,017,Cambridge city,census
CAM01487,Match,"32 ELM ST, CAMBRIDGE, MA, 02139",-71.098147432617,42.36812486175,25,017,Cambridge city,census
CAM01488,Match,"16 ELM ST, CAMBRIDGE, MA, 02139",-71.098398546699,42.367728912414,25,017,Cambridge city,census
CAM01489,Match,"152 PROSPECT ST, CAMBRIDGE, MA, 02139",-71.101121337288,42.369043499362,25,017,Cambridge city,census
CAM01490,Match,"156 NORFOLK ST, CAMBRIDGE, MA, 02139",-71.099275682676,42.368015935188,25,017,Cambridge city,census
CAM01491,Match,"23 ELM ST, CAMBRIDGE, MA, 02139",-71.098495150944,42.367845841037,25,017,Cambridge city,census
CAM01492,Match,"17 ELM ST, CAMBRIDGE, MA, 02139",-71.098527801992,42.367794968731,25,017,Cambridge city,census
CAM01493,Match,"130 PROSPECT ST, CAMBRIDGE, MA, 02139",-71.10164494152,42.368325263559,25,017,Cambridge city,census
CAM01494,Match,"199 HARVARD ST, CAMBRIDGE, MA, 02139",-71.097894976049,42.367105223142,25,017,Cambridge city,census
CAM01495,Match,"161 COLUMBIA ST, CAMBRIDGE, MA, 02139",-71.097772464893,42.367302442885,25,017,Cambridge city,census
CAM01496,Match,"211 HARVARD ST, CAMBRIDGE, MA, 02139",-71.098664570404,42.367327491649,25,017,Cambridge city,census
CAM01497,Match,"209 HARVARD ST, CAMBRIDGE, MA, 02139",-71.098536304678,42.367290446898,25,017,Cambridge city,census
CAM01498,Match,"207 HARVARD ST, CAMBRIDGE, MA, 02139",-71.098408038952,42.367253402147,25,017,Cambridge city,census
CAM01499,Match,"205 HARVARD ST, CAMBRIDGE, MA, 02139",-71.098279773227,42.367216357395,25,017,Cambridge city,census
CAM01500,Match,"217 HARVARD ST, CAMBRIDGE, MA, 02139",-71.099195424084,42.367471246522,25,017,Cambridge city,census
CAM01501,Match,"213 HARVARD ST, CAMBRIDGE, MA, 02139",-71.098811495861,42.367368383716,25,017,Cambridge city,census
CAM01502,Match,"20 ELM ST, CAMBRIDGE, MA, 02139",-71.098376779334,42.367762827285,25,017,Cambridge city,census
CAM01503,Match,"22 ELM ST, CAMBRIDGE, MA, 02139",-71.098365895651,42.367779784721,25,017,Cambridge city,census
CAM01504,Match,"300 BROADWAY, CAMBRIDGE, MA, 02139",-71.098629261822,42.368309852522,25,017,Cambridge city,census
CAM01505,Match,"302 BROADWAY, CAMBRIDGE, MA, 02139",-71.098685835934,42.368331970768,25,017,Cambridge city,census
CAM01506,Match,"29 ELM ST, CAMBRIDGE, MA, 02139",-71.098353288318,42.368069687415,25,017,Cambridge city,census
CAM01507,Match,"413 WASHINGTON ST, CAMBRIDGE, MA, 02139",-71.100013129834,42.365858909712,25,017,Cambridge city,census
CAM01508,Match,"86 NORFOLK ST, CAMBRIDGE, MA, 02139",-71.10043640784,42.366310622127,25,017,Cambridge city,census
CAM01509,Match,"90 NORFOLK ST, CAMBRIDGE, MA, 02139",-71.1004171789,42.366338761802,25,017,Cambridge city,census
CAM01510,Match,"32 SUFFOLK ST, CAMBRIDGE, MA, 02139",-71.099165606293,42.366046946007,25,017,Cambridge city,census
CAM01511,Match,"28 SUFFOLK ST, CAMBRIDGE, MA, 02139",-71.099093031648,42.366024809102,25,017,Cambridge city,census
CAM01512,Match,"26 SUFFOLK ST, CAMBRIDGE, MA, 02139",-71.099056744325,42.366013740649,25,017,Cambridge city,census
CAM01513,Match,"24 SUFFOLK ST, CAMBRIDGE, MA, 02139",-71.099020457003,42.366002672197,25,017,Cambridge city,census
CAM01514,Match,"22 SUFFOLK ST, CAMBRIDGE, MA, 02139",-71.098984169681,42.365991603745,25,017,Cambridge city,census
CAM01515,Match,"18 SUFFOLK ST, CAMBRIDGE, MA, 02139",-71.098911595036,42.36596946684,25,017,Cambridge city,census
CAM01516,Match,"12 SUFFOLK ST, CAMBRIDGE, MA, 02139",-71.098802733069,42.365936261482,25,017,Cambridge city,census
CAM01517,Match,"97 COLUMBIA ST, CAMBRIDGE, MA, 02139",-71.098646024369,42.365836397683,25,017,Cambridge city,census
CAM01518,Match,"375 WASHINGTON ST, CAMBRIDGE, MA, 02139",-71.099746290188,42.3657757536,25,017,Cambridge city,census
CAM01519,Match,"383 WASHINGTON ST, CAMBRIDGE, MA, 02139",-71.099803167847,42.365792989543,25,017,Cambridge city,census
CAM01520,Match,"385 WASHINGTON ST, CAMBRIDGE, MA, 02139",-71.099817387261,42.365797298529,25,017,Cambridge city,census
CAM01521,Match,"401 WASHINGTON ST, CAMBRIDGE, MA, 02139",-71.099928925184,42.365831136731,25,017,Cambridge city,census
CAM01522,Match,"407 WASHINGTON ST, CAMBRIDGE, MA, 02139",-71.099971027509,42.365845023221,25,017,Cambridge city,census
CAM01523,Match,"16 WORCESTER ST, CAMBRIDGE, MA, 02139",-71.098584950979,42.366456186556,25,017,Cambridge city,census
CAM01524,Match,"12 WORCESTER ST, CAMBRIDGE, MA, 02139",-71.098514720388,42.366434911682,25,017,Cambridge city,census
CAM01525,Match,"113 COLUMBIA ST, CAMBRIDGE, MA, 02139",-71.098470890408,42.366147874181,25,017,Cambridge city,census
CAM01526,Match,"107 COLUMBIA ST, CAMBRIDGE, MA, 02139",-71.09854294136,42.366020115328,25,017,Cambridge city,census
CAM01527,Match,"3 SUFFOLK ST, CAMBRIDGE, MA, 02139",-71.098597660817,42.365997682449,25,017,Cambridge city,census
CAM01528,Match,"5 SUFFOLK ST, CAMBRIDGE, MA, 02139",-71.098633207582,42.366008525015,25,017,Cambridge city,census
CAM01529,Match,"13 SUFFOLK ST, CAMBRIDGE, MA, 02139",-71.098775394641,42.366051895277,25,017,Cambridge city,census
CAM01530,Match,"122 NORFOLK ST, CAMBRIDGE, MA, 02139",-71.099914938316,42.367064425269,25,017,Cambridge city,census
CAM01531,Match,"220 HARVARD ST, CAMBRIDGE, MA, 02139",-71.098960350815,42.367286372129,25,017,Cambridge city,census
CAM01532,Match,"218 HARVARD ST, CAMBRIDGE, MA, 02139",-71.098864368759,42.367260656428,25,017,Cambridge city,census
CAM01533,Match,"208 HARVARD ST, CAMBRIDGE, MA, 02139",-71.098336239215,42.36710963011,25,017,Cambridge city,census
CAM01534,Match,"206 HARVARD ST, CAMBRIDGE, MA, 02139",-71.09824003992,42.367081846547,25,017,Cambridge city,census
CAM01535,Match,"202 HARVARD ST, CAMBRIDGE, MA, 02139",-71.098047641331,42.36702627942,25,017,Cambridge city,census
CAM01536,Match,"131 COLUMBIA ST, CAMBRIDGE, MA, 02139",-71.098168503167,42.36666039339,25,017,Cambridge city,census
CAM01537,Match,"7 WORCESTER ST, CAMBRIDGE, MA, 02139",-71.098331385141,42.366503223129,25,017,Cambridge city,census
CAM01538,Match,"9 WORCESTER ST, CAMBRIDGE, MA, 02139",-71.098348410739,42.366508380674,25,017,Cambridge city,census
CAM01539,Match,"13 WORCESTER ST, CAMBRIDGE, MA, 02139",-71.098382461935,42.366518695764,25,017,Cambridge city,census
CAM01540,Match,"19 WORCESTER ST, CAMBRIDGE, MA, 02139",-71.098433538728,42.3665341684,25,017,Cambridge city,census
CAM01541,Match,"31 WORCESTER ST, CAMBRIDGE, MA, 02139",-71.098535692314,42.366565113672,25,017,Cambridge city,census
CAM01542,Match,"22 WORCESTER ST, CAMBRIDGE, MA, 02139",-71.098690296864,42.366488098868,25,017,Cambridge city,census
CAM01543,Match,"137 COLUMBIA ST, CAMBRIDGE, MA, 02139",-71.098104129672,42.366763192998,25,017,Cambridge city,census
CAM01544,Match,"216 HARVARD ST, CAMBRIDGE, MA, 02139",-71.098721036392,42.367220764364,25,017,Cambridge city,census
CAM01545,Match,"363 WASHINGTON ST, CAMBRIDGE, MA, 02139",-71.099427916768,42.365679116932,25,017,Cambridge city,census
CAM01546,Match,"361 WASHINGTON ST, CAMBRIDGE, MA, 02139",-71.099392946846,42.365668497367,25,017,Cambridge city,census
CAM01547,Match,"10 SUFFOLK ST, CAMBRIDGE, MA, 02139",-71.098766445747,42.36592519303,25,017,Cambridge city,census
CAM01548,Match,"8 SUFFOLK ST, CAMBRIDGE, MA, 02139",-71.098730158424,42.365914124578,25,017,Cambridge city,census
CAM01549,Match,"27 SUFFOLK ST, CAMBRIDGE, MA, 02139",-71.099024221994,42.366127793237,25,017,Cambridge city,census
CAM01550,Match,"212 HARVARD ST, CAMBRIDGE, MA, 02139",-71.098528637803,42.367165197237,25,017,Cambridge city,census
CAM01551,Match,"214 HARVARD ST, CAMBRIDGE, MA, 02139",-71.098624837098,42.3671929808,25,017,Cambridge city,census
CAM01552,Match,"121 COLUMBIA ST, CAMBRIDGE, MA, 02139",-71.098275792326,42.366489060708,25,017,Cambridge city,census
CAM01553,Match,"117 COLUMBIA ST, CAMBRIDGE, MA, 02139",-71.098383181325,42.366303991733,25,017,Cambridge city,census
CAM01554,Match,"95 COLUMBIA ST, CAMBRIDGE, MA, 02139",-71.098670793471,42.365791947305,25,017,Cambridge city,census
CAM01555,Match,"64 PROSPECT ST, CAMBRIDGE, MA, 02139",-71.102753607283,42.366729660844,25,017,Cambridge city,census
CAM01556,Match,"114 PROSPECT ST, CAMBRIDGE, MA, 02139",-71.101718431708,42.368224388654,25,017,Cambridge city,census
CAM01557,Match,"254 HARVARD ST, CAMBRIDGE, MA, 02139",-71.101674946152,42.368211797111,25,017,Cambridge city,census
CAM01558,Match,"252 HARVARD ST, CAMBRIDGE, MA, 02139",-71.101636230005,42.368198058325,25,017,Cambridge city,census
CAM01559,Match,"43 ESSEX ST, CAMBRIDGE, MA, 02139",-71.101408255056,42.367225859055,25,017,Cambridge city,census
CAM01560,Match,"29 ESSEX ST, CAMBRIDGE, MA, 02139",-71.101930880702,42.366480290414,25,017,Cambridge city,census
CAM01561,Match,"27 ESSEX ST, CAMBRIDGE, MA, 02139",-71.102003638185,42.366381181651,25,017,Cambridge city,census
CAM01562,Match,"25 ESSEX ST, CAMBRIDGE, MA, 02139",-71.102030092476,42.366346478541,25,017,Cambridge city,census
CAM01563,Match,"21 ESSEX ST, CAMBRIDGE, MA, 02139",-71.102083001057,42.36627707232,25,017,Cambridge city,census
CAM01564,Match,"20 ESSEX ST, CAMBRIDGE, MA, 02139",-71.102074848817,42.366054262028,25,017,Cambridge city,census
CAM01565,Match,"22 ESSEX ST, CAMBRIDGE, MA, 02139",-71.102006067661,42.366144490115,25,017,Cambridge city,census
CAM01566,Match,"24 ESSEX ST, CAMBRIDGE, MA, 02139",-71.101937286506,42.366234718202,25,017,Cambridge city,census
CAM01567,Match,"26 ESSEX ST, CAMBRIDGE, MA, 02139",-71.10186850535,42.366324946288,25,017,Cambridge city,census
CAM01568,Match,"4 ASHBURTON PL, CAMBRIDGE, MA, 02139",-71.101784898662,42.366423323561,25,017,Cambridge city,census
CAM01569,Match,"6 ASHBURTON PL, CAMBRIDGE, MA, 02139",-71.101776707764,42.366420093448,25,017,Cambridge city,census
CAM01570,Match,"32 ESSEX ST, CAMBRIDGE, MA, 02139",-71.101658478739,42.366618241996,25,017,Cambridge city,census
CAM01571,Match,"34 ESSEX ST, CAMBRIDGE, MA, 02139",-71.101591024084,42.36671372904,25,017,Cambridge city,census
CAM01572,Match,"107 NORFOLK ST, CAMBRIDGE, MA, 02139",-71.100168439535,42.366947333474,25,017,Cambridge city,census
CAM01573,Match,"101 NORFOLK ST, CAMBRIDGE, MA, 02139",-71.100335196605,42.366708451161,25,017,Cambridge city,census
CAM01574,Match,"97 NORFOLK ST, CAMBRIDGE, MA, 02139",-71.100446367984,42.366549196285,25,017,Cambridge city,census
CAM01575,Match,"1 NORFOLK TER, CAMBRIDGE, MA, 02139",-71.10072264522,42.366644173972,25,017,Cambridge city,census
CAM01576,Match,"75 NORFOLK ST, CAMBRIDGE, MA, 02139",-71.10075228719,42.366106195295,25,017,Cambridge city,census
CAM01577,Match,"59 NORFOLK ST, CAMBRIDGE, MA, 02139",-71.100912767095,42.365865657822,25,017,Cambridge city,census
CAM01578,Match,"31 ESSEX ST, CAMBRIDGE, MA, 02139",-71.101846562384,42.366599649219,25,017,Cambridge city,census
CAM01579,Match,"1 FLORENCE ST, CAMBRIDGE, MA, 02139",-71.112506636323,42.357928638652,25,017,Cambridge city,census
CAM01580,Match,"28 ESSEX ST, CAMBRIDGE, MA, 02139",-71.101793388049,42.366427267909,25,017,Cambridge city,census
CAM01581,Match,"1 LAMSON PL, CAMBRIDGE, MA, 02139",-71.101200056146,42.367276841973,25,017,Cambridge city,census
CAM01582,Match,"2 LAMSON PL, CAMBRIDGE, MA, 02139",-71.101268991313,42.3671741915,25,017,Cambridge city,census
CAM01583,Match,"4 LAMSON PL, CAMBRIDGE, MA, 02139",-71.101261656363,42.36717150256,25,017,Cambridge city,census
CAM01584,Match,"5 LAMSON PL, CAMBRIDGE, MA, 02139",-71.101185685633,42.367271573846,25,017,Cambridge city,census
CAM01585,Match,"6 LAMSON PL, CAMBRIDGE, MA, 02139",-71.101254321413,42.367168813621,25,017,Cambridge city,census
CAM01586,Match,"7 LAMSON PL, CAMBRIDGE, MA, 02139",-71.101178500376,42.367268939783,25,017,Cambridge city,census
CAM01587,Match,"5 ESSEX ST, CAMBRIDGE, MA, 02139",-71.102294635382,42.365999447438,25,017,Cambridge city,census
CAM01588,Tie,,,,,,,
CAM01589,Match,"102 PROSPECT ST, CAMBRIDGE, MA, 02139",-71.101718431708,42.368224388654,25,017,Cambridge city,census
CAM01590,Match,"100 PROSPECT ST, CAMBRIDGE, MA, 02139",-71.101900245633,42.367974655361,25,017,Cambridge city,census
CAM01591,Match,"41 ESSEX ST, CAMBRIDGE, MA, 02139",-71.101465619312,42.367142450852,25,017,Cambridge city,census
CAM01592,Match,"39 ESSEX ST, CAMBRIDGE, MA, 02139",-71.101522983568,42.367059042648,25,017,Cambridge city,census
CAM01593,Match,"77 BISHOP ALLEN DR, CAMBRIDGE, MA, 02139",-71.101439055854,42.365390040683,25,017,Cambridge city,census
CAM01594,Match,"51 NORFOLK ST, CAMBRIDGE, MA, 02139",-71.100964250599,42.365787449898,25,017,Cambridge city,census
CAM01595,Match,"12 ESSEX ST, CAMBRIDGE, MA, 02139",-71.102359417808,42.365708234989,25,017,Cambridge city,census
CAM01596,Match,"65 NORFOLK ST, CAMBRIDGE, MA, 02139",-71.100874154468,42.365924313765,25,017,Cambridge city,census
CAM01597,Match,"67 NORFOLK ST, CAMBRIDGE, MA, 02139",-71.100861283592,42.365943865746,25,017,Cambridge city,census
CAM01598,Match,"35 ESSEX ST, CAMBRIDGE, MA, 02139",-71.101677925746,42.366838366827,25,017,Cambridge city,census
CAM01599,Match,"5 ESSEX ST, CAMBRIDGE, MA, 02139",-71.102294635382,42.365999447438,25,017,Cambridge city,census
CAM01600,Match,"2 NORFOLK TER, CAMBRIDGE, MA, 02139",-71.100516320653,42.366444854555,25,017,Cambridge city,census
CAM01601,Match,"384 WASHINGTON ST, CAMBRIDGE, MA, 02139",-71.099889104443,42.365695176392,25,017,Cambridge city,census
CAM01602,Match,"346 WASHINGTON ST, CAMBRIDGE, MA, 02139",-71.099225348812,42.365490250098,25,017,Cambridge city,census
CAM01603,Match,"75 COLUMBIA ST, CAMBRIDGE, MA, 02139",-71.098942989843,42.365299198596,25,017,Cambridge city,census
CAM01604,Match,"69 COLUMBIA ST, CAMBRIDGE, MA, 02139",-71.099003396917,42.365187063624,25,017,Cambridge city,census
CAM01605,Match,"47 BISHOP ALLEN DR, CAMBRIDGE, MA, 02139",-71.099479292581,42.364234595183,25,017,Cambridge city,census
CAM01606,Match,"64 NORFOLK ST, CAMBRIDGE, MA, 02139",-71.100856957926,42.365688448597,25,017,Cambridge city,census
CAM01607,Match,"60 BISHOP ALLEN DR, CAMBRIDGE, MA, 02139",-71.100587014827,42.364750179649,25,017,Cambridge city,census
CAM01608,Match,"9 DOUGLAS ST, CAMBRIDGE, MA, 02139",-71.10112405682,42.364036324834,25,017,Cambridge city,census
CAM01609,Match,"26 COLUMBIA ST, CAMBRIDGE, MA, 02139",-71.099426250351,42.364079075229,25,017,Cambridge city,census
CAM01610,Match,"57R COLUMBIA ST, CAMBRIDGE, MA, 02139",-71.099124211065,42.364962793679,25,017,Cambridge city,census
CAM01611,Match,"15 FISKE PL, CAMBRIDGE, MA, 02139",-71.099885499959,42.365561894623,25,017,Cambridge city,census
CAM01612,Match,"56 NORFOLK ST, CAMBRIDGE, MA, 02139",-71.100976971968,42.365509260392,25,017,Cambridge city,census
CAM01613,Match,"52 NORFOLK ST, CAMBRIDGE, MA, 02139",-71.101043645514,42.365424728257,25,017,Cambridge city,census
CAM01614,Match,"48 NORFOLK ST, CAMBRIDGE, MA, 02139",-71.10111031906,42.365340196121,25,017,Cambridge city,census
CAM01615,Match,"368 WASHINGTON ST, CAMBRIDGE, MA, 02139",-71.099625089691,42.365615101064,25,017,Cambridge city,census
CAM01616,Match,"362 WASHINGTON ST, CAMBRIDGE, MA, 02139",-71.099515184222,42.365581725288,25,017,Cambridge city,census
CAM01617,Match,"12 FISKE PL, CAMBRIDGE, MA, 02139",-71.099834648669,42.365381356905,25,017,Cambridge city,census
CAM01618,Match,"61 BISHOP ALLEN DR, CAMBRIDGE, MA, 02139",-71.100760092068,42.36499924841,25,017,Cambridge city,census
CAM01619,Match,"56 BISHOP ALLEN DR, CAMBRIDGE, MA, 02139",-71.100515023709,42.364707622092,25,017,Cambridge city,census
CAM01620,Match,"15 DOUGLAS ST, CAMBRIDGE, MA, 02139",-71.101078503113,42.364078163937,25,017,Cambridge city,census
CAM01621,Match,"49 COLUMBIA ST, CAMBRIDGE, MA, 02139",-71.099249177688,42.364727572367,25,017,Cambridge city,census
CAM01622,Match,"51 COLUMBIA ST, CAMBRIDGE, MA, 02139",-71.09922526954,42.364772972735,25,017,Cambridge city,census
CAM01623,Match,"53 COLUMBIA ST, CAMBRIDGE, MA, 02139",-71.099201361392,42.364818373102,25,017,Cambridge city,census
CAM01624,Match,"50 BISHOP ALLEN DR, CAMBRIDGE, MA, 02139",-71.10032276435,42.364593409809,25,017,Cambridge city,census
CAM01625,Match,"12 DOUGLAS ST, CAMBRIDGE, MA, 02139",-71.100986451578,42.363979895553,25,017,Cambridge city,census
CAM01626,Match,"70 BISHOP ALLEN DR, CAMBRIDGE, MA, 02139",-71.10076699262,42.364856573541,25,017,Cambridge city,census
CAM01627,Match,"66 BISHOP ALLEN DR, CAMBRIDGE, MA, 02139",-71.100695001503,42.364814015985,25,017,Cambridge city,census
CAM01628,Match,"30 NORFOLK ST, CAMBRIDGE, MA, 02139",-71.101442134405,42.364930868689,25,017,Cambridge city,census
CAM01629,Match,"4 DOUGLAS ST, CAMBRIDGE, MA, 02139",-71.101048455234,42.363922947885,25,017,Cambridge city,census
CAM01630,Match,"8 DOUGLAS ST, CAMBRIDGE, MA, 02139",-71.101017453406,42.363951421719,25,017,Cambridge city,census
CAM01631,Match,"67 BISHOP ALLEN DR, CAMBRIDGE, MA, 02139",-71.101008461423,42.365146071981,25,017,Cambridge city,census
CAM01632,Match,"352 WASHINGTON ST, CAMBRIDGE, MA, 02139",-71.099334248248,42.365525379687,25,017,Cambridge city,census
CAM01633,Match,"119 PACIFIC ST, CAMBRIDGE, MA, 02139",-71.1029180576,42.360693723586,25,017,Cambridge city,census
CAM01634,Match,"23 SIDNEY ST, CAMBRIDGE, MA, 02139",-71.100672646626,42.362071615164,25,017,Cambridge city,census
CAM01635,Match,"152 GREEN ST, CAMBRIDGE, MA, 02139",-71.102395369412,42.363643885808,25,017,Cambridge city,census
CAM01636,Match,"88 AUBURN PARK, CAMBRIDGE, MA, 02139",-71.102871342359,42.362208016957,25,017,Cambridge city,census
CAM01637,Match,"91 SIDNEY ST, CAMBRIDGE, MA, 02139",-71.102302191422,42.360580718705,25,017,Cambridge city,census
CAM01638,Match,"80 AUBURN PARK, CAMBRIDGE, MA, 02139",-71.102826280108,42.362181974235,25,017,Cambridge city,census
CAM01639,Match,"88 PEARL ST, CAMBRIDGE, MA, 02139",-71.104778561253,42.362614586022,25,017,Cambridge city,census
CAM01640,Match,"80 PEARL ST, CAMBRIDGE, MA, 02139",-71.104531739919,42.362829727206,25,017,Cambridge city,census
CAM01641,Match,"3 SALEM ST, CAMBRIDGE, MA, 02139",-71.104083027983,42.362907427899,25,017,Cambridge city,census
CAM01642,Match,"15 SALEM ST, CAMBRIDGE, MA, 02139",-71.104155719312,42.362839685971,25,017,Cambridge city,census
CAM01643,Match,"8 SALEM ST, CAMBRIDGE, MA, 02139",-71.103986493307,42.362812947771,25,017,Cambridge city,census
CAM01644,Match,"126 AUBURN ST, CAMBRIDGE, MA, 02139",-71.103758436882,42.362728681847,25,017,Cambridge city,census
CAM01645,Match,"120 AUBURN ST, CAMBRIDGE, MA, 02139",-71.103642389904,42.362657490027,25,017,Cambridge city,census
CAM01646,Match,"114 AUBURN ST, CAMBRIDGE, MA, 02139",-71.103526342926,42.362586298208,25,017,Cambridge city,census
CAM01647,Match,"83 BROOKLINE ST, CAMBRIDGE, MA, 02139",-71.10340130748,42.361936423763,25,017,Cambridge city,census
CAM01648,Match,"5 WATSON ST, CAMBRIDGE, MA, 02139",-71.103792290837,42.361841300674,25,017,Cambridge city,census
CAM01649,Match,"7 WATSON ST, CAMBRIDGE, MA, 02139",-71.103895798801,42.361904605998,25,017,Cambridge city,census
CAM01650,Match,"11 WATSON ST, CAMBRIDGE, MA, 02139",-71.104028020109,42.361984612679,25,017,Cambridge city,census
CAM01651,Match,"64 PEARL ST, CAMBRIDGE, MA, 02139",-71.104080730954,42.363249693775,25,017,Cambridge city,census
CAM01652,Match,"206 FRANKLIN ST, CAMBRIDGE, MA, 02139",-71.103637413381,42.363511848843,25,017,Cambridge city,census
CAM01653,Match,"194 FRANKLIN ST, CAMBRIDGE, MA, 02139",-71.103390247561,42.363368665209,25,017,Cambridge city,census
CAM01654,Match,"59 BROOKLINE ST, CAMBRIDGE, MA, 02139",-71.102959033789,42.362400922063,25,017,Cambridge city,census
CAM01655,Match,"105 AUBURN ST, CAMBRIDGE, MA, 02139",-71.103592384727,42.362775752517,25,017,Cambridge city,census
CAM01656,Match,"113 AUBURN ST, CAMBRIDGE, MA, 02139",-71.103679184092,42.362829001683,25,017,Cambridge city,census
CAM01657,Match,"117 AUBURN ST, CAMBRIDGE, MA, 02139",-71.103722583775,42.362855626266,25,017,Cambridge city,census
CAM01658,Match,"42 PEARL ST, CAMBRIDGE, MA, 02139",-71.10343618892,42.363819648943,25,017,Cambridge city,census
CAM01659,Match,"40 PEARL ST, CAMBRIDGE, MA, 02139",-71.103389257324,42.363862445232,25,017,Cambridge city,census
CAM01660,Match,"36 PEARL ST, CAMBRIDGE, MA, 02139",-71.103295394132,42.363948037809,25,017,Cambridge city,census
CAM01661,Match,"34 PEARL ST, CAMBRIDGE, MA, 02139",-71.103248462536,42.363990834098,25,017,Cambridge city,census
CAM01662,Match,"210 GREEN ST, CAMBRIDGE, MA, 02139",-71.102802502359,42.363883189954,25,017,Cambridge city,census
CAM01663,Match,"202 GREEN ST, CAMBRIDGE, MA, 02139",-71.102744470518,42.363850924718,25,017,Cambridge city,census
CAM01664,Match,"184 GREEN ST, CAMBRIDGE, MA, 02139",-71.102617839704,42.363777130735,25,017,Cambridge city,census
CAM01665,Match,"27 BROOKLINE ST, CAMBRIDGE, MA, 02139",-71.102217930677,42.363206007186,25,017,Cambridge city,census
CAM01666,Match,"35 BROOKLINE ST, CAMBRIDGE, MA, 02139",-71.102457805365,42.362941773312,25,017,Cambridge city,census
CAM01667,Match,"183 FRANKLIN ST, CAMBRIDGE, MA, 02139",-71.103067393292,42.363324769198,25,017,Cambridge city,census
CAM01668,Match,"195 FRANKLIN ST, CAMBRIDGE, MA, 02139",-71.103305544609,42.363465208509,25,017,Cambridge city,census
CAM01669,Match,"492 MASSACHUSETTS AVE, CAMBRIDGE, MA, 02139",-71.101592381898,42.364077273832,25,017,Cambridge city,census
CAM01670,Match,"195 GREEN ST, CAMBRIDGE, MA, 02139",-71.102485722802,42.363845881137,25,017,Cambridge city,census
CAM01671,Match,"219 GREEN ST, CAMBRIDGE, MA, 02139",-71.102630693934,42.363931075904,25,017,Cambridge city,census
CAM01672,Match,"188 FRANKLIN ST, CAMBRIDGE, MA, 02139",-71.103267991109,42.363297150464,25,017,Cambridge city,census
CAM01673,Match,"19 SALEM ST, CAMBRIDGE, MA, 02139",-71.104179949755,42.362817105328,25,017,Cambridge city,census
CAM01674,Match,"129 AUBURN ST, CAMBRIDGE, MA, 02139",-71.103852782823,42.362935500014,25,017,Cambridge city,census
CAM01675,Match,"180 FRANKLIN ST, CAMBRIDGE, MA, 02139",-71.103105069159,42.363199972456,25,017,Cambridge city,census
CAM01676,Match,"215 GREEN ST, CAMBRIDGE, MA, 02139",-71.102605092312,42.363916114524,25,017,Cambridge city,census
CAM01677,Match,"211 GREEN ST, CAMBRIDGE, MA, 02139",-71.10258121841,42.363902067847,25,017,Cambridge city,census
CAM01678,Match,"209 GREEN ST, CAMBRIDGE, MA, 02139",-71.102569281459,42.363895044508,25,017,Cambridge city,census
CAM01679,Match,"197 FRANKLIN ST, CAMBRIDGE, MA, 02139",-71.103345365769,42.363488276983,25,017,Cambridge city,census
CAM01680,Match,"201 FRANKLIN ST, CAMBRIDGE, MA, 02139",-71.103425008089,42.363534413932,25,017,Cambridge city,census
CAM01681,Match,"56 PEARL ST, CAMBRIDGE, MA, 02139",-71.103846660002,42.363456809729,25,017,Cambridge city,census
CAM01682,Match,"54 PEARL ST, CAMBRIDGE, MA, 02139",-71.103786135339,42.363507991267,25,017,Cambridge city,census
CAM01683,Match,"52 PEARL ST, CAMBRIDGE, MA, 02139",-71.103725610676,42.363559172805,25,017,Cambridge city,census
CAM01684,Match,"37 BROOKLINE ST, CAMBRIDGE, MA, 02139",-71.102539698828,42.362847648324,25,017,Cambridge city,census
CAM01685,Match,"121 AUBURN ST, CAMBRIDGE, MA, 02139",-71.103765983457,42.362882250849,25,017,Cambridge city,census
CAM01686,Match,"200 GREEN ST, CAMBRIDGE, MA, 02139",-71.102729962558,42.36384285841,25,017,Cambridge city,census
CAM01687,Match,"194 GREEN ST, CAMBRIDGE, MA, 02139",-71.102688857007,42.363818915156,25,017,Cambridge city,census
CAM01688,Match,"66 PEARL ST, CAMBRIDGE, MA, 02139",-71.104138804138,42.363196984529,25,017,Cambridge city,census
CAM01689,Match,"213 GREEN ST, CAMBRIDGE, MA, 02139",-71.102593155361,42.363909091186,25,017,Cambridge city,census
CAM01690,Match,"61 BROOKLINE ST, CAMBRIDGE, MA, 02139",-71.103060704507,42.362293922459,25,017,Cambridge city,census
CAM01691,Match,"102 AUBURN ST, CAMBRIDGE, MA, 02139",-71.103294248971,42.362443914569,25,017,Cambridge city,census
CAM01692,Match,"55 BROOKLINE ST, CAMBRIDGE, MA, 02139",-71.102881092292,42.362481595336,25,017,Cambridge city,census
CAM01693,Match,"106 AUBURN ST, CAMBRIDGE, MA, 02139",-71.103371613623,42.362491375782,25,017,Cambridge city,census
CAM01694,Match,"163 BROOKLINE ST, CAMBRIDGE, MA, 02139",-71.10542955536,42.359915731699,25,017,Cambridge city,census
CAM01695,Match,"187 BROOKLINE ST, CAMBRIDGE, MA, 02139",-71.105988490389,42.359398119169,25,017,Cambridge city,census
CAM01696,Match,"189 BROOKLINE ST, CAMBRIDGE, MA, 02139",-71.106018500114,42.359367463714,25,017,Cambridge city,census
CAM01697,Match,"195 BROOKLINE ST, CAMBRIDGE, MA, 02139",-71.106107476283,42.35927789703,25,017,Cambridge city,census
CAM01698,Match,"131 ERIE ST, CAMBRIDGE, MA, 02139",-71.106689550411,42.359535961273,25,017,Cambridge city,census
CAM01699,Match,"133 ERIE ST, CAMBRIDGE, MA, 02139",-71.106724283478,42.35955711405,25,017,Cambridge city,census
CAM01700,Match,"22 DECATUR ST, CAMBRIDGE, MA, 02139",-71.105445629993,42.360990307323,25,017,Cambridge city,census
CAM01701,Match,"15 VALENTINE ST, CAMBRIDGE, MA, 02139",-71.10576609829,42.360332527204,25,017,Cambridge city,census
CAM01702,Match,"23 VALENTINE ST, CAMBRIDGE, MA, 02139",-71.10604504684,42.360492313311,25,017,Cambridge city,census
CAM01703,Match,"132 PEARL ST, CAMBRIDGE, MA, 02139",-71.105951163356,42.361533283241,25,017,Cambridge city,census
CAM01704,Match,"128 PEARL ST, CAMBRIDGE, MA, 02139",-71.105809921531,42.361663056035,25,017,Cambridge city,census
CAM01705,Match,"46 LOPEZ ST, CAMBRIDGE, MA, 02139",-71.104814314655,42.361459098167,25,017,Cambridge city,census
CAM01706,Match,"22 LOPEZ ST, CAMBRIDGE, MA, 02139",-71.104477641599,42.361257089537,25,017,Cambridge city,census
CAM01707,Match,"18 LOPEZ ST, CAMBRIDGE, MA, 02139",-71.104421536636,42.361223402949,25,017,Cambridge city,census
CAM01708,Match,"125 BROOKLINE ST, CAMBRIDGE, MA, 02139",-71.104385396417,42.360911539912,25,017,Cambridge city,census
CAM01709,Match,"9 DECATUR ST, CAMBRIDGE, MA, 02139",-71.104836662434,42.360770413277,25,017,Cambridge city,census
CAM01710,Match,"27 DECATUR ST, CAMBRIDGE, MA, 02139",-71.105436317457,42.361132467284,25,017,Cambridge city,census
CAM01711,Match,"112 PEARL ST, CAMBRIDGE, MA, 02139",-71.105409153104,42.362023673559,25,017,Cambridge city,census
CAM01712,Match,"26 WATSON ST, CAMBRIDGE, MA, 02139",-71.104761075163,42.362276825521,25,017,Cambridge city,census
CAM01713,Match,"10 WATSON ST, CAMBRIDGE, MA, 02139",-71.104114046848,42.361888619601,25,017,Cambridge city,census
CAM01714,Match,"101 BROOKLINE ST, CAMBRIDGE, MA, 02139",-71.103983203373,42.361294879285,25,017,Cambridge city,census
CAM01715,Match,"11 LOPEZ ST, CAMBRIDGE, MA, 02139",-71.104236718303,42.36126008729,25,017,Cambridge city,census
CAM01716,Match,"51 LOPEZ ST, CAMBRIDGE, MA, 02139",-71.104786502257,42.361589983923,25,017,Cambridge city,census
CAM01717,Match,"99 BROOKLINE ST, CAMBRIDGE, MA, 02139",-71.103936892608,42.361350216012,25,017,Cambridge city,census
CAM01718,Match,"97 BROOKLINE ST, CAMBRIDGE, MA, 02139",-71.103884558315,42.361406439199,25,017,Cambridge city,census
CAM01719,Match,"91 BROOKLINE ST, CAMBRIDGE, MA, 02139",-71.103733351887,42.361566486333,25,017,Cambridge city,census
CAM01720,Match,"4 WATSON ST, CAMBRIDGE, MA, 02139",-71.103787667081,42.361689719953,25,017,Cambridge city,census
CAM01721,Match,"8 LOPEZ ST, CAMBRIDGE, MA, 02139",-71.104281274228,42.361139186478,25,017,Cambridge city,census
CAM01722,Match,"115 BROOKLINE ST, CAMBRIDGE, MA, 02139",-71.104267622486,42.361021573492,25,017,Cambridge city,census
CAM01723,Match,"172 PEARL ST, CAMBRIDGE, MA, 02139",-71.107102344463,42.360490097171,25,017,Cambridge city,census
CAM01724,Match,"24 VALENTINE ST, CAMBRIDGE, MA, 02139",-71.106140576793,42.360402043702,25,017,Cambridge city,census
CAM01725,Match,"18 VALENTINE ST, CAMBRIDGE, MA, 02139",-71.10593070096,42.360281895579,25,017,Cambridge city,census
CAM01726,Match,"14 VALENTINE ST, CAMBRIDGE, MA, 02139",-71.105791733719,42.36020214927,25,017,Cambridge city,census
CAM01727,Match,"41 SPERIDAKIS TER, CAMBRIDGE, MA, 02139",-71.106642079453,42.36022217457,25,017,Cambridge city,census
CAM01728,Match,"35 SPERIDAKIS TER, CAMBRIDGE, MA, 02139",-71.106711083171,42.360262157155,25,017,Cambridge city,census
CAM01729,Match,"29 SPERIDAKIS TER, CAMBRIDGE, MA, 02139",-71.10678008689,42.360302139739,25,017,Cambridge city,census
CAM01730,Match,"23 SPERIDAKIS TER, CAMBRIDGE, MA, 02139",-71.106849090608,42.360342122323,25,017,Cambridge city,census
CAM01731,Match,"17 SPERIDAKIS TER, CAMBRIDGE, MA, 02139",-71.106918094326,42.360382104907,25,017,Cambridge city,census
CAM01732,Match,"11 SPERIDAKIS TER, CAMBRIDGE, MA, 02139",-71.106987098044,42.360422087491,25,017,Cambridge city,census
CAM01733,Match,"5 SPERIDAKIS TER, CAMBRIDGE, MA, 02139",-71.107056101763,42.360462070075,25,017,Cambridge city,census
CAM01734,Match,"6 SPERIDAKIS TER, CAMBRIDGE, MA, 02139",-71.107150836673,42.360371341389,25,017,Cambridge city,census
CAM01735,Match,"12 SPERIDAKIS TER, CAMBRIDGE, MA, 02139",-71.107080395377,42.360330525834,25,017,Cambridge city,census
CAM01736,Match,"18 SPERIDAKIS TER, CAMBRIDGE, MA, 02139",-71.107009954081,42.36028971028,25,017,Cambridge city,census
CAM01737,Match,"24 SPERIDAKIS TER, CAMBRIDGE, MA, 02139",-71.106939512785,42.360248894725,25,017,Cambridge city,census
CAM01738,Match,"26 SPERIDAKIS TER, CAMBRIDGE, MA, 02139",-71.106916032354,42.36023528954,25,017,Cambridge city,census
CAM01739,Match,"36 SPERIDAKIS TER, CAMBRIDGE, MA, 02139",-71.106798630194,42.360167263615,25,017,Cambridge city,census
CAM01740,Match,"40 SPERIDAKIS TER, CAMBRIDGE, MA, 02139",-71.10675166933,42.360140053246,25,017,Cambridge city,census
CAM01741,Match,"182 PEARL ST, CAMBRIDGE, MA, 02139",-71.107558050696,42.360066024192,25,017,Cambridge city,census
CAM01742,Match,"178 PEARL ST, CAMBRIDGE, MA, 02139",-71.107378407334,42.36023224631,25,017,Cambridge city,census
CAM01743,Match,"48 LOPEZ ST, CAMBRIDGE, MA, 02139",-71.104842385451,42.361475924938,25,017,Cambridge city,census
CAM01744,Match,"19 DECATUR ST, CAMBRIDGE, MA, 02139",-71.105372212464,42.361093905992,25,017,Cambridge city,census
CAM01745,Match,"124 PEARL ST, CAMBRIDGE, MA, 02139",-71.105725609202,42.361742114625,25,017,Cambridge city,census
CAM01746,Match,"13 VALENTINE ST, CAMBRIDGE, MA, 02139",-71.105696614669,42.36029265405,25,017,Cambridge city,census
CAM01747,Match,"21 DECATUR ST, CAMBRIDGE, MA, 02139",-71.105388238712,42.361103546315,25,017,Cambridge city,census
CAM01748,Match,"25 DECATUR ST, CAMBRIDGE, MA, 02139",-71.105420291209,42.361122826961,25,017,Cambridge city,census
CAM01749,Match,"169 BROOKLINE ST, CAMBRIDGE, MA, 02139",-71.105592803263,42.359768163156,25,017,Cambridge city,census
CAM01750,Match,"10 VALENTINE ST, CAMBRIDGE, MA, 02139",-71.105652766477,42.360122402961,25,017,Cambridge city,census
CAM01751,Match,"9 LOPEZ ST, CAMBRIDGE, MA, 02139",-71.104209238321,42.361243587737,25,017,Cambridge city,census
CAM01752,Match,"105 BROOKLINE ST, CAMBRIDGE, MA, 02139",-71.104083377871,42.361192486742,25,017,Cambridge city,census
CAM01753,Match,"155 BROOKLINE ST, CAMBRIDGE, MA, 02139",-71.104974282511,42.360335950274,25,017,Cambridge city,census
CAM01754,Match,"30 LOPEZ ST, CAMBRIDGE, MA, 02139",-71.104589851525,42.361324462714,25,017,Cambridge city,census
CAM01755,Match,"24 LOPEZ ST, CAMBRIDGE, MA, 02139",-71.104505694081,42.361273932832,25,017,Cambridge city,census
CAM01756,Match,"28 VALENTINE ST, CAMBRIDGE, MA, 02139",-71.106176073312,42.360422397832,25,017,Cambridge city,census
CAM01757,Match,"8 WATSON ST, CAMBRIDGE, MA, 02139",-71.10399468301,42.361816330601,25,017,Cambridge city,census
CAM01758,Match,"104 PEARL ST, CAMBRIDGE, MA, 02139",-71.105190961977,42.362230784126,25,017,Cambridge city,census
CAM01759,Match,"108 PEARL ST, CAMBRIDGE, MA, 02139",-71.10532702262,42.36210232214,25,017,Cambridge city,census
CAM01760,Match,"181 ERIE ST, CAMBRIDGE, MA, 02139",-71.107557877076,42.360064780676,25,017,Cambridge city,census
CAM01761,Match,"12 LOPEZ ST, CAMBRIDGE, MA, 02139",-71.104337379191,42.361172873066,25,017,Cambridge city,census
CAM01762,Match,"14 LOPEZ ST, CAMBRIDGE, MA, 02139",-71.104365431673,42.361189716361,25,017,Cambridge city,census
CAM01763,Match,"20 WATSON ST, CAMBRIDGE, MA, 02139",-71.104490177674,42.362114181201,25,017,Cambridge city,census
CAM01764,Match,"24 WATSON ST, CAMBRIDGE, MA, 02139",-71.104640630004,42.36220440584,25,017,Cambridge city,census
CAM01765,Match,"140 PEARL ST, CAMBRIDGE, MA, 02139",-71.106138894864,42.361363898132,25,017,Cambridge city,census
CAM01766,Match,"148 PEARL ST, CAMBRIDGE, MA, 02139",-71.106306383022,42.361209587391,25,017,Cambridge city,census
CAM01767,Match,"171A ERIE ST, CAMBRIDGE, MA, 02139",-71.107384211743,42.359959016796,25,017,Cambridge city,census
CAM01768,Match,"167 ERIE ST, CAMBRIDGE, MA, 02139",-71.10731474561,42.359916711243,25,017,Cambridge city,census
CAM01769,Match,"159 ERIE ST, CAMBRIDGE, MA, 02139",-71.107175813343,42.359832100139,25,017,Cambridge city,census
CAM01770,Match,"157 ERIE ST, CAMBRIDGE, MA, 02139",-71.107141080277,42.359810947363,25,017,Cambridge city,census
CAM01771,Match,"153 ERIE ST, CAMBRIDGE, MA, 02139",-71.107071614144,42.359768641811,25,017,Cambridge city,census
CAM01772,Match,"151A ERIE ST, CAMBRIDGE, MA, 02139",-71.107036881077,42.359747489035,25,017,Cambridge city,census
CAM01773,Match,"169 ERIE ST, CAMBRIDGE, MA, 02139",-71.107349478676,42.359937864019,25,017,Cambridge city,census
CAM01774,Match,"165A ERIE ST, CAMBRIDGE, MA, 02139",-71.107280012543,42.359895558467,25,017,Cambridge city,census
CAM01775,Match,"141 ERIE ST, CAMBRIDGE, MA, 02139",-71.106863215744,42.359641725154,25,017,Cambridge city,census
CAM01776,Match,"139 ERIE ST, CAMBRIDGE, MA, 02139",-71.106828482677,42.359620572378,25,017,Cambridge city,census
CAM01777,Match,"137 ERIE ST, CAMBRIDGE, MA, 02139",-71.106793749611,42.359599419602,25,017,Cambridge city,census
CAM01778,Match,"11 ROLLINS CT, CAMBRIDGE, MA, 02139",-71.104373209533,42.361694787812,25,017,Cambridge city,census
CAM01779,Match,"118 PEARL ST, CAMBRIDGE, MA, 02139",-71.105596719678,42.361855296952,25,017,Cambridge city,census
CAM01780,Match,"120 PEARL ST, CAMBRIDGE, MA, 02139",-71.105641629692,42.361817459629,25,017,Cambridge city,census
CAM01781,Match,"190 BROOKLINE ST, CAMBRIDGE, MA, 02139",-71.105837118509,42.359357233281,25,017,Cambridge city,census
CAM01782,Match,"184 BROOKLINE ST, CAMBRIDGE, MA, 02139",-71.105686167278,42.359509392361,25,017,Cambridge city,census
CAM01783,Match,"178 BROOKLINE ST, CAMBRIDGE, MA, 02139",-71.105522204784,42.35965092144,25,017,Cambridge city,census
CAM01784,Match,"172 BROOKLINE ST, CAMBRIDGE, MA, 02139",-71.105433160473,42.359731413373,25,017,Cambridge city,census
CAM01785,Match,"168 BROOKLINE ST, CAMBRIDGE, MA, 02139",-71.105373797599,42.359785074661,25,017,Cambridge city,census
CAM01786,Match,"166 BROOKLINE ST, CAMBRIDGE, MA, 02139",-71.105344116162,42.359811905305,25,017,Cambridge city,census
CAM01787,Match,"162 BROOKLINE ST, CAMBRIDGE, MA, 02139",-71.105284753289,42.359865566593,25,017,Cambridge city,census
CAM01788,Match,"156 BROOKLINE ST, CAMBRIDGE, MA, 02139",-71.105145321047,42.359991817937,25,017,Cambridge city,census
CAM01789,Match,"154 BROOKLINE ST, CAMBRIDGE, MA, 02139",-71.105133697603,42.360002365499,25,017,Cambridge city,census
CAM01790,Match,"100 PACIFIC ST, CAMBRIDGE, MA, 02139",-71.102587136954,42.360342415299,25,017,Cambridge city,census
CAM01791,Match,"292 BROOKLINE ST, CAMBRIDGE, MA, 02139",-71.108389197097,42.356919099616,25,017,Cambridge city,census
CAM01792,Match,"286 BROOKLINE ST, CAMBRIDGE, MA, 02139",-71.108259740885,42.357038890852,25,017,Cambridge city,census
CAM01793,Match,"565 PUTNAM AVE, CAMBRIDGE, MA, 02139",-71.107702186514,42.357115275843,25,017,Cambridge city,census
CAM01794,Match,"577 PUTNAM AVE, CAMBRIDGE, MA, 02139",-71.107342760737,42.356911090503,25,017,Cambridge city,census
CAM01795,Match,"259 SIDNEY ST, CAMBRIDGE, MA, 02139",-71.107503850613,42.356008447169,25,017,Cambridge city,census
CAM01796,Match,"261 SIDNEY ST, CAMBRIDGE, MA, 02139",-71.107518479206,42.35599552823,25,017,Cambridge city,census
CAM01797,Match,"265 SIDNEY ST, CAMBRIDGE, MA, 02139",-71.107547736391,42.355969690352,25,017,Cambridge city,census
CAM01798,Match,"47 CHESTNUT ST, CAMBRIDGE, MA, 02139",-71.107657954552,42.356030705877,25,017,Cambridge city,census
CAM01799,Match,"51 CHESTNUT ST, CAMBRIDGE, MA, 02139",-71.107763749581,42.356095061684,25,017,Cambridge city,census
CAM01800,Match,"59 CHESTNUT ST, CAMBRIDGE, MA, 02139",-71.107975339639,42.356223773298,25,017,Cambridge city,census
CAM01801,Match,"256 BROOKLINE ST, CAMBRIDGE, MA, 02139",-71.107533929091,42.357742744992,25,017,Cambridge city,census
CAM01802,Match,"254 BROOKLINE ST, CAMBRIDGE, MA, 02139",-71.107486499421,42.357788736637,25,017,Cambridge city,census
CAM01803,Match,"9 PETERS ST, CAMBRIDGE, MA, 02139",-71.10681148519,42.35768938588,25,017,Cambridge city,census
CAM01804,Match,"11 PETERS ST, CAMBRIDGE, MA, 02139",-71.106823985829,42.357675485698,25,017,Cambridge city,census
CAM01805,Match,"570 PUTNAM AVE, CAMBRIDGE, MA, 02139",-71.107565770331,42.357182931621,25,017,Cambridge city,census
CAM01806,Match,"580 PUTNAM AVE, CAMBRIDGE, MA, 02139",-71.107337047887,42.357054171985,25,017,Cambridge city,census
CAM01807,Match,"58 ALLSTON ST, CAMBRIDGE, MA, 02139",-71.106467640625,42.357583657515,25,017,Cambridge city,census
CAM01808,Match,"602 PUTNAM AVE, CAMBRIDGE, MA, 02139",-71.107226961973,42.356989442956,25,017,Cambridge city,census
CAM01809,Match,"592 PUTNAM AVE, CAMBRIDGE, MA, 02139",-71.107277001025,42.357018865242,25,017,Cambridge city,census
CAM01810,Match,"590 PUTNAM AVE, CAMBRIDGE, MA, 02139",-71.107287008835,42.357024749699,25,017,Cambridge city,census
CAM01811,Match,"232 BROOKLINE ST, CAMBRIDGE, MA, 02139",-71.106951451661,42.358301605592,25,017,Cambridge city,census
CAM01812,Match,"216 BROOKLINE ST, CAMBRIDGE, MA, 02139",-71.106544245666,42.358668525433,25,017,Cambridge city,census
CAM01813,Match,"214 BROOKLINE ST, CAMBRIDGE, MA, 02139",-71.106494127839,42.358717174876,25,017,Cambridge city,census
CAM01814,Match,"80 ALLSTON ST, CAMBRIDGE, MA, 02139",-71.106625142342,42.357672594883,25,017,Cambridge city,census
CAM01815,Match,"76 ALLSTON ST, CAMBRIDGE, MA, 02139",-71.106596505666,42.357656424452,25,017,Cambridge city,census
CAM01816,Match,"72 ALLSTON ST, CAMBRIDGE, MA, 02139",-71.10656786899,42.357640254022,25,017,Cambridge city,census
CAM01817,Match,"68 ALLSTON ST, CAMBRIDGE, MA, 02139",-71.106539232315,42.357624083591,25,017,Cambridge city,census
CAM01818,Match,"64 ALLSTON ST, CAMBRIDGE, MA, 02139",-71.106510595639,42.357607913161,25,017,Cambridge city,census
CAM01819,Match,"244 BROOKLINE ST, CAMBRIDGE, MA, 02139",-71.107249351071,42.358018694862,25,017,Cambridge city,census
CAM01820,Match,"98 ALLSTON ST, CAMBRIDGE, MA, 02139",-71.107248504314,42.358018781619,25,017,Cambridge city,census
CAM01821,Match,"55 CHESTNUT ST, CAMBRIDGE, MA, 02139",-71.10786954461,42.356159417491,25,017,Cambridge city,census
CAM01822,Match,"59 ALLSTON ST, CAMBRIDGE, MA, 02139",-71.106107332472,42.357524418686,25,017,Cambridge city,census
CAM01823,Match,"63 ALLSTON ST, CAMBRIDGE, MA, 02139",-71.106174712886,42.357562466758,25,017,Cambridge city,census
CAM01824,Match,"67 ALLSTON ST, CAMBRIDGE, MA, 02139",-71.106242093299,42.35760051483,25,017,Cambridge city,census
CAM01825,Match,"73 ALLSTON ST, CAMBRIDGE, MA, 02139",-71.106343163919,42.357657586937,25,017,Cambridge city,census
CAM01826,Match,"79 ALLSTON ST, CAMBRIDGE, MA, 02139",-71.106444234539,42.357714659045,25,017,Cambridge city,census
CAM01827,Match,"85 ALLSTON ST, CAMBRIDGE, MA, 02139",-71.106545305159,42.357771731153,25,017,Cambridge city,census
CAM01828,Match,"89 ALLSTON ST, CAMBRIDGE, MA, 02139",-71.106750505942,42.357886082856,25,017,Cambridge city,census
CAM01829,Match,"95 ALLSTON ST, CAMBRIDGE, MA, 02139",-71.106993488148,42.358020711321,25,017,Cambridge city,census
CAM01830,Match,"92 ALLSTON ST, CAMBRIDGE, MA, 02139",-71.107040233852,42.357903385792,25,017,Cambridge city,census
CAM01831,Match,"88 ALLSTON ST, CAMBRIDGE, MA, 02139",-71.106901386877,42.35782645524,25,017,Cambridge city,census
CAM01832,Match,"72 HAMILTON ST, CAMBRIDGE, MA, 02139",-71.10637249338,42.358340902234,25,017,Cambridge city,census
CAM01833,Match,"280 BROOKLINE ST, CAMBRIDGE, MA, 02139",-71.108130284673,42.357158682087,25,017,Cambridge city,census
CAM01834,Match,"561 PUTNAM AVE, CAMBRIDGE, MA, 02139",-71.107800617452,42.357169780259,25,017,Cambridge city,census
CAM01835,Match,"20 PETERS ST, CAMBRIDGE, MA, 02139",-71.106747178002,42.357553854757,25,017,Cambridge city,census
CAM01836,Match,"18 PETERS ST, CAMBRIDGE, MA, 02139",-71.106734416934,42.357568044527,25,017,Cambridge city,census
CAM01837,Match,"19 PETERS ST, CAMBRIDGE, MA, 02139",-71.106873988381,42.357619884967,25,017,Cambridge city,census
CAM01838,Match,"17 PETERS ST, CAMBRIDGE, MA, 02139",-71.106861487743,42.35763378515,25,017,Cambridge city,census
CAM01839,Match,"230 BROOKLINE ST, CAMBRIDGE, MA, 02139",-71.106908471723,42.358339382067,25,017,Cambridge city,census
CAM01840,Match,"566 PUTNAM AVE, CAMBRIDGE, MA, 02139",-71.107617880827,42.3572117869,25,017,Cambridge city,census
CAM01841,Match,"260 BROOKLINE ST, CAMBRIDGE, MA, 02139",-71.107627117368,42.357651176679,25,017,Cambridge city,census
CAM01842,Match,"100 ERIE ST, CAMBRIDGE, MA, 02139",-71.105815994996,42.358878402287,25,017,Cambridge city,census
CAM01843,Match,"296 BROOKLINE ST, CAMBRIDGE, MA, 02139",-71.108475501239,42.356839238793,25,017,Cambridge city,census
CAM01844,Match,"300 BROOKLINE ST, CAMBRIDGE, MA, 02139",-71.10856180538,42.356759377969,25,017,Cambridge city,census
CAM01845,Match,"593 PUTNAM AVE, CAMBRIDGE, MA, 02139",-71.106979400238,42.356697439442,25,017,Cambridge city,census
CAM01846,Match,"280 PEARL ST, CAMBRIDGE, MA, 02139",-71.109892532025,42.357881840223,25,017,Cambridge city,census
CAM01847,Match,"513 PUTNAM AVE, CAMBRIDGE, MA, 02139",-71.109074287174,42.357899835109,25,017,Cambridge city,census
CAM01848,Match,"23 ACORN ST, CAMBRIDGE, MA, 02139",-71.109063134193,42.357661350848,25,017,Cambridge city,census
CAM01849,Match,"127 CHESTNUT ST, CAMBRIDGE, MA, 02139",-71.109887940495,42.35733071727,25,017,Cambridge city,census
CAM01850,Match,"135 CHESTNUT ST, CAMBRIDGE, MA, 02139",-71.110180053071,42.357500959161,25,017,Cambridge city,census
CAM01851,Match,"111 CHESTNUT ST, CAMBRIDGE, MA, 02139",-71.109383259054,42.357036625871,25,017,Cambridge city,census
CAM01852,Match,"16 ACORN ST, CAMBRIDGE, MA, 02139",-71.108887175888,42.357641334339,25,017,Cambridge city,census
CAM01853,Match,"533 PUTNAM AVE, CAMBRIDGE, MA, 02139",-71.108741660747,42.357709564717,25,017,Cambridge city,census
CAM01854,Match,"105 CHESTNUT ST, CAMBRIDGE, MA, 02139",-71.109292447706,42.356983722288,25,017,Cambridge city,census
CAM01855,Match,"256 PEARL ST, CAMBRIDGE, MA, 02139",-71.109299255172,42.358430636458,25,017,Cambridge city,census
CAM01856,Match,"252 PEARL ST, CAMBRIDGE, MA, 02139",-71.109187886666,42.358539100512,25,017,Cambridge city,census
CAM01857,Match,"246 PEARL ST, CAMBRIDGE, MA, 02139",-71.109020833906,42.358701796592,25,017,Cambridge city,census
CAM01858,Match,"238 PEARL ST, CAMBRIDGE, MA, 02139",-71.108798096892,42.358918724698,25,017,Cambridge city,census
CAM01859,Match,"170 ALLSTON ST, CAMBRIDGE, MA, 02139",-71.108686407276,42.358853504795,25,017,Cambridge city,census
CAM01860,Match,"146 ALLSTON ST, CAMBRIDGE, MA, 02139",-71.108234116218,42.358593160987,25,017,Cambridge city,census
CAM01861,Match,"267 BROOKLINE ST, CAMBRIDGE, MA, 02139",-71.107943390038,42.357526140396,25,017,Cambridge city,census
CAM01862,Match,"510 PUTNAM AVE, CAMBRIDGE, MA, 02139",-71.1091752588,42.358102004803,25,017,Cambridge city,census
CAM01863,Match,"220 PEARL ST, CAMBRIDGE, MA, 02139",-71.108400622354,42.359294132405,25,017,Cambridge city,census
CAM01864,Match,"216 PEARL ST, CAMBRIDGE, MA, 02139",-71.108324746293,42.359365500393,25,017,Cambridge city,census
CAM01865,Match,"214 PEARL ST, CAMBRIDGE, MA, 02139",-71.108286808263,42.359401184387,25,017,Cambridge city,census
CAM01866,Match,"158 HAMILTON ST, CAMBRIDGE, MA, 02139",-71.108131275736,42.359413345449,25,017,Cambridge city,census
CAM01867,Match,"146 HAMILTON ST, CAMBRIDGE, MA, 02139",-71.107862245542,42.359237427548,25,017,Cambridge city,census
CAM01868,Match,"122 HAMILTON ST, CAMBRIDGE, MA, 02139",-71.107308867186,42.358909797321,25,017,Cambridge city,census
CAM01869,Match,"231 BROOKLINE ST, CAMBRIDGE, MA, 02139",-71.107014890681,42.358423916888,25,017,Cambridge city,census
CAM01870,Match,"235 BROOKLINE ST, CAMBRIDGE, MA, 02139",-71.107149970486,42.358305190825,25,017,Cambridge city,census
CAM01871,Match,"141 ALLSTON ST, CAMBRIDGE, MA, 02139",-71.107856521661,42.358521068657,25,017,Cambridge city,census
CAM01872,Match,"145 ALLSTON ST, CAMBRIDGE, MA, 02139",-71.107914981049,42.358554718537,25,017,Cambridge city,census
CAM01873,Match,"151 ALLSTON ST, CAMBRIDGE, MA, 02139",-71.108002670132,42.358605193357,25,017,Cambridge city,census
CAM01874,Match,"171 ALLSTON ST, CAMBRIDGE, MA, 02139",-71.108294967074,42.358773442757,25,017,Cambridge city,census
CAM01875,Match,"208 PEARL ST, CAMBRIDGE, MA, 02139",-71.108116073039,42.359567318189,25,017,Cambridge city,census
CAM01876,Match,"198 PEARL ST, CAMBRIDGE, MA, 02139",-71.107933146377,42.359739153978,25,017,Cambridge city,census
CAM01877,Match,"201 BROOKLINE ST, CAMBRIDGE, MA, 02139",-71.106266694942,42.359127129799,25,017,Cambridge city,census
CAM01878,Match,"117 HAMILTON ST, CAMBRIDGE, MA, 02139",-71.107086072942,42.358922206913,25,017,Cambridge city,census
CAM01879,Match,"159 HAMILTON ST, CAMBRIDGE, MA, 02139",-71.108069278857,42.359526544923,25,017,Cambridge city,census
CAM01880,Match,"539 PUTNAM AVE, CAMBRIDGE, MA, 02139",-71.108606993109,42.357631542739,25,017,Cambridge city,census
CAM01881,Match,"543 PUTNAM AVE, CAMBRIDGE, MA, 02139",-71.108445300337,42.3575374992,25,017,Cambridge city,census
CAM01882,Match,"283 BROOKLINE ST, CAMBRIDGE, MA, 02139",-71.108226614051,42.357253179137,25,017,Cambridge city,census
CAM01883,Match,"285 BROOKLINE ST, CAMBRIDGE, MA, 02139",-71.108247536267,42.357233818937,25,017,Cambridge city,census
CAM01884,Match,"170 ERIE ST, CAMBRIDGE, MA, 02139",-71.107391873417,42.359815187588,25,017,Cambridge city,census
CAM01885,Match,"531 PUTNAM AVE, CAMBRIDGE, MA, 02139",-71.108748089497,42.35771327741,25,017,Cambridge city,census
CAM01886,Match,"8 ACORN ST, CAMBRIDGE, MA, 02139",-71.108829916268,42.357695158139,25,017,Cambridge city,census
CAM01887,Match,"276 PEARL ST, CAMBRIDGE, MA, 02139",-71.109812408495,42.357957011137,25,017,Cambridge city,census
CAM01888,Match,"286 PEARL ST, CAMBRIDGE, MA, 02139",-71.11001271732,42.357769083852,25,017,Cambridge city,census
CAM01889,Match,"97 CHESTNUT ST, CAMBRIDGE, MA, 02139",-71.109088103958,42.356866109472,25,017,Cambridge city,census
CAM01890,Match,"293 BROOKLINE ST, CAMBRIDGE, MA, 02139",-71.108331225131,42.357156378139,25,017,Cambridge city,census
CAM01891,Match,"217 BROOKLINE ST, CAMBRIDGE, MA, 02139",-71.106594738898,42.358808697082,25,017,Cambridge city,census
CAM01892,Match,"261 BROOKLINE ST, CAMBRIDGE, MA, 02139",-71.107813870567,42.357656730029,25,017,Cambridge city,census
CAM01893,Match,"149 HAMILTON ST, CAMBRIDGE, MA, 02139",-71.107843300746,42.35937484662,25,017,Cambridge city,census
CAM01894,Match,"124 HAMILTON ST, CAMBRIDGE, MA, 02139",-71.107354982048,42.35893709984,25,017,Cambridge city,census
CAM01895,Match,"128 HAMILTON ST, CAMBRIDGE, MA, 02139",-71.107447211775,42.358991704877,25,017,Cambridge city,census
CAM01896,Match,"9 ACORN ST, CAMBRIDGE, MA, 02139",-71.108964974844,42.357753620219,25,017,Cambridge city,census
CAM01897,Match,"515 PUTNAM AVE, CAMBRIDGE, MA, 02139",-71.108991520489,42.357852702719,25,017,Cambridge city,census
CAM01898,Match,"159 ALLSTON ST, CAMBRIDGE, MA, 02139",-71.108119588909,42.358672493117,25,017,Cambridge city,census
CAM01899,Match,"163 ALLSTON ST, CAMBRIDGE, MA, 02139",-71.108178048297,42.358706142997,25,017,Cambridge city,census
CAM01900,Match,"17 ACORN ST, CAMBRIDGE, MA, 02139",-71.1090210659,42.357700894864,25,017,Cambridge city,census
CAM01901,Match,"13 ACORN ST, CAMBRIDGE, MA, 02139",-71.108993020372,42.357727257542,25,017,Cambridge city,census
CAM01902,Match,"145 HAMILTON ST, CAMBRIDGE, MA, 02139",-71.107752982831,42.359319574491,25,017,Cambridge city,census
CAM01903,Match,"262 PEARL ST, CAMBRIDGE, MA, 02139",-71.109475542415,42.358268148688,25,017,Cambridge city,census
CAM01904,Match,"230 PEARL ST, CAMBRIDGE, MA, 02139",-71.108590312506,42.359115712436,25,017,Cambridge city,census
CAM01905,Match,"234 PEARL ST, CAMBRIDGE, MA, 02139",-71.108666188566,42.359044344449,25,017,Cambridge city,census
CAM01906,Match,"520 PUTNAM AVE, CAMBRIDGE, MA, 02139",-71.108874289035,42.357930614293,25,017,Cambridge city,census
CAM01907,Match,"524 PUTNAM AVE, CAMBRIDGE, MA, 02139",-71.108691170955,42.35782584198,25,017,Cambridge city,census
CAM01908,Match,"160 ALLSTON ST, CAMBRIDGE, MA, 02139",-71.108497952669,42.358745028208,25,017,Cambridge city,census
CAM01909,Match,"224 PEARL ST, CAMBRIDGE, MA, 02139",-71.108476498415,42.359222764418,25,017,Cambridge city,census
CAM01910,Match,"169 ALLSTON ST, CAMBRIDGE, MA, 02139",-71.10826573738,42.358756617817,25,017,Cambridge city,census
CAM01911,Match,"155 HAMILTON ST, CAMBRIDGE, MA, 02139",-71.107978887613,42.359465865602,25,017,Cambridge city,census
CAM01912,Match,"157 HAMILTON ST, CAMBRIDGE, MA, 02139",-71.108024083235,42.359496205262,25,017,Cambridge city,census
CAM01913,Match,"352 PEARL ST, CAMBRIDGE, MA, 02139",-71.111552697673,42.356333458412,25,017,Cambridge city,census
CAM01914,Match,"350 PEARL ST, CAMBRIDGE, MA, 02139",-71.111536051275,42.356347751862,25,017,Cambridge city,census
CAM01915,Match,"346 PEARL ST, CAMBRIDGE, MA, 02139",-71.111502758479,42.356376338761,25,017,Cambridge city,census
CAM01916,Match,"342 PEARL ST, CAMBRIDGE, MA, 02139",-71.111469465683,42.35640492566,25,017,Cambridge city,census
CAM01917,Match,"336 PEARL ST, CAMBRIDGE, MA, 02139",-71.111322663513,42.356538156893,25,017,Cambridge city,census
CAM01918,Match,"112 HENRY ST, CAMBRIDGE, MA, 02139",-71.110645828819,42.356412737141,25,017,Cambridge city,census
CAM01919,Match,"11 ROCKINGHAM ST, CAMBRIDGE, MA, 02139",-71.110825911996,42.356149874232,25,017,Cambridge city,census
CAM01920,Match,"15 ROCKINGHAM ST, CAMBRIDGE, MA, 02139",-71.110917004161,42.356056250114,25,017,Cambridge city,census
CAM01921,Match,"17 ROCKINGHAM ST, CAMBRIDGE, MA, 02139",-71.110960444036,42.356013710717,25,017,Cambridge city,census
CAM01922,Match,"25 ROCKINGHAM ST, CAMBRIDGE, MA, 02139",-71.111080780571,42.355908253861,25,017,Cambridge city,census
CAM01923,Match,"33 ROCKINGHAM ST, CAMBRIDGE, MA, 02139",-71.111108170383,42.355884307724,25,017,Cambridge city,census
CAM01924,Match,"314 PEARL ST, CAMBRIDGE, MA, 02139",-71.110725414957,42.357111322366,25,017,Cambridge city,census
CAM01925,Match,"140 CHESTNUT ST, CAMBRIDGE, MA, 02139",-71.110298552076,42.357424078519,25,017,Cambridge city,census
CAM01926,Match,"128 CHESTNUT ST, CAMBRIDGE, MA, 02139",-71.109995204401,42.357247288864,25,017,Cambridge city,census
CAM01927,Match,"2 HASTINGS SQ, CAMBRIDGE, MA, 02139",-71.109327874947,42.356858238837,25,017,Cambridge city,census
CAM01928,Match,"4 HASTINGS SQ, CAMBRIDGE, MA, 02139",-71.109341908394,42.356845008823,25,017,Cambridge city,census
CAM01929,Match,"5 HASTINGS SQ, CAMBRIDGE, MA, 02139",-71.109355369047,42.35683231881,25,017,Cambridge city,census
CAM01930,Match,"97 HENRY ST, CAMBRIDGE, MA, 02139",-71.110277938753,42.356359298219,25,017,Cambridge city,census
CAM01931,Match,"99 HENRY ST, CAMBRIDGE, MA, 02139",-71.110330070986,42.356385634709,25,017,Cambridge city,census
CAM01932,Match,"103 HENRY ST, CAMBRIDGE, MA, 02139",-71.110504645546,42.35647730651,25,017,Cambridge city,census
CAM01933,Match,"32 ROCKINGHAM ST, CAMBRIDGE, MA, 02139",-71.110983946466,42.355815400287,25,017,Cambridge city,census
CAM01934,Match,"28 ROCKINGHAM ST, CAMBRIDGE, MA, 02139",-71.110969900408,42.355827680358,25,017,Cambridge city,census
CAM01935,Match,"24 ROCKINGHAM ST, CAMBRIDGE, MA, 02139",-71.110955854351,42.355839960428,25,017,Cambridge city,census
CAM01936,Match,"8 ROCKINGHAM ST, CAMBRIDGE, MA, 02139",-71.110608915176,42.356176604426,25,017,Cambridge city,census
CAM01937,Match,"96 HENRY ST, CAMBRIDGE, MA, 02139",-71.110250762594,42.356206759337,25,017,Cambridge city,census
CAM01938,Match,"94 HENRY ST, CAMBRIDGE, MA, 02139",-71.110177777468,42.356169888251,25,017,Cambridge city,census
CAM01939,Match,"345 BROOKLINE ST, CAMBRIDGE, MA, 02139",-71.109732640747,42.355842769598,25,017,Cambridge city,census
CAM01940,Match,"353 BROOKLINE ST, CAMBRIDGE, MA, 02139",-71.109826706421,42.355750705642,25,017,Cambridge city,census
CAM01941,Match,"25 GRANITE ST, CAMBRIDGE, MA, 02139",-71.111832404232,42.355953629677,25,017,Cambridge city,census
CAM01942,Match,"356 PEARL ST, CAMBRIDGE, MA, 02139",-71.11158599047,42.356304871513,25,017,Cambridge city,census
CAM01943,Match,"308 PEARL ST, CAMBRIDGE, MA, 02139",-71.110564743382,42.357257939026,25,017,Cambridge city,census
CAM01944,Match,"310 PEARL ST, CAMBRIDGE, MA, 02139",-71.110618300574,42.357209066806,25,017,Cambridge city,census
CAM01945,Match,"106 HENRY ST, CAMBRIDGE, MA, 02139",-71.110610430793,42.356392804861,25,017,Cambridge city,census
CAM01946,Match,"3 ROCKINGHAM PL, CAMBRIDGE, MA, 02139",-71.110928779392,42.355850343233,25,017,Cambridge city,census
CAM01947,Match,"4 ROCKINGHAM PL, CAMBRIDGE, MA, 02139",-71.110837685554,42.355943077948,25,017,Cambridge city,census
CAM01948,Match,"82 HENRY ST, CAMBRIDGE, MA, 02139",-71.1099639339,42.356050091151,25,017,Cambridge city,census
CAM01949,Match,"86 HENRY ST, CAMBRIDGE, MA, 02139",-71.109977011943,42.356058603075,25,017,Cambridge city,census
CAM01950,Match,"9 GRANITE ST, CAMBRIDGE, MA, 02139",-71.110933110084,42.355454031724,25,017,Cambridge city,census
CAM01951,Match,"5 GRANITE ST, CAMBRIDGE, MA, 02139",-71.110650027286,42.355291874299,25,017,Cambridge city,census
CAM01952,Match,"3 GRANITE ST, CAMBRIDGE, MA, 02139",-71.110524068615,42.355232003181,25,017,Cambridge city,census
CAM01953,Match,"116 CHESTNUT ST, CAMBRIDGE, MA, 02139",-71.109691856725,42.357070499209,25,017,Cambridge city,census
CAM01954,Match,"322 PEARL ST, CAMBRIDGE, MA, 02139",-71.111050460222,42.356798471382,25,017,Cambridge city,census
CAM01955,Match,"111 HENRY ST, CAMBRIDGE, MA, 02139",-71.110550859635,42.356503329209,25,017,Cambridge city,census
CAM01956,Match,"122 CHESTNUT ST, CAMBRIDGE, MA, 02139",-71.109843530563,42.357158894036,25,017,Cambridge city,census
CAM01957,Match,"120 CHESTNUT ST, CAMBRIDGE, MA, 02139",-71.109792972617,42.357129429094,25,017,Cambridge city,census
CAM01958,Match,"120 HENRY ST, CAMBRIDGE, MA, 02139",-71.110693026186,42.356439313513,25,017,Cambridge city,census
CAM01959,Match,"114 HENRY ST, CAMBRIDGE, MA, 02139",-71.11065762816,42.356419381234,25,017,Cambridge city,census
CAM01960,Match,"27 ROCKINGHAM ST, CAMBRIDGE, MA, 02139",-71.111087628024,42.355902267327,25,017,Cambridge city,census
CAM01961,Match,"32 GLENWOOD AVE, CAMBRIDGE, MA, 02139",-71.111994057234,42.356754057093,25,017,Cambridge city,census
CAM01962,Match,"28 GLENWOOD AVE, CAMBRIDGE, MA, 02139",-71.111934859069,42.356721045923,25,017,Cambridge city,census
CAM01963,Match,"26 GLENWOOD AVE, CAMBRIDGE, MA, 02139",-71.111905259987,42.356704540339,25,017,Cambridge city,census
CAM01964,Match,"20 GLENWOOD AVE, CAMBRIDGE, MA, 02139",-71.11181646274,42.356655023584,25,017,Cambridge city,census
CAM01965,Match,"14 GLENWOOD AVE, CAMBRIDGE, MA, 02139",-71.111737254074,42.356603775025,25,017,Cambridge city,census
CAM01966,Match,"335 PEARL ST, CAMBRIDGE, MA, 02139",-71.111570355003,42.356493967743,25,017,Cambridge city,census
CAM01967,Match,"341 PEARL ST, CAMBRIDGE, MA, 02139",-71.111615612398,42.356455107427,25,017,Cambridge city,census
CAM01968,Match,"351 PEARL ST, CAMBRIDGE, MA, 02139",-71.111691041389,42.356390340233,25,017,Cambridge city,census
CAM01969,Match,"35 GRANITE ST, CAMBRIDGE, MA, 02139",-71.112173714175,42.356142985748,25,017,Cambridge city,census
CAM01970,Match,"47 GRANITE ST, CAMBRIDGE, MA, 02139",-71.112413834019,42.356278325574,25,017,Cambridge city,census
CAM01971,Match,"49 GRANITE ST, CAMBRIDGE, MA, 02139",-71.112453853993,42.356300882212,25,017,Cambridge city,census
CAM01972,Match,"174 MAGAZINE ST, CAMBRIDGE, MA, 02139",-71.112877111606,42.357388453128,25,017,Cambridge city,census
CAM01973,Match,"166 MAGAZINE ST, CAMBRIDGE, MA, 02139",-71.112706391108,42.357540618095,25,017,Cambridge city,census
CAM01974,Match,"32 TUFTS ST, CAMBRIDGE, MA, 02139",-71.111454497506,42.357261845875,25,017,Cambridge city,census
CAM01975,Match,"26 TUFTS ST, CAMBRIDGE, MA, 02139",-71.111362689053,42.357217027921,25,017,Cambridge city,census
CAM01976,Match,"20 TUFTS ST, CAMBRIDGE, MA, 02139",-71.111270880599,42.357172209967,25,017,Cambridge city,census
CAM01977,Match,"14 TUFTS ST, CAMBRIDGE, MA, 02139",-71.111179072145,42.357127392013,25,017,Cambridge city,census
CAM01978,Match,"315 PEARL ST, CAMBRIDGE, MA, 02139",-71.11102623067,42.357013310854,25,017,Cambridge city,census
CAM01979,Match,"321 PEARL ST, CAMBRIDGE, MA, 02139",-71.111115198969,42.356925663453,25,017,Cambridge city,census
CAM01980,Match,"11 GLENWOOD AVE, CAMBRIDGE, MA, 02139",-71.111604000799,42.356669705326,25,017,Cambridge city,census
CAM01981,Match,"95 GLENWOOD AVE, CAMBRIDGE, MA, 02139",-71.112819428818,42.357357874044,25,017,Cambridge city,census
CAM01982,Match,"27 GLENWOOD AVE, CAMBRIDGE, MA, 02139",-71.11183359816,42.356808137016,25,017,Cambridge city,census
CAM01983,Match,"33 GLENWOOD AVE, CAMBRIDGE, MA, 02139",-71.111920583218,42.356856643225,25,017,Cambridge city,census
CAM01984,Match,"148 MAGAZINE ST, CAMBRIDGE, MA, 02139",-71.112153823484,42.358036459664,25,017,Cambridge city,census
CAM01985,Match,"144 MAGAZINE ST, CAMBRIDGE, MA, 02139",-71.111956288268,42.358212309889,25,017,Cambridge city,census
CAM01986,Match,"180 CHESTNUT ST, CAMBRIDGE, MA, 02139",-71.111435575152,42.358059235405,25,017,Cambridge city,census
CAM01987,Match,"172 CHESTNUT ST, CAMBRIDGE, MA, 02139",-71.111246527263,42.357947186596,25,017,Cambridge city,census
CAM01988,Match,"168 CHESTNUT ST, CAMBRIDGE, MA, 02139",-71.111152003318,42.357891162191,25,017,Cambridge city,census
CAM01989,Match,"295 PEARL ST, CAMBRIDGE, MA, 02139",-71.110299239399,42.357685469395,25,017,Cambridge city,census
CAM01990,Match,"303 PEARL ST, CAMBRIDGE, MA, 02139",-71.110556719196,42.357447347381,25,017,Cambridge city,census
CAM01991,Match,"311 PEARL ST, CAMBRIDGE, MA, 02139",-71.110899485223,42.357134565174,25,017,Cambridge city,census
CAM01992,Match,"29 TUFTS ST, CAMBRIDGE, MA, 02139",-71.111329675855,42.357338250343,25,017,Cambridge city,census
CAM01993,Match,"35 TUFTS ST, CAMBRIDGE, MA, 02139",-71.111414553083,42.357381230533,25,017,Cambridge city,census
CAM01994,Match,"160 CHESTNUT ST, CAMBRIDGE, MA, 02139",-71.110874371246,42.35773853569,25,017,Cambridge city,census
CAM01995,Match,"184 MAGAZINE ST, CAMBRIDGE, MA, 02139",-71.113148911048,42.357139773836,25,017,Cambridge city,census
CAM01996,Match,"182 MAGAZINE ST, CAMBRIDGE, MA, 02139",-71.113105328782,42.357179442515,25,017,Cambridge city,census
CAM01997,Match,"180 MAGAZINE ST, CAMBRIDGE, MA, 02139",-71.113061777374,42.357219093414,25,017,Cambridge city,census
CAM01998,Match,"38 GLENWOOD AVE, CAMBRIDGE, MA, 02139",-71.11208285448,42.356803573847,25,017,Cambridge city,census
CAM01999,Match,"59 GRANITE ST, CAMBRIDGE, MA, 02139",-71.112653953863,42.3564136654,25,017,Cambridge city,census
CAM02000,Match,"19 GLENWOOD AVE, CAMBRIDGE, MA, 02139",-71.111717618083,42.356743462072,25,017,Cambridge city,census
