address_id,match,matched_address,lon,lat,state_fips,county_fips,place,method
BOS00001,Match,"195 LEXINGTON ST, EAST BOSTON, MA, 02128",-71.03267685277,42.379460637404,25,025,Boston city,census
BOS00002,Match,"197 LEXINGTON ST, EAST BOSTON, MA, 02128",-71.032605763896,42.379487116612,25,025,Boston city,census
BOS00003,Match,"199 LEXINGTON ST, EAST BOSTON, MA, 02128",-71.032534675022,42.379513595819,25,025,Boston city,census
BOS00004,Match,"201 LEXINGTON ST, EAST BOSTON, MA, 02128",-71.032463586148,42.379540075026,25,025,Boston city,census
BOS00005,Match,"203 LEXINGTON ST, EAST BOSTON, MA, 02128",-71.032392497274,42.379566554233,25,025,Boston city,census
BOS00006,Match,"205 LEXINGTON ST, EAST BOSTON, MA, 02128",-71.0323214084,42.37959303344,25,025,Boston city,census
BOS00007,Match,"209 LEXINGTON ST, EAST BOSTON, MA, 02128",-71.032179230651,42.379645991854,25,025,Boston city,census
BOS00008,Match,"213 LEXINGTON ST, EAST BOSTON, MA, 02128",-71.032037052903,42.379698950268,25,025,Boston city,census
BOS00009,Match,"215 LEXINGTON ST, EAST BOSTON, MA, 02128",-71.031965964029,42.379725429475,25,025,Boston city,census
BOS00010,Match,"219 LEXINGTON ST, EAST BOSTON, MA, 02128",-71.03182378628,42.379778387889,25,025,Boston city,census
BOS00011,Match,"221 LEXINGTON ST, EAST BOSTON, MA, 02128",-71.031752697406,42.379804867096,25,025,Boston city,census
BOS00012,Match,"223 LEXINGTON ST, EAST BOSTON, MA, 02128",-71.031681608532,42.379831346303,25,025,Boston city,census
BOS00013,Match,"225 LEXINGTON ST, EAST BOSTON, MA, 02128",-71.031610519658,42.37985782551,25,025,Boston city,census
BOS00014,Match,"227 LEXINGTON ST, EAST BOSTON, MA, 02128",-71.031539430784,42.379884304718,25,025,Boston city,census
BOS00015,Match,"235 LEXINGTON ST, EAST BOSTON, MA, 02128",-71.031255075287,42.379990221546,25,025,Boston city,census
BOS00016,Match,"237 LEXINGTON ST, EAST BOSTON, MA, 02128",-71.031183986413,42.380016700753,25,025,Boston city,census
BOS00017,Match,"243 LEXINGTON ST, EAST BOSTON, MA, 02128",-71.03097071979,42.380096138374,25,025,Boston city,census
BOS00018,Match,"245 LEXINGTON ST, EAST BOSTON, MA, 02128",-71.030899630916,42.380122617581,25,025,Boston city,census
BOS00019,Match,"247 LEXINGTON ST, EAST BOSTON, MA, 02128",-71.030828542042,42.380149096788,25,025,Boston city,census
BOS00020,Match,"251 LEXINGTON ST, EAST BOSTON, MA, 02128",-71.030686364294,42.380202055202,25,025,Boston city,census
BOS00021,Match,"31 PRESCOTT ST, EAST BOSTON, MA, 02128",-71.030454967442,42.379859784345,25,025,Boston city,census
BOS00022,Match,"35 PRESCOTT ST, EAST BOSTON, MA, 02128",-71.030408618008,42.379791312938,25,025,Boston city,census
BOS00023,Match,"37 PRESCOTT ST, EAST BOSTON, MA, 02128",-71.030385443291,42.379757077235,25,025,Boston city,census
BOS00024,Match,"252 PRINCETON ST, EAST BOSTON, MA, 02128",-71.030339513562,42.379687653571,25,025,Boston city,census
BOS00025,Match,"250 PRINCETON ST, EAST BOSTON, MA, 02128",-71.030459291643,42.37964203506,25,025,Boston city,census
BOS00026,Match,"248 PRINCETON ST, EAST BOSTON, MA, 02128",-71.030579069724,42.379596416549,25,025,Boston city,census
BOS00027,Match,"244 PRINCETON ST, EAST BOSTON, MA, 02128",-71.030818625886,42.379505179526,25,025,Boston city,census
BOS00028,Match,"242 PRINCETON ST, EAST BOSTON, MA, 02128",-71.030956457681,42.37945277506,25,025,Boston city,census
BOS00029,Match,"240 PRINCETON ST, EAST BOSTON, MA, 02128",-71.031021648353,42.379428031684,25,025,Boston city,census
BOS00030,Match,"238 PRINCETON ST, EAST BOSTON, MA, 02128",-71.031086839024,42.379403288308,25,025,Boston city,census
BOS00031,Match,"236 PRINCETON ST, EAST BOSTON, MA, 02128",-71.031152029696,42.379378544932,25,025,Boston city,census
BOS00032,Match,"234 PRINCETON ST, EAST BOSTON, MA, 02128",-71.031217220368,42.379353801556,25,025,Boston city,census
BOS00033,Match,"226 PRINCETON ST, EAST BOSTON, MA, 02128",-71.031477983055,42.379254828052,25,025,Boston city,census
BOS00034,Match,"222 PRINCETON ST, EAST BOSTON, MA, 02128",-71.031608364399,42.379205341299,25,025,Boston city,census
BOS00035,Match,"218 PRINCETON ST, EAST BOSTON, MA, 02128",-71.031738745743,42.379155854547,25,025,Boston city,census
BOS00036,Match,"216 PRINCETON ST, EAST BOSTON, MA, 02128",-71.031803936414,42.379131111171,25,025,Boston city,census
BOS00037,Match,"214 PRINCETON ST, EAST BOSTON, MA, 02128",-71.031869127086,42.379106367795,25,025,Boston city,census
BOS00038,Match,"208 PRINCETON ST, EAST BOSTON, MA, 02128",-71.032064699102,42.379032137667,25,025,Boston city,census
BOS00039,Match,"206 PRINCETON ST, EAST BOSTON, MA, 02128",-71.032129889774,42.379007394291,25,025,Boston city,census
BOS00040,Match,"204 PRINCETON ST, EAST BOSTON, MA, 02128",-71.032195080445,42.378982650914,25,025,Boston city,census
BOS00041,Match,"202 PRINCETON ST, EAST BOSTON, MA, 02128",-71.032260271117,42.378957907538,25,025,Boston city,census
BOS00042,Match,"198 PRINCETON ST, EAST BOSTON, MA, 02128",-71.032462925926,42.378881943434,25,025,Boston city,census
BOS00043,Match,"108 PUTNAM ST, EAST BOSTON, MA, 02128",-71.032559371906,42.379284300432,25,025,Boston city,census
BOS00044,Match,"106 PUTNAM ST, EAST BOSTON, MA, 02128",-71.032588807475,42.379328240411,25,025,Boston city,census
BOS00045,Match,"74 PRESCOTT ST, EAST BOSTON, MA, 02128",-71.02957074114,42.378811500865,25,025,Boston city,census
BOS00046,Match,"72 PRESCOTT ST, EAST BOSTON, MA, 02128",-71.029591473232,42.378842061557,25,025,Boston city,census
BOS00047,Match,"68 PRESCOTT ST, EAST BOSTON, MA, 02128",-71.029632937415,42.378903182942,25,025,Boston city,census
BOS00048,Match,"62 PRESCOTT ST, EAST BOSTON, MA, 02128",-71.02969513369,42.378994865018,25,025,Boston city,census
BOS00049,Match,"403 SARATOGA ST, EAST BOSTON, MA, 02128",-71.029610171535,42.379066205326,25,025,Boston city,census
BOS00050,Match,"407 SARATOGA ST, EAST BOSTON, MA, 02128",-71.029504824771,42.379106200246,25,025,Boston city,census
BOS00051,Match,"409 SARATOGA ST, EAST BOSTON, MA, 02128",-71.029452151389,42.379126197706,25,025,Boston city,census
BOS00052,Match,"411 SARATOGA ST, EAST BOSTON, MA, 02128",-71.029399478006,42.379146195166,25,025,Boston city,census
BOS00053,Match,"413 SARATOGA ST, EAST BOSTON, MA, 02128",-71.029346804624,42.379166192626,25,025,Boston city,census
BOS00054,Match,"421 SARATOGA ST, EAST BOSTON, MA, 02128",-71.029136111095,42.379246182466,25,025,Boston city,census
BOS00055,Match,"423 SARATOGA ST, EAST BOSTON, MA, 02128",-71.029083437712,42.379266179926,25,025,Boston city,census
BOS00056,Match,"425 SARATOGA ST, EAST BOSTON, MA, 02128",-71.02903076433,42.379286177386,25,025,Boston city,census
BOS00057,Match,"427 SARATOGA ST, EAST BOSTON, MA, 02128",-71.028978090948,42.379306174846,25,025,Boston city,census
BOS00058,Match,"429 SARATOGA ST, EAST BOSTON, MA, 02128",-71.028925417566,42.379326172306,25,025,Boston city,census
BOS00059,Match,"431 SARATOGA ST, EAST BOSTON, MA, 02128",-71.028872744183,42.379346169766,25,025,Boston city,census
BOS00060,Match,"433 SARATOGA ST, EAST BOSTON, MA, 02128",-71.028820070801,42.379366167226,25,025,Boston city,census
BOS00061,Match,"443 SARATOGA ST, EAST BOSTON, MA, 02128",-71.02855670389,42.379466154526,25,025,Boston city,census
BOS00062,Match,"445 SARATOGA ST, EAST BOSTON, MA, 02128",-71.028506978211,42.379483346162,25,025,Boston city,census
BOS00063,Match,"447 SARATOGA ST, EAST BOSTON, MA, 02128",-71.028452885176,42.379501156373,25,025,Boston city,census
BOS00064,Match,"50 PRESCOTT ST, EAST BOSTON, MA, 02128",-71.029938947618,42.379354337714,25,025,Boston city,census
BOS00065,Match,"261 PRINCETON ST, EAST BOSTON, MA, 02128",-71.030008641833,42.379684250074,25,025,Boston city,census
BOS00066,Match,"263 PRINCETON ST, EAST BOSTON, MA, 02128",-71.029947643645,42.37970732426,25,025,Boston city,census
BOS00067,Match,"265 PRINCETON ST, EAST BOSTON, MA, 02128",-71.029886645458,42.379730398446,25,025,Boston city,census
BOS00068,Match,"271 PRINCETON ST, EAST BOSTON, MA, 02128",-71.029703650895,42.379799621003,25,025,Boston city,census
BOS00069,Match,"277 PRINCETON ST, EAST BOSTON, MA, 02128",-71.029520656333,42.37986884356,25,025,Boston city,census
BOS00070,Match,"279 PRINCETON ST, EAST BOSTON, MA, 02128",-71.029459658145,42.379891917745,25,025,Boston city,census
BOS00071,Match,"281 PRINCETON ST, EAST BOSTON, MA, 02128",-71.029398659958,42.379914991931,25,025,Boston city,census
BOS00072,Match,"283 PRINCETON ST, EAST BOSTON, MA, 02128",-71.02933766177,42.379938066116,25,025,Boston city,census
BOS00073,Match,"301 PRINCETON ST, EAST BOSTON, MA, 02128",-71.028788678083,42.380145733787,25,025,Boston city,census
BOS00074,Match,"303 PRINCETON ST, EAST BOSTON, MA, 02128",-71.028727679895,42.380168807973,25,025,Boston city,census
BOS00075,Match,"305 PRINCETON ST, EAST BOSTON, MA, 02128",-71.028666681708,42.380191882158,25,025,Boston city,census
BOS00076,Match,"7 LAWSON PL, EAST BOSTON, MA, 02128",-71.028523985303,42.380232042869,25,025,Boston city,census
BOS00077,Match,"5 LAWSON PL, EAST BOSTON, MA, 02128",-71.028525951003,42.380235148533,25,025,Boston city,census
BOS00078,Match,"468 SARATOGA ST, EAST BOSTON, MA, 02128",-71.027571333286,42.379918768525,25,025,Boston city,census
BOS00079,Match,"466 SARATOGA ST, EAST BOSTON, MA, 02128",-71.027639253764,42.37989624245,25,025,Boston city,census
BOS00080,Match,"464 SARATOGA ST, EAST BOSTON, MA, 02128",-71.027707174241,42.379873716375,25,025,Boston city,census
BOS00081,Match,"462 SARATOGA ST, EAST BOSTON, MA, 02128",-71.027775094719,42.3798511903,25,025,Boston city,census
BOS00082,Match,"460 SARATOGA ST, EAST BOSTON, MA, 02128",-71.027843015197,42.379828664225,25,025,Boston city,census
BOS00083,Match,"458 SARATOGA ST, EAST BOSTON, MA, 02128",-71.027910935675,42.379806138151,25,025,Boston city,census
BOS00084,Match,"456 SARATOGA ST, EAST BOSTON, MA, 02128",-71.027978856152,42.379783612076,25,025,Boston city,census
BOS00085,Match,"454 SARATOGA ST, EAST BOSTON, MA, 02128",-71.02804677663,42.379761086001,25,025,Boston city,census
BOS00086,Match,"442 SARATOGA ST, EAST BOSTON, MA, 02128",-71.02845421829,42.379626176282,25,025,Boston city,census
BOS00087,Match,"440 SARATOGA ST, EAST BOSTON, MA, 02128",-71.028522220962,42.379603786302,25,025,Boston city,census
BOS00088,Match,"438 SARATOGA ST, EAST BOSTON, MA, 02128",-71.028590223635,42.379581396322,25,025,Boston city,census
BOS00089,Match,"432 SARATOGA ST, EAST BOSTON, MA, 02128",-71.028793157822,42.379505224609,25,025,Boston city,census
BOS00090,Match,"428 SARATOGA ST, EAST BOSTON, MA, 02128",-71.028925593755,42.379454945281,25,025,Boston city,census
BOS00091,Match,"426 SARATOGA ST, EAST BOSTON, MA, 02128",-71.028991811721,42.379429805617,25,025,Boston city,census
BOS00092,Match,"424 SARATOGA ST, EAST BOSTON, MA, 02128",-71.029058029687,42.379404665953,25,025,Boston city,census
BOS00093,Match,"422 SARATOGA ST, EAST BOSTON, MA, 02128",-71.029124247654,42.379379526289,25,025,Boston city,census
BOS00094,Match,"416 SARATOGA ST, EAST BOSTON, MA, 02128",-71.029322901553,42.379304107297,25,025,Boston city,census
BOS00095,Match,"414 SARATOGA ST, EAST BOSTON, MA, 02128",-71.029389119519,42.379278967633,25,025,Boston city,census
BOS00096,Match,"412 SARATOGA ST, EAST BOSTON, MA, 02128",-71.029455337485,42.379253827969,25,025,Boston city,census
BOS00097,Match,"408 SARATOGA ST, EAST BOSTON, MA, 02128",-71.029587773418,42.379203548641,25,025,Boston city,census
BOS00098,Match,"406 SARATOGA ST, EAST BOSTON, MA, 02128",-71.029653991384,42.379178408977,25,025,Boston city,census
BOS00099,Match,"404 SARATOGA ST, EAST BOSTON, MA, 02128",-71.02972020935,42.379153269313,25,025,Boston city,census
BOS00100,Match,"262 PRINCETON ST, EAST BOSTON, MA, 02128",-71.029957352589,42.379832394566,25,025,Boston city,census
BOS00101,Match,"253 LEXINGTON ST, EAST BOSTON, MA, 02128",-71.030547776625,42.380253812143,25,025,Boston city,census
BOS00102,Match,"261 LEXINGTON ST, EAST BOSTON, MA, 02128",-71.030249933589,42.380365336332,25,025,Boston city,census
BOS00103,Match,"263 LEXINGTON ST, EAST BOSTON, MA, 02128",-71.03017547283,42.38039321738,25,025,Boston city,census
BOS00104,Match,"271 LEXINGTON ST, EAST BOSTON, MA, 02128",-71.029877897479,42.380506193163,25,025,Boston city,census
BOS00105,Match,"273 LEXINGTON ST, EAST BOSTON, MA, 02128",-71.029803758339,42.380534538735,25,025,Boston city,census
BOS00106,Match,"275 LEXINGTON ST, EAST BOSTON, MA, 02128",-71.0297296192,42.380562884307,25,025,Boston city,census
BOS00107,Match,"279 LEXINGTON ST, EAST BOSTON, MA, 02128",-71.02958134092,42.380619575452,25,025,Boston city,census
BOS00108,Match,"281 LEXINGTON ST, EAST BOSTON, MA, 02128",-71.029507201781,42.380647921024,25,025,Boston city,census
BOS00109,Match,"283 LEXINGTON ST, EAST BOSTON, MA, 02128",-71.029433062641,42.380676266596,25,025,Boston city,census
BOS00110,Match,"285 LEXINGTON ST, EAST BOSTON, MA, 02128",-71.029358923501,42.380704612168,25,025,Boston city,census
BOS00111,Match,"287 LEXINGTON ST, EAST BOSTON, MA, 02128",-71.029284784362,42.38073295774,25,025,Boston city,census
BOS00112,Match,"291 LEXINGTON ST, EAST BOSTON, MA, 02128",-71.029136506083,42.380789648884,25,025,Boston city,census
BOS00113,Match,"293 LEXINGTON ST, EAST BOSTON, MA, 02128",-71.029062366943,42.380817994456,25,025,Boston city,census
BOS00114,Match,"295 LEXINGTON ST, EAST BOSTON, MA, 02128",-71.028988227803,42.380846340028,25,025,Boston city,census
BOS00115,Match,"297 LEXINGTON ST, EAST BOSTON, MA, 02128",-71.028914088664,42.3808746856,25,025,Boston city,census
BOS00116,Match,"299 LEXINGTON ST, EAST BOSTON, MA, 02128",-71.028839949524,42.380903031172,25,025,Boston city,census
BOS00117,Match,"301 LEXINGTON ST, EAST BOSTON, MA, 02128",-71.028765810384,42.380931376744,25,025,Boston city,census
BOS00118,Match,"307 LEXINGTON ST, EAST BOSTON, MA, 02128",-71.028543392966,42.38101641346,25,025,Boston city,census
BOS00119,Match,"309 LEXINGTON ST, EAST BOSTON, MA, 02128",-71.028469253826,42.381044759032,25,025,Boston city,census
BOS00120,Match,"313 LEXINGTON ST, EAST BOSTON, MA, 02128",-71.028326568895,42.381099612765,25,025,Boston city,census
BOS00121,Match,"9 SHELBY ST, EAST BOSTON, MA, 02128",-71.028117162937,42.381049942836,25,025,Boston city,census
BOS00122,Match,"324 PRINCETON ST, EAST BOSTON, MA, 02128",-71.028103301462,42.380533330394,25,025,Boston city,census
BOS00123,Match,"322 PRINCETON ST, EAST BOSTON, MA, 02128",-71.028152894505,42.380514606345,25,025,Boston city,census
BOS00124,Match,"320 PRINCETON ST, EAST BOSTON, MA, 02128",-71.028202487548,42.380495882297,25,025,Boston city,census
BOS00125,Match,"316 PRINCETON ST, EAST BOSTON, MA, 02128",-71.028301673633,42.380458434199,25,025,Boston city,census
BOS00126,Match,"314 PRINCETON ST, EAST BOSTON, MA, 02128",-71.028351266675,42.38043971015,25,025,Boston city,census
BOS00127,Match,"312 PRINCETON ST, EAST BOSTON, MA, 02128",-71.028400859718,42.380420986102,25,025,Boston city,census
BOS00128,Match,"310 PRINCETON ST, EAST BOSTON, MA, 02128",-71.028450452761,42.380402262053,25,025,Boston city,census
BOS00129,Match,"294 PRINCETON ST, EAST BOSTON, MA, 02128",-71.028981381588,42.380201581537,25,025,Boston city,census
BOS00130,Match,"292 PRINCETON ST, EAST BOSTON, MA, 02128",-71.029042379776,42.380178507351,25,025,Boston city,census
BOS00131,Match,"286 PRINCETON ST, EAST BOSTON, MA, 02128",-71.029225374338,42.380109284794,25,025,Boston city,census
BOS00132,Match,"278 PRINCETON ST, EAST BOSTON, MA, 02128",-71.029469367088,42.380016988052,25,025,Boston city,census
BOS00133,Match,"274 PRINCETON ST, EAST BOSTON, MA, 02128",-71.029591363464,42.37997083968,25,025,Boston city,census
BOS00134,Match,"272 PRINCETON ST, EAST BOSTON, MA, 02128",-71.029652361651,42.379947765495,25,025,Boston city,census
BOS00135,Match,"270 PRINCETON ST, EAST BOSTON, MA, 02128",-71.029713359839,42.379924691309,25,025,Boston city,census
BOS00136,Match,"268 PRINCETON ST, EAST BOSTON, MA, 02128",-71.029774358026,42.379901617123,25,025,Boston city,census
BOS00137,Match,"266 PRINCETON ST, EAST BOSTON, MA, 02128",-71.029835356214,42.379878542938,25,025,Boston city,census
BOS00138,Match,"256 LEXINGTON ST, EAST BOSTON, MA, 02128",-71.030617914796,42.380356022329,25,025,Boston city,census
BOS00139,Match,"10 PRESCOTT ST, EAST BOSTON, MA, 02128",-71.030616708977,42.380355725028,25,025,Boston city,census
BOS00140,Match,"8 PRESCOTT ST, EAST BOSTON, MA, 02128",-71.030702568844,42.380484523595,25,025,Boston city,census
BOS00141,Match,"6 PRESCOTT ST, EAST BOSTON, MA, 02128",-71.030788428711,42.380613322161,25,025,Boston city,census
BOS00142,Match,"217 TRENTON ST, EAST BOSTON, MA, 02128",-71.03095980438,42.380871678257,25,025,Boston city,census
BOS00143,Match,"219 TRENTON ST, EAST BOSTON, MA, 02128",-71.030940730475,42.380878789986,25,025,Boston city,census
BOS00144,Match,"221 TRENTON ST, EAST BOSTON, MA, 02128",-71.030921656571,42.380885901716,25,025,Boston city,census
BOS00145,Match,"223 TRENTON ST, EAST BOSTON, MA, 02128",-71.030902582666,42.380893013445,25,025,Boston city,census
BOS00146,Match,"225 TRENTON ST, EAST BOSTON, MA, 02128",-71.030883508762,42.380900125174,25,025,Boston city,census
BOS00147,Match,"229 TRENTON ST, EAST BOSTON, MA, 02128",-71.030845360953,42.380914348633,25,025,Boston city,census
BOS00148,Match,"247 TRENTON ST, EAST BOSTON, MA, 02128",-71.030673695813,42.380978354199,25,025,Boston city,census
BOS00149,Match,"291 E EAGLE ST, EAST BOSTON, MA, 02128",-71.030220350412,42.381281737494,25,025,Boston city,census
BOS00150,Match,"297 E EAGLE ST, EAST BOSTON, MA, 02128",-71.029862697008,42.381281948478,25,025,Boston city,census
BOS00151,Match,"311 E EAGLE ST, EAST BOSTON, MA, 02128",-71.029028172398,42.381282440772,25,025,Boston city,census
BOS00152,Match,"313 E EAGLE ST, EAST BOSTON, MA, 02128",-71.028908954597,42.381282511099,25,025,Boston city,census
BOS00153,Match,"306 LEXINGTON ST, EAST BOSTON, MA, 02128",-71.029885507441,42.38063231478,25,025,Boston city,census
BOS00154,Match,"286 LEXINGTON ST, EAST BOSTON, MA, 02128",-71.030177442701,42.380520952468,25,025,Boston city,census
BOS00155,Match,"284 LEXINGTON ST, EAST BOSTON, MA, 02128",-71.030206807507,42.380509957126,25,025,Boston city,census
BOS00156,Match,"282 LEXINGTON ST, EAST BOSTON, MA, 02128",-71.030236172313,42.380498961783,25,025,Boston city,census
BOS00157,Match,"282 LEXINGTON ST, EAST BOSTON, MA, 02128",-71.030236172313,42.380498961783,25,025,Boston city,census
BOS00158,Match,"280 LEXINGTON ST, EAST BOSTON, MA, 02128",-71.03026553712,42.38048796644,25,025,Boston city,census
BOS00159,Match,"278 LEXINGTON ST, EAST BOSTON, MA, 02128",-71.030294901926,42.380476971098,25,025,Boston city,census
BOS00160,Match,"276 LEXINGTON ST, EAST BOSTON, MA, 02128",-71.030324266732,42.380465975755,25,025,Boston city,census
BOS00161,Match,"274 LEXINGTON ST, EAST BOSTON, MA, 02128",-71.030353631539,42.380454980412,25,025,Boston city,census
BOS00162,Match,"260 LEXINGTON ST, EAST BOSTON, MA, 02128",-71.030559185183,42.380378013014,25,025,Boston city,census
BOS00163,Match,"258 LEXINGTON ST, EAST BOSTON, MA, 02128",-71.03058854999,42.380367017671,25,025,Boston city,census
BOS00164,Match,"317 LEXINGTON ST, EAST BOSTON, MA, 02128",-71.028317027364,42.381103299767,25,025,Boston city,census
BOS00165,Match,"327 E EAGLE ST, EAST BOSTON, MA, 02128",-71.027983405877,42.381276798048,25,025,Boston city,census
BOS00166,Match,"329 E EAGLE ST, EAST BOSTON, MA, 02128",-71.027945684528,42.381276480726,25,025,Boston city,census
BOS00167,Match,"331 E EAGLE ST, EAST BOSTON, MA, 02128",-71.027907963179,42.381276163403,25,025,Boston city,census
BOS00168,Match,"333 E EAGLE ST, EAST BOSTON, MA, 02128",-71.02787024183,42.38127584608,25,025,Boston city,census
BOS00169,Match,"335 E EAGLE ST, EAST BOSTON, MA, 02128",-71.027832520481,42.381275528758,25,025,Boston city,census
BOS00170,Match,"337 E EAGLE ST, EAST BOSTON, MA, 02128",-71.027794799132,42.381275211435,25,025,Boston city,census
BOS00171,Match,"362 PRINCETON ST, EAST BOSTON, MA, 02128",-71.02720216958,42.380860602635,25,025,Boston city,census
BOS00172,Match,"360 PRINCETON ST, EAST BOSTON, MA, 02128",-71.027241594724,42.380846593109,25,025,Boston city,census
BOS00173,Match,"358 PRINCETON ST, EAST BOSTON, MA, 02128",-71.027281019868,42.380832583583,25,025,Boston city,census
BOS00174,Match,"352 PRINCETON ST, EAST BOSTON, MA, 02128",-71.0273992953,42.380790555005,25,025,Boston city,census
BOS00175,Match,"342 PRINCETON ST, EAST BOSTON, MA, 02128",-71.02759642102,42.380720507375,25,025,Boston city,census
BOS00176,Match,"18 SHELBY ST, EAST BOSTON, MA, 02128",-71.027757035572,42.380748074467,25,025,Boston city,census
BOS00177,Match,"16 SHELBY ST, EAST BOSTON, MA, 02128",-71.027800905435,42.380818076014,25,025,Boston city,census
BOS00178,Match,"14 SHELBY ST, EAST BOSTON, MA, 02128",-71.027844775298,42.38088807756,25,025,Boston city,census
BOS00179,Match,"12 SHELBY ST, EAST BOSTON, MA, 02128",-71.02788864516,42.380958079106,25,025,Boston city,census
BOS00180,Match,"10 SHELBY ST, EAST BOSTON, MA, 02128",-71.027932515023,42.381028080652,25,025,Boston city,census
BOS00181,Match,"8 SHELBY ST, EAST BOSTON, MA, 02128",-71.027976384886,42.381098082199,25,025,Boston city,census
BOS00182,Match,"347 PRINCETON ST, EAST BOSTON, MA, 02128",-71.027450321848,42.38064526174,25,025,Boston city,census
BOS00183,Match,"357 PRINCETON ST, EAST BOSTON, MA, 02128",-71.027253196127,42.38071530937,25,025,Boston city,census
BOS00184,Match,"361 PRINCETON ST, EAST BOSTON, MA, 02128",-71.027174345839,42.380743328422,25,025,Boston city,census
BOS00185,Match,"432 CHELSEA ST, EAST BOSTON, MA, 02128",-71.026519828226,42.380528639849,25,025,Boston city,census
BOS00186,Match,"430 CHELSEA ST, EAST BOSTON, MA, 02128",-71.02656607305,42.380484347093,25,025,Boston city,census
BOS00187,Match,"428 CHELSEA ST, EAST BOSTON, MA, 02128",-71.026661453775,42.380398396735,25,025,Boston city,census
BOS00188,Match,"426 CHELSEA ST, EAST BOSTON, MA, 02128",-71.026680381988,42.380382337458,25,025,Boston city,census
BOS00189,Match,"422 CHELSEA ST, EAST BOSTON, MA, 02128",-71.026718238414,42.380350218903,25,025,Boston city,census
BOS00190,Match,"420 CHELSEA ST, EAST BOSTON, MA, 02128",-71.026737166628,42.380334159625,25,025,Boston city,census
BOS00191,Match,"480 SARATOGA ST, EAST BOSTON, MA, 02128",-71.027232659853,42.380029478247,25,025,Boston city,census
BOS00192,Match,"478 SARATOGA ST, EAST BOSTON, MA, 02128",-71.027252624496,42.380023101565,25,025,Boston city,census
BOS00193,Match,"34 SHELBY ST, EAST BOSTON, MA, 02128",-71.027592285913,42.38048518941,25,025,Boston city,census
BOS00194,Match,"32 SHELBY ST, EAST BOSTON, MA, 02128",-71.027601571047,42.380500005226,25,025,Boston city,census
BOS00195,Match,"26 SHELBY ST, EAST BOSTON, MA, 02128",-71.027629426448,42.380544452672,25,025,Boston city,census
BOS00196,Match,"355 CHELSEA ST, EAST BOSTON, MA, 02128",-71.0288224589,42.378348610675,25,025,Boston city,census
BOS00197,Match,"357 CHELSEA ST, EAST BOSTON, MA, 02128",-71.028779287355,42.378384569831,25,025,Boston city,census
BOS00198,Match,"365 CHELSEA ST, EAST BOSTON, MA, 02128",-71.028606601174,42.378528406456,25,025,Boston city,census
BOS00199,Match,"369 CHELSEA ST, EAST BOSTON, MA, 02128",-71.028520258084,42.378600324769,25,025,Boston city,census
BOS00200,Match,"299 BENNINGTON ST, EAST BOSTON, MA, 02128",-71.027802094718,42.378983614876,25,025,Boston city,census
BOS00201,Match,"319 BENNINGTON ST, EAST BOSTON, MA, 02128",-71.027464668944,42.379107331379,25,025,Boston city,census
BOS00202,Match,"400 BREMEN ST, EAST BOSTON, MA, 02128",-71.027707552346,42.37859645066,25,025,Boston city,census
BOS00203,Match,"376 BREMEN ST, EAST BOSTON, MA, 02128",-71.028296724359,42.378090027499,25,025,Boston city,census
BOS00204,Match,"366 BREMEN ST, EAST BOSTON, MA, 02128",-71.028542212698,42.377879017849,25,025,Boston city,census
BOS00205,Match,"364 BREMEN ST, EAST BOSTON, MA, 02128",-71.028591310366,42.377836815919,25,025,Boston city,census
BOS00206,Match,"98 PRESCOTT ST, EAST BOSTON, MA, 02128",-71.028405318171,42.377713008331,25,025,Boston city,census
BOS00207,Match,"431 FRANKFORT ST, EAST BOSTON, MA, 02128",-71.022731460673,42.380415071725,25,025,Boston city,census
BOS00208,Match,"443 FRANKFORT ST, EAST BOSTON, MA, 02128",-71.022532312832,42.380579336011,25,025,Boston city,census
BOS00209,Match,"453 FRANKFORT ST, EAST BOSTON, MA, 02128",-71.02222411708,42.38087204621,25,025,Boston city,census
BOS00210,Match,"455 FRANKFORT ST, EAST BOSTON, MA, 02128",-71.02213463271,42.380935275446,25,025,Boston city,census
BOS00211,Match,"441 BENNINGTON ST, EAST BOSTON, MA, 02128",-71.022949947776,42.380798522208,25,025,Boston city,census
BOS00212,Match,"447 BENNINGTON ST, EAST BOSTON, MA, 02128",-71.022908731291,42.380815205981,25,025,Boston city,census
BOS00213,Match,"449 BENNINGTON ST, EAST BOSTON, MA, 02128",-71.022772418651,42.380870967275,25,025,Boston city,census
BOS00214,Match,"451 BENNINGTON ST, EAST BOSTON, MA, 02128",-71.022768834808,42.380872448749,25,025,Boston city,census
BOS00215,Match,"546 SARATOGA ST, EAST BOSTON, MA, 02128",-71.025648518203,42.380657554466,25,025,Boston city,census
BOS00216,Match,"544 SARATOGA ST, EAST BOSTON, MA, 02128",-71.025667935779,42.380650065876,25,025,Boston city,census
BOS00217,Match,"542 SARATOGA ST, EAST BOSTON, MA, 02128",-71.025687353354,42.380642577286,25,025,Boston city,census
BOS00218,Match,"540 SARATOGA ST, EAST BOSTON, MA, 02128",-71.02570677093,42.380635088695,25,025,Boston city,census
BOS00219,Match,"433 CHELSEA ST, EAST BOSTON, MA, 02128",-71.025839923202,42.380960513489,25,025,Boston city,census
BOS00220,Match,"538 SARATOGA ST, EAST BOSTON, MA, 02128",-71.025726188505,42.380627600105,25,025,Boston city,census
BOS00221,Match,"534 SARATOGA ST, EAST BOSTON, MA, 02128",-71.025765023657,42.380612622925,25,025,Boston city,census
BOS00222,Match,"526 SARATOGA ST, EAST BOSTON, MA, 02128",-71.025842693959,42.380582668563,25,025,Boston city,census
BOS00223,Match,"524 SARATOGA ST, EAST BOSTON, MA, 02128",-71.025862111534,42.380575179973,25,025,Boston city,census
BOS00224,Match,"522 SARATOGA ST, EAST BOSTON, MA, 02128",-71.02588152911,42.380567691383,25,025,Boston city,census
BOS00225,Match,"520 SARATOGA ST, EAST BOSTON, MA, 02128",-71.025900946685,42.380560202792,25,025,Boston city,census
BOS00226,Match,"518 SARATOGA ST, EAST BOSTON, MA, 02128",-71.025920364261,42.380552714202,25,025,Boston city,census
BOS00227,Match,"516 SARATOGA ST, EAST BOSTON, MA, 02128",-71.025939781836,42.380545225612,25,025,Boston city,census
BOS00228,Match,"435 CHELSEA ST, EAST BOSTON, MA, 02128",-71.025820662194,42.380977690605,25,025,Boston city,census
BOS00229,Match,"403 CHELSEA ST, EAST BOSTON, MA, 02128",-71.02706136415,42.379871010041,25,025,Boston city,census
BOS00230,Match,"398 BENNINGTON ST, EAST BOSTON, MA, 02128",-71.026565071484,42.379588240542,25,025,Boston city,census
BOS00231,Match,"394 BENNINGTON ST, EAST BOSTON, MA, 02128",-71.026592756096,42.379577214209,25,025,Boston city,census
BOS00232,Match,"587 SARATOGA ST, EAST BOSTON, MA, 02128",-71.022744418594,42.381632116533,25,025,Boston city,census
BOS00233,Match,"589 SARATOGA ST, EAST BOSTON, MA, 02128",-71.022731767661,42.381637034813,25,025,Boston city,census
BOS00234,Match,"591 SARATOGA ST, EAST BOSTON, MA, 02128",-71.022719116729,42.381641953094,25,025,Boston city,census
BOS00235,Match,"460 BENNINGTON ST, EAST BOSTON, MA, 02128",-71.022481350401,42.381206935328,25,025,Boston city,census
BOS00236,Match,"960 SARATOGA ST, EAST BOSTON, MA, 02128",-71.008517726677,42.387028412534,25,025,Boston city,census
BOS00237,Match,"958 SARATOGA ST, EAST BOSTON, MA, 02128",-71.008339012555,42.387095556042,25,025,Boston city,census
BOS00238,Match,"870 SARATOGA ST, EAST BOSTON, MA, 02128",-71.012894918044,42.385427038313,25,025,Boston city,census
BOS00239,Match,"864 SARATOGA ST, EAST BOSTON, MA, 02128",-71.013264774963,42.385288542814,25,025,Boston city,census
BOS00240,Match,"862 SARATOGA ST, EAST BOSTON, MA, 02128",-71.013324109474,42.38526656101,25,025,Boston city,census
BOS00241,Match,"860 SARATOGA ST, EAST BOSTON, MA, 02128",-71.013383443986,42.385244579205,25,025,Boston city,census
BOS00242,Match,"858 SARATOGA ST, EAST BOSTON, MA, 02128",-71.013442778498,42.3852225974,25,025,Boston city,census
BOS00243,Match,"856 SARATOGA ST, EAST BOSTON, MA, 02128",-71.01350211301,42.385200615595,25,025,Boston city,census
BOS00244,Match,"854 SARATOGA ST, EAST BOSTON, MA, 02128",-71.013561447522,42.38517863379,25,025,Boston city,census
BOS00245,Match,"852 SARATOGA ST, EAST BOSTON, MA, 02128",-71.013620782033,42.385156651985,25,025,Boston city,census
BOS00246,Match,"850 SARATOGA ST, EAST BOSTON, MA, 02128",-71.013680116545,42.385134670181,25,025,Boston city,census
BOS00247,Match,"842 SARATOGA ST, EAST BOSTON, MA, 02128",-71.013917454592,42.385046742961,25,025,Boston city,census
BOS00248,Match,"838 SARATOGA ST, EAST BOSTON, MA, 02128",-71.014036123616,42.385002779352,25,025,Boston city,census
BOS00249,Match,"834 SARATOGA ST, EAST BOSTON, MA, 02128",-71.01415479264,42.384958815742,25,025,Boston city,census
BOS00250,Match,"144 ADDISON ST, BOSTON, MA, 02128",-71.015695782833,42.385300676652,25,025,Boston city,census
BOS00251,Match,"822 SARATOGA ST, EAST BOSTON, MA, 02128",-71.01459000128,42.384797836135,25,025,Boston city,census
BOS00252,Match,"820 SARATOGA ST, EAST BOSTON, MA, 02128",-71.014675608005,42.384766434021,25,025,Boston city,census
BOS00253,Match,"818 SARATOGA ST, EAST BOSTON, MA, 02128",-71.01476121473,42.384735031907,25,025,Boston city,census
BOS00254,Match,"814 SARATOGA ST, EAST BOSTON, MA, 02128",-71.01493242818,42.384672227679,25,025,Boston city,census
BOS00255,Match,"96 WORDSWORTH ST, EAST BOSTON, MA, 02128",-71.015558315197,42.384546920024,25,025,Boston city,census
BOS00256,Match,"92 WORDSWORTH ST, EAST BOSTON, MA, 02128",-71.015722717686,42.3845850917,25,025,Boston city,census
BOS00257,Match,"74 WORDSWORTH ST, EAST BOSTON, MA, 02128",-71.016462528891,42.384756864243,25,025,Boston city,census
BOS00258,Match,"72 WORDSWORTH ST, EAST BOSTON, MA, 02128",-71.016544730136,42.384775950081,25,025,Boston city,census
BOS00259,Match,"60 WORDSWORTH ST, EAST BOSTON, MA, 02128",-71.017037937605,42.384890465109,25,025,Boston city,census
BOS00260,Match,"58 WORDSWORTH ST, EAST BOSTON, MA, 02128",-71.01712013885,42.384909550947,25,025,Boston city,census
BOS00261,Match,"56 WORDSWORTH ST, EAST BOSTON, MA, 02128",-71.017202340095,42.384928636786,25,025,Boston city,census
BOS00262,Match,"54 WORDSWORTH ST, EAST BOSTON, MA, 02128",-71.01728454134,42.384947722624,25,025,Boston city,census
BOS00263,Match,"50 WORDSWORTH ST, EAST BOSTON, MA, 02128",-71.017450818728,42.384984584683,25,025,Boston city,census
BOS00264,Match,"48 WORDSWORTH ST, EAST BOSTON, MA, 02128",-71.017533434059,42.385002670243,25,025,Boston city,census
BOS00265,Match,"46 WORDSWORTH ST, EAST BOSTON, MA, 02128",-71.017616049391,42.385020755802,25,025,Boston city,census
BOS00266,Match,"42 WORDSWORTH ST, EAST BOSTON, MA, 02128",-71.017781280053,42.385056926922,25,025,Boston city,census
BOS00267,Match,"30 WORDSWORTH ST, EAST BOSTON, MA, 02128",-71.018276972041,42.38516544028,25,025,Boston city,census
BOS00268,Match,"26 WORDSWORTH ST, EAST BOSTON, MA, 02128",-71.018442202703,42.385201611399,25,025,Boston city,census
BOS00269,Match,"24 WORDSWORTH ST, EAST BOSTON, MA, 02128",-71.018524818035,42.385219696959,25,025,Boston city,census
BOS00270,Match,"22 WORDSWORTH ST, EAST BOSTON, MA, 02128",-71.018607433366,42.385237782519,25,025,Boston city,census
BOS00271,Match,"20 WORDSWORTH ST, EAST BOSTON, MA, 02128",-71.018690048697,42.385255868079,25,025,Boston city,census
BOS00272,Match,"14 WORDSWORTH ST, EAST BOSTON, MA, 02128",-71.018937894691,42.385310124758,25,025,Boston city,census
BOS00273,Match,"12 WORDSWORTH ST, EAST BOSTON, MA, 02128",-71.019020510022,42.385328210317,25,025,Boston city,census
BOS00274,Match,"10 WORDSWORTH ST, EAST BOSTON, MA, 02128",-71.019103125354,42.385346295877,25,025,Boston city,census
BOS00275,Match,"95 ADDISON ST, EAST BOSTON, MA, 02128",-71.016958126451,42.3854635256,25,025,Boston city,census
BOS00276,Match,"99 ADDISON ST, EAST BOSTON, MA, 02128",-71.016859653636,42.385441481593,25,025,Boston city,census
BOS00277,Match,"117 ADDISON ST, EAST BOSTON, MA, 02128",-71.016416525969,42.385342283559,25,025,Boston city,census
BOS00278,Match,"121 ADDISON ST, EAST BOSTON, MA, 02128",-71.016318053154,42.385320239552,25,025,Boston city,census
BOS00279,Match,"119 ADDISON ST, EAST BOSTON, MA, 02128",-71.016367289561,42.385331261556,25,025,Boston city,census
BOS00280,Match,"125 ADDISON ST, EAST BOSTON, MA, 02128",-71.016219580339,42.385298195544,25,025,Boston city,census
BOS00281,Match,"135 ADDISON ST, EAST BOSTON, MA, 02128",-71.015973398302,42.385243085526,25,025,Boston city,census
BOS00282,Match,"798 SARATOGA ST, EAST BOSTON, MA, 02128",-71.015657594586,42.384404046512,25,025,Boston city,census
BOS00283,Match,"796 SARATOGA ST, EAST BOSTON, MA, 02128",-71.015729608045,42.384376522643,25,025,Boston city,census
BOS00284,Match,"794 SARATOGA ST, EAST BOSTON, MA, 02128",-71.015801621504,42.384348998773,25,025,Boston city,census
BOS00285,Match,"790 SARATOGA ST, EAST BOSTON, MA, 02128",-71.015945648422,42.384293951035,25,025,Boston city,census
BOS00286,Match,"788 SARATOGA ST, EAST BOSTON, MA, 02128",-71.016017661881,42.384266427165,25,025,Boston city,census
BOS00287,Match,"786 SARATOGA ST, EAST BOSTON, MA, 02128",-71.01608967534,42.384238903296,25,025,Boston city,census
BOS00288,Match,"784 SARATOGA ST, EAST BOSTON, MA, 02128",-71.016161688799,42.384211379427,25,025,Boston city,census
BOS00289,Match,"114 BYRON ST, EAST BOSTON, MA, 02128",-71.017438446243,42.384220133392,25,025,Boston city,census
BOS00290,Match,"112 BYRON ST, EAST BOSTON, MA, 02128",-71.017483215338,42.384230670402,25,025,Boston city,census
BOS00291,Match,"108 BYRON ST, EAST BOSTON, MA, 02128",-71.017572753529,42.384251744421,25,025,Boston city,census
BOS00292,Match,"106 BYRON ST, EAST BOSTON, MA, 02128",-71.017617522624,42.38426228143,25,025,Boston city,census
BOS00293,Match,"100 BYRON ST, EAST BOSTON, MA, 02128",-71.017751829911,42.384293892459,25,025,Boston city,census
BOS00294,Match,"96 BYRON ST, EAST BOSTON, MA, 02128",-71.017841368102,42.384314966478,25,025,Boston city,census
BOS00295,Match,"94 BYRON ST, EAST BOSTON, MA, 02128",-71.017886137197,42.384325503488,25,025,Boston city,census
BOS00296,Match,"84 BYRON ST, EAST BOSTON, MA, 02128",-71.018109982675,42.384378188535,25,025,Boston city,census
BOS00297,Match,"74 BYRON ST, EAST BOSTON, MA, 02128",-71.018333828152,42.384430873583,25,025,Boston city,census
BOS00298,Match,"72 BYRON ST, EAST BOSTON, MA, 02128",-71.018378597247,42.384441410593,25,025,Boston city,census
BOS00299,Match,"70 BYRON ST, EAST BOSTON, MA, 02128",-71.018423366343,42.384451947602,25,025,Boston city,census
BOS00300,Match,"68 BYRON ST, EAST BOSTON, MA, 02128",-71.018468135438,42.384462484612,25,025,Boston city,census
BOS00301,Match,"60 BYRON ST, EAST BOSTON, MA, 02128",-71.01864721182,42.38450463265,25,025,Boston city,census
BOS00302,Match,"52 BYRON ST, EAST BOSTON, MA, 02128",-71.018826288202,42.384546780688,25,025,Boston city,census
BOS00303,Match,"7 WORDSWORTH ST, EAST BOSTON, MA, 02128",-71.01923488352,42.385255621551,25,025,Boston city,census
BOS00304,Match,"9 WORDSWORTH ST, EAST BOSTON, MA, 02128",-71.019153954216,42.385237905084,25,025,Boston city,census
BOS00305,Match,"9 WORDSWORTH ST, EAST BOSTON, MA, 02128",-71.019153954216,42.385237905084,25,025,Boston city,census
BOS00306,Match,"11 WORDSWORTH ST, EAST BOSTON, MA, 02128",-71.019073024912,42.385220188618,25,025,Boston city,census
BOS00307,Match,"13 WORDSWORTH ST, EAST BOSTON, MA, 02128",-71.018992095608,42.385202472151,25,025,Boston city,census
BOS00308,Match,"15 WORDSWORTH ST, EAST BOSTON, MA, 02128",-71.018911166304,42.385184755685,25,025,Boston city,census
BOS00309,Match,"17 WORDSWORTH ST, EAST BOSTON, MA, 02128",-71.018830237,42.385167039218,25,025,Boston city,census
BOS00310,Match,"19 WORDSWORTH ST, EAST BOSTON, MA, 02128",-71.018749307696,42.385149322751,25,025,Boston city,census
BOS00311,Match,"21 WORDSWORTH ST, EAST BOSTON, MA, 02128",-71.018668378392,42.385131606285,25,025,Boston city,census
BOS00312,Match,"23 WORDSWORTH ST, EAST BOSTON, MA, 02128",-71.018587449088,42.385113889818,25,025,Boston city,census
BOS00313,Match,"25 WORDSWORTH ST, EAST BOSTON, MA, 02128",-71.018506519783,42.385096173351,25,025,Boston city,census
BOS00314,Match,"27 WORDSWORTH ST, EAST BOSTON, MA, 02128",-71.018425590479,42.385078456885,25,025,Boston city,census
BOS00315,Match,"33 WORDSWORTH ST, EAST BOSTON, MA, 02128",-71.018182802567,42.385025307485,25,025,Boston city,census
BOS00316,Match,"35 WORDSWORTH ST, EAST BOSTON, MA, 02128",-71.018101873263,42.385007591018,25,025,Boston city,census
BOS00317,Match,"37 WORDSWORTH ST, EAST BOSTON, MA, 02128",-71.018020943959,42.384989874551,25,025,Boston city,census
BOS00318,Match,"39 WORDSWORTH ST, EAST BOSTON, MA, 02128",-71.017940014655,42.384972158085,25,025,Boston city,census
BOS00319,Match,"45 WORDSWORTH ST, EAST BOSTON, MA, 02128",-71.017697226742,42.384919008685,25,025,Boston city,census
BOS00320,Match,"51 WORDSWORTH ST, EAST BOSTON, MA, 02128",-71.01745443883,42.384865859285,25,025,Boston city,census
BOS00321,Match,"53 WORDSWORTH ST, EAST BOSTON, MA, 02128",-71.017373509526,42.384848142818,25,025,Boston city,census
BOS00322,Match,"55 WORDSWORTH ST, EAST BOSTON, MA, 02128",-71.017294157302,42.384829836151,25,025,Boston city,census
BOS00323,Match,"57 WORDSWORTH ST, EAST BOSTON, MA, 02128",-71.017213633634,42.38481113982,25,025,Boston city,census
BOS00324,Match,"59 WORDSWORTH ST, EAST BOSTON, MA, 02128",-71.017133109965,42.384792443489,25,025,Boston city,census
BOS00325,Match,"61 WORDSWORTH ST, EAST BOSTON, MA, 02128",-71.017052586297,42.384773747158,25,025,Boston city,census
BOS00326,Match,"63 WORDSWORTH ST, EAST BOSTON, MA, 02128",-71.016972062629,42.384755050827,25,025,Boston city,census
BOS00327,Match,"65 WORDSWORTH ST, EAST BOSTON, MA, 02128",-71.01689153896,42.384736354495,25,025,Boston city,census
BOS00328,Match,"67 WORDSWORTH ST, EAST BOSTON, MA, 02128",-71.016811015292,42.384717658164,25,025,Boston city,census
BOS00329,Match,"69 WORDSWORTH ST, EAST BOSTON, MA, 02128",-71.016730491623,42.384698961833,25,025,Boston city,census
BOS00330,Match,"71 WORDSWORTH ST, EAST BOSTON, MA, 02128",-71.016649967955,42.384680265502,25,025,Boston city,census
BOS00331,Match,"73 WORDSWORTH ST, EAST BOSTON, MA, 02128",-71.016569444286,42.384661569171,25,025,Boston city,census
BOS00332,Match,"75 WORDSWORTH ST, EAST BOSTON, MA, 02128",-71.016488920618,42.384642872839,25,025,Boston city,census
BOS00333,Match,"756 SARATOGA ST, EAST BOSTON, MA, 02128",-71.01723896045,42.38380890537,25,025,Boston city,census
BOS00334,Match,"750 SARATOGA ST, EAST BOSTON, MA, 02128",-71.017457443727,42.383730008384,25,025,Boston city,census
BOS00335,Match,"746 SARATOGA ST, EAST BOSTON, MA, 02128",-71.017603099245,42.383677410393,25,025,Boston city,census
BOS00336,Match,"740 SARATOGA ST, EAST BOSTON, MA, 02128",-71.017821582523,42.383598513406,25,025,Boston city,census
BOS00337,Match,"736 SARATOGA ST, EAST BOSTON, MA, 02128",-71.017967238041,42.383545915416,25,025,Boston city,census
BOS00338,Match,"730 SARATOGA ST, EAST BOSTON, MA, 02128",-71.018185721318,42.383467018429,25,025,Boston city,census
BOS00339,Match,"724 SARATOGA ST, EAST BOSTON, MA, 02128",-71.018404204596,42.383388121443,25,025,Boston city,census
BOS00340,Match,"722 SARATOGA ST, EAST BOSTON, MA, 02128",-71.018477032355,42.383361822448,25,025,Boston city,census
BOS00341,Match,"718 SARATOGA ST, EAST BOSTON, MA, 02128",-71.018622687873,42.383309224457,25,025,Boston city,census
BOS00342,Match,"714 SARATOGA ST, EAST BOSTON, MA, 02128",-71.018768343391,42.383256626466,25,025,Boston city,census
BOS00343,Match,"39 MOORE ST, EAST BOSTON, MA, 02128",-71.018951796469,42.383521841508,25,025,Boston city,census
BOS00344,Match,"35 MOORE ST, EAST BOSTON, MA, 02128",-71.019003771406,42.383597508409,25,025,Boston city,census
BOS00345,Match,"31 MOORE ST, EAST BOSTON, MA, 02128",-71.019055746344,42.383673175309,25,025,Boston city,census
BOS00346,Match,"27 MOORE ST, EAST BOSTON, MA, 02128",-71.019107721281,42.383748842209,25,025,Boston city,census
BOS00347,Match,"25 MOORE ST, EAST BOSTON, MA, 02128",-71.019181852996,42.383851923352,25,025,Boston city,census
BOS00348,Match,"21 MOORE ST, EAST BOSTON, MA, 02128",-71.019337673662,42.383978181882,25,025,Boston city,census
BOS00349,Match,"19 MOORE ST, EAST BOSTON, MA, 02128",-71.019425512462,42.383995520542,25,025,Boston city,census
BOS00350,Match,"5 MOORE ST, EAST BOSTON, MA, 02128",-71.02004038406,42.384116891157,25,025,Boston city,census
BOS00351,Match,"49 BYRON ST, EAST BOSTON, MA, 02128",-71.018391892995,42.38432427231,25,025,Boston city,census
BOS00352,Match,"67 BYRON ST, EAST BOSTON, MA, 02128",-71.017791621653,42.384182990365,25,025,Boston city,census
BOS00353,Match,"79 BYRON ST, EAST BOSTON, MA, 02128",-71.017391440759,42.384088802402,25,025,Boston city,census
BOS00354,Match,"81 BYRON ST, EAST BOSTON, MA, 02128",-71.017324743944,42.384073104409,25,025,Boston city,census
BOS00355,Match,"85 BYRON ST, EAST BOSTON, MA, 02128",-71.017191350312,42.384041708421,25,025,Boston city,census
BOS00356,Match,"89 BYRON ST, EAST BOSTON, MA, 02128",-71.017057956681,42.384010312433,25,025,Boston city,census
BOS00357,Match,"93 BYRON ST, EAST BOSTON, MA, 02128",-71.016924563049,42.383978916446,25,025,Boston city,census
BOS00358,Match,"10 MOORE ST, EAST BOSTON, MA, 02128",-71.019904759289,42.383971507516,25,025,Boston city,census
BOS00359,Match,"30 MOORE ST, EAST BOSTON, MA, 02128",-71.019221938455,42.38366186277,25,025,Boston city,census
BOS00360,Match,"36 MOORE ST, EAST BOSTON, MA, 02128",-71.019149544792,42.383556469588,25,025,Boston city,census
BOS00361,Match,"38 MOORE ST, EAST BOSTON, MA, 02128",-71.019125413571,42.383521338527,25,025,Boston city,census
BOS00362,Match,"708 SARATOGA ST, EAST BOSTON, MA, 02128",-71.019054847299,42.383147741894,25,025,Boston city,census
BOS00363,Match,"704 SARATOGA ST, EAST BOSTON, MA, 02128",-71.019201053535,42.383091271261,25,025,Boston city,census
BOS00364,Match,"696 SARATOGA ST, EAST BOSTON, MA, 02128",-71.019493466006,42.382978329996,25,025,Boston city,census
BOS00365,Match,"690 SARATOGA ST, EAST BOSTON, MA, 02128",-71.019712775359,42.382893624047,25,025,Boston city,census
BOS00366,Match,"680 SARATOGA ST, EAST BOSTON, MA, 02128",-71.020078290948,42.382752447466,25,025,Boston city,census
BOS00367,Match,"678 SARATOGA ST, EAST BOSTON, MA, 02128",-71.020151394066,42.38272421215,25,025,Boston city,census
BOS00368,Match,"674 SARATOGA ST, EAST BOSTON, MA, 02128",-71.020297600302,42.382667741518,25,025,Boston city,census
BOS00369,Match,"670 SARATOGA ST, EAST BOSTON, MA, 02128",-71.020443806537,42.382611270885,25,025,Boston city,census
BOS00370,Match,"666 SARATOGA ST, EAST BOSTON, MA, 02128",-71.020590012773,42.382554800252,25,025,Boston city,census
BOS00371,Match,"662 SARATOGA ST, EAST BOSTON, MA, 02128",-71.020736219009,42.38249832962,25,025,Boston city,census
BOS00372,Match,"25 CHAUCER ST, EAST BOSTON, MA, 02128",-71.020817319903,42.383157536692,25,025,Boston city,census
BOS00373,Match,"27 CHAUCER ST, EAST BOSTON, MA, 02128",-71.020774946093,42.383172140166,25,025,Boston city,census
BOS00374,Match,"31 CHAUCER ST, EAST BOSTON, MA, 02128",-71.020690198473,42.383201347114,25,025,Boston city,census
BOS00375,Match,"35 CHAUCER ST, EAST BOSTON, MA, 02128",-71.020605450854,42.383230554062,25,025,Boston city,census
BOS00376,Match,"39 CHAUCER ST, EAST BOSTON, MA, 02128",-71.020520703234,42.383259761009,25,025,Boston city,census
BOS00377,Match,"49 CHAUCER ST, EAST BOSTON, MA, 02128",-71.020308834185,42.383332778378,25,025,Boston city,census
BOS00378,Match,"55 CHAUCER ST, EAST BOSTON, MA, 02128",-71.020181712755,42.3833765888,25,025,Boston city,census
BOS00379,Match,"660 SARATOGA ST, EAST BOSTON, MA, 02128",-71.020872927172,42.382446967442,25,025,Boston city,census
BOS00380,Match,"656 SARATOGA ST, EAST BOSTON, MA, 02128",-71.020988122273,42.382404887665,25,025,Boston city,census
BOS00381,Match,"638 SARATOGA ST, EAST BOSTON, MA, 02128",-71.021506500224,42.382215528666,25,025,Boston city,census
BOS00382,Match,"636 SARATOGA ST, EAST BOSTON, MA, 02128",-71.021564097775,42.382194488777,25,025,Boston city,census
BOS00383,Match,"634 SARATOGA ST, EAST BOSTON, MA, 02128",-71.021621695325,42.382173448889,25,025,Boston city,census
BOS00384,Match,"630 SARATOGA ST, EAST BOSTON, MA, 02128",-71.021736890425,42.382131369111,25,025,Boston city,census
BOS00385,Match,"628 SARATOGA ST, EAST BOSTON, MA, 02128",-71.021794487975,42.382110329223,25,025,Boston city,census
BOS00386,Match,"622 SARATOGA ST, EAST BOSTON, MA, 02128",-71.021967280626,42.382047209556,25,025,Boston city,census
BOS00387,Match,"618 SARATOGA ST, EAST BOSTON, MA, 02128",-71.022082475727,42.382005129779,25,025,Boston city,census
BOS00388,Match,"614 SARATOGA ST, EAST BOSTON, MA, 02128",-71.022197670827,42.381963050002,25,025,Boston city,census
BOS00389,Match,"610 SARATOGA ST, EAST BOSTON, MA, 02128",-71.022312865927,42.381920970224,25,025,Boston city,census
BOS00390,Match,"606 SARATOGA ST, EAST BOSTON, MA, 02128",-71.022428061028,42.381878890447,25,025,Boston city,census
BOS00391,Match,"3 CHAUCER ST, EAST BOSTON, MA, 02128",-71.022272818987,42.382089455456,25,025,Boston city,census
BOS00392,Match,"5 CHAUCER ST, EAST BOSTON, MA, 02128",-71.021925122284,42.38239999557,25,025,Boston city,census
BOS00393,Match,"9 CHAUCER ST, EAST BOSTON, MA, 02128",-71.021237780746,42.383003444398,25,025,Boston city,census
BOS00394,Match,"8 CURTIS ST, EAST BOSTON, MA, 02128",-71.021062401492,42.382726389063,25,025,Boston city,census
BOS00395,Match,"548 BENNINGTON ST, EAST BOSTON, MA, 02128",-71.019073279884,42.382467763538,25,025,Boston city,census
BOS00396,Match,"546 BENNINGTON ST, EAST BOSTON, MA, 02128",-71.019181709552,42.382427607967,25,025,Boston city,census
BOS00397,Match,"540 BENNINGTON ST, EAST BOSTON, MA, 02128",-71.019506998557,42.382307141254,25,025,Boston city,census
BOS00398,Match,"536 BENNINGTON ST, EAST BOSTON, MA, 02128",-71.019723857894,42.382226830111,25,025,Boston city,census
BOS00399,Match,"534 BENNINGTON ST, EAST BOSTON, MA, 02128",-71.019832287562,42.38218667454,25,025,Boston city,census
BOS00400,Match,"530 BENNINGTON ST, EAST BOSTON, MA, 02128",-71.020049146899,42.382106363398,25,025,Boston city,census
BOS00401,Match,"528 BENNINGTON ST, EAST BOSTON, MA, 02128",-71.020157576567,42.382066207827,25,025,Boston city,census
BOS00402,Match,"524 BENNINGTON ST, EAST BOSTON, MA, 02128",-71.020374435904,42.381985896685,25,025,Boston city,census
BOS00403,Match,"665 SARATOGA ST, EAST BOSTON, MA, 02128",-71.020664334701,42.382396782158,25,025,Boston city,census
BOS00404,Match,"671 SARATOGA ST, EAST BOSTON, MA, 02128",-71.020341820946,42.38252134973,25,025,Boston city,census
BOS00405,Match,"673 SARATOGA ST, EAST BOSTON, MA, 02128",-71.020234316361,42.382562872254,25,025,Boston city,census
BOS00406,Match,"675 SARATOGA ST, EAST BOSTON, MA, 02128",-71.020126811776,42.382604394778,25,025,Boston city,census
BOS00407,Match,"679 SARATOGA ST, EAST BOSTON, MA, 02128",-71.019911802606,42.382687439825,25,025,Boston city,census
BOS00408,Match,"681 SARATOGA ST, EAST BOSTON, MA, 02128",-71.019804298021,42.382728962349,25,025,Boston city,census
BOS00409,Match,"687 SARATOGA ST, EAST BOSTON, MA, 02128",-71.019481784266,42.382853529921,25,025,Boston city,census
BOS00410,Match,"691 SARATOGA ST, EAST BOSTON, MA, 02128",-71.019266775096,42.382936574968,25,025,Boston city,census
BOS00411,Match,"508 BENNINGTON ST, EAST BOSTON, MA, 02128",-71.020992885898,42.381763065795,25,025,Boston city,census
BOS00412,Match,"506 BENNINGTON ST, EAST BOSTON, MA, 02128",-71.021061748827,42.38173871744,25,025,Boston city,census
BOS00413,Match,"498 BENNINGTON ST, EAST BOSTON, MA, 02128",-71.02133720054,42.381641324021,25,025,Boston city,census
BOS00414,Match,"496 BENNINGTON ST, EAST BOSTON, MA, 02128",-71.021406063469,42.381616975666,25,025,Boston city,census
BOS00415,Match,"635 SARATOGA ST, EAST BOSTON, MA, 02128",-71.021584513311,42.382059192858,25,025,Boston city,census
BOS00416,Match,"643 SARATOGA ST, EAST BOSTON, MA, 02128",-71.021361555052,42.382140637589,25,025,Boston city,census
BOS00417,Match,"645 SARATOGA ST, EAST BOSTON, MA, 02128",-71.021305815488,42.382160998771,25,025,Boston city,census
BOS00418,Match,"647 SARATOGA ST, EAST BOSTON, MA, 02128",-71.021250075923,42.382181359954,25,025,Boston city,census
BOS00419,Match,"653 SARATOGA ST, EAST BOSTON, MA, 02128",-71.021082857229,42.382242443502,25,025,Boston city,census
BOS00420,Match,"521 BENNINGTON ST, EAST BOSTON, MA, 02128",-71.019692557169,42.382031926585,25,025,Boston city,census
BOS00421,Match,"529 BENNINGTON ST, EAST BOSTON, MA, 02128",-71.019461236101,42.382117701379,25,025,Boston city,census
BOS00422,Match,"531 BENNINGTON ST, EAST BOSTON, MA, 02128",-71.019403405833,42.382139145077,25,025,Boston city,census
BOS00423,Match,"533 BENNINGTON ST, EAST BOSTON, MA, 02128",-71.019345575566,42.382160588776,25,025,Boston city,census
BOS00424,Match,"537 BENNINGTON ST, EAST BOSTON, MA, 02128",-71.019229915032,42.382203476173,25,025,Boston city,census
BOS00425,Match,"541 BENNINGTON ST, EAST BOSTON, MA, 02128",-71.019114254498,42.38224636357,25,025,Boston city,census
BOS00426,Match,"549 BENNINGTON ST, EAST BOSTON, MA, 02128",-71.01888293343,42.382332138364,25,025,Boston city,census
BOS00427,Match,"553 BENNINGTON ST, EAST BOSTON, MA, 02128",-71.018767272896,42.38237502576,25,025,Boston city,census
BOS00428,Match,"555 BENNINGTON ST, EAST BOSTON, MA, 02128",-71.018709442629,42.382396469459,25,025,Boston city,census
BOS00429,Match,"557 BENNINGTON ST, EAST BOSTON, MA, 02128",-71.018651612362,42.382417913157,25,025,Boston city,census
BOS00430,Match,"559 BENNINGTON ST, EAST BOSTON, MA, 02128",-71.018594498635,42.38243875637,25,025,Boston city,census
BOS00431,Match,"561 BENNINGTON ST, EAST BOSTON, MA, 02128",-71.018536297466,42.382459645891,25,025,Boston city,census
BOS00432,Match,"30 HORACE ST, EAST BOSTON, MA, 02128",-71.018837436867,42.381679825487,25,025,Boston city,census
BOS00433,Match,"12 HORACE ST, EAST BOSTON, MA, 02128",-71.019343835765,42.381494748808,25,025,Boston city,census
BOS00434,Match,"10 HORACE ST, EAST BOSTON, MA, 02128",-71.019482801245,42.381444100258,25,025,Boston city,census
BOS00435,Match,"8 HORACE ST, EAST BOSTON, MA, 02128",-71.019633012405,42.38138950431,25,025,Boston city,census
BOS00436,Match,"6 HORACE ST, EAST BOSTON, MA, 02128",-71.019783223565,42.381334908362,25,025,Boston city,census
BOS00437,Match,"4 HORACE ST, EAST BOSTON, MA, 02128",-71.019933434725,42.381280312414,25,025,Boston city,census
BOS00438,Match,"2 HORACE ST, EAST BOSTON, MA, 02128",-71.020083645884,42.381225716466,25,025,Boston city,census
BOS00439,Match,"571 BENNINGTON ST, EAST BOSTON, MA, 02128",-71.018125327597,42.382609868523,25,025,Boston city,census
BOS00440,Match,"575 BENNINGTON ST, EAST BOSTON, MA, 02128",-71.017970758287,42.382667219065,25,025,Boston city,census
BOS00441,Match,"587 BENNINGTON ST, EAST BOSTON, MA, 02128",-71.017507050359,42.382839270689,25,025,Boston city,census
BOS00442,Match,"591 BENNINGTON ST, EAST BOSTON, MA, 02128",-71.017352481049,42.38289662123,25,025,Boston city,census
BOS00443,Match,"595 BENNINGTON ST, EAST BOSTON, MA, 02128",-71.01719791174,42.382953971772,25,025,Boston city,census
BOS00444,Match,"597 BENNINGTON ST, EAST BOSTON, MA, 02128",-71.017120627085,42.382982647042,25,025,Boston city,census
BOS00445,Match,"599 BENNINGTON ST, EAST BOSTON, MA, 02128",-71.01704334243,42.383011322313,25,025,Boston city,census
BOS00446,Match,"603 BENNINGTON ST, EAST BOSTON, MA, 02128",-71.016888773121,42.383068672855,25,025,Boston city,census
BOS00447,Match,"605 BENNINGTON ST, EAST BOSTON, MA, 02128",-71.016811488466,42.383097348125,25,025,Boston city,census
BOS00448,Match,"613 BENNINGTON ST, EAST BOSTON, MA, 02128",-71.016502349847,42.383212049208,25,025,Boston city,census
BOS00449,Match,"615 BENNINGTON ST, EAST BOSTON, MA, 02128",-71.016425065192,42.383240724479,25,025,Boston city,census
BOS00450,Match,"82 HORACE ST, EAST BOSTON, MA, 02128",-71.016486131635,42.382544709202,25,025,Boston city,census
BOS00451,Match,"80 HORACE ST, EAST BOSTON, MA, 02128",-71.016557888065,42.382518217061,25,025,Boston city,census
BOS00452,Match,"78 HORACE ST, EAST BOSTON, MA, 02128",-71.016629644494,42.38249172492,25,025,Boston city,census
BOS00453,Match,"76 HORACE ST, EAST BOSTON, MA, 02128",-71.016701400924,42.382465232779,25,025,Boston city,census
BOS00454,Match,"74 HORACE ST, EAST BOSTON, MA, 02128",-71.016773157354,42.382438740638,25,025,Boston city,census
BOS00455,Match,"70 HORACE ST, EAST BOSTON, MA, 02128",-71.016916670213,42.382385756356,25,025,Boston city,census
BOS00456,Match,"68 HORACE ST, EAST BOSTON, MA, 02128",-71.016988426643,42.382359264215,25,025,Boston city,census
BOS00457,Match,"68 HORACE ST, EAST BOSTON, MA, 02128",-71.016988426643,42.382359264215,25,025,Boston city,census
BOS00458,Match,"64 HORACE ST, EAST BOSTON, MA, 02128",-71.017131939502,42.382306279934,25,025,Boston city,census
BOS00459,Match,"75 MOORE ST, EAST BOSTON, MA, 02128",-71.018130399546,42.382328150289,25,025,Boston city,census
BOS00460,Match,"73 MOORE ST, EAST BOSTON, MA, 02128",-71.018160345229,42.382372922233,25,025,Boston city,census
BOS00461,Match,"745 SARATOGA ST, EAST BOSTON, MA, 02128",-71.017632066578,42.383539397078,25,025,Boston city,census
BOS00462,Match,"749 SARATOGA ST, EAST BOSTON, MA, 02128",-71.0175349629,42.383574462405,25,025,Boston city,census
BOS00463,Match,"753 SARATOGA ST, EAST BOSTON, MA, 02128",-71.017437859221,42.383609527732,25,025,Boston city,census
BOS00464,Match,"755 SARATOGA ST, EAST BOSTON, MA, 02128",-71.017389307381,42.383627060396,25,025,Boston city,census
BOS00465,Match,"127 BYRON ST, EAST BOSTON, MA, 02128",-71.0164912782,42.383631826256,25,025,Boston city,census
BOS00466,Match,"624 BENNINGTON ST, EAST BOSTON, MA, 02128",-71.016247493862,42.383521893385,25,025,Boston city,census
BOS00467,Match,"789 SARATOGA ST, EAST BOSTON, MA, 02128",-71.016421655119,42.383982995549,25,025,Boston city,census
BOS00468,Match,"791 SARATOGA ST, EAST BOSTON, MA, 02128",-71.016320836276,42.384021528966,25,025,Boston city,census
BOS00469,Match,"793 SARATOGA ST, EAST BOSTON, MA, 02128",-71.016220017434,42.384060062383,25,025,Boston city,census
BOS00470,Match,"797 SARATOGA ST, EAST BOSTON, MA, 02128",-71.016018379749,42.384137129217,25,025,Boston city,census
BOS00471,Match,"801 SARATOGA ST, EAST BOSTON, MA, 02128",-71.015816742063,42.384214196051,25,025,Boston city,census
BOS00472,Match,"803 SARATOGA ST, EAST BOSTON, MA, 02128",-71.015715923221,42.384252729469,25,025,Boston city,census
BOS00473,Match,"107 WORDSWORTH ST, EAST BOSTON, MA, 02128",-71.015434986355,42.384213313741,25,025,Boston city,census
BOS00474,Match,"634 BENNINGTON ST, EAST BOSTON, MA, 02128",-71.015905375787,42.383648756944,25,025,Boston city,census
BOS00475,Match,"632 BENNINGTON ST, EAST BOSTON, MA, 02128",-71.015973799402,42.383623384232,25,025,Boston city,census
BOS00476,Match,"630 BENNINGTON ST, EAST BOSTON, MA, 02128",-71.016042223017,42.383598011521,25,025,Boston city,census
BOS00477,Match,"628 BENNINGTON ST, EAST BOSTON, MA, 02128",-71.016110646632,42.383572638809,25,025,Boston city,census
BOS00478,Match,"626 BENNINGTON ST, EAST BOSTON, MA, 02128",-71.016179070247,42.383547266097,25,025,Boston city,census
BOS00479,Match,"641 BENNINGTON ST, EAST BOSTON, MA, 02128",-71.015530195067,42.383580057039,25,025,Boston city,census
BOS00480,Match,"643 BENNINGTON ST, EAST BOSTON, MA, 02128",-71.015470067645,42.383603021378,25,025,Boston city,census
BOS00481,Match,"645 BENNINGTON ST, EAST BOSTON, MA, 02128",-71.015409940224,42.383625985718,25,025,Boston city,census
BOS00482,Match,"651 BENNINGTON ST, EAST BOSTON, MA, 02128",-71.015229557959,42.383694878737,25,025,Boston city,census
BOS00483,Match,"653 BENNINGTON ST, EAST BOSTON, MA, 02128",-71.015169430538,42.383717843077,25,025,Boston city,census
BOS00484,No_Match,,,,,,,
BOS00485,Match,"669 BENNINGTON ST, EAST BOSTON, MA, 02128",-71.014423473691,42.383977907027,25,025,Boston city,census
BOS00486,Match,"675 BENNINGTON ST, EAST BOSTON, MA, 02128",-71.014148682466,42.38407182133,25,025,Boston city,census
BOS00487,Match,"677 BENNINGTON ST, EAST BOSTON, MA, 02128",-71.014057085391,42.384103126097,25,025,Boston city,census
BOS00488,Match,"687 BENNINGTON ST, EAST BOSTON, MA, 02128",-71.013599100017,42.384259649936,25,025,Boston city,census
BOS00489,Match,"691 BENNINGTON ST, EAST BOSTON, MA, 02128",-71.013415905868,42.384322259471,25,025,Boston city,census
BOS00490,Match,"693 BENNINGTON ST, EAST BOSTON, MA, 02128",-71.013324308793,42.384353564238,25,025,Boston city,census
BOS00491,Match,"695 BENNINGTON ST, EAST BOSTON, MA, 02128",-71.013232711718,42.384384869006,25,025,Boston city,census
BOS00492,Match,"697 BENNINGTON ST, EAST BOSTON, MA, 02128",-71.013141461843,42.384415146818,25,025,Boston city,census
BOS00493,Match,"699 BENNINGTON ST, EAST BOSTON, MA, 02128",-71.013049382083,42.384445670257,25,025,Boston city,census
BOS00494,Match,"701 BENNINGTON ST, EAST BOSTON, MA, 02128",-71.012957302322,42.384476193695,25,025,Boston city,census
BOS00495,Match,"703 BENNINGTON ST, EAST BOSTON, MA, 02128",-71.012865222561,42.384506717134,25,025,Boston city,census
BOS00496,Match,"705 BENNINGTON ST, EAST BOSTON, MA, 02128",-71.0127731428,42.384537240573,25,025,Boston city,census
BOS00497,Match,"707 BENNINGTON ST, EAST BOSTON, MA, 02128",-71.01268106304,42.384567764012,25,025,Boston city,census
BOS00498,Match,"709 BENNINGTON ST, EAST BOSTON, MA, 02128",-71.012588983279,42.384598287451,25,025,Boston city,census
BOS00499,Match,"130 WORDSWORTH ST, EAST BOSTON, MA, 02128",-71.014695405126,42.38338789584,25,025,Boston city,census
BOS00500,Match,"128 WORDSWORTH ST, EAST BOSTON, MA, 02128",-71.014713833847,42.383414880628,25,025,Boston city,census
BOS00501,Match,"656 BENNINGTON ST, EAST BOSTON, MA, 02128",-71.015080436689,42.383953376137,25,025,Boston city,census
BOS00502,Match,"809 SARATOGA ST, EAST BOSTON, MA, 02128",-71.015377064937,42.384381182482,25,025,Boston city,census
BOS00503,Match,"815 SARATOGA ST, EAST BOSTON, MA, 02128",-71.01514359205,42.384466824611,25,025,Boston city,census
BOS00504,Match,"819 SARATOGA ST, EAST BOSTON, MA, 02128",-71.01498794346,42.384523919363,25,025,Boston city,census
BOS00505,Match,"821 SARATOGA ST, EAST BOSTON, MA, 02128",-71.014910119164,42.38455246674,25,025,Boston city,census
BOS00506,Match,"823 SARATOGA ST, EAST BOSTON, MA, 02128",-71.014832294869,42.384581014116,25,025,Boston city,census
BOS00507,Match,"825 SARATOGA ST, EAST BOSTON, MA, 02128",-71.014754470573,42.384609561492,25,025,Boston city,census
BOS00508,Match,"827 SARATOGA ST, EAST BOSTON, MA, 02128",-71.014676646278,42.384638108869,25,025,Boston city,census
BOS00509,Match,"829 SARATOGA ST, EAST BOSTON, MA, 02128",-71.014598821983,42.384666656245,25,025,Boston city,census
BOS00510,Match,"831 SARATOGA ST, EAST BOSTON, MA, 02128",-71.014520997687,42.384695203622,25,025,Boston city,census
BOS00511,Match,"833 SARATOGA ST, EAST BOSTON, MA, 02128",-71.014381911022,42.384746476888,25,025,Boston city,census
BOS00512,Match,"837 SARATOGA ST, EAST BOSTON, MA, 02128",-71.014207863121,42.384810956849,25,025,Boston city,census
BOS00513,Match,"851 SARATOGA ST, EAST BOSTON, MA, 02128",-71.013598695466,42.385036636711,25,025,Boston city,census
BOS00514,Match,"853 SARATOGA ST, EAST BOSTON, MA, 02128",-71.013511671515,42.385068876692,25,025,Boston city,census
BOS00515,Match,"855 SARATOGA ST, EAST BOSTON, MA, 02128",-71.013424647565,42.385101116672,25,025,Boston city,census
BOS00516,Match,"857 SARATOGA ST, EAST BOSTON, MA, 02128",-71.013337623614,42.385133356653,25,025,Boston city,census
BOS00517,Match,"859 SARATOGA ST, EAST BOSTON, MA, 02128",-71.013250599664,42.385165596633,25,025,Boston city,census
BOS00518,Match,"861 SARATOGA ST, EAST BOSTON, MA, 02128",-71.013163575713,42.385197836613,25,025,Boston city,census
BOS00519,Match,"696 BENNINGTON ST, EAST BOSTON, MA, 02128",-71.013542982771,42.384488041561,25,025,Boston city,census
BOS00520,Match,"680 BENNINGTON ST, EAST BOSTON, MA, 02128",-71.014160983888,42.384277636359,25,025,Boston city,census
BOS00521,Match,"678 BENNINGTON ST, EAST BOSTON, MA, 02128",-71.014237604955,42.384250614674,25,025,Boston city,census
BOS00522,Match,"670 BENNINGTON ST, EAST BOSTON, MA, 02128",-71.014544089222,42.384142527933,25,025,Boston city,census
BOS00523,Match,"668 BENNINGTON ST, EAST BOSTON, MA, 02128",-71.014620710288,42.384115506248,25,025,Boston city,census
BOS00524,Match,"664 BENNINGTON ST, EAST BOSTON, MA, 02128",-71.014773952422,42.384061462878,25,025,Boston city,census
BOS00525,Match,"660 BENNINGTON ST, EAST BOSTON, MA, 02128",-71.014927194555,42.384007419508,25,025,Boston city,census
BOS00526,Match,"871 SARATOGA ST, EAST BOSTON, MA, 02128",-71.012608214668,42.385405971162,25,025,Boston city,census
BOS00527,Match,"873 SARATOGA ST, EAST BOSTON, MA, 02128",-71.012536042374,42.385433013671,25,025,Boston city,census
BOS00528,Match,"875 SARATOGA ST, EAST BOSTON, MA, 02128",-71.01246387008,42.38546005618,25,025,Boston city,census
BOS00529,Match,"877 SARATOGA ST, EAST BOSTON, MA, 02128",-71.012391697786,42.38548709869,25,025,Boston city,census
BOS00530,Match,"879 SARATOGA ST, EAST BOSTON, MA, 02128",-71.012319525491,42.385514141199,25,025,Boston city,census
BOS00531,Match,"883 SARATOGA ST, EAST BOSTON, MA, 02128",-71.012175180903,42.385568226217,25,025,Boston city,census
BOS00532,Match,"889 SARATOGA ST, EAST BOSTON, MA, 02128",-71.011958664021,42.385649353745,25,025,Boston city,census
BOS00533,Match,"901 SARATOGA ST, EAST BOSTON, MA, 02128",-71.011525630257,42.385811608801,25,025,Boston city,census
BOS00534,Match,"903 SARATOGA ST, EAST BOSTON, MA, 02128",-71.011453457962,42.385838651311,25,025,Boston city,census
BOS00535,Match,"905 SARATOGA ST, EAST BOSTON, MA, 02128",-71.011381285668,42.38586569382,25,025,Boston city,census
BOS00536,Match,"907 SARATOGA ST, EAST BOSTON, MA, 02128",-71.011309113374,42.385892736329,25,025,Boston city,census
BOS00537,Match,"911 SARATOGA ST, EAST BOSTON, MA, 02128",-71.011164768786,42.385946821348,25,025,Boston city,census
BOS00538,Match,"746 BENNINGTON ST, EAST BOSTON, MA, 02128",-71.011868666496,42.385050739141,25,025,Boston city,census
BOS00539,Match,"744 BENNINGTON ST, EAST BOSTON, MA, 02128",-71.011921244842,42.385033203978,25,025,Boston city,census
BOS00540,Match,"740 BENNINGTON ST, EAST BOSTON, MA, 02128",-71.012026401534,42.384998133651,25,025,Boston city,census
BOS00541,Match,"738 BENNINGTON ST, EAST BOSTON, MA, 02128",-71.01207897988,42.384980598488,25,025,Boston city,census
BOS00542,Match,"736 BENNINGTON ST, EAST BOSTON, MA, 02128",-71.012131558226,42.384963063325,25,025,Boston city,census
BOS00543,Match,"734 BENNINGTON ST, EAST BOSTON, MA, 02128",-71.012184136572,42.384945528161,25,025,Boston city,census
BOS00544,Match,"732 BENNINGTON ST, EAST BOSTON, MA, 02128",-71.012236714918,42.384927992998,25,025,Boston city,census
BOS00545,Match,"720 BENNINGTON ST, EAST BOSTON, MA, 02128",-71.012552184994,42.384822782018,25,025,Boston city,census
BOS00546,Match,"185 WORDSWORTH ST, EAST BOSTON, MA, 02128",-71.013714390038,42.38168835186,25,025,Boston city,census
BOS00547,Match,"189 WORDSWORTH ST, EAST BOSTON, MA, 02128",-71.013652318704,42.381596972907,25,025,Boston city,census
BOS00548,Match,"156 COLERIDGE ST, EAST BOSTON, MA, 02128",-71.01401715066,42.381173083377,25,025,Boston city,census
BOS00549,Match,"148 COLERIDGE ST, EAST BOSTON, MA, 02128",-71.01436371184,42.381043042787,25,025,Boston city,census
BOS00550,Match,"210 BYRON ST, EAST BOSTON, MA, 02128",-71.014727635928,42.381259016777,25,025,Boston city,census
BOS00551,Match,"206 BYRON ST, EAST BOSTON, MA, 02128",-71.014736323303,42.381271794541,25,025,Boston city,census
BOS00552,Match,"151 COWPER ST, EAST BOSTON, MA, 02128",-71.014222070826,42.381729852354,25,025,Boston city,census
BOS00553,Match,"163 BYRON ST, EAST BOSTON, MA, 02128",-71.015782085509,42.382563596637,25,025,Boston city,census
BOS00554,Match,"167 BYRON ST, EAST BOSTON, MA, 02128",-71.015751629514,42.382518288595,25,025,Boston city,census
BOS00555,Match,"169 BYRON ST, EAST BOSTON, MA, 02128",-71.015736401517,42.382495634574,25,025,Boston city,census
BOS00556,Match,"96 HOMER ST, EAST BOSTON, MA, 02128",-71.016552176252,42.381769603252,25,025,Boston city,census
BOS00557,Match,"94 HOMER ST, EAST BOSTON, MA, 02128",-71.016572648537,42.381762035042,25,025,Boston city,census
BOS00558,Match,"90 HOMER ST, EAST BOSTON, MA, 02128",-71.016613593106,42.381746898623,25,025,Boston city,census
BOS00559,Match,"82 HOMER ST, EAST BOSTON, MA, 02128",-71.016695482245,42.381716625784,25,025,Boston city,census
BOS00560,Match,"78 HOMER ST, EAST BOSTON, MA, 02128",-71.016736426815,42.381701489364,25,025,Boston city,census
BOS00561,Match,"56 HOMER ST, EAST BOSTON, MA, 02128",-71.016961621947,42.381618239057,25,025,Boston city,census
BOS00562,Match,"91 MOORE ST, EAST BOSTON, MA, 02128",-71.017851894005,42.381912386788,25,025,Boston city,census
BOS00563,Match,"89 MOORE ST, EAST BOSTON, MA, 02128",-71.017920779769,42.382014746685,25,025,Boston city,census
BOS00564,Match,"63 HORACE ST, EAST BOSTON, MA, 02128",-71.017415125086,42.382073621043,25,025,Boston city,census
BOS00565,Match,"65 HORACE ST, EAST BOSTON, MA, 02128",-71.017327769432,42.382105872345,25,025,Boston city,census
BOS00566,Match,"67 HORACE ST, EAST BOSTON, MA, 02128",-71.017240413778,42.382138123647,25,025,Boston city,census
BOS00567,Match,"75 HORACE ST, EAST BOSTON, MA, 02128",-71.016890991164,42.382267128855,25,025,Boston city,census
BOS00568,Match,"79 HORACE ST, EAST BOSTON, MA, 02128",-71.016716279857,42.382331631459,25,025,Boston city,census
BOS00569,Match,"81 HORACE ST, EAST BOSTON, MA, 02128",-71.016628924204,42.382363882761,25,025,Boston city,census
BOS00570,Match,"87 HORACE ST, EAST BOSTON, MA, 02128",-71.016366857243,42.382460636666,25,025,Boston city,census
BOS00571,Match,"91 HORACE ST, EAST BOSTON, MA, 02128",-71.016192145936,42.38252513927,25,025,Boston city,census
BOS00572,Match,"95 HORACE ST, EAST BOSTON, MA, 02128",-71.016017434629,42.382589641874,25,025,Boston city,census
BOS00573,Match,"118 COWPER ST, EAST BOSTON, MA, 02128",-71.01550249353,42.38168953486,25,025,Boston city,census
BOS00574,Match,"102 COWPER ST, EAST BOSTON, MA, 02128",-71.015712285957,42.381511466928,25,025,Boston city,census
BOS00575,Match,"100 COWPER ST, EAST BOSTON, MA, 02128",-71.015733877722,42.381490846265,25,025,Boston city,census
BOS00576,Match,"98 COWPER ST, EAST BOSTON, MA, 02128",-71.015755469486,42.381470225603,25,025,Boston city,census
BOS00577,Match,"94 COWPER ST, EAST BOSTON, MA, 02128",-71.015798653015,42.381428984278,25,025,Boston city,census
BOS00578,Match,"115 MOORE ST, EAST BOSTON, MA, 02128",-71.017393862341,42.381235883261,25,025,Boston city,census
BOS00579,Match,"113 MOORE ST, EAST BOSTON, MA, 02128",-71.017401162168,42.381246669672,25,025,Boston city,census
BOS00580,Match,"111 MOORE ST, EAST BOSTON, MA, 02128",-71.017408461995,42.381257456082,25,025,Boston city,census
BOS00581,Match,"109 MOORE ST, EAST BOSTON, MA, 02128",-71.017415761821,42.381268242493,25,025,Boston city,census
BOS00582,Match,"107 MOORE ST, EAST BOSTON, MA, 02128",-71.017423061649,42.381279028903,25,025,Boston city,census
BOS00583,Match,"61 HOMER ST, EAST BOSTON, MA, 02128",-71.016836980204,42.381536175186,25,025,Boston city,census
BOS00584,Match,"63 HOMER ST, EAST BOSTON, MA, 02128",-71.016816714711,42.381543666949,25,025,Boston city,census
BOS00585,Match,"67 HOMER ST, EAST BOSTON, MA, 02128",-71.016776183723,42.381558650476,25,025,Boston city,census
BOS00586,Match,"69 HOMER ST, EAST BOSTON, MA, 02128",-71.016755918229,42.381566142239,25,025,Boston city,census
BOS00587,Match,"71 HOMER ST, EAST BOSTON, MA, 02128",-71.016735652735,42.381573634002,25,025,Boston city,census
BOS00588,Match,"75 HOMER ST, EAST BOSTON, MA, 02128",-71.016695121747,42.381588617528,25,025,Boston city,census
BOS00589,Match,"79 HOMER ST, EAST BOSTON, MA, 02128",-71.016654590759,42.381603601055,25,025,Boston city,census
BOS00590,Match,"87 HOMER ST, EAST BOSTON, MA, 02128",-71.016573528783,42.381633568108,25,025,Boston city,census
BOS00591,Match,"91 HOMER ST, EAST BOSTON, MA, 02128",-71.016532997795,42.381648551634,25,025,Boston city,census
BOS00592,Match,"93 HOMER ST, EAST BOSTON, MA, 02128",-71.016512732301,42.381656043397,25,025,Boston city,census
BOS00593,Match,"99 HOMER ST, EAST BOSTON, MA, 02128",-71.016451935819,42.381678518687,25,025,Boston city,census
BOS00594,Match,"103 HOMER ST, EAST BOSTON, MA, 02128",-71.016411404831,42.381693502213,25,025,Boston city,census
BOS00595,Match,"21 SAINT ANDREW RD, EAST BOSTON, MA, 02128",-71.004449284425,42.385068289398,25,025,Boston city,census
BOS00596,Match,"31 SAINT ANDREW RD, EAST BOSTON, MA, 02128",-71.004050028842,42.38492954187,25,025,Boston city,census
BOS00597,Match,"37 SAINT ANDREW RD, EAST BOSTON, MA, 02128",-71.003810475492,42.384846293353,25,025,Boston city,census
BOS00598,Match,"41 SAINT ANDREW RD, EAST BOSTON, MA, 02128",-71.003650773259,42.384790794341,25,025,Boston city,census
BOS00599,Match,"74 BAYSWATER ST, EAST BOSTON, MA, 02128",-71.003980001889,42.38424642818,25,025,Boston city,census
BOS00600,Match,"66 BAYSWATER ST, EAST BOSTON, MA, 02128",-71.004459520816,42.384290565359,25,025,Boston city,census
BOS00601,Match,"64 BAYSWATER ST, EAST BOSTON, MA, 02128",-71.004505183677,42.384314055633,25,025,Boston city,census
BOS00602,Match,"60 BAYSWATER ST, EAST BOSTON, MA, 02128",-71.004580383641,42.384434059582,25,025,Boston city,census
BOS00603,Match,"54 BAYSWATER ST, EAST BOSTON, MA, 02128",-71.004693183588,42.384614065507,25,025,Boston city,census
BOS00604,Match,"50 BAYSWATER ST, EAST BOSTON, MA, 02128",-71.004768383552,42.384734069457,25,025,Boston city,census
BOS00605,Match,"51 SAINT ANDREW RD, EAST BOSTON, MA, 02128",-71.003159179026,42.384617489884,25,025,Boston city,census
BOS00606,Match,"53 SAINT ANDREW RD, EAST BOSTON, MA, 02128",-71.003045976125,42.384576618191,25,025,Boston city,census
BOS00607,Match,"55 SAINT ANDREW RD, EAST BOSTON, MA, 02128",-71.002932773224,42.384535746499,25,025,Boston city,census
BOS00608,Match,"57 SAINT ANDREW RD, EAST BOSTON, MA, 02128",-71.002819570323,42.384494874806,25,025,Boston city,census
BOS00609,Match,"59 SAINT ANDREW RD, EAST BOSTON, MA, 02128",-71.002706367422,42.384454003114,25,025,Boston city,census
BOS00610,Match,"63 SAINT ANDREW RD, EAST BOSTON, MA, 02128",-71.00247996162,42.384372259729,25,025,Boston city,census
BOS00611,Match,"65 SAINT ANDREW RD, EAST BOSTON, MA, 02128",-71.002366758719,42.384331388037,25,025,Boston city,census
BOS00612,Match,"69 SAINT ANDREW RD, EAST BOSTON, MA, 02128",-71.002140352917,42.384249644652,25,025,Boston city,census
BOS00613,Match,"73 SAINT ANDREW RD, EAST BOSTON, MA, 02128",-71.001913947116,42.384167901267,25,025,Boston city,census
BOS00614,Match,"75 SAINT ANDREW RD, EAST BOSTON, MA, 02128",-71.001800744215,42.384127029575,25,025,Boston city,census
BOS00615,Match,"77 SAINT ANDREW RD, EAST BOSTON, MA, 02128",-71.001687541314,42.384086157883,25,025,Boston city,census
BOS00616,Match,"81 SAINT ANDREW RD, EAST BOSTON, MA, 02128",-71.001461135512,42.384004414498,25,025,Boston city,census
BOS00617,Match,"83 SAINT ANDREW RD, EAST BOSTON, MA, 02128",-71.001347932611,42.383963542805,25,025,Boston city,census
BOS00618,Match,"124 BAYSWATER ST, EAST BOSTON, MA, 02128",-71.001771062671,42.383567697457,25,025,Boston city,census
BOS00619,Match,"120 BAYSWATER ST, EAST BOSTON, MA, 02128",-71.001934774163,42.383624063491,25,025,Boston city,census
BOS00620,Match,"114 BAYSWATER ST, EAST BOSTON, MA, 02128",-71.0021803414,42.383708612541,25,025,Boston city,census
BOS00621,Match,"110 BAYSWATER ST, EAST BOSTON, MA, 02128",-71.002344052892,42.383764978575,25,025,Boston city,census
BOS00622,Match,"106 BAYSWATER ST, EAST BOSTON, MA, 02128",-71.002507764384,42.383821344609,25,025,Boston city,census
BOS00623,Match,"102 BAYSWATER ST, EAST BOSTON, MA, 02128",-71.002671475875,42.383877710643,25,025,Boston city,census
BOS00624,Match,"98 BAYSWATER ST, EAST BOSTON, MA, 02128",-71.002835187367,42.383934076677,25,025,Boston city,census
BOS00625,Match,"94 BAYSWATER ST, EAST BOSTON, MA, 02128",-71.002998898858,42.38399044271,25,025,Boston city,census
BOS00626,Match,"84 BAYSWATER ST, EAST BOSTON, MA, 02128",-71.003408177587,42.384131357795,25,025,Boston city,census
BOS00627,Match,"80 BAYSWATER ST, EAST BOSTON, MA, 02128",-71.003571889079,42.384187723829,25,025,Boston city,census
BOS00628,Match,"1047 SARATOGA ST, EAST BOSTON, MA, 02128",-71.005238997421,42.386091281213,25,025,Boston city,census
BOS00629,Match,"1051 SARATOGA ST, EAST BOSTON, MA, 02128",-71.005023970982,42.386004663353,25,025,Boston city,census
BOS00630,Match,"1053 SARATOGA ST, EAST BOSTON, MA, 02128",-71.004916457763,42.385961354424,25,025,Boston city,census
BOS00631,Match,"1055 SARATOGA ST, EAST BOSTON, MA, 02128",-71.004808944543,42.385918045494,25,025,Boston city,census
BOS00632,Match,"1057 SARATOGA ST, EAST BOSTON, MA, 02128",-71.004701431324,42.385874736564,25,025,Boston city,census
BOS00633,Match,"1059 SARATOGA ST, EAST BOSTON, MA, 02128",-71.004589878979,42.385832173627,25,025,Boston city,census
BOS00634,Match,"1061 SARATOGA ST, EAST BOSTON, MA, 02128",-71.004480096377,42.385792091934,25,025,Boston city,census
BOS00635,Match,"1065 SARATOGA ST, EAST BOSTON, MA, 02128",-71.004260531174,42.385711928549,25,025,Boston city,census
BOS00636,Match,"1069 SARATOGA ST, EAST BOSTON, MA, 02128",-71.004040965971,42.385631765163,25,025,Boston city,census
BOS00637,Match,"1075 SARATOGA ST, EAST BOSTON, MA, 02128",-71.003711618167,42.385511520084,25,025,Boston city,census
BOS00638,Match,"1085 SARATOGA ST, EAST BOSTON, MA, 02128",-71.003162705159,42.38531111162,25,025,Boston city,census
BOS00639,Match,"42 SAINT ANDREW RD, EAST BOSTON, MA, 02128",-71.003584726386,42.384894482274,25,025,Boston city,census
BOS00640,Match,"38 SAINT ANDREW RD, EAST BOSTON, MA, 02128",-71.00374442862,42.384949981286,25,025,Boston city,census
BOS00641,Match,"30 SAINT ANDREW RD, EAST BOSTON, MA, 02128",-71.004063833086,42.385060979309,25,025,Boston city,census
BOS00642,Match,"14 SAINT ANDREW RD, EAST BOSTON, MA, 02128",-71.004702642019,42.385282975354,25,025,Boston city,census
BOS00643,Match,"10 SAINT ANDREW RD, EAST BOSTON, MA, 02128",-71.004862344252,42.385338474365,25,025,Boston city,census
BOS00644,Match,"6 SAINT ANDREW RD, EAST BOSTON, MA, 02128",-71.005022046486,42.385393973377,25,025,Boston city,census
BOS00645,Match,"2 SAINT ANDREW RD, EAST BOSTON, MA, 02128",-71.005181748719,42.385449472388,25,025,Boston city,census
BOS00646,Match,"22 BAYSWATER ST, EAST BOSTON, MA, 02128",-71.005299551874,42.385582802354,25,025,Boston city,census
BOS00647,Match,"16 BAYSWATER ST, EAST BOSTON, MA, 02128",-71.005378628168,42.385710009807,25,025,Boston city,census
BOS00648,Match,"50 SAINT ANDREW RD, EAST BOSTON, MA, 02128",-71.003204252973,42.384761311583,25,025,Boston city,census
BOS00649,Match,"1093 SARATOGA ST, EAST BOSTON, MA, 02128",-71.002707520064,42.385147497851,25,025,Boston city,census
BOS00650,Match,"1095 SARATOGA ST, EAST BOSTON, MA, 02128",-71.002604888072,42.385110985875,25,025,Boston city,census
BOS00651,Match,"1097 SARATOGA ST, EAST BOSTON, MA, 02128",-71.00250225608,42.385074473899,25,025,Boston city,census
BOS00652,Match,"1101 SARATOGA ST, EAST BOSTON, MA, 02128",-71.002296992096,42.385001449946,25,025,Boston city,census
BOS00653,Match,"1105 SARATOGA ST, EAST BOSTON, MA, 02128",-71.002091728111,42.384928425993,25,025,Boston city,census
BOS00654,Match,"1109 SARATOGA ST, EAST BOSTON, MA, 02128",-71.001886464127,42.38485540204,25,025,Boston city,census
BOS00655,Match,"1111 SARATOGA ST, EAST BOSTON, MA, 02128",-71.001783832135,42.384818890064,25,025,Boston city,census
BOS00656,Match,"1115 SARATOGA ST, EAST BOSTON, MA, 02128",-71.001578568151,42.384745866111,25,025,Boston city,census
BOS00657,Match,"1117 SARATOGA ST, EAST BOSTON, MA, 02128",-71.001475936159,42.384709354135,25,025,Boston city,census
BOS00658,Match,"1119 SARATOGA ST, EAST BOSTON, MA, 02128",-71.001373304167,42.384672842158,25,025,Boston city,census
BOS00659,Match,"1121 SARATOGA ST, EAST BOSTON, MA, 02128",-71.001270672175,42.384636330182,25,025,Boston city,census
BOS00660,Match,"1123 SARATOGA ST, EAST BOSTON, MA, 02128",-71.001168040182,42.384599818206,25,025,Boston city,census
BOS00661,Match,"1125 SARATOGA ST, EAST BOSTON, MA, 02128",-71.001067143233,42.384563937762,25,025,Boston city,census
BOS00662,Match,"1127 SARATOGA ST, EAST BOSTON, MA, 02128",-71.000965776624,42.384525546516,25,025,Boston city,census
BOS00663,Match,"1129 SARATOGA ST, EAST BOSTON, MA, 02128",-71.000864410015,42.38448715527,25,025,Boston city,census
BOS00664,Match,"92 SAINT ANDREW RD, EAST BOSTON, MA, 02128",-71.001259221312,42.384059061596,25,025,Boston city,census
BOS00665,Match,"90 SAINT ANDREW RD, EAST BOSTON, MA, 02128",-71.001351841867,42.384092502071,25,025,Boston city,census
BOS00666,Match,"86 SAINT ANDREW RD, EAST BOSTON, MA, 02128",-71.001537082978,42.384159383022,25,025,Boston city,census
BOS00667,Match,"82 SAINT ANDREW RD, EAST BOSTON, MA, 02128",-71.001722324088,42.384226263974,25,025,Boston city,census
BOS00668,Match,"78 SAINT ANDREW RD, EAST BOSTON, MA, 02128",-71.001907565199,42.384293144925,25,025,Boston city,census
BOS00669,Match,"74 SAINT ANDREW RD, EAST BOSTON, MA, 02128",-71.002092806309,42.384360025876,25,025,Boston city,census
BOS00670,Match,"72 SAINT ANDREW RD, EAST BOSTON, MA, 02128",-71.002185426865,42.384393466351,25,025,Boston city,census
BOS00671,Match,"70 SAINT ANDREW RD, EAST BOSTON, MA, 02128",-71.00227804742,42.384426906827,25,025,Boston city,census
BOS00672,Match,"68 SAINT ANDREW RD, EAST BOSTON, MA, 02128",-71.002370667975,42.384460347303,25,025,Boston city,census
BOS00673,Match,"66 SAINT ANDREW RD, EAST BOSTON, MA, 02128",-71.00246328853,42.384493787778,25,025,Boston city,census
BOS00674,Match,"60 SAINT ANDREW RD, EAST BOSTON, MA, 02128",-71.002741150196,42.384594109205,25,025,Boston city,census
BOS00675,Match,"45 ST EDWARD RD, EAST BOSTON, MA, 02128",-71.002815278297,42.385334932944,25,025,Boston city,census
BOS00676,Match,"95 BARNES AVE, EAST BOSTON, MA, 02128",-71.002239971649,42.385900205039,25,025,Boston city,census
BOS00677,Match,"99 BARNES AVE, EAST BOSTON, MA, 02128",-71.002168317215,42.38587397024,25,025,Boston city,census
BOS00678,Match,"103 BARNES AVE, EAST BOSTON, MA, 02128",-71.002096662781,42.38584773544,25,025,Boston city,census
BOS00679,Match,"107 BARNES AVE, EAST BOSTON, MA, 02128",-71.002025008347,42.385821500641,25,025,Boston city,census
BOS00680,Match,"111 BARNES AVE, EAST BOSTON, MA, 02128",-71.001953353913,42.385795265842,25,025,Boston city,census
BOS00681,Match,"115 BARNES AVE, EAST BOSTON, MA, 02128",-71.001881699479,42.385769031042,25,025,Boston city,census
BOS00682,Match,"123 BARNES AVE, EAST BOSTON, MA, 02128",-71.001738390611,42.385716561444,25,025,Boston city,census
BOS00683,Match,"1128 SARATOGA ST, EAST BOSTON, MA, 02128",-71.001220456815,42.384745655497,25,025,Boston city,census
BOS00684,Match,"1126 SARATOGA ST, EAST BOSTON, MA, 02128",-71.001305983475,42.384776082144,25,025,Boston city,census
BOS00685,Match,"1124 SARATOGA ST, EAST BOSTON, MA, 02128",-71.001391510135,42.384806508791,25,025,Boston city,census
BOS00686,Match,"1122 SARATOGA ST, EAST BOSTON, MA, 02128",-71.001477036795,42.384836935438,25,025,Boston city,census
BOS00687,Match,"1120 SARATOGA ST, EAST BOSTON, MA, 02128",-71.001562563455,42.384867362085,25,025,Boston city,census
BOS00688,Match,"1118 SARATOGA ST, EAST BOSTON, MA, 02128",-71.001648090115,42.384897788732,25,025,Boston city,census
BOS00689,Match,"1116 SARATOGA ST, EAST BOSTON, MA, 02128",-71.001733616775,42.384928215379,25,025,Boston city,census
BOS00690,Match,"1114 SARATOGA ST, EAST BOSTON, MA, 02128",-71.001819143435,42.384958642026,25,025,Boston city,census
BOS00691,Match,"1110 SARATOGA ST, EAST BOSTON, MA, 02128",-71.001990196756,42.38501949532,25,025,Boston city,census
BOS00692,Match,"1098 SARATOGA ST, EAST BOSTON, MA, 02128",-71.002503356716,42.385202055202,25,025,Boston city,census
BOS00693,Match,"35 ST EDWARD RD, EAST BOSTON, MA, 02128",-71.002688682038,42.385462654894,25,025,Boston city,census
BOS00694,Match,"37 ST EDWARD RD, EAST BOSTON, MA, 02128",-71.002714001289,42.385437110504,25,025,Boston city,census
BOS00695,Match,"39 ST EDWARD RD, EAST BOSTON, MA, 02128",-71.002739320541,42.385411566114,25,025,Boston city,census
BOS00696,Match,"41 ST EDWARD RD, EAST BOSTON, MA, 02128",-71.002764639793,42.385386021724,25,025,Boston city,census
BOS00697,Match,"43 ST EDWARD RD, EAST BOSTON, MA, 02128",-71.002789959045,42.385360477334,25,025,Boston city,census
BOS00698,Match,"44 ST EDWARD RD, EAST BOSTON, MA, 02128",-71.002711001598,42.38563412121,25,025,Boston city,census
BOS00699,Match,"1084 SARATOGA ST, EAST BOSTON, MA, 02128",-71.003083978358,42.38541019421,25,025,Boston city,census
BOS00700,Match,"1078 SARATOGA ST, EAST BOSTON, MA, 02128",-71.003233681906,42.385464851064,25,025,Boston city,census
BOS00701,Match,"1072 SARATOGA ST, EAST BOSTON, MA, 02128",-71.003383385453,42.385519507918,25,025,Boston city,census
BOS00702,Match,"1066 SARATOGA ST, EAST BOSTON, MA, 02128",-71.003533089001,42.385574164772,25,025,Boston city,census
BOS00703,Match,"1060 SARATOGA ST, EAST BOSTON, MA, 02128",-71.003682792548,42.385628821626,25,025,Boston city,census
BOS00704,Match,"1052 SARATOGA ST, EAST BOSTON, MA, 02128",-71.003882397278,42.385701697431,25,025,Boston city,census
BOS00705,Match,"1046 SARATOGA ST, EAST BOSTON, MA, 02128",-71.004032100826,42.385756354285,25,025,Boston city,census
BOS00706,Match,"1042 SARATOGA ST, EAST BOSTON, MA, 02128",-71.004131903191,42.385792792188,25,025,Boston city,census
BOS00707,Match,"25 BARNES AVE, EAST BOSTON, MA, 02128",-71.004755600017,42.386272947887,25,025,Boston city,census
BOS00708,Match,"53 BARNES AVE, EAST BOSTON, MA, 02128",-71.003784381626,42.386464866571,25,025,Boston city,census
BOS00709,Match,"57 BARNES AVE, EAST BOSTON, MA, 02128",-71.003643838862,42.38641348522,25,025,Boston city,census
BOS00710,Match,"61 BARNES AVE, EAST BOSTON, MA, 02128",-71.003503296098,42.386362103869,25,025,Boston city,census
BOS00711,Match,"73 BARNES AVE, EAST BOSTON, MA, 02128",-71.003081667806,42.386207959816,25,025,Boston city,census
BOS00712,Match,"126 BARNES AVE, EAST BOSTON, MA, 02128",-71.001597833965,42.385792996046,25,025,Boston city,census
BOS00713,Match,"122 BARNES AVE, EAST BOSTON, MA, 02128",-71.001669488399,42.385819230845,25,025,Boston city,census
BOS00714,Match,"118 BARNES AVE, EAST BOSTON, MA, 02128",-71.001741142833,42.385845465644,25,025,Boston city,census
BOS00715,Match,"112 BARNES AVE, EAST BOSTON, MA, 02128",-71.001848624484,42.385884817843,25,025,Boston city,census
BOS00716,Match,"110 BARNES AVE, EAST BOSTON, MA, 02128",-71.001884451701,42.385897935243,25,025,Boston city,census
BOS00717,Match,"106 BARNES AVE, EAST BOSTON, MA, 02128",-71.001956106135,42.385924170042,25,025,Boston city,census
BOS00718,Match,"102 BARNES AVE, EAST BOSTON, MA, 02128",-71.002027760569,42.385950404841,25,025,Boston city,census
BOS00719,Match,"94 BARNES AVE, EAST BOSTON, MA, 02128",-71.002171069438,42.38600287444,25,025,Boston city,census
BOS00720,Match,"90 BARNES AVE, EAST BOSTON, MA, 02128",-71.002383749328,42.386080666084,25,025,Boston city,census
BOS00721,Match,"86 BARNES AVE, EAST BOSTON, MA, 02128",-71.002530984605,42.386134494166,25,025,Boston city,census
BOS00722,Match,"82 BARNES AVE, EAST BOSTON, MA, 02128",-71.002678219882,42.386188322248,25,025,Boston city,census
BOS00723,Match,"78 BARNES AVE, EAST BOSTON, MA, 02128",-71.002825455158,42.38624215033,25,025,Boston city,census
BOS00724,Match,"74 BARNES AVE, EAST BOSTON, MA, 02128",-71.002972690435,42.386295978412,25,025,Boston city,census
BOS00725,Match,"70 BARNES AVE, EAST BOSTON, MA, 02128",-71.003119925712,42.386349806494,25,025,Boston city,census
BOS00726,Match,"66 BARNES AVE, EAST BOSTON, MA, 02128",-71.003267160988,42.386403634576,25,025,Boston city,census
BOS00727,Match,"62 BARNES AVE, EAST BOSTON, MA, 02128",-71.003414396265,42.386457462658,25,025,Boston city,census
BOS00728,Match,"58 BARNES AVE, EAST BOSTON, MA, 02128",-71.003561631542,42.38651129074,25,025,Boston city,census
BOS00729,Match,"54 BARNES AVE, EAST BOSTON, MA, 02128",-71.003708866819,42.386565118822,25,025,Boston city,census
BOS00730,Match,"44 BARNES AVE, EAST BOSTON, MA, 02128",-71.004229051377,42.386568494137,25,025,Boston city,census
BOS00731,Match,"40 BARNES AVE, EAST BOSTON, MA, 02128",-71.004395883607,42.38651449357,25,025,Boston city,census
BOS00732,Match,"34 BARNES AVE, EAST BOSTON, MA, 02128",-71.004646131952,42.38643349272,25,025,Boston city,census
BOS00733,Match,"32 BARNES AVE, EAST BOSTON, MA, 02128",-71.004729548067,42.386406492437,25,025,Boston city,census
BOS00734,Match,"30 BARNES AVE, EAST BOSTON, MA, 02128",-71.004812964182,42.386379492154,25,025,Boston city,census
BOS00735,Match,"28 BARNES AVE, EAST BOSTON, MA, 02128",-71.004896380297,42.386352491871,25,025,Boston city,census
BOS00736,Match,"24 BARNES AVE, EAST BOSTON, MA, 02128",-71.005063212527,42.386298491304,25,025,Boston city,census
BOS00737,Match,"15 BAYSWATER ST, EAST BOSTON, MA, 02128",-71.005556521352,42.385721558016,25,025,Boston city,census
BOS00738,Match,"23 BAYSWATER ST, EAST BOSTON, MA, 02128",-71.005472173305,42.385585870066,25,025,Boston city,census
BOS00739,Match,"29 BAYSWATER ST, EAST BOSTON, MA, 02128",-71.00540891227,42.385484104103,25,025,Boston city,census
BOS00740,Match,"37 BAYSWATER ST, EAST BOSTON, MA, 02128",-71.005281756025,42.385280501065,25,025,Boston city,census
BOS00741,Match,"49 BAYSWATER ST, EAST BOSTON, MA, 02128",-71.005158701538,42.385084130965,25,025,Boston city,census
BOS00742,Match,"53 BAYSWATER ST, EAST BOSTON, MA, 02128",-71.005117683376,42.385018674265,25,025,Boston city,census
BOS00743,Match,"26 THURSTON ST, EAST BOSTON, MA, 02128",-71.00600568918,42.385244084986,25,025,Boston city,census
BOS00744,Match,"18 THURSTON ST, EAST BOSTON, MA, 02128",-71.006105502017,42.385416343762,25,025,Boston city,census
BOS00745,Match,"14 THURSTON ST, EAST BOSTON, MA, 02128",-71.006155408435,42.385502473149,25,025,Boston city,census
BOS00746,Match,"12 THURSTON ST, EAST BOSTON, MA, 02128",-71.006180361644,42.385545537843,25,025,Boston city,census
BOS00747,Match,"10 THURSTON ST, EAST BOSTON, MA, 02128",-71.006205314854,42.385588602537,25,025,Boston city,census
BOS00748,Match,"8 THURSTON ST, EAST BOSTON, MA, 02128",-71.006230268063,42.385631667231,25,025,Boston city,census
BOS00749,Match,"7 BARNES AVE, EAST BOSTON, MA, 02128",-71.005944970311,42.385880393309,25,025,Boston city,census
BOS00750,Match,"87 SAINT ANDREW RD, EAST BOSTON, MA, 02128",-71.001095491772,42.383872312777,25,025,Boston city,census
BOS00751,Match,"91 SAINT ANDREW RD, EAST BOSTON, MA, 02128",-71.000927788889,42.383810979806,25,025,Boston city,census
BOS00752,Match,"97 SAINT ANDREW RD, EAST BOSTON, MA, 02128",-71.000676217625,42.383715180764,25,025,Boston city,census
BOS00753,Match,"101 SAINT ANDREW RD, EAST BOSTON, MA, 02128",-71.00050850345,42.383651314736,25,025,Boston city,census
BOS00754,Match,"144 BAYSWATER ST, EAST BOSTON, MA, 02128",-71.000833401742,42.383134007645,25,025,Boston city,census
BOS00755,Match,"140 BAYSWATER ST, EAST BOSTON, MA, 02128",-71.00101430689,42.383230608602,25,025,Boston city,census
BOS00756,Match,"146 BAYSWATER ST, EAST BOSTON, MA, 02128",-71.000706845126,42.383062169749,25,025,Boston city,census
BOS00757,Match,"14 LILLIAN ST, EAST BOSTON, MA, 02128",-71.000411400298,42.383534459624,25,025,Boston city,census
BOS00758,Match,"103 SAINT ANDREW RD, EAST BOSTON, MA, 02128",-71.000370571785,42.383598815154,25,025,Boston city,census
BOS00759,Match,"105 SAINT ANDREW RD, EAST BOSTON, MA, 02128",-71.000299434903,42.383571751928,25,025,Boston city,census
BOS00760,Match,"109 SAINT ANDREW RD, EAST BOSTON, MA, 02128",-71.000157161139,42.383517625476,25,025,Boston city,census
BOS00761,Match,"113 SAINT ANDREW RD, EAST BOSTON, MA, 02128",-71.000014887375,42.383463499025,25,025,Boston city,census
BOS00762,Match,"25 TEREGRAM ST, EAST BOSTON, MA, 02128",-70.999821840327,42.383347834781,25,025,Boston city,census
BOS00763,Match,"160 BAYSWATER ST, EAST BOSTON, MA, 02128",-71.000254614431,42.382789551933,25,025,Boston city,census
BOS00764,Match,"154 BAYSWATER ST, EAST BOSTON, MA, 02128",-71.000448427586,42.38290638814,25,025,Boston city,census
BOS00765,Match,"30 TEREGRAM ST, EAST BOSTON, MA, 02128",-70.999714030371,42.383249237417,25,025,Boston city,census
BOS00766,Match,"26 TEREGRAM ST, EAST BOSTON, MA, 02128",-70.999692774786,42.383281741828,25,025,Boston city,census
BOS00767,Match,"121 SAINT ANDREW RD, EAST BOSTON, MA, 02128",-70.999659115501,42.383330968463,25,025,Boston city,census
BOS00768,Match,"123 SAINT ANDREW RD, EAST BOSTON, MA, 02128",-70.999453066119,42.38326065452,25,025,Boston city,census
BOS00769,Match,"127 SAINT ANDREW RD, EAST BOSTON, MA, 02128",-70.999040967356,42.383120026635,25,025,Boston city,census
BOS00770,Match,"174 BAYSWATER ST, EAST BOSTON, MA, 02128",-70.999782292879,42.382530573498,25,025,Boston city,census
BOS00771,Match,"170 BAYSWATER ST, EAST BOSTON, MA, 02128",-70.999897668204,42.382591624625,25,025,Boston city,census
BOS00772,Match,"166 BAYSWATER ST, EAST BOSTON, MA, 02128",-71.000013043528,42.382652675753,25,025,Boston city,census
BOS00773,Match,"21 ANNAVOY ST, EAST BOSTON, MA, 02128",-70.998398255018,42.382711271464,25,025,Boston city,census
BOS00774,Match,"188 BAYSWATER ST, EAST BOSTON, MA, 02128",-70.999239088307,42.382259180569,25,025,Boston city,census
BOS00775,Match,"186 BAYSWATER ST, EAST BOSTON, MA, 02128",-70.999367239439,42.38230872886,25,025,Boston city,census
BOS00776,Match,"140 SAINT ANDREW RD, EAST BOSTON, MA, 02128",-70.999223163435,42.383308429687,25,025,Boston city,census
BOS00777,Match,"2 TEREGRAM ST, EAST BOSTON, MA, 02128",-70.999271117251,42.383885674095,25,025,Boston city,census
BOS00778,Match,"1179 SARATOGA ST, EAST BOSTON, MA, 02128",-70.998722620991,42.383689990664,25,025,Boston city,census
BOS00779,Match,"1181 SARATOGA ST, EAST BOSTON, MA, 02128",-70.998644505896,42.383662304038,25,025,Boston city,census
BOS00780,Match,"1183 SARATOGA ST, EAST BOSTON, MA, 02128",-70.998566390801,42.383634617412,25,025,Boston city,census
BOS00781,Match,"1187 SARATOGA ST, EAST BOSTON, MA, 02128",-70.998410160611,42.383579244161,25,025,Boston city,census
BOS00782,Match,"1189 SARATOGA ST, EAST BOSTON, MA, 02128",-70.998332045516,42.383551557535,25,025,Boston city,census
BOS00783,Match,"1193 SARATOGA ST, EAST BOSTON, MA, 02128",-70.998175815326,42.383496184284,25,025,Boston city,census
BOS00784,Match,"1197 SARATOGA ST, EAST BOSTON, MA, 02128",-70.998019585136,42.383440811033,25,025,Boston city,census
BOS00785,Match,"154 SAINT ANDREW RD, EAST BOSTON, MA, 02128",-70.998784489524,42.383158770963,25,025,Boston city,census
BOS00786,Match,"152 SAINT ANDREW RD, EAST BOSTON, MA, 02128",-70.998809787257,42.383167395836,25,025,Boston city,census
BOS00787,Match,"150 SAINT ANDREW RD, EAST BOSTON, MA, 02128",-70.99883508499,42.38317602071,25,025,Boston city,census
BOS00788,Match,"148 SAINT ANDREW RD, EAST BOSTON, MA, 02128",-70.998975904177,42.383224052956,25,025,Boston city,census
BOS00789,Match,"146 SAINT ANDREW RD, EAST BOSTON, MA, 02128",-70.999037718991,42.383245147139,25,025,Boston city,census
BOS00790,Match,"144 SAINT ANDREW RD, EAST BOSTON, MA, 02128",-70.999099533806,42.383266241321,25,025,Boston city,census
BOS00791,Match,"142 SAINT ANDREW RD, EAST BOSTON, MA, 02128",-70.999161348621,42.383287335504,25,025,Boston city,census
BOS00792,Match,"1135 SARATOGA ST, EAST BOSTON, MA, 02128",-71.00056144307,42.384372801682,25,025,Boston city,census
BOS00793,Match,"1141 SARATOGA ST, EAST BOSTON, MA, 02128",-71.000314347231,42.384279630412,25,025,Boston city,census
BOS00794,Match,"1145 SARATOGA ST, EAST BOSTON, MA, 02128",-71.000149616673,42.384217516232,25,025,Boston city,census
BOS00795,Match,"1149 SARATOGA ST, EAST BOSTON, MA, 02128",-70.999984886113,42.384155402051,25,025,Boston city,census
BOS00796,Match,"3 TEREGRAM ST, EAST BOSTON, MA, 02128",-70.999444326943,42.383888225643,25,025,Boston city,census
BOS00797,Match,"7 TEREGRAM ST, EAST BOSTON, MA, 02128",-70.999515709245,42.383787249139,25,025,Boston city,census
BOS00798,Match,"120 SAINT ANDREW RD, EAST BOSTON, MA, 02128",-71.000014989774,42.383592435195,25,025,Boston city,census
BOS00799,Match,"112 SAINT ANDREW RD, EAST BOSTON, MA, 02128",-71.000437414826,42.383753167217,25,025,Boston city,census
BOS00800,Match,"108 SAINT ANDREW RD, EAST BOSTON, MA, 02128",-71.00058416473,42.383809049992,25,025,Boston city,census
BOS00801,Match,"104 SAINT ANDREW RD, EAST BOSTON, MA, 02128",-71.000730914633,42.383864932766,25,025,Boston city,census
BOS00802,No_Match,,,,,,,
BOS00803,No_Match,,,,,,,
BOS00804,No_Match,,,,,,,
BOS00805,Match,"1193 BENNINGTON ST, EAST BOSTON, MA, 02128",-70.997153108321,42.38986097659,25,025,Boston city,census
BOS00806,Match,"1201 BENNINGTON ST, EAST BOSTON, MA, 02128",-70.997630267044,42.389502678303,25,025,Boston city,census
BOS00807,Match,"1209 BENNINGTON ST, EAST BOSTON, MA, 02128",-70.998107425767,42.389144380016,25,025,Boston city,census
BOS00808,Match,"1211 BENNINGTON ST, EAST BOSTON, MA, 02128",-70.998226715448,42.389054805444,25,025,Boston city,census
BOS00809,Match,"1215 BENNINGTON ST, EAST BOSTON, MA, 02128",-70.998465294809,42.3888756563,25,025,Boston city,census
BOS00810,Match,"1219 BENNINGTON ST, EAST BOSTON, MA, 02128",-70.997153108321,42.38986097659,25,025,Boston city,census
BOS00811,Match,"1223 BENNINGTON ST, EAST BOSTON, MA, 02128",-70.997677982916,42.389466848474,25,025,Boston city,census
BOS00812,Match,"1229 BENNINGTON ST, EAST BOSTON, MA, 02128",-70.998465294809,42.3888756563,25,025,Boston city,census
BOS00813,Match,"32 SWAN AVE, EAST BOSTON, MA, 02128",-70.997435234941,42.388742269762,25,025,Boston city,census
BOS00814,Match,"24 SWAN AVE, EAST BOSTON, MA, 02128",-70.997553843664,42.38865535524,25,025,Boston city,census
BOS00815,Match,"22 SWAN AVE, EAST BOSTON, MA, 02128",-70.997583495845,42.38863362661,25,025,Boston city,census
BOS00816,Match,"20 SWAN AVE, EAST BOSTON, MA, 02128",-70.997613148026,42.388611897979,25,025,Boston city,census
BOS00817,Match,"16 SWAN AVE, EAST BOSTON, MA, 02128",-70.997672452387,42.388568440718,25,025,Boston city,census
BOS00818,Match,"15 SWAN AVE, EAST BOSTON, MA, 02128",-70.997567413464,42.388483990055,25,025,Boston city,census
BOS00819,Match,"19 SWAN AVE, EAST BOSTON, MA, 02128",-70.997509319395,42.388526560434,25,025,Boston city,census
BOS00820,Match,"23 SWAN AVE, EAST BOSTON, MA, 02128",-70.997451225327,42.388569130812,25,025,Boston city,census
BOS00821,Match,"29 SWAN AVE, EAST BOSTON, MA, 02128",-70.997364084224,42.388632986379,25,025,Boston city,census
BOS00822,Match,"8 LAWN AVE, EAST BOSTON, MA, 02128",-70.996372783866,42.388529307796,25,025,Boston city,census
BOS00823,Match,"6 LAWN AVE, EAST BOSTON, MA, 02128",-70.996385949756,42.388517778408,25,025,Boston city,census
BOS00824,Match,"4 LAWN AVE, EAST BOSTON, MA, 02128",-70.996399115646,42.38850624902,25,025,Boston city,census
BOS00825,Match,"20 PALERMO ST, EAST BOSTON, MA, 02128",-70.997631819081,42.388330886876,25,025,Boston city,census
BOS00826,Match,"3 WALLEY ST, EAST BOSTON, MA, 02128",-70.998941368322,42.389374742822,25,025,Boston city,census
BOS00827,Match,"7 WALLEY ST, EAST BOSTON, MA, 02128",-70.998808702726,42.389565145552,25,025,Boston city,census
BOS00828,Match,"1024 BENNINGTON ST, EAST BOSTON, MA, 02128",-71.006024950291,42.387016013192,25,025,Boston city,census
BOS00829,Match,"7 BREED ST, EAST BOSTON, MA, 02128",-71.006497710833,42.387216382035,25,025,Boston city,census
BOS00830,Match,"44 ASHLEY ST, EAST BOSTON, MA, 02128",-71.0062125739,42.388059809327,25,025,Boston city,census
BOS00831,Match,"40 ASHLEY ST, EAST BOSTON, MA, 02128",-71.006000671739,42.388029710706,25,025,Boston city,census
BOS00832,Match,"14 ANTRIM ST, EAST BOSTON, MA, 02128",-71.005862600446,42.38719648672,25,025,Boston city,census
BOS00833,Match,"12 ANTRIM ST, EAST BOSTON, MA, 02128",-71.00586691305,42.387177757146,25,025,Boston city,census
BOS00834,Match,"10 ANTRIM ST, EAST BOSTON, MA, 02128",-71.005871225654,42.387159027571,25,025,Boston city,census
BOS00835,Match,"6 ANTRIM ST, EAST BOSTON, MA, 02128",-71.005879850862,42.387121568423,25,025,Boston city,census
BOS00836,No_Match,,,,,,,
BOS00837,Match,"1066 BENNINGTON ST, EAST BOSTON, MA, 02128",-71.004410171977,42.387542947615,25,025,Boston city,census
BOS00838,Match,"1064 BENNINGTON ST, EAST BOSTON, MA, 02128",-71.004466039434,42.387524688322,25,025,Boston city,census
BOS00839,Match,"1062 BENNINGTON ST, EAST BOSTON, MA, 02128",-71.004521906891,42.387506429028,25,025,Boston city,census
BOS00840,Match,"1058 BENNINGTON ST, EAST BOSTON, MA, 02128",-71.004633641805,42.387469910441,25,025,Boston city,census
BOS00841,Match,"1056 BENNINGTON ST, EAST BOSTON, MA, 02128",-71.004689509262,42.387451651148,25,025,Boston city,census
BOS00842,Match,"1054 BENNINGTON ST, EAST BOSTON, MA, 02128",-71.004745376718,42.387433391854,25,025,Boston city,census
BOS00843,Match,"1052 BENNINGTON ST, EAST BOSTON, MA, 02128",-71.004801244175,42.387415132561,25,025,Boston city,census
BOS00844,Match,"1046 BENNINGTON ST, EAST BOSTON, MA, 02128",-71.004968846546,42.38736035468,25,025,Boston city,census
BOS00845,Match,"5 ANTRIM ST, EAST BOSTON, MA, 02128",-71.005727077968,42.387101591347,25,025,Boston city,census
BOS00846,Match,"7 ANTRIM ST, EAST BOSTON, MA, 02128",-71.005722853377,42.387119938685,25,025,Boston city,census
BOS00847,Match,"9 ANTRIM ST, EAST BOSTON, MA, 02128",-71.005718628785,42.387138286024,25,025,Boston city,census
BOS00848,Match,"11 ANTRIM ST, EAST BOSTON, MA, 02128",-71.005714404193,42.387156633362,25,025,Boston city,census
BOS00849,Match,"32 ASHLEY ST, EAST BOSTON, MA, 02128",-71.005527771774,42.387964312301,25,025,Boston city,census
BOS00850,Match,"26 ASHLEY ST, EAST BOSTON, MA, 02128",-71.00519441221,42.387924563383,25,025,Boston city,census
BOS00851,Match,"22 ASHLEY ST, EAST BOSTON, MA, 02128",-71.004972172502,42.387898064104,25,025,Boston city,census
BOS00852,Match,"18 ASHLEY ST, EAST BOSTON, MA, 02128",-71.004749932793,42.387871564825,25,025,Boston city,census
BOS00853,Match,"7 FORD ST, EAST BOSTON, MA, 02128",-71.007555853223,42.387212424325,25,025,Boston city,census
BOS00854,Match,"11 FORD ST, EAST BOSTON, MA, 02128",-71.007288193939,42.387303719919,25,025,Boston city,census
BOS00855,Match,"10 BREED ST, EAST BOSTON, MA, 02128",-71.006590836507,42.387089498612,25,025,Boston city,census
BOS00856,Match,"951 SARATOGA ST, EAST BOSTON, MA, 02128",-71.010048824858,42.38634953659,25,025,Boston city,census
BOS00857,Match,"953 SARATOGA ST, EAST BOSTON, MA, 02128",-71.010002846494,42.386365829981,25,025,Boston city,census
BOS00858,Match,"957 SARATOGA ST, EAST BOSTON, MA, 02128",-71.009910889767,42.386398416763,25,025,Boston city,census
BOS00859,Match,"959 SARATOGA ST, EAST BOSTON, MA, 02128",-71.009864911403,42.386414710155,25,025,Boston city,census
BOS00860,Match,"961 SARATOGA ST, EAST BOSTON, MA, 02128",-71.00981893304,42.386431003546,25,025,Boston city,census
BOS00861,Match,"963 SARATOGA ST, EAST BOSTON, MA, 02128",-71.009772954676,42.386447296937,25,025,Boston city,census
BOS00862,Match,"965 SARATOGA ST, EAST BOSTON, MA, 02128",-71.009726976312,42.386463590328,25,025,Boston city,census
BOS00863,Match,"967 SARATOGA ST, EAST BOSTON, MA, 02128",-71.009680997949,42.386479883719,25,025,Boston city,census
BOS00864,Match,"972 BENNINGTON ST, EAST BOSTON, MA, 02128",-71.007367191712,42.386570625529,25,025,Boston city,census
BOS00865,Match,"970 BENNINGTON ST, EAST BOSTON, MA, 02128",-71.007402004438,42.386558804455,25,025,Boston city,census
BOS00866,Match,"968 BENNINGTON ST, EAST BOSTON, MA, 02128",-71.007436817163,42.386546983381,25,025,Boston city,census
BOS00867,Match,"966 BENNINGTON ST, EAST BOSTON, MA, 02128",-71.007471629889,42.386535162307,25,025,Boston city,census
BOS00868,Match,"964 BENNINGTON ST, EAST BOSTON, MA, 02128",-71.007506442615,42.386523341233,25,025,Boston city,census
BOS00869,Match,"962 BENNINGTON ST, EAST BOSTON, MA, 02128",-71.00754125534,42.386511520159,25,025,Boston city,census
BOS00870,Match,"960 BENNINGTON ST, EAST BOSTON, MA, 02128",-71.007576068066,42.386499699085,25,025,Boston city,census
BOS00871,Match,"29 BREED ST, EAST BOSTON, MA, 02128",-71.006397692198,42.388205066567,25,025,Boston city,census
BOS00872,Match,"31 BREED ST, EAST BOSTON, MA, 02128",-71.006384415889,42.388269835823,25,025,Boston city,census
BOS00873,Match,"33 BREED ST, EAST BOSTON, MA, 02128",-71.006371139581,42.388334605079,25,025,Boston city,census
BOS00874,Match,"35 BREED ST, EAST BOSTON, MA, 02128",-71.006357863273,42.388399374334,25,025,Boston city,census
BOS00875,Match,"149 LEYDEN ST, EAST BOSTON, MA, 02128",-71.006266105283,42.388852127565,25,025,Boston city,census
BOS00876,Match,"153 LEYDEN ST, EAST BOSTON, MA, 02128",-71.006061709717,42.388827220246,25,025,Boston city,census
BOS00877,Match,"175 LEYDEN ST, EAST BOSTON, MA, 02128",-71.004937534107,42.38869022999,25,025,Boston city,census
BOS00878,Match,"177 LEYDEN ST, EAST BOSTON, MA, 02128",-71.004835336324,42.38867777633,25,025,Boston city,census
BOS00879,Match,"183 LEYDEN ST, EAST BOSTON, MA, 02128",-71.004528742975,42.388640415351,25,025,Boston city,census
BOS00880,Match,"19 ASHLEY ST, EAST BOSTON, MA, 02128",-71.004836326234,42.387997941358,25,025,Boston city,census
BOS00881,Match,"19 ASHLEY ST, EAST BOSTON, MA, 02128",-71.004836326234,42.387997941358,25,025,Boston city,census
BOS00882,Match,"21 ASHLEY ST, EAST BOSTON, MA, 02128",-71.004947446088,42.388011190998,25,025,Boston city,census
BOS00883,Match,"21 ASHLEY ST, EAST BOSTON, MA, 02128",-71.004947446088,42.388011190998,25,025,Boston city,census
BOS00884,Match,"23 ASHLEY ST, EAST BOSTON, MA, 02128",-71.005058565943,42.388024440637,25,025,Boston city,census
BOS00885,Match,"25 ASHLEY ST, EAST BOSTON, MA, 02128",-71.005169685797,42.388037690277,25,025,Boston city,census
BOS00886,Match,"33 ASHLEY ST, EAST BOSTON, MA, 02128",-71.005653518775,42.388097092284,25,025,Boston city,census
BOS00887,Match,"35 ASHLEY ST, EAST BOSTON, MA, 02128",-71.005838933166,42.388123428578,25,025,Boston city,census
BOS00888,Match,"39 ASHLEY ST, EAST BOSTON, MA, 02128",-71.006209761947,42.388176101165,25,025,Boston city,census
BOS00889,Match,"41 ASHLEY ST, EAST BOSTON, MA, 02128",-71.006395176338,42.388202437458,25,025,Boston city,census
BOS00890,Match,"215 LEYDEN ST, EAST BOSTON, MA, 02128",-71.003236736574,42.388506454126,25,025,Boston city,census
BOS00891,Match,"219 LEYDEN ST, EAST BOSTON, MA, 02128",-71.00314802237,42.388506328446,25,025,Boston city,census
BOS00892,Match,"225 LEYDEN ST, EAST BOSTON, MA, 02128",-71.003014951064,42.388506139926,25,025,Boston city,census
BOS00893,Match,"231 LEYDEN ST, EAST BOSTON, MA, 02128",-71.002881879758,42.388505951406,25,025,Boston city,census
BOS00894,Match,"239 LEYDEN ST, EAST BOSTON, MA, 02128",-71.002704451351,42.388505700045,25,025,Boston city,census
BOS00895,Match,"249 LEYDEN ST, EAST BOSTON, MA, 02128",-71.002482665841,42.388505385845,25,025,Boston city,census
BOS00896,Match,"1118 BENNINGTON ST, EAST BOSTON, MA, 02128",-71.002398288355,42.387979317874,25,025,Boston city,census
BOS00897,Match,"1114 BENNINGTON ST, EAST BOSTON, MA, 02128",-71.002464914216,42.387960424802,25,025,Boston city,census
BOS00898,Match,"1106 BENNINGTON ST, EAST BOSTON, MA, 02128",-71.002593400902,42.387927556968,25,025,Boston city,census
BOS00899,Match,"1102 BENNINGTON ST, EAST BOSTON, MA, 02128",-71.002661969131,42.387912938805,25,025,Boston city,census
BOS00900,Match,"1100 BENNINGTON ST, EAST BOSTON, MA, 02128",-71.002808747471,42.38788407077,25,025,Boston city,census
BOS00901,Match,"1096 BENNINGTON ST, EAST BOSTON, MA, 02128",-71.003034486857,42.387852973823,25,025,Boston city,census
BOS00902,Match,"1092 BENNINGTON ST, EAST BOSTON, MA, 02128",-71.003223688463,42.387845967635,25,025,Boston city,census
BOS00903,Match,"1088 BENNINGTON ST, EAST BOSTON, MA, 02128",-71.003315720167,42.38784097639,25,025,Boston city,census
BOS00904,Match,"1 BLACKINTON ST, EAST BOSTON, MA, 02128",-71.003684255628,42.387861608232,25,025,Boston city,census
BOS00905,Match,"7 BLACKINTON ST, EAST BOSTON, MA, 02128",-71.00367641431,42.38790211148,25,025,Boston city,census
BOS00906,Match,"11 BLACKINTON ST, EAST BOSTON, MA, 02128",-71.003671186765,42.387929113645,25,025,Boston city,census
BOS00907,Match,"8 FORD ST, EAST BOSTON, MA, 02128",-71.007493997865,42.387359896968,25,025,Boston city,census
BOS00908,Match,"8 FORD ST, EAST BOSTON, MA, 02128",-71.007493997865,42.387359896968,25,025,Boston city,census
BOS00909,Match,"6 FORD ST, EAST BOSTON, MA, 02128",-71.007663453111,42.387301891988,25,025,Boston city,census
BOS00910,Match,"4 FORD ST, EAST BOSTON, MA, 02128",-71.007832908358,42.387243887007,25,025,Boston city,census
BOS00911,Match,"9 BOARDMAN ST, EAST BOSTON, MA, 02128",-71.00833322232,42.38742797722,25,025,Boston city,census
BOS00912,Match,"11 BOARDMAN ST, EAST BOSTON, MA, 02128",-71.008405815759,42.387484726428,25,025,Boston city,census
BOS00913,Match,"15 BOARDMAN ST, EAST BOSTON, MA, 02128",-71.008551002637,42.387598224843,25,025,Boston city,census
BOS00914,Match,"19 BOARDMAN ST, EAST BOSTON, MA, 02128",-71.008696189516,42.387711723259,25,025,Boston city,census
BOS00915,Match,"23 BOARDMAN ST, EAST BOSTON, MA, 02128",-71.008841376394,42.387825221675,25,025,Boston city,census
BOS00916,Match,"49 BOARDMAN ST, EAST BOSTON, MA, 02128",-71.009783958919,42.388562714639,25,025,Boston city,census
BOS00917,Match,"53 BOARDMAN ST, EAST BOSTON, MA, 02128",-71.009927123649,42.388677607426,25,025,Boston city,census
BOS00918,Match,"100 ASHLEY ST, EAST BOSTON, MA, 02128",-71.008018153828,42.388297517515,25,025,Boston city,census
BOS00919,Match,"92 ASHLEY ST, EAST BOSTON, MA, 02128",-71.007784749856,42.388256174431,25,025,Boston city,census
BOS00920,Match,"88 ASHLEY ST, EAST BOSTON, MA, 02128",-71.007671187971,42.388237416147,25,025,Boston city,census
BOS00921,Match,"16 WHITBY ST, EAST BOSTON, MA, 02128",-71.007589591075,42.387500640373,25,025,Boston city,census
BOS00922,Match,"12 WHITBY ST, EAST BOSTON, MA, 02128",-71.007562515704,42.387459933435,25,025,Boston city,census
BOS00923,Match,"10 WHITBY ST, EAST BOSTON, MA, 02128",-71.007548978018,42.387439579967,25,025,Boston city,census
BOS00924,Match,"9 WHITBY ST, EAST BOSTON, MA, 02128",-71.007408623187,42.387488445528,25,025,Boston city,census
BOS00925,Match,"21 WHITBY ST, EAST BOSTON, MA, 02128",-71.007488191625,42.387608074078,25,025,Boston city,census
BOS00926,Match,"52 ASHLEY ST, EAST BOSTON, MA, 02128",-71.006631734412,42.388115143196,25,025,Boston city,census
BOS00927,Match,"46 BREED ST, EAST BOSTON, MA, 02128",-71.006451519689,42.388707989203,25,025,Boston city,census
BOS00928,Match,"42 BREED ST, EAST BOSTON, MA, 02128",-71.00648471046,42.388546066064,25,025,Boston city,census
BOS00929,Match,"40 BREED ST, EAST BOSTON, MA, 02128",-71.006501305845,42.388465104494,25,025,Boston city,census
BOS00930,Match,"49 ASHLEY ST, EAST BOSTON, MA, 02128",-71.00671504463,42.388240200257,25,025,Boston city,census
BOS00931,Match,"87 ASHLEY ST, EAST BOSTON, MA, 02128",-71.007743608926,42.388366800911,25,025,Boston city,census
BOS00932,Match,"91 ASHLEY ST, EAST BOSTON, MA, 02128",-71.007851347124,42.388384597232,25,025,Boston city,census
BOS00933,Match,"115 ASHLEY ST, EAST BOSTON, MA, 02128",-71.008478116181,42.388527345552,25,025,Boston city,census
BOS00934,Match,"145 ASHLEY ST, EAST BOSTON, MA, 02128",-71.009239345055,42.388744674057,25,025,Boston city,census
BOS00935,Match,"111 BOARDMAN ST, EAST BOSTON, MA, 02128",-71.012034792026,42.390383354668,25,025,Boston city,census
BOS00936,Match,"29 LEYDEN ST, EAST BOSTON, MA, 02128",-71.011486351175,42.390432562879,25,025,Boston city,census
BOS00937,Match,"55 LEYDEN ST, EAST BOSTON, MA, 02128",-71.010434166651,42.389985476391,25,025,Boston city,census
BOS00938,Match,"61 LEYDEN ST, EAST BOSTON, MA, 02128",-71.010191884445,42.389881314537,25,025,Boston city,census
BOS00939,Match,"63 LEYDEN ST, EAST BOSTON, MA, 02128",-71.01011112371,42.389846593919,25,025,Boston city,census
BOS00940,Match,"67 LEYDEN ST, EAST BOSTON, MA, 02128",-71.009949602239,42.389777152683,25,025,Boston city,census
BOS00941,Match,"71 LEYDEN ST, EAST BOSTON, MA, 02128",-71.009788080768,42.389707711447,25,025,Boston city,census
BOS00942,Match,"75 LEYDEN ST, EAST BOSTON, MA, 02128",-71.009626559298,42.389638270211,25,025,Boston city,census
BOS00943,Match,"79 LEYDEN ST, EAST BOSTON, MA, 02128",-71.009452255206,42.389569704899,25,025,Boston city,census
BOS00944,Match,"83 LEYDEN ST, EAST BOSTON, MA, 02128",-71.009279105558,42.389517753656,25,025,Boston city,census
BOS00945,Match,"87 LEYDEN ST, EAST BOSTON, MA, 02128",-71.009105955909,42.389465802414,25,025,Boston city,census
BOS00946,Match,"91 LEYDEN ST, EAST BOSTON, MA, 02128",-71.00893280626,42.389413851172,25,025,Boston city,census
BOS00947,Match,"93 LEYDEN ST, EAST BOSTON, MA, 02128",-71.008846231436,42.389387875551,25,025,Boston city,census
BOS00948,Match,"101 LEYDEN ST, EAST BOSTON, MA, 02128",-71.008499932138,42.389283973066,25,025,Boston city,census
BOS00949,Match,"103 LEYDEN ST, EAST BOSTON, MA, 02128",-71.008413357314,42.389257997445,25,025,Boston city,census
BOS00950,Match,"109 LEYDEN ST, EAST BOSTON, MA, 02128",-71.00815363284,42.389180070581,25,025,Boston city,census
BOS00951,Match,"113 LEYDEN ST, EAST BOSTON, MA, 02128",-71.007980483192,42.389128119339,25,025,Boston city,census
BOS00952,Match,"115 LEYDEN ST, EAST BOSTON, MA, 02128",-71.007893908367,42.389102143718,25,025,Boston city,census
BOS00953,Match,"125 LEYDEN ST, EAST BOSTON, MA, 02128",-71.007432373463,42.389001862238,25,025,Boston city,census
BOS00954,Match,"129 LEYDEN ST, EAST BOSTON, MA, 02128",-71.007248263677,42.388978139913,25,025,Boston city,census
BOS00955,Match,"131 LEYDEN ST, EAST BOSTON, MA, 02128",-71.007156208784,42.38896627875,25,025,Boston city,census
BOS00956,Match,"137 LEYDEN ST, EAST BOSTON, MA, 02128",-71.006880044104,42.388930695263,25,025,Boston city,census
BOS00957,Match,"139 LEYDEN ST, EAST BOSTON, MA, 02128",-71.006787989211,42.3889188341,25,025,Boston city,census
BOS00958,Match,"90 GLADSTONE ST, EAST BOSTON, MA, 02128",-71.003689638659,42.389158486287,25,025,Boston city,census
BOS00959,Match,"88 GLADSTONE ST, EAST BOSTON, MA, 02128",-71.00360941032,42.389154873221,25,025,Boston city,census
BOS00960,Match,"72 GLADSTONE ST, EAST BOSTON, MA, 02128",-71.002966226686,42.389128158586,25,025,Boston city,census
BOS00961,Match,"66 GLADSTONE ST, EAST BOSTON, MA, 02128",-71.002725343923,42.389120064672,25,025,Boston city,census
BOS00962,Match,"60 GLADSTONE ST, EAST BOSTON, MA, 02128",-71.002390672216,42.389108641764,25,025,Boston city,census
BOS00963,Match,"56 GLADSTONE ST, EAST BOSTON, MA, 02128",-71.00219167753,42.389101755609,25,025,Boston city,census
BOS00964,Match,"46 GLADSTONE ST, EAST BOSTON, MA, 02128",-71.001693646947,42.389085243161,25,025,Boston city,census
BOS00965,Match,"40 GLADSTONE ST, EAST BOSTON, MA, 02128",-71.00139507082,42.389076340651,25,025,Boston city,census
BOS00966,Match,"34 GLADSTONE ST, EAST BOSTON, MA, 02128",-71.001096494694,42.389067438141,25,025,Boston city,census
BOS00967,Match,"24 GLADSTONE ST, EAST BOSTON, MA, 02128",-71.000600813459,42.389051964981,25,025,Boston city,census
BOS00968,Match,"18 GLADSTONE ST, EAST BOSTON, MA, 02128",-71.000302621732,42.389037670935,25,025,Boston city,census
BOS00969,Match,"8 GLADSTONE ST, EAST BOSTON, MA, 02128",-70.999805635522,42.389013847526,25,025,Boston city,census
BOS00970,Match,"1148 BENNINGTON ST, EAST BOSTON, MA, 02128",-71.001915800774,42.388142739212,25,025,Boston city,census
BOS00971,Match,"1144 BENNINGTON ST, EAST BOSTON, MA, 02128",-71.001980923495,42.388121175337,25,025,Boston city,census
BOS00972,Match,"258 LEYDEN ST, EAST BOSTON, MA, 02128",-71.001185109618,42.388618944045,25,025,Boston city,census
BOS00973,Match,"256 LEYDEN ST, EAST BOSTON, MA, 02128",-71.001219055013,42.388618746306,25,025,Boston city,census
BOS00974,Match,"252 LEYDEN ST, EAST BOSTON, MA, 02128",-71.00145703678,42.388618524434,25,025,Boston city,census
BOS00975,Match,"250 LEYDEN ST, EAST BOSTON, MA, 02128",-71.001540632857,42.388618642864,25,025,Boston city,census
BOS00976,Match,"246 LEYDEN ST, EAST BOSTON, MA, 02128",-71.00170782501,42.388618879723,25,025,Boston city,census
BOS00977,Match,"244 LEYDEN ST, EAST BOSTON, MA, 02128",-71.001791421087,42.388618998152,25,025,Boston city,census
BOS00978,Match,"242 LEYDEN ST, EAST BOSTON, MA, 02128",-71.001875017164,42.388619116581,25,025,Boston city,census
BOS00979,Match,"240 LEYDEN ST, EAST BOSTON, MA, 02128",-71.00195861324,42.388619235011,25,025,Boston city,census
BOS00980,Match,"226 LEYDEN ST, EAST BOSTON, MA, 02128",-71.002543785777,42.388620064016,25,025,Boston city,census
BOS00981,Match,"218 LEYDEN ST, EAST BOSTON, MA, 02128",-71.002878170084,42.388620537734,25,025,Boston city,census
BOS00982,Match,"200 LEYDEN ST, EAST BOSTON, MA, 02128",-71.003685904253,42.388653848633,25,025,Boston city,census
BOS00983,Match,"172 GLADSTONE ST, EAST BOSTON, MA, 02128",-71.007283122006,42.38956286995,25,025,Boston city,census
BOS00984,Match,"136 GLADSTONE ST, EAST BOSTON, MA, 02128",-71.006348413512,42.389425742483,25,025,Boston city,census
BOS00985,Match,"126 GLADSTONE ST, EAST BOSTON, MA, 02128",-71.005778703529,42.389359772626,25,025,Boston city,census
BOS00986,Match,"124 GLADSTONE ST, EAST BOSTON, MA, 02128",-71.005658260449,42.389346137072,25,025,Boston city,census
BOS00987,Match,"122 GLADSTONE ST, EAST BOSTON, MA, 02128",-71.005539752569,42.389331332887,25,025,Boston city,census
BOS00988,Match,"120 GLADSTONE ST, EAST BOSTON, MA, 02128",-71.005419730394,42.389315804844,25,025,Boston city,census
BOS00989,Match,"118 GLADSTONE ST, EAST BOSTON, MA, 02128",-71.005299708219,42.3893002768,25,025,Boston city,census
BOS00990,Match,"116 GLADSTONE ST, EAST BOSTON, MA, 02128",-71.005179686044,42.389284748758,25,025,Boston city,census
BOS00991,Match,"114 GLADSTONE ST, EAST BOSTON, MA, 02128",-71.005059663869,42.389269220715,25,025,Boston city,census
BOS00992,Match,"112 GLADSTONE ST, EAST BOSTON, MA, 02128",-71.004939641694,42.389253692672,25,025,Boston city,census
BOS00993,Match,"110 GLADSTONE ST, EAST BOSTON, MA, 02128",-71.004817618646,42.389239499861,25,025,Boston city,census
BOS00994,Match,"108 GLADSTONE ST, EAST BOSTON, MA, 02128",-71.004697169009,42.389225897385,25,025,Boston city,census
BOS00995,Match,"104 GLADSTONE ST, EAST BOSTON, MA, 02128",-71.004456269735,42.389198692434,25,025,Boston city,census
BOS00996,Match,"102 GLADSTONE ST, EAST BOSTON, MA, 02128",-71.004328399242,42.389187111705,25,025,Boston city,census
BOS00997,Match,"186 LEYDEN ST, EAST BOSTON, MA, 02128",-71.004373773945,42.388737671342,25,025,Boston city,census
BOS00998,Match,"182 LEYDEN ST, EAST BOSTON, MA, 02128",-71.004570308143,42.388761620687,25,025,Boston city,census
BOS00999,Match,"180 LEYDEN ST, EAST BOSTON, MA, 02128",-71.004668575242,42.38877359536,25,025,Boston city,census
BOS01000,Match,"168 LEYDEN ST, EAST BOSTON, MA, 02128",-71.005258177835,42.388845443396,25,025,Boston city,census
BOS01001,Match,"166 LEYDEN ST, EAST BOSTON, MA, 02128",-71.005356444933,42.388857418069,25,025,Boston city,census
BOS01002,Match,"164 LEYDEN ST, EAST BOSTON, MA, 02128",-71.005454712032,42.388869392741,25,025,Boston city,census
BOS01003,Match,"160 LEYDEN ST, EAST BOSTON, MA, 02128",-71.00565124623,42.388893342087,25,025,Boston city,census
BOS01004,Match,"117 GLADSTONE ST, EAST BOSTON, MA, 02128",-71.004903981173,42.389365415284,25,025,Boston city,census
BOS01005,Match,"98 ORIENT AVE, EAST BOSTON, MA, 02128",-71.003111036827,42.390075069123,25,025,Boston city,census
BOS01006,Match,"90 ORIENT AVE, EAST BOSTON, MA, 02128",-71.002813858393,42.390064204525,25,025,Boston city,census
BOS01007,Match,"88 ORIENT AVE, EAST BOSTON, MA, 02128",-71.002739563784,42.390061488375,25,025,Boston city,census
BOS01008,Match,"84 ORIENT AVE, EAST BOSTON, MA, 02128",-71.002590974567,42.390056056075,25,025,Boston city,census
BOS01009,Match,"82 ORIENT AVE, EAST BOSTON, MA, 02128",-71.002516679958,42.390053339926,25,025,Boston city,census
BOS01010,Match,"80 ORIENT AVE, EAST BOSTON, MA, 02128",-71.002442385349,42.390050623776,25,025,Boston city,census
BOS01011,Match,"76 ORIENT AVE, EAST BOSTON, MA, 02128",-71.002293796132,42.390045191476,25,025,Boston city,census
BOS01012,Match,"72 ORIENT AVE, EAST BOSTON, MA, 02128",-71.002145206915,42.390039759177,25,025,Boston city,census
BOS01013,Match,"60 ORIENT AVE, EAST BOSTON, MA, 02128",-71.001593805386,42.39002291893,25,025,Boston city,census
BOS01014,Match,"54 ORIENT AVE, EAST BOSTON, MA, 02128",-71.001338183149,42.390016164859,25,025,Boston city,census
BOS01015,Match,"42 ORIENT AVE, EAST BOSTON, MA, 02128",-71.000822644094,42.389991891478,25,025,Boston city,census
BOS01016,Match,"40 ORIENT AVE, EAST BOSTON, MA, 02128",-71.000736720918,42.389987845915,25,025,Boston city,census
BOS01017,Match,"36 ORIENT AVE, EAST BOSTON, MA, 02128",-71.000564874567,42.389979754787,25,025,Boston city,census
BOS01018,Match,"32 ORIENT AVE, EAST BOSTON, MA, 02128",-71.000393028215,42.38997166366,25,025,Boston city,census
BOS01019,Match,"28 ORIENT AVE, EAST BOSTON, MA, 02128",-71.000221181863,42.389963572533,25,025,Boston city,census
BOS01020,Match,"24 ORIENT AVE, EAST BOSTON, MA, 02128",-71.000049335512,42.389955481406,25,025,Boston city,census
BOS01021,Match,"20 ORIENT AVE, EAST BOSTON, MA, 02128",-70.999853516944,42.389888476409,25,025,Boston city,census
BOS01022,Match,"16 ORIENT AVE, EAST BOSTON, MA, 02128",-70.9996646589,42.389811674186,25,025,Boston city,census
BOS01023,Match,"12 ORIENT AVE, EAST BOSTON, MA, 02128",-70.999486600366,42.389738221308,25,025,Boston city,census
BOS01024,Match,"8 ORIENT AVE, EAST BOSTON, MA, 02128",-70.999266746606,42.389606734427,25,025,Boston city,census
BOS01025,Match,"5 GLADSTONE ST, EAST BOSTON, MA, 02128",-70.999683765177,42.3891228381,25,025,Boston city,census
BOS01026,Match,"9 GLADSTONE ST, EAST BOSTON, MA, 02128",-70.999870135006,42.389131771879,25,025,Boston city,census
BOS01027,Match,"17 GLADSTONE ST, EAST BOSTON, MA, 02128",-71.000242874664,42.389149639436,25,025,Boston city,census
BOS01028,Match,"21 GLADSTONE ST, EAST BOSTON, MA, 02128",-71.000429244493,42.389158573214,25,025,Boston city,census
BOS01029,Match,"25 GLADSTONE ST, EAST BOSTON, MA, 02128",-71.000615614322,42.389167506992,25,025,Boston city,census
BOS01030,Match,"33 GLADSTONE ST, EAST BOSTON, MA, 02128",-71.000990711014,42.389178968783,25,025,Boston city,census
BOS01031,Match,"37 GLADSTONE ST, EAST BOSTON, MA, 02128",-71.001177321093,42.389184532852,25,025,Boston city,census
BOS01032,Match,"47 GLADSTONE ST, EAST BOSTON, MA, 02128",-71.001643846291,42.389198443024,25,025,Boston city,census
BOS01033,Match,"57 GLADSTONE ST, EAST BOSTON, MA, 02128",-71.002109793254,42.389213639131,25,025,Boston city,census
BOS01034,Match,"61 GLADSTONE ST, EAST BOSTON, MA, 02128",-71.002296350772,42.389220094901,25,025,Boston city,census
BOS01035,Match,"65 GLADSTONE ST, EAST BOSTON, MA, 02128",-71.002482908289,42.389226550672,25,025,Boston city,census
BOS01036,Match,"69 GLADSTONE ST, EAST BOSTON, MA, 02128",-71.002736822255,42.389235160273,25,025,Boston city,census
BOS01037,Match,"71 GLADSTONE ST, EAST BOSTON, MA, 02128",-71.002835645953,42.389238480853,25,025,Boston city,census
BOS01038,Match,"81 GLADSTONE ST, EAST BOSTON, MA, 02128",-71.003328425547,42.389257023361,25,025,Boston city,census
BOS01039,Match,"85 GLADSTONE ST, EAST BOSTON, MA, 02128",-71.003525910688,42.389265917064,25,025,Boston city,census
BOS01040,Match,"93 GLADSTONE ST, EAST BOSTON, MA, 02128",-71.003920880971,42.38928370447,25,025,Boston city,census
BOS01041,Match,"165 GLADSTONE ST, EAST BOSTON, MA, 02128",-71.006881251459,42.389619075423,25,025,Boston city,census
BOS01042,Match,"175 GLADSTONE ST, EAST BOSTON, MA, 02128",-71.007319777461,42.389685380244,25,025,Boston city,census
BOS01043,Match,"183 GLADSTONE ST, EAST BOSTON, MA, 02128",-71.007642416975,42.389750280107,25,025,Boston city,census
BOS01044,Match,"189 GLADSTONE ST, EAST BOSTON, MA, 02128",-71.007784512034,42.38978575845,25,025,Boston city,census
BOS01045,Match,"191 GLADSTONE ST, EAST BOSTON, MA, 02128",-71.007831877054,42.389797584564,25,025,Boston city,census
BOS01046,Match,"199 GLADSTONE ST, EAST BOSTON, MA, 02128",-71.008021337134,42.389844889021,25,025,Boston city,census
BOS01047,Match,"203 GLADSTONE ST, EAST BOSTON, MA, 02128",-71.008116067173,42.38986854125,25,025,Boston city,census
BOS01048,Match,"207 GLADSTONE ST, EAST BOSTON, MA, 02128",-71.008207411069,42.389891847618,25,025,Boston city,census
BOS01049,Match,"211 GLADSTONE ST, EAST BOSTON, MA, 02128",-71.008300673646,42.38991849236,25,025,Boston city,census
BOS01050,Match,"215 GLADSTONE ST, EAST BOSTON, MA, 02128",-71.008393936224,42.389945137102,25,025,Boston city,census
BOS01051,Match,"231 GLADSTONE ST, EAST BOSTON, MA, 02128",-71.008766986533,42.390051716072,25,025,Boston city,census
BOS01052,Match,"252 ORIENT AVE, EAST BOSTON, MA, 02128",-71.010236555972,42.391525198454,25,025,Boston city,census
BOS01053,Match,"240 ORIENT AVE, EAST BOSTON, MA, 02128",-71.010042443823,42.391453399529,25,025,Boston city,census
BOS01054,Match,"230 ORIENT AVE, EAST BOSTON, MA, 02128",-71.009615468609,42.391292721992,25,025,Boston city,census
BOS01055,Match,"226 ORIENT AVE, EAST BOSTON, MA, 02128",-71.009441142762,42.39122881098,25,025,Boston city,census
BOS01056,Match,"220 ORIENT AVE, EAST BOSTON, MA, 02128",-71.009180582371,42.391137205728,25,025,Boston city,census
BOS01057,Match,"212 ORIENT AVE, EAST BOSTON, MA, 02128",-71.008819021395,42.391020726633,25,025,Boston city,census
BOS01058,Match,"206 ORIENT AVE, EAST BOSTON, MA, 02128",-71.008553500038,42.390938116691,25,025,Boston city,census
BOS01059,Match,"202 ORIENT AVE, EAST BOSTON, MA, 02128",-71.00837486784,42.39089752745,25,025,Boston city,census
BOS01060,Match,"198 ORIENT AVE, EAST BOSTON, MA, 02128",-71.008195312888,42.390846512706,25,025,Boston city,census
BOS01061,Match,"162 ORIENT AVE, EAST BOSTON, MA, 02128",-71.00651246759,42.390520775598,25,025,Boston city,census
BOS01062,Match,"56 BREED ST, EAST BOSTON, MA, 02128",-71.006358454768,42.389011075525,25,025,Boston city,census
BOS01063,Match,"142 LEYDEN ST, EAST BOSTON, MA, 02128",-71.006579772701,42.389008327554,25,025,Boston city,census
BOS01064,Match,"136 LEYDEN ST, EAST BOSTON, MA, 02128",-71.006859773002,42.389044405256,25,025,Boston city,census
BOS01065,Match,"126 LEYDEN ST, EAST BOSTON, MA, 02128",-71.007326440168,42.389104534761,25,025,Boston city,census
BOS01066,Match,"114 LEYDEN ST, EAST BOSTON, MA, 02128",-71.007854753706,42.389214081278,25,025,Boston city,census
BOS01067,Match,"108 LEYDEN ST, EAST BOSTON, MA, 02128",-71.008118085463,42.389293090459,25,025,Boston city,census
BOS01068,Match,"96 LEYDEN ST, EAST BOSTON, MA, 02128",-71.008644748978,42.389451108821,25,025,Boston city,census
BOS01069,Match,"88 LEYDEN ST, EAST BOSTON, MA, 02128",-71.008995857989,42.389556454396,25,025,Boston city,census
BOS01070,Match,"82 LEYDEN ST, EAST BOSTON, MA, 02128",-71.009259189746,42.389635463577,25,025,Boston city,census
BOS01071,Match,"80 LEYDEN ST, EAST BOSTON, MA, 02128",-71.009346966999,42.38966179997,25,025,Boston city,census
BOS01072,Match,"78 LEYDEN ST, EAST BOSTON, MA, 02128",-71.009434744251,42.389688136364,25,025,Boston city,census
BOS01073,Match,"72 LEYDEN ST, EAST BOSTON, MA, 02128",-71.009670768895,42.389789867822,25,025,Boston city,census
BOS01074,Match,"68 LEYDEN ST, EAST BOSTON, MA, 02128",-71.00983453372,42.38986027352,25,025,Boston city,census
BOS01075,Match,"60 LEYDEN ST, EAST BOSTON, MA, 02128",-71.010162063369,42.390001084915,25,025,Boston city,census
BOS01076,Match,"36 LEYDEN ST, EAST BOSTON, MA, 02128",-71.01114675781,42.390422149421,25,025,Boston city,census
BOS01077,Match,"30 LEYDEN ST, EAST BOSTON, MA, 02128",-71.011394051049,42.390525644113,25,025,Boston city,census
BOS01078,Match,"26 LEYDEN ST, EAST BOSTON, MA, 02128",-71.011558913208,42.390594640575,25,025,Boston city,census
BOS01079,Match,"22 LEYDEN ST, EAST BOSTON, MA, 02128",-71.011723775368,42.390663637037,25,025,Boston city,census
BOS01080,Match,"18 LEYDEN ST, EAST BOSTON, MA, 02128",-71.011888637527,42.390732633498,25,025,Boston city,census
BOS01081,Match,"14 LEYDEN ST, EAST BOSTON, MA, 02128",-71.012055572974,42.390801843576,25,025,Boston city,census
BOS01082,Match,"10 LEYDEN ST, EAST BOSTON, MA, 02128",-71.012222738794,42.390867748441,25,025,Boston city,census
BOS01083,Match,"202 GLADSTONE ST, EAST BOSTON, MA, 02128",-71.008127220479,42.389750363719,25,025,Boston city,census
BOS01084,Match,"196 GLADSTONE ST, EAST BOSTON, MA, 02128",-71.007982717028,42.389714284048,25,025,Boston city,census
BOS01085,Match,"184 GLADSTONE ST, EAST BOSTON, MA, 02128",-71.007693710127,42.389642124707,25,025,Boston city,census
BOS01086,Match,"82 BREED ST, EAST BOSTON, MA, 02128",-71.00716488554,42.389284434427,25,025,Boston city,census
BOS01087,Match,"47 MONTMORENCI AVE, EAST BOSTON, MA, 02128",-71.008199042759,42.391433569715,25,025,Boston city,census
BOS01088,Match,"59 MONTMORENCI AVE, EAST BOSTON, MA, 02128",-71.007773875336,42.391433158514,25,025,Boston city,census
BOS01089,Match,"215 ORIENT AVE, EAST BOSTON, MA, 02128",-71.009513599638,42.39138293358,25,025,Boston city,census
BOS01090,Match,"96 BEACHVIEW RD, EAST BOSTON, MA, 02128",-71.005915566975,42.39142645369,25,025,Boston city,census
BOS01091,Match,"36 BEACHVIEW RD, EAST BOSTON, MA, 02128",-71.003303545094,42.390743617754,25,025,Boston city,census
BOS01092,Match,"32 BEACHVIEW RD, EAST BOSTON, MA, 02128",-71.003138366972,42.390670395549,25,025,Boston city,census
BOS01093,Match,"75 ORIENT AVE, EAST BOSTON, MA, 02128",-71.001914652452,42.390146062025,25,025,Boston city,census
BOS01094,Match,"81 ORIENT AVE, EAST BOSTON, MA, 02128",-71.002397567408,42.390163716998,25,025,Boston city,census
BOS01095,Match,"87 ORIENT AVE, EAST BOSTON, MA, 02128",-71.002880482364,42.390181371971,25,025,Boston city,census
BOS01096,Match,"99 ORIENT AVE, EAST BOSTON, MA, 02128",-71.003844252602,42.390223185171,25,025,Boston city,census
BOS01097,Match,"1 SEAVIEW AVE, EAST BOSTON, MA, 02128",-71.003853681691,42.390230260638,25,025,Boston city,census
BOS01098,Match,"5 SEAVIEW AVE, EAST BOSTON, MA, 02128",-71.003904431307,42.390347375144,25,025,Boston city,census
BOS01099,Match,"13 SEAVIEW AVE, EAST BOSTON, MA, 02128",-71.004078222269,42.390433646433,25,025,Boston city,census
BOS01100,Match,"15 SEAVIEW AVE, EAST BOSTON, MA, 02128",-71.004121670009,42.390455214255,25,025,Boston city,census
BOS01101,Match,"19 SEAVIEW AVE, EAST BOSTON, MA, 02128",-71.004212468621,42.390498528907,25,025,Boston city,census
BOS01102,Match,"43 SEAVIEW AVE, EAST BOSTON, MA, 02128",-71.004772110062,42.390725089303,25,025,Boston city,census
BOS01103,Match,"150 WALDEMAR AVE, EAST BOSTON, MA, 02128",-71.005899164237,42.392760605902,25,025,Boston city,census
BOS01104,Match,"124 WALDEMAR AVE, EAST BOSTON, MA, 02128",-71.003748107157,42.392440405591,25,025,Boston city,census
BOS01105,Match,"120 WALDEMAR AVE, EAST BOSTON, MA, 02128",-71.003530782531,42.392365665632,25,025,Boston city,census
BOS01106,Match,"90 WALDEMAR AVE, EAST BOSTON, MA, 02128",-71.00241088066,42.391876123232,25,025,Boston city,census
BOS01107,Match,"52 WALDEMAR AVE, EAST BOSTON, MA, 02128",-71.000995850084,42.391236576239,25,025,Boston city,census
BOS01108,Match,"48 WALDEMAR AVE, EAST BOSTON, MA, 02128",-71.000847394375,42.391168583401,25,025,Boston city,census
BOS01109,Match,"16 WALDEMAR AVE, EAST BOSTON, MA, 02128",-70.999659748706,42.390624640705,25,025,Boston city,census
BOS01110,Match,"1 ORIENT AVE, EAST BOSTON, MA, 02128",-70.999400349658,42.389833474422,25,025,Boston city,census
BOS01111,Match,"3 ORIENT AVE, EAST BOSTON, MA, 02128",-70.999436001678,42.389849807111,25,025,Boston city,census
BOS01112,Match,"5 ORIENT AVE, EAST BOSTON, MA, 02128",-70.9994668226,42.389862279582,25,025,Boston city,census
BOS01113,Match,"7 ORIENT AVE, EAST BOSTON, MA, 02128",-70.999497643522,42.389874752054,25,025,Boston city,census
BOS01114,Match,"11 ORIENT AVE, EAST BOSTON, MA, 02128",-70.999559285367,42.389899696997,25,025,Boston city,census
BOS01115,Match,"19 ORIENT AVE, EAST BOSTON, MA, 02128",-70.999682569055,42.389949586884,25,025,Boston city,census
BOS01116,Match,"29 ORIENT AVE, EAST BOSTON, MA, 02128",-70.999830257387,42.39001310004,25,025,Boston city,census
BOS01117,Match,"31 FAYWOOD AVE, EAST BOSTON, MA, 02128",-71.001191091915,42.390653547879,25,025,Boston city,census
BOS01118,Match,"33 FAYWOOD AVE, EAST BOSTON, MA, 02128",-71.001271119658,42.390691242235,25,025,Boston city,census
BOS01119,Match,"35 FAYWOOD AVE, EAST BOSTON, MA, 02128",-71.0013511474,42.390728936592,25,025,Boston city,census
BOS01120,Match,"37 FAYWOOD AVE, EAST BOSTON, MA, 02128",-71.001431175142,42.390766630948,25,025,Boston city,census
BOS01121,Match,"45 FAYWOOD AVE, EAST BOSTON, MA, 02128",-71.001751286112,42.390917408374,25,025,Boston city,census
BOS01122,Match,"65 FAYWOOD AVE, EAST BOSTON, MA, 02128",-71.002551563536,42.391294351938,25,025,Boston city,census
BOS01123,Match,"69 FAYWOOD AVE, EAST BOSTON, MA, 02128",-71.00271161902,42.391369740651,25,025,Boston city,census
BOS01124,Match,"85 FAYWOOD AVE, EAST BOSTON, MA, 02128",-71.003362535728,42.391664132217,25,025,Boston city,census
BOS01125,Match,"87 FAYWOOD AVE, EAST BOSTON, MA, 02128",-71.003445193714,42.39169859311,25,025,Boston city,census
BOS01126,Match,"93 FAYWOOD AVE, EAST BOSTON, MA, 02128",-71.003687205437,42.391805104479,25,025,Boston city,census
BOS01127,Match,"95 FAYWOOD AVE, EAST BOSTON, MA, 02128",-71.003768009308,42.391841886079,25,025,Boston city,census
BOS01128,Match,"99 FAYWOOD AVE, EAST BOSTON, MA, 02128",-71.003950414513,42.391903530106,25,025,Boston city,census
BOS01129,Match,"7 CRESTWAY RD, EAST BOSTON, MA, 02128",-71.004757709014,42.392170546134,25,025,Boston city,census
BOS01130,Match,"5 WALDEMAR AVE, EAST BOSTON, MA, 02128",-70.998734183893,42.3899958052,25,025,Boston city,census
BOS01131,Match,"26 CRESTWAY RD, EAST BOSTON, MA, 02128",-71.005077425586,42.392213916103,25,025,Boston city,census
BOS01132,Match,"115 FAYWOOD AVE, EAST BOSTON, MA, 02128",-71.004837375365,42.392126126321,25,025,Boston city,census
BOS01133,Match,"108 FAYWOOD AVE, EAST BOSTON, MA, 02128",-71.003982451712,42.391788840162,25,025,Boston city,census
BOS01134,Match,"92 FAYWOOD AVE, EAST BOSTON, MA, 02128",-71.003381895305,42.391540615014,25,025,Boston city,census
BOS01135,Match,"76 FAYWOOD AVE, EAST BOSTON, MA, 02128",-71.002792421346,42.39127188781,25,025,Boston city,census
BOS01136,Match,"56 FAYWOOD AVE, EAST BOSTON, MA, 02128",-71.002057740432,42.390925841259,25,025,Boston city,census
BOS01137,Match,"52 FAYWOOD AVE, EAST BOSTON, MA, 02128",-71.00191080425,42.390856631949,25,025,Boston city,census
BOS01138,Match,"37 ORIENT AVE, EAST BOSTON, MA, 02128",-71.000211311039,42.390077931828,25,025,Boston city,census
BOS01139,Match,"41 ORIENT AVE, EAST BOSTON, MA, 02128",-71.000383157391,42.390086022955,25,025,Boston city,census
BOS01140,Match,"49 ORIENT AVE, EAST BOSTON, MA, 02128",-71.000726850094,42.390102205209,25,025,Boston city,census
BOS01141,Match,"57 ORIENT AVE, EAST BOSTON, MA, 02128",-71.001070542797,42.390118387463,25,025,Boston city,census
BOS01142,Match,"63 ORIENT AVE, EAST BOSTON, MA, 02128",-71.001328312325,42.390130524154,25,025,Boston city,census
BOS01143,Match,"9 BEACHVIEW RD, EAST BOSTON, MA, 02128",-71.00215174541,42.390314337951,25,025,Boston city,census
BOS01144,Match,"21 BEACHVIEW RD, EAST BOSTON, MA, 02128",-71.002588315882,42.39053727036,25,025,Boston city,census
BOS01145,Match,"23 BEACHVIEW RD, EAST BOSTON, MA, 02128",-71.002661077627,42.390574425762,25,025,Boston city,census
BOS01146,Match,"27 BEACHVIEW RD, EAST BOSTON, MA, 02128",-71.002806601117,42.390648736565,25,025,Boston city,census
BOS01147,Match,"43 BEACHVIEW RD, EAST BOSTON, MA, 02128",-71.003412473458,42.390925552868,25,025,Boston city,census
BOS01148,Match,"47 BEACHVIEW RD, EAST BOSTON, MA, 02128",-71.003564167652,42.39099279775,25,025,Boston city,census
BOS01149,Match,"55 BEACHVIEW RD, EAST BOSTON, MA, 02128",-71.003867556039,42.391127287514,25,025,Boston city,census
BOS01150,Match,"97 BEACHVIEW RD, EAST BOSTON, MA, 02128",-71.005660288852,42.391530322644,25,025,Boston city,census
BOS01151,Match,"44 MONTMORENCI AVE, EAST BOSTON, MA, 02128",-71.008309560263,42.391548268077,25,025,Boston city,census
BOS01152,Match,"79 WALDEMAR AVE, EAST BOSTON, MA, 02128",-71.002455554918,42.392031328526,25,025,Boston city,census
BOS01153,Match,"69 WALDEMAR AVE, EAST BOSTON, MA, 02128",-71.001925346974,42.391791446704,25,025,Boston city,census
BOS01154,Match,"21 WALDEMAR AVE, EAST BOSTON, MA, 02128",-70.999376504534,42.390629751431,25,025,Boston city,census
BOS01155,Match,"285 MERIDIAN ST, EAST BOSTON, MA, 02128",-71.039081173396,42.376669026865,25,025,Boston city,census
BOS01156,Match,"287 MERIDIAN ST, EAST BOSTON, MA, 02128",-71.039082360061,42.376712121877,25,025,Boston city,census
BOS01157,Match,"289 MERIDIAN ST, EAST BOSTON, MA, 02128",-71.039083546725,42.376755216888,25,025,Boston city,census
BOS01158,Match,"291 MERIDIAN ST, EAST BOSTON, MA, 02128",-71.03908473339,42.376798311899,25,025,Boston city,census
BOS01159,Match,"293 MERIDIAN ST, EAST BOSTON, MA, 02128",-71.039085920055,42.376841406911,25,025,Boston city,census
BOS01160,Match,"297 MERIDIAN ST, EAST BOSTON, MA, 02128",-71.039088293384,42.376927596934,25,025,Boston city,census
BOS01161,Match,"27 LEXINGTON ST, EAST BOSTON, MA, 02128",-71.038366144151,42.377343963589,25,025,Boston city,census
BOS01162,Match,"29 LEXINGTON ST, EAST BOSTON, MA, 02128",-71.038312230151,42.377363719757,25,025,Boston city,census
BOS01163,Match,"31 LEXINGTON ST, EAST BOSTON, MA, 02128",-71.03825831615,42.377383475926,25,025,Boston city,census
BOS01164,Match,"33 LEXINGTON ST, EAST BOSTON, MA, 02128",-71.038204402149,42.377403232094,25,025,Boston city,census
BOS01165,Match,"37 LEXINGTON ST, EAST BOSTON, MA, 02128",-71.038096574148,42.377442744432,25,025,Boston city,census
BOS01166,Match,"45 LEXINGTON ST, EAST BOSTON, MA, 02128",-71.037880918145,42.377521769105,25,025,Boston city,census
BOS01167,Match,"47 LEXINGTON ST, EAST BOSTON, MA, 02128",-71.037827004144,42.377541525274,25,025,Boston city,census
BOS01168,Match,"49 LEXINGTON ST, EAST BOSTON, MA, 02128",-71.037773090143,42.377561281442,25,025,Boston city,census
BOS01169,Match,"51 LEXINGTON ST, EAST BOSTON, MA, 02128",-71.037719176143,42.377581037611,25,025,Boston city,census
BOS01170,Match,"61 LEXINGTON ST, EAST BOSTON, MA, 02128",-71.037449602078,42.377679768247,25,025,Boston city,census
BOS01171,Match,"63 LEXINGTON ST, EAST BOSTON, MA, 02128",-71.03739567818,42.377699510157,25,025,Boston city,census
BOS01172,Match,"73 LEXINGTON ST, EAST BOSTON, MA, 02128",-71.03712605869,42.377798219707,25,025,Boston city,census
BOS01173,Match,"107 MARION ST, EAST BOSTON, MA, 02128",-71.036945779861,42.377534710544,25,025,Boston city,census
BOS01174,Match,"62 PRINCETON ST, EAST BOSTON, MA, 02128",-71.037209993382,42.377112766353,25,025,Boston city,census
BOS01175,Match,"60 PRINCETON ST, EAST BOSTON, MA, 02128",-71.037273464652,42.377089956251,25,025,Boston city,census
BOS01176,Match,"58 PRINCETON ST, EAST BOSTON, MA, 02128",-71.037336935921,42.377067146148,25,025,Boston city,census
BOS01177,Match,"56 PRINCETON ST, EAST BOSTON, MA, 02128",-71.037400407191,42.377044336046,25,025,Boston city,census
BOS01178,Match,"50 PRINCETON ST, EAST BOSTON, MA, 02128",-71.037590827694,42.376976008746,25,025,Boston city,census
BOS01179,Match,"48 PRINCETON ST, EAST BOSTON, MA, 02128",-71.037654320206,42.376953231361,25,025,Boston city,census
BOS01180,Match,"46 PRINCETON ST, EAST BOSTON, MA, 02128",-71.037717812718,42.376930453977,25,025,Boston city,census
BOS01181,Match,"40 PRINCETON ST, EAST BOSTON, MA, 02128",-71.037908290255,42.376862121823,25,025,Boston city,census
BOS01182,Match,"38 PRINCETON ST, EAST BOSTON, MA, 02128",-71.037971782768,42.376839344439,25,025,Boston city,census
BOS01183,Match,"36 PRINCETON ST, EAST BOSTON, MA, 02128",-71.03803527528,42.376816567055,25,025,Boston city,census
BOS01184,Match,"32 PRINCETON ST, EAST BOSTON, MA, 02128",-71.038162260304,42.376771012286,25,025,Boston city,census
BOS01185,Match,"30 PRINCETON ST, EAST BOSTON, MA, 02128",-71.038225752817,42.376748234901,25,025,Boston city,census
BOS01186,Match,"28 PRINCETON ST, EAST BOSTON, MA, 02128",-71.038289388642,42.376725347929,25,025,Boston city,census
BOS01187,Match,"26 PRINCETON ST, EAST BOSTON, MA, 02128",-71.038352803606,42.376702453323,25,025,Boston city,census
BOS01188,Match,"24 PRINCETON ST, EAST BOSTON, MA, 02128",-71.03841621857,42.376679558717,25,025,Boston city,census
BOS01189,Match,"22 PRINCETON ST, EAST BOSTON, MA, 02128",-71.038479633534,42.37665666411,25,025,Boston city,census
BOS01190,Match,"20 PRINCETON ST, EAST BOSTON, MA, 02128",-71.038543048498,42.376633769504,25,025,Boston city,census
BOS01191,Match,"14 PRINCETON ST, EAST BOSTON, MA, 02128",-71.038733293391,42.376565085686,25,025,Boston city,census
BOS01192,Match,"12 PRINCETON ST, EAST BOSTON, MA, 02128",-71.038796534742,42.376542324687,25,025,Boston city,census
BOS01193,Match,"10 PRINCETON ST, EAST BOSTON, MA, 02128",-71.038860043206,42.376519572212,25,025,Boston city,census
BOS01194,Match,"309 MERIDIAN ST, EAST BOSTON, MA, 02128",-71.039098050254,42.377286225064,25,025,Boston city,census
BOS01195,Match,"315 MERIDIAN ST, EAST BOSTON, MA, 02128",-71.03910267464,42.37745843063,25,025,Boston city,census
BOS01196,Match,"7 TRENTON ST, EAST BOSTON, MA, 02128",-71.038902528352,42.377903161009,25,025,Boston city,census
BOS01197,Match,"9 TRENTON ST, EAST BOSTON, MA, 02128",-71.038841137146,42.377926242688,25,025,Boston city,census
BOS01198,Match,"11 TRENTON ST, EAST BOSTON, MA, 02128",-71.03877974594,42.377949324367,25,025,Boston city,census
BOS01199,Match,"19 TRENTON ST, EAST BOSTON, MA, 02128",-71.038534181117,42.378041651085,25,025,Boston city,census
BOS01200,Match,"21 TRENTON ST, EAST BOSTON, MA, 02128",-71.038472789911,42.378064732764,25,025,Boston city,census
BOS01201,Match,"79 MARION ST, EAST BOSTON, MA, 02128",-71.037469307295,42.378292898734,25,025,Boston city,census
BOS01202,Match,"72 LEXINGTON ST, EAST BOSTON, MA, 02128",-71.037257562779,42.377877967559,25,025,Boston city,census
BOS01203,Match,"46 LEXINGTON ST, EAST BOSTON, MA, 02128",-71.038071591359,42.377579814415,25,025,Boston city,census
BOS01204,Match,"44 LEXINGTON ST, EAST BOSTON, MA, 02128",-71.038134201167,42.377556871768,25,025,Boston city,census
BOS01205,Match,"42 LEXINGTON ST, EAST BOSTON, MA, 02128",-71.038196810974,42.377533929121,25,025,Boston city,census
BOS01206,Match,"40 LEXINGTON ST, EAST BOSTON, MA, 02128",-71.038259420781,42.377510986473,25,025,Boston city,census
BOS01207,Match,"36 LEXINGTON ST, EAST BOSTON, MA, 02128",-71.038384640396,42.377465101179,25,025,Boston city,census
BOS01208,Match,"34 LEXINGTON ST, EAST BOSTON, MA, 02128",-71.038447250203,42.377442158531,25,025,Boston city,census
BOS01209,Match,"30 LEXINGTON ST, EAST BOSTON, MA, 02128",-71.038572469818,42.377396273237,25,025,Boston city,census
BOS01210,Match,"28 LEXINGTON ST, EAST BOSTON, MA, 02128",-71.038635079625,42.37737333059,25,025,Boston city,census
BOS01211,Match,"4 TRENTON ST, EAST BOSTON, MA, 02128",-71.039095673093,42.37795912306,25,025,Boston city,census
BOS01212,Match,"4 TRENTON ST, EAST BOSTON, MA, 02128",-71.039095673093,42.37795912306,25,025,Boston city,census
BOS01213,Match,"4 TRENTON ST, EAST BOSTON, MA, 02128",-71.039095673093,42.37795912306,25,025,Boston city,census
BOS01214,Match,"329 MERIDIAN ST, EAST BOSTON, MA, 02128",-71.039114940442,42.377917368901,25,025,Boston city,census
BOS01215,Match,"343 MERIDIAN ST, EAST BOSTON, MA, 02128",-71.03912413261,42.37827297974,25,025,Boston city,census
BOS01216,Match,"347 MERIDIAN ST, EAST BOSTON, MA, 02128",-71.039126758944,42.378374582837,25,025,Boston city,census
BOS01217,Match,"19 EUTAW ST, EAST BOSTON, MA, 02128",-71.03866414445,42.378767163565,25,025,Boston city,census
BOS01218,Match,"21 EUTAW ST, EAST BOSTON, MA, 02128",-71.038614901149,42.378784894853,25,025,Boston city,census
BOS01219,Match,"23 EUTAW ST, EAST BOSTON, MA, 02128",-71.038565657847,42.378802626142,25,025,Boston city,census
BOS01220,Match,"25 EUTAW ST, EAST BOSTON, MA, 02128",-71.038516414545,42.37882035743,25,025,Boston city,census
BOS01221,Match,"27 EUTAW ST, EAST BOSTON, MA, 02128",-71.038467171244,42.378838088718,25,025,Boston city,census
BOS01222,Match,"29 EUTAW ST, EAST BOSTON, MA, 02128",-71.038417927942,42.378855820006,25,025,Boston city,census
BOS01223,Match,"33 EUTAW ST, EAST BOSTON, MA, 02128",-71.038319441339,42.378891282582,25,025,Boston city,census
BOS01224,Match,"35 EUTAW ST, EAST BOSTON, MA, 02128",-71.038270198037,42.378909013871,25,025,Boston city,census
BOS01225,Match,"37 EUTAW ST, EAST BOSTON, MA, 02128",-71.038220954736,42.378926745159,25,025,Boston city,census
BOS01226,Match,"39 EUTAW ST, EAST BOSTON, MA, 02128",-71.038171711434,42.378944476447,25,025,Boston city,census
BOS01227,Match,"59 MARION ST, EAST BOSTON, MA, 02128",-71.037832449343,42.378813992113,25,025,Boston city,census
BOS01228,Match,"61 MARION ST, EAST BOSTON, MA, 02128",-71.037797448576,42.37876377997,25,025,Boston city,census
BOS01229,Match,"65 MARION ST, EAST BOSTON, MA, 02128",-71.037727447041,42.378663355685,25,025,Boston city,census
BOS01230,Match,"67 MARION ST, EAST BOSTON, MA, 02128",-71.037692446273,42.378613143543,25,025,Boston city,census
BOS01231,Match,"69 MARION ST, EAST BOSTON, MA, 02128",-71.037657445506,42.3785629314,25,025,Boston city,census
BOS01232,Match,"71 MARION ST, EAST BOSTON, MA, 02128",-71.037622444738,42.378512719258,25,025,Boston city,census
BOS01233,Match,"34 TRENTON ST, EAST BOSTON, MA, 02128",-71.038174805005,42.37830534825,25,025,Boston city,census
BOS01234,Match,"32 TRENTON ST, EAST BOSTON, MA, 02128",-71.038236196211,42.378282266571,25,025,Boston city,census
BOS01235,Match,"30 TRENTON ST, EAST BOSTON, MA, 02128",-71.038297587417,42.378259184891,25,025,Boston city,census
BOS01236,Match,"28 TRENTON ST, EAST BOSTON, MA, 02128",-71.038358978623,42.378236103212,25,025,Boston city,census
BOS01237,Match,"26 TRENTON ST, EAST BOSTON, MA, 02128",-71.038420369828,42.378213021533,25,025,Boston city,census
BOS01238,Match,"24 TRENTON ST, EAST BOSTON, MA, 02128",-71.038481761034,42.378189939853,25,025,Boston city,census
BOS01239,Match,"22 TRENTON ST, EAST BOSTON, MA, 02128",-71.03854315224,42.378166858174,25,025,Boston city,census
BOS01240,Match,"20 TRENTON ST, EAST BOSTON, MA, 02128",-71.038604543446,42.378143776495,25,025,Boston city,census
BOS01241,Match,"16 TRENTON ST, EAST BOSTON, MA, 02128",-71.038727325858,42.378097613136,25,025,Boston city,census
BOS01242,Match,"14 TRENTON ST, EAST BOSTON, MA, 02128",-71.038788717063,42.378074531457,25,025,Boston city,census
BOS01243,Match,"12 TRENTON ST, EAST BOSTON, MA, 02128",-71.038850108269,42.378051449778,25,025,Boston city,census
BOS01244,Match,"8 TRENTON ST, EAST BOSTON, MA, 02128",-71.038972890681,42.378005286419,25,025,Boston city,census
BOS01245,Match,"20 EUTAW ST, EAST BOSTON, MA, 02128",-71.039175303415,42.378710588197,25,025,Boston city,census
BOS01246,Match,"365 MERIDIAN ST, EAST BOSTON, MA, 02128",-71.039141773814,42.379000449702,25,025,Boston city,census
BOS01247,Match,"369 MERIDIAN ST, EAST BOSTON, MA, 02128",-71.039145088095,42.379154469029,25,025,Boston city,census
BOS01248,Match,"371 MERIDIAN ST, EAST BOSTON, MA, 02128",-71.039146663865,42.379231526621,25,025,Boston city,census
BOS01249,No_Match,,,,,,,
BOS01250,Match,"5 MONMOUTH ST, EAST BOSTON, MA, 02128",-71.039031146381,42.379373633293,25,025,Boston city,census
BOS01251,Match,"9 MONMOUTH ST, EAST BOSTON, MA, 02128",-71.038847799558,42.379441760484,25,025,Boston city,census
BOS01252,Match,"11 MONMOUTH ST, EAST BOSTON, MA, 02128",-71.038756126146,42.37947582408,25,025,Boston city,census
BOS01253,Match,"13 MONMOUTH ST, EAST BOSTON, MA, 02128",-71.038664452735,42.379509887675,25,025,Boston city,census
BOS01254,Match,"15 MONMOUTH ST, EAST BOSTON, MA, 02128",-71.038572779323,42.379543951271,25,025,Boston city,census
BOS01255,Match,"19 MONMOUTH ST, EAST BOSTON, MA, 02128",-71.0383894325,42.379612078462,25,025,Boston city,census
BOS01256,Match,"3 MARION PL, EAST BOSTON, MA, 02128",-71.038236782313,42.379374571421,25,025,Boston city,census
BOS01257,Match,"7 MARION PL, EAST BOSTON, MA, 02128",-71.038257284771,42.379366723243,25,025,Boston city,census
BOS01258,Match,"44 EUTAW ST, EAST BOSTON, MA, 02128",-71.038042707477,42.379118407826,25,025,Boston city,census
BOS01259,Match,"26 EUTAW ST, EAST BOSTON, MA, 02128",-71.03889215443,42.378812543104,25,025,Boston city,census
BOS01260,Match,"24 EUTAW ST, EAST BOSTON, MA, 02128",-71.038986537425,42.378778558135,25,025,Boston city,census
BOS01261,Match,"389 MERIDIAN ST, EAST BOSTON, MA, 02128",-71.039160528128,42.379889319639,25,025,Boston city,census
BOS01262,Match,"391 MERIDIAN ST, EAST BOSTON, MA, 02128",-71.039161942398,42.379955908816,25,025,Boston city,census
BOS01263,Match,"393 MERIDIAN ST, EAST BOSTON, MA, 02128",-71.03916335667,42.380022497993,25,025,Boston city,census
BOS01264,Match,"395 MERIDIAN ST, EAST BOSTON, MA, 02128",-71.03916477094,42.38008908717,25,025,Boston city,census
BOS01265,Match,"401 MERIDIAN ST, EAST BOSTON, MA, 02128",-71.039169013753,42.3802888547,25,025,Boston city,census
BOS01266,Match,"403 MERIDIAN ST, EAST BOSTON, MA, 02128",-71.039170428024,42.380355443877,25,025,Boston city,census
BOS01267,Match,"5 MARION ST, EAST BOSTON, MA, 02128",-71.038890383405,42.380318464845,25,025,Boston city,census
BOS01268,Match,"11 MARION ST, EAST BOSTON, MA, 02128",-71.03872738482,42.380091914291,25,025,Boston city,census
BOS01269,Match,"15 MARION ST, EAST BOSTON, MA, 02128",-71.03861918722,42.379941402296,25,025,Boston city,census
BOS01270,Match,"17 MARION ST, EAST BOSTON, MA, 02128",-71.038565969333,42.379865453582,25,025,Boston city,census
BOS01271,Match,"19 MARION ST, EAST BOSTON, MA, 02128",-71.038512751445,42.379789504868,25,025,Boston city,census
BOS01272,Match,"21 MARION ST, EAST BOSTON, MA, 02128",-71.038459533557,42.379713556154,25,025,Boston city,census
BOS01273,Match,"14 MONMOUTH ST, EAST BOSTON, MA, 02128",-71.038563910714,42.379675518776,25,025,Boston city,census
BOS01274,Match,"12 MONMOUTH ST, EAST BOSTON, MA, 02128",-71.038668680327,42.379636588953,25,025,Boston city,census
BOS01275,Match,"10 MONMOUTH ST, EAST BOSTON, MA, 02128",-71.038773449941,42.379597659129,25,025,Boston city,census
BOS01276,Match,"8 MONMOUTH ST, EAST BOSTON, MA, 02128",-71.038878219554,42.379558729306,25,025,Boston city,census
BOS01277,Match,"22 MONMOUTH ST, EAST BOSTON, MA, 02128",-71.038215731568,42.379806573174,25,025,Boston city,census
BOS01278,Match,"20 MARION ST, EAST BOSTON, MA, 02128",-71.038454811804,42.379956103158,25,025,Boston city,census
BOS01279,Match,"10 MARION ST, EAST BOSTON, MA, 02128",-71.038680955239,42.380271554041,25,025,Boston city,census
BOS01280,Match,"17 WHITE ST, EAST BOSTON, MA, 02128",-71.038559199912,42.380493255485,25,025,Boston city,census
BOS01281,Match,"19 WHITE ST, EAST BOSTON, MA, 02128",-71.038449440156,42.380494217369,25,025,Boston city,census
BOS01282,Match,"21 WHITE ST, EAST BOSTON, MA, 02128",-71.038339680399,42.380495179253,25,025,Boston city,census
BOS01283,Match,"23 WHITE ST, EAST BOSTON, MA, 02128",-71.038229920643,42.380496141136,25,025,Boston city,census
BOS01284,Match,"25 WHITE ST, EAST BOSTON, MA, 02128",-71.038120160887,42.38049710302,25,025,Boston city,census
BOS01285,Match,"27 WHITE ST, EAST BOSTON, MA, 02128",-71.03801040113,42.380498064904,25,025,Boston city,census
BOS01286,Match,"29 WHITE ST, EAST BOSTON, MA, 02128",-71.037900641374,42.380499026787,25,025,Boston city,census
BOS01287,Match,"35 WHITE ST, EAST BOSTON, MA, 02128",-71.037433295161,42.380502124842,25,025,Boston city,census
BOS01288,Match,"41 WHITE ST, EAST BOSTON, MA, 02128",-71.036962330092,42.380498443224,25,025,Boston city,census
BOS01289,Match,"50 MONMOUTH ST, EAST BOSTON, MA, 02128",-71.037474384619,42.380089174696,25,025,Boston city,census
BOS01290,Match,"48 MONMOUTH ST, EAST BOSTON, MA, 02128",-71.037527337973,42.380068988873,25,025,Boston city,census
BOS01291,Match,"40 MONMOUTH ST, EAST BOSTON, MA, 02128",-71.037739151387,42.379988245581,25,025,Boston city,census
BOS01292,Match,"36 MONMOUTH ST, EAST BOSTON, MA, 02128",-71.037845058094,42.379947873935,25,025,Boston city,census
BOS01293,Match,"34 MONMOUTH ST, EAST BOSTON, MA, 02128",-71.037898011447,42.379927688112,25,025,Boston city,census
BOS01294,Match,"32 MONMOUTH ST, EAST BOSTON, MA, 02128",-71.037950964801,42.379907502289,25,025,Boston city,census
BOS01295,Match,"30 MONMOUTH ST, EAST BOSTON, MA, 02128",-71.038003918154,42.379887316466,25,025,Boston city,census
BOS01296,Match,"28 MONMOUTH ST, EAST BOSTON, MA, 02128",-71.038056871508,42.379867130643,25,025,Boston city,census
BOS01297,Match,"26 MONMOUTH ST, EAST BOSTON, MA, 02128",-71.038109824861,42.37984694482,25,025,Boston city,census
BOS01298,Match,"50 MARION ST, EAST BOSTON, MA, 02128",-71.037961561302,42.379249268299,25,025,Boston city,census
BOS01299,Match,"48 MARION ST, EAST BOSTON, MA, 02128",-71.038017486171,42.379329338487,25,025,Boston city,census
BOS01300,Match,"42 MARION ST, EAST BOSTON, MA, 02128",-71.038124462229,42.379482931914,25,025,Boston city,census
BOS01301,Match,"38 MARION ST, EAST BOSTON, MA, 02128",-71.038160490073,42.379534731672,25,025,Boston city,census
BOS01302,Match,"21 MONMOUTH ST, EAST BOSTON, MA, 02128",-71.038250499091,42.379664369259,25,025,Boston city,census
BOS01303,Match,"23 MONMOUTH ST, EAST BOSTON, MA, 02128",-71.038196187959,42.379685072667,25,025,Boston city,census
BOS01304,Match,"29 MONMOUTH ST, EAST BOSTON, MA, 02128",-71.038033254564,42.379747182892,25,025,Boston city,census
BOS01305,Match,"39 MONMOUTH ST, EAST BOSTON, MA, 02128",-71.037761698905,42.379850699933,25,025,Boston city,census
BOS01306,Match,"43 MONMOUTH ST, EAST BOSTON, MA, 02128",-71.037653076641,42.379892106749,25,025,Boston city,census
BOS01307,Match,"45 MONMOUTH ST, EAST BOSTON, MA, 02128",-71.037598765509,42.379912810157,25,025,Boston city,census
BOS01308,Match,"47 MONMOUTH ST, EAST BOSTON, MA, 02128",-71.037544454378,42.379933513565,25,025,Boston city,census
BOS01309,Match,"51 MONMOUTH ST, EAST BOSTON, MA, 02128",-71.037435832114,42.379974920382,25,025,Boston city,census
BOS01310,Match,"59 MONMOUTH ST, EAST BOSTON, MA, 02128",-71.037218587586,42.380057734014,25,025,Boston city,census
BOS01311,Match,"61 MONMOUTH ST, EAST BOSTON, MA, 02128",-71.037164276455,42.380078437422,25,025,Boston city,census
BOS01312,Match,"200 BROOKS ST, EAST BOSTON, MA, 02128",-71.036139188587,42.380316030157,25,025,Boston city,census
BOS01313,Match,"198 BROOKS ST, EAST BOSTON, MA, 02128",-71.036113386537,42.38026895454,25,025,Boston city,census
BOS01314,Match,"196 BROOKS ST, EAST BOSTON, MA, 02128",-71.036086334625,42.380234293285,25,025,Boston city,census
BOS01315,Match,"194 BROOKS ST, EAST BOSTON, MA, 02128",-71.036059282712,42.38019963203,25,025,Boston city,census
BOS01316,Match,"192 BROOKS ST, EAST BOSTON, MA, 02128",-71.0360322308,42.380164970774,25,025,Boston city,census
BOS01317,Match,"96 EUTAW ST, EAST BOSTON, MA, 02128",-71.03594708737,42.379929583021,25,025,Boston city,census
BOS01318,Match,"90 EUTAW ST, EAST BOSTON, MA, 02128",-71.036182143786,42.379838262803,25,025,Boston city,census
BOS01319,Match,"88 EUTAW ST, EAST BOSTON, MA, 02128",-71.036260495925,42.379807822731,25,025,Boston city,census
BOS01320,Match,"84 EUTAW ST, EAST BOSTON, MA, 02128",-71.036417200202,42.379746942586,25,025,Boston city,census
BOS01321,Match,"80 EUTAW ST, EAST BOSTON, MA, 02128",-71.036573904479,42.379686062441,25,025,Boston city,census
BOS01322,Match,"76 EUTAW ST, EAST BOSTON, MA, 02128",-71.036730608756,42.379625182296,25,025,Boston city,census
BOS01323,Match,"72 EUTAW ST, EAST BOSTON, MA, 02128",-71.036887257565,42.379564346012,25,025,Boston city,census
BOS01324,Match,"70 EUTAW ST, EAST BOSTON, MA, 02128",-71.036965649703,42.379533962927,25,025,Boston city,census
BOS01325,Match,"64 EUTAW ST, EAST BOSTON, MA, 02128",-71.037200826115,42.379442813673,25,025,Boston city,census
BOS01326,Match,"62 EUTAW ST, EAST BOSTON, MA, 02128",-71.037279218252,42.379412430589,25,025,Boston city,census
BOS01327,Match,"58 EUTAW ST, EAST BOSTON, MA, 02128",-71.037436002527,42.379351664419,25,025,Boston city,census
BOS01328,Match,"52 EUTAW ST, EAST BOSTON, MA, 02128",-71.037671178939,42.379260515165,25,025,Boston city,census
BOS01329,Match,"50 EUTAW ST, EAST BOSTON, MA, 02128",-71.037749571077,42.379230132081,25,025,Boston city,census
BOS01330,Match,"56 TRENTON ST, EAST BOSTON, MA, 02128",-71.037405550293,42.378594468946,25,025,Boston city,census
BOS01331,Match,"54 MARION ST, EAST BOSTON, MA, 02128",-71.037834536846,42.379067299669,25,025,Boston city,census
BOS01332,Match,"61 EUTAW ST, EAST BOSTON, MA, 02128",-71.037345115643,42.379257483558,25,025,Boston city,census
BOS01333,Match,"71 EUTAW ST, EAST BOSTON, MA, 02128",-71.036937476529,42.379415475599,25,025,Boston city,census
BOS01334,Match,"77 EUTAW ST, EAST BOSTON, MA, 02128",-71.036692875248,42.379510368334,25,025,Boston city,census
BOS01335,Match,"79 EUTAW ST, EAST BOSTON, MA, 02128",-71.036611389024,42.379542026009,25,025,Boston city,census
BOS01336,Match,"81 EUTAW ST, EAST BOSTON, MA, 02128",-71.0365299028,42.379573683685,25,025,Boston city,census
BOS01337,Match,"87 EUTAW ST, EAST BOSTON, MA, 02128",-71.036285444127,42.379668656711,25,025,Boston city,census
BOS01338,Match,"178 BROOKS ST, EAST BOSTON, MA, 02128",-71.035799074524,42.379859212914,25,025,Boston city,census
BOS01339,Match,"176 BROOKS ST, EAST BOSTON, MA, 02128",-71.035766882133,42.379811185887,25,025,Boston city,census
BOS01340,Match,"174 BROOKS ST, EAST BOSTON, MA, 02128",-71.035734689743,42.379763158861,25,025,Boston city,census
BOS01341,Match,"170 BROOKS ST, EAST BOSTON, MA, 02128",-71.035670304962,42.379667104809,25,025,Boston city,census
BOS01342,Match,"168 BROOKS ST, EAST BOSTON, MA, 02128",-71.035638112572,42.379619077783,25,025,Boston city,census
BOS01343,Match,"96 TRENTON ST, EAST BOSTON, MA, 02128",-71.035837360524,42.379182992979,25,025,Boston city,census
BOS01344,Match,"94 TRENTON ST, EAST BOSTON, MA, 02128",-71.035915770012,42.379153566777,25,025,Boston city,census
BOS01345,Match,"92 TRENTON ST, EAST BOSTON, MA, 02128",-71.0359941795,42.379124140575,25,025,Boston city,census
BOS01346,Match,"90 TRENTON ST, EAST BOSTON, MA, 02128",-71.036072588989,42.379094714374,25,025,Boston city,census
BOS01347,Match,"88 TRENTON ST, EAST BOSTON, MA, 02128",-71.036150998477,42.379065288172,25,025,Boston city,census
BOS01348,Match,"86 TRENTON ST, EAST BOSTON, MA, 02128",-71.036229407966,42.379035861971,25,025,Boston city,census
BOS01349,Match,"82 TRENTON ST, EAST BOSTON, MA, 02128",-71.036386226943,42.378977009567,25,025,Boston city,census
BOS01350,Match,"80 TRENTON ST, EAST BOSTON, MA, 02128",-71.036464636431,42.378947583366,25,025,Boston city,census
BOS01351,Match,"78 TRENTON ST, EAST BOSTON, MA, 02128",-71.03654304592,42.378918157164,25,025,Boston city,census
BOS01352,Match,"76 TRENTON ST, EAST BOSTON, MA, 02128",-71.036621455408,42.378888730962,25,025,Boston city,census
BOS01353,Match,"74 TRENTON ST, EAST BOSTON, MA, 02128",-71.036699864897,42.378859304761,25,025,Boston city,census
BOS01354,Match,"72 TRENTON ST, EAST BOSTON, MA, 02128",-71.036778274385,42.378829878559,25,025,Boston city,census
BOS01355,Match,"70 TRENTON ST, EAST BOSTON, MA, 02128",-71.036856683873,42.378800452357,25,025,Boston city,census
BOS01356,Match,"68 TRENTON ST, EAST BOSTON, MA, 02128",-71.036935093362,42.378771026156,25,025,Boston city,census
BOS01357,Match,"66 TRENTON ST, EAST BOSTON, MA, 02128",-71.03701350285,42.378741599954,25,025,Boston city,census
BOS01358,Match,"64 TRENTON ST, EAST BOSTON, MA, 02128",-71.037091912339,42.378712173753,25,025,Boston city,census
BOS01359,Match,"60 TRENTON ST, EAST BOSTON, MA, 02128",-71.037248731316,42.37865332135,25,025,Boston city,census
BOS01360,Match,"58 TRENTON ST, EAST BOSTON, MA, 02128",-71.037327140804,42.378623895148,25,025,Boston city,census
BOS01361,Match,"78 LEXINGTON ST, EAST BOSTON, MA, 02128",-71.0369843685,42.377979071788,25,025,Boston city,census
BOS01362,Match,"82 MARION ST, EAST BOSTON, MA, 02128",-71.037316433876,42.3783238807,25,025,Boston city,census
BOS01363,Match,"57 TRENTON ST, EAST BOSTON, MA, 02128",-71.037250606719,42.378524085476,25,025,Boston city,census
BOS01364,Match,"61 TRENTON ST, EAST BOSTON, MA, 02128",-71.037087514983,42.378585291975,25,025,Boston city,census
BOS01365,Match,"77 TRENTON ST, EAST BOSTON, MA, 02128",-71.036435148039,42.378830117973,25,025,Boston city,census
BOS01366,Match,"81 TRENTON ST, EAST BOSTON, MA, 02128",-71.036272056303,42.378891324472,25,025,Boston city,census
BOS01367,Match,"85 TRENTON ST, EAST BOSTON, MA, 02128",-71.036108964567,42.378952530972,25,025,Boston city,census
BOS01368,Match,"87 TRENTON ST, EAST BOSTON, MA, 02128",-71.036027418699,42.378983134221,25,025,Boston city,census
BOS01369,Match,"89 TRENTON ST, EAST BOSTON, MA, 02128",-71.035945872831,42.379013737471,25,025,Boston city,census
BOS01370,Match,"93 TRENTON ST, EAST BOSTON, MA, 02128",-71.035782781095,42.37907494397,25,025,Boston city,census
BOS01371,Match,"95 TRENTON ST, EAST BOSTON, MA, 02128",-71.035701235227,42.37910554722,25,025,Boston city,census
BOS01372,Match,"97 TRENTON ST, EAST BOSTON, MA, 02128",-71.035619689359,42.37913615047,25,025,Boston city,census
BOS01373,Match,"99 TRENTON ST, EAST BOSTON, MA, 02128",-71.035538143491,42.379166753719,25,025,Boston city,census
BOS01374,Match,"101 TRENTON ST, EAST BOSTON, MA, 02128",-71.035456597623,42.379197356969,25,025,Boston city,census
BOS01375,Match,"103 TRENTON ST, EAST BOSTON, MA, 02128",-71.035375051755,42.379227960219,25,025,Boston city,census
BOS01376,Match,"148 BROOKS ST, EAST BOSTON, MA, 02128",-71.035226849616,42.379006451627,25,025,Boston city,census
BOS01377,Match,"146 BROOKS ST, EAST BOSTON, MA, 02128",-71.035177138465,42.37893253937,25,025,Boston city,census
BOS01378,Match,"128 LEXINGTON ST, EAST BOSTON, MA, 02128",-71.03517315437,42.378656079033,25,025,Boston city,census
BOS01379,Match,"98 LEXINGTON ST, EAST BOSTON, MA, 02128",-71.036259882848,42.378249874686,25,025,Boston city,census
BOS01380,Match,"94 LEXINGTON ST, EAST BOSTON, MA, 02128",-71.036404779979,42.378195714106,25,025,Boston city,census
BOS01381,Match,"92 LEXINGTON ST, EAST BOSTON, MA, 02128",-71.036477228544,42.378168633816,25,025,Boston city,census
BOS01382,Match,"90 LEXINGTON ST, EAST BOSTON, MA, 02128",-71.036549677109,42.378141553526,25,025,Boston city,census
BOS01383,Match,"86 LEXINGTON ST, EAST BOSTON, MA, 02128",-71.03669457424,42.378087392947,25,025,Boston city,census
BOS01384,Match,"80 PRINCETON ST, EAST BOSTON, MA, 02128",-71.036556915842,42.377350718538,25,025,Boston city,census
BOS01385,Match,"112 MARION ST, EAST BOSTON, MA, 02128",-71.036627649168,42.377322926858,25,025,Boston city,census
BOS01386,Match,"110 MARION ST, EAST BOSTON, MA, 02128",-71.036687514555,42.377410707222,25,025,Boston city,census
BOS01387,Match,"81 LEXINGTON ST, EAST BOSTON, MA, 02128",-71.036769435119,42.377930984561,25,025,Boston city,census
BOS01388,Match,"83 LEXINGTON ST, EAST BOSTON, MA, 02128",-71.036696986554,42.377958064851,25,025,Boston city,census
BOS01389,Match,"89 LEXINGTON ST, EAST BOSTON, MA, 02128",-71.036479640858,42.378039305721,25,025,Boston city,census
BOS01390,Match,"93 LEXINGTON ST, EAST BOSTON, MA, 02128",-71.036334743727,42.3780934663,25,025,Boston city,census
BOS01391,Match,"95 LEXINGTON ST, EAST BOSTON, MA, 02128",-71.036262295162,42.37812054659,25,025,Boston city,census
BOS01392,Match,"97 LEXINGTON ST, EAST BOSTON, MA, 02128",-71.036189846597,42.37814762688,25,025,Boston city,census
BOS01393,Match,"99 LEXINGTON ST, EAST BOSTON, MA, 02128",-71.036117398032,42.37817470717,25,025,Boston city,census
BOS01394,Match,"105 LEXINGTON ST, EAST BOSTON, MA, 02128",-71.035900052336,42.378255948039,25,025,Boston city,census
BOS01395,Match,"107 LEXINGTON ST, EAST BOSTON, MA, 02128",-71.035827603771,42.378283028329,25,025,Boston city,census
BOS01396,Match,"117 LEXINGTON ST, EAST BOSTON, MA, 02128",-71.035465360945,42.378418429778,25,025,Boston city,census
BOS01397,Match,"125 LEXINGTON ST, EAST BOSTON, MA, 02128",-71.035175566684,42.378526750937,25,025,Boston city,census
BOS01398,Match,"127 LEXINGTON ST, EAST BOSTON, MA, 02128",-71.035103118119,42.378553831227,25,025,Boston city,census
BOS01399,Match,"129 LEXINGTON ST, EAST BOSTON, MA, 02128",-71.035030669554,42.378580911516,25,025,Boston city,census
BOS01400,Match,"130 BROOKS ST, EAST BOSTON, MA, 02128",-71.034860762308,42.378461551947,25,025,Boston city,census
BOS01401,Match,"128 BROOKS ST, EAST BOSTON, MA, 02128",-71.034836176332,42.378424887502,25,025,Boston city,census
BOS01402,Match,"116 BROOKS ST, EAST BOSTON, MA, 02128",-71.034688660475,42.378204900834,25,025,Boston city,census
BOS01403,Match,"130 PRINCETON ST, EAST BOSTON, MA, 02128",-71.034759322503,42.378038501322,25,025,Boston city,census
BOS01404,Match,"128 PRINCETON ST, EAST BOSTON, MA, 02128",-71.034831226236,42.378010990011,25,025,Boston city,census
BOS01405,Match,"120 PRINCETON ST, EAST BOSTON, MA, 02128",-71.035118841171,42.377900944765,25,025,Boston city,census
BOS01406,Match,"116 PRINCETON ST, EAST BOSTON, MA, 02128",-71.035262648638,42.377845922143,25,025,Boston city,census
BOS01407,Match,"112 PRINCETON ST, EAST BOSTON, MA, 02128",-71.035406456105,42.37779089952,25,025,Boston city,census
BOS01408,Match,"110 PRINCETON ST, EAST BOSTON, MA, 02128",-71.035478359839,42.377763388208,25,025,Boston city,census
BOS01409,Match,"108 PRINCETON ST, EAST BOSTON, MA, 02128",-71.035550263572,42.377735876897,25,025,Boston city,census
BOS01410,Match,"106 PRINCETON ST, EAST BOSTON, MA, 02128",-71.035622167306,42.377708365586,25,025,Boston city,census
BOS01411,Match,"100 PRINCETON ST, EAST BOSTON, MA, 02128",-71.035837878506,42.377625831652,25,025,Boston city,census
BOS01412,Match,"98 PRINCETON ST, EAST BOSTON, MA, 02128",-71.03590978224,42.37759832034,25,025,Boston city,census
BOS01413,Match,"129 BROOKS ST, EAST BOSTON, MA, 02128",-71.034676684533,42.378445198906,25,025,Boston city,census
BOS01414,Match,"131 BROOKS ST, EAST BOSTON, MA, 02128",-71.034705368172,42.378487974092,25,025,Boston city,census
BOS01415,Match,"135 BROOKS ST, EAST BOSTON, MA, 02128",-71.03476273545,42.378573524463,25,025,Boston city,census
BOS01416,Match,"137 BROOKS ST, EAST BOSTON, MA, 02128",-71.034791419089,42.378616299648,25,025,Boston city,census
BOS01417,Match,"139 BROOKS ST, EAST BOSTON, MA, 02128",-71.034820102728,42.378659074834,25,025,Boston city,census
BOS01418,Match,"141 LEXINGTON ST, EAST BOSTON, MA, 02128",-71.034552528556,42.378759632685,25,025,Boston city,census
BOS01419,Match,"145 LEXINGTON ST, EAST BOSTON, MA, 02128",-71.034418889497,42.378809584643,25,025,Boston city,census
BOS01420,Match,"149 LEXINGTON ST, EAST BOSTON, MA, 02128",-71.034285250438,42.378859536601,25,025,Boston city,census
BOS01421,Match,"163 LEXINGTON ST, EAST BOSTON, MA, 02128",-71.03381751373,42.379034368454,25,025,Boston city,census
BOS01422,Match,"165 LEXINGTON ST, EAST BOSTON, MA, 02128",-71.0337506942,42.379059344433,25,025,Boston city,census
BOS01423,Match,"171 LEXINGTON ST, EAST BOSTON, MA, 02128",-71.033550235611,42.37913427237,25,025,Boston city,census
BOS01424,Match,"173 LEXINGTON ST, EAST BOSTON, MA, 02128",-71.033483416082,42.379159248349,25,025,Boston city,census
BOS01425,Match,"177 LEXINGTON ST, EAST BOSTON, MA, 02128",-71.033349777022,42.379209200307,25,025,Boston city,census
BOS01426,Match,"179 LEXINGTON ST, EAST BOSTON, MA, 02128",-71.033282957493,42.379234176286,25,025,Boston city,census
BOS01427,Match,"185 LEXINGTON ST, EAST BOSTON, MA, 02128",-71.033082498904,42.379309104223,25,025,Boston city,census
BOS01428,Match,"191 LEXINGTON ST, EAST BOSTON, MA, 02128",-71.032882040315,42.37938403216,25,025,Boston city,census
BOS01429,Match,"193 LEXINGTON ST, EAST BOSTON, MA, 02128",-71.032815220785,42.379409008139,25,025,Boston city,census
BOS01430,Match,"113 PUTNAM ST, EAST BOSTON, MA, 02128",-71.032623479053,42.379121629534,25,025,Boston city,census
BOS01431,Match,"184 PRINCETON ST, EAST BOSTON, MA, 02128",-71.032917462943,42.378715710068,25,025,Boston city,census
BOS01432,Match,"182 PRINCETON ST, EAST BOSTON, MA, 02128",-71.032982396802,42.378691962444,25,025,Boston city,census
BOS01433,Match,"180 PRINCETON ST, EAST BOSTON, MA, 02128",-71.033047330662,42.37866821482,25,025,Boston city,census
BOS01434,Match,"178 PRINCETON ST, EAST BOSTON, MA, 02128",-71.033112264521,42.378644467196,25,025,Boston city,census
BOS01435,Match,"174 PRINCETON ST, EAST BOSTON, MA, 02128",-71.03324213224,42.378596971949,25,025,Boston city,census
BOS01436,Match,"170 PRINCETON ST, EAST BOSTON, MA, 02128",-71.033371999959,42.378549476701,25,025,Boston city,census
BOS01437,Match,"168 PRINCETON ST, EAST BOSTON, MA, 02128",-71.033436933819,42.378525729078,25,025,Boston city,census
BOS01438,Match,"166 PRINCETON ST, EAST BOSTON, MA, 02128",-71.033501867678,42.378501981454,25,025,Boston city,census
BOS01439,Match,"160 PRINCETON ST, EAST BOSTON, MA, 02128",-71.033696669257,42.378430738583,25,025,Boston city,census
BOS01440,Match,"158 PRINCETON ST, EAST BOSTON, MA, 02128",-71.033761603116,42.378406990959,25,025,Boston city,census
BOS01441,Match,"154 PRINCETON ST, EAST BOSTON, MA, 02128",-71.033891470835,42.378359495711,25,025,Boston city,census
BOS01442,Match,"150 PRINCETON ST, EAST BOSTON, MA, 02128",-71.034021338554,42.378312000464,25,025,Boston city,census
BOS01443,Match,"146 PRINCETON ST, EAST BOSTON, MA, 02128",-71.034151206273,42.378264505216,25,025,Boston city,census
BOS01444,Match,"134 LEXINGTON ST, EAST BOSTON, MA, 02128",-71.034889843978,42.378761976512,25,025,Boston city,census
BOS01445,Match,"147 BROOKS ST, EAST BOSTON, MA, 02128",-71.035038215185,42.378983525941,25,025,Boston city,census
BOS01446,Match,"149 BROOKS ST, EAST BOSTON, MA, 02128",-71.035087926336,42.379057438198,25,025,Boston city,census
BOS01447,Match,"109 TRENTON ST, EAST BOSTON, MA, 02128",-71.035082386873,42.379336986079,25,025,Boston city,census
BOS01448,Match,"111 TRENTON ST, EAST BOSTON, MA, 02128",-71.035005138822,42.379365697384,25,025,Boston city,census
BOS01449,Match,"113 TRENTON ST, EAST BOSTON, MA, 02128",-71.034927890771,42.37939440869,25,025,Boston city,census
BOS01450,Match,"115 TRENTON ST, EAST BOSTON, MA, 02128",-71.03485064272,42.379423119995,25,025,Boston city,census
BOS01451,Match,"117 TRENTON ST, EAST BOSTON, MA, 02128",-71.034773394669,42.379451831301,25,025,Boston city,census
BOS01452,Match,"119 TRENTON ST, EAST BOSTON, MA, 02128",-71.034696146618,42.379480542607,25,025,Boston city,census
BOS01453,Match,"121 TRENTON ST, EAST BOSTON, MA, 02128",-71.034618898567,42.379509253912,25,025,Boston city,census
BOS01454,Match,"125 TRENTON ST, EAST BOSTON, MA, 02128",-71.034464402465,42.379566676523,25,025,Boston city,census
BOS01455,Match,"129 TRENTON ST, EAST BOSTON, MA, 02128",-71.034309906363,42.379624099134,25,025,Boston city,census
BOS01456,Match,"133 TRENTON ST, EAST BOSTON, MA, 02128",-71.034155410261,42.379681521746,25,025,Boston city,census
BOS01457,Match,"139 TRENTON ST, EAST BOSTON, MA, 02128",-71.033923666107,42.379767655662,25,025,Boston city,census
BOS01458,Match,"141 TRENTON ST, EAST BOSTON, MA, 02128",-71.033846418057,42.379796366968,25,025,Boston city,census
BOS01459,Match,"145 TRENTON ST, EAST BOSTON, MA, 02128",-71.033691921955,42.379853789579,25,025,Boston city,census
BOS01460,Match,"151 TRENTON ST, EAST BOSTON, MA, 02128",-71.033460177801,42.379939923496,25,025,Boston city,census
BOS01461,Match,"153 TRENTON ST, EAST BOSTON, MA, 02128",-71.03338292975,42.379968634802,25,025,Boston city,census
BOS01462,Match,"155 TRENTON ST, EAST BOSTON, MA, 02128",-71.033305681699,42.379997346107,25,025,Boston city,census
BOS01463,Match,"157 TRENTON ST, EAST BOSTON, MA, 02128",-71.033228433648,42.380026057413,25,025,Boston city,census
BOS01464,Match,"89 PUTNAM ST, EAST BOSTON, MA, 02128",-71.033041403203,42.37974572607,25,025,Boston city,census
BOS01465,Match,"91 PUTNAM ST, EAST BOSTON, MA, 02128",-71.033010110391,42.379698974203,25,025,Boston city,census
BOS01466,Match,"194 LEXINGTON ST, EAST BOSTON, MA, 02128",-71.032885258089,42.379511255882,25,025,Boston city,census
BOS01467,Match,"192 LEXINGTON ST, EAST BOSTON, MA, 02128",-71.032952077618,42.379486279903,25,025,Boston city,census
BOS01468,Match,"190 LEXINGTON ST, EAST BOSTON, MA, 02128",-71.033018897148,42.379461303924,25,025,Boston city,census
BOS01469,Match,"188 LEXINGTON ST, EAST BOSTON, MA, 02128",-71.033085716678,42.379436327945,25,025,Boston city,census
BOS01470,Match,"186 LEXINGTON ST, EAST BOSTON, MA, 02128",-71.033152536207,42.379411351966,25,025,Boston city,census
BOS01471,Match,"174 LEXINGTON ST, EAST BOSTON, MA, 02128",-71.033553453385,42.379261496092,25,025,Boston city,census
BOS01472,Match,"164 LEXINGTON ST, EAST BOSTON, MA, 02128",-71.033887551034,42.379136616197,25,025,Boston city,census
BOS01473,Match,"162 LEXINGTON ST, EAST BOSTON, MA, 02128",-71.033954370563,42.379111640218,25,025,Boston city,census
BOS01474,Match,"158 LEXINGTON ST, EAST BOSTON, MA, 02128",-71.034088009623,42.37906168826,25,025,Boston city,census
BOS01475,Match,"156 LEXINGTON ST, EAST BOSTON, MA, 02128",-71.034154829152,42.379036712281,25,025,Boston city,census
BOS01476,Match,"152 LEXINGTON ST, EAST BOSTON, MA, 02128",-71.034288468212,42.378986760323,25,025,Boston city,census
BOS01477,Match,"150 LEXINGTON ST, EAST BOSTON, MA, 02128",-71.034355287741,42.378961784344,25,025,Boston city,census
BOS01478,Match,"146 LEXINGTON ST, EAST BOSTON, MA, 02128",-71.0344889268,42.378911832386,25,025,Boston city,census
BOS01479,Match,"144 LEXINGTON ST, EAST BOSTON, MA, 02128",-71.03455574633,42.378886856407,25,025,Boston city,census
BOS01480,Match,"140 LEXINGTON ST, EAST BOSTON, MA, 02128",-71.034689385389,42.378836904449,25,025,Boston city,census
BOS01481,Match,"138 LEXINGTON ST, EAST BOSTON, MA, 02128",-71.034756204919,42.37881192847,25,025,Boston city,census
BOS01482,Match,"169 BROOKS ST, EAST BOSTON, MA, 02128",-71.035469378735,42.37962559301,25,025,Boston city,census
BOS01483,Match,"105 EUTAW ST, EAST BOSTON, MA, 02128",-71.035601920164,42.379934120297,25,025,Boston city,census
BOS01484,Match,"107 EUTAW ST, EAST BOSTON, MA, 02128",-71.035573253475,42.379945237463,25,025,Boston city,census
BOS01485,Match,"109 EUTAW ST, EAST BOSTON, MA, 02128",-71.035544586786,42.379956354628,25,025,Boston city,census
BOS01486,Match,"111 EUTAW ST, EAST BOSTON, MA, 02128",-71.035515920097,42.379967471794,25,025,Boston city,census
BOS01487,Match,"113 EUTAW ST, EAST BOSTON, MA, 02128",-71.035487253408,42.37997858896,25,025,Boston city,census
BOS01488,Match,"115 EUTAW ST, EAST BOSTON, MA, 02128",-71.035458586719,42.379989706126,25,025,Boston city,census
BOS01489,Match,"117 EUTAW ST, EAST BOSTON, MA, 02128",-71.03542992003,42.380000823292,25,025,Boston city,census
BOS01490,Match,"119 EUTAW ST, EAST BOSTON, MA, 02128",-71.035401253341,42.380011940458,25,025,Boston city,census
BOS01491,Match,"121 EUTAW ST, EAST BOSTON, MA, 02128",-71.035372586652,42.380023057623,25,025,Boston city,census
BOS01492,Match,"123 EUTAW ST, EAST BOSTON, MA, 02128",-71.035343919964,42.380034174789,25,025,Boston city,census
BOS01493,Match,"125 EUTAW ST, EAST BOSTON, MA, 02128",-71.035315253275,42.380045291955,25,025,Boston city,census
BOS01494,Match,"127 EUTAW ST, EAST BOSTON, MA, 02128",-71.035286586586,42.380056409121,25,025,Boston city,census
BOS01495,Match,"129 EUTAW ST, EAST BOSTON, MA, 02128",-71.035257919897,42.380067526286,25,025,Boston city,census
BOS01496,Match,"131 EUTAW ST, EAST BOSTON, MA, 02128",-71.035229253208,42.380078643452,25,025,Boston city,census
BOS01497,Match,"133 EUTAW ST, EAST BOSTON, MA, 02128",-71.035200586519,42.380089760618,25,025,Boston city,census
BOS01498,Match,"137 EUTAW ST, EAST BOSTON, MA, 02128",-71.035143253141,42.38011199495,25,025,Boston city,census
BOS01499,Match,"89 WHITE ST, EAST BOSTON, MA, 02128",-71.034038680051,42.380473932549,25,025,Boston city,census
BOS01500,Match,"65 PUTNAM ST, EAST BOSTON, MA, 02128",-71.033498289089,42.380463073729,25,025,Boston city,census
BOS01501,Match,"67 PUTNAM ST, EAST BOSTON, MA, 02128",-71.033460667962,42.380375959859,25,025,Boston city,census
BOS01502,Match,"69 PUTNAM ST, EAST BOSTON, MA, 02128",-71.03341993444,42.380314308087,25,025,Boston city,census
BOS01503,Match,"71 PUTNAM ST, EAST BOSTON, MA, 02128",-71.033379200918,42.380252656314,25,025,Boston city,census
BOS01504,Match,"156 TRENTON ST, EAST BOSTON, MA, 02128",-71.034101537227,42.379829824668,25,025,Boston city,census
BOS01505,Match,"154 TRENTON ST, EAST BOSTON, MA, 02128",-71.03415174846,42.379811162319,25,025,Boston city,census
BOS01506,Match,"152 TRENTON ST, EAST BOSTON, MA, 02128",-71.034201959694,42.37979249997,25,025,Boston city,census
BOS01507,Match,"146 TRENTON ST, EAST BOSTON, MA, 02128",-71.034352593393,42.379736512924,25,025,Boston city,census
BOS01508,Match,"144 TRENTON ST, EAST BOSTON, MA, 02128",-71.034402804626,42.379717850576,25,025,Boston city,census
BOS01509,Match,"142 TRENTON ST, EAST BOSTON, MA, 02128",-71.034453015859,42.379699188227,25,025,Boston city,census
BOS01510,Match,"136 TRENTON ST, EAST BOSTON, MA, 02128",-71.034603649559,42.379643201181,25,025,Boston city,census
BOS01511,Match,"132 TRENTON ST, EAST BOSTON, MA, 02128",-71.034704072025,42.379605876484,25,025,Boston city,census
BOS01512,Match,"134 TRENTON ST, EAST BOSTON, MA, 02128",-71.034653860792,42.379624538833,25,025,Boston city,census
BOS01513,Match,"130 TRENTON ST, EAST BOSTON, MA, 02128",-71.034754283259,42.379587214135,25,025,Boston city,census
BOS01514,Match,"128 TRENTON ST, EAST BOSTON, MA, 02128",-71.034804494492,42.379568551787,25,025,Boston city,census
BOS01515,Match,"126 TRENTON ST, EAST BOSTON, MA, 02128",-71.034854705725,42.379549889438,25,025,Boston city,census
BOS01516,Match,"124 TRENTON ST, EAST BOSTON, MA, 02128",-71.034904916958,42.379531227089,25,025,Boston city,census
BOS01517,Match,"122 TRENTON ST, EAST BOSTON, MA, 02128",-71.034955128191,42.379512564741,25,025,Boston city,census
BOS01518,Match,"120 TRENTON ST, EAST BOSTON, MA, 02128",-71.035005339424,42.379493902392,25,025,Boston city,census
BOS01519,Match,"193 BROOKS ST, EAST BOSTON, MA, 02128",-71.035951942038,42.380291527419,25,025,Boston city,census
BOS01520,Match,"195 BROOKS ST, EAST BOSTON, MA, 02128",-71.035992541939,42.380353402151,25,025,Boston city,census
BOS01521,Match,"197 BROOKS ST, EAST BOSTON, MA, 02128",-71.036014085177,42.380417570713,25,025,Boston city,census
BOS01522,Match,"57 WHITE ST, EAST BOSTON, MA, 02128",-71.035807046283,42.380489360617,25,025,Boston city,census
BOS01523,Match,"59 WHITE ST, EAST BOSTON, MA, 02128",-71.035699426106,42.380488500382,25,025,Boston city,census
BOS01524,Match,"75 WHITE ST, EAST BOSTON, MA, 02128",-71.034838464687,42.380481618506,25,025,Boston city,census
BOS01525,Match,"85 WHITE ST, EAST BOSTON, MA, 02128",-71.034300363801,42.380477317334,25,025,Boston city,census
BOS01526,Match,"120 EUTAW ST, EAST BOSTON, MA, 02128",-71.035444694699,42.380124517259,25,025,Boston city,census
BOS01527,Match,"112 EUTAW ST, EAST BOSTON, MA, 02128",-71.035559361455,42.380080048596,25,025,Boston city,census
BOS01528,Match,"106 EUTAW ST, EAST BOSTON, MA, 02128",-71.035645361522,42.380046697098,25,025,Boston city,census
BOS01529,Match,"159 TRENTON ST, EAST BOSTON, MA, 02128",-71.033089777662,42.380077742821,25,025,Boston city,census
BOS01530,Match,"161 TRENTON ST, EAST BOSTON, MA, 02128",-71.033023233281,42.380102620079,25,025,Boston city,census
BOS01531,Match,"163 TRENTON ST, EAST BOSTON, MA, 02128",-71.0329566889,42.380127497337,25,025,Boston city,census
BOS01532,Match,"165 TRENTON ST, EAST BOSTON, MA, 02128",-71.032890144519,42.380152374594,25,025,Boston city,census
BOS01533,Match,"169 TRENTON ST, EAST BOSTON, MA, 02128",-71.032757055757,42.380202129109,25,025,Boston city,census
BOS01534,Match,"171 TRENTON ST, EAST BOSTON, MA, 02128",-71.032690511376,42.380227006366,25,025,Boston city,census
BOS01535,Match,"173 TRENTON ST, EAST BOSTON, MA, 02128",-71.032623966995,42.380251883624,25,025,Boston city,census
BOS01536,Match,"179 TRENTON ST, EAST BOSTON, MA, 02128",-71.032424333851,42.380326515396,25,025,Boston city,census
BOS01537,Match,"193 TRENTON ST, EAST BOSTON, MA, 02128",-71.031878068983,42.380530280758,25,025,Boston city,census
BOS01538,Match,"195 TRENTON ST, EAST BOSTON, MA, 02128",-71.031807192019,42.380556625624,25,025,Boston city,census
BOS01539,Match,"197 TRENTON ST, EAST BOSTON, MA, 02128",-71.031736315056,42.38058297049,25,025,Boston city,census
BOS01540,Match,"207 TRENTON ST, EAST BOSTON, MA, 02128",-71.031381930238,42.380714694821,25,025,Boston city,census
BOS01541,Match,"209 TRENTON ST, EAST BOSTON, MA, 02128",-71.031311053275,42.380741039687,25,025,Boston city,census
BOS01542,Match,"211 TRENTON ST, EAST BOSTON, MA, 02128",-71.031240176311,42.380767384553,25,025,Boston city,census
BOS01543,Match,"3 PRESCOTT ST, EAST BOSTON, MA, 02128",-71.031099320122,42.380820296878,25,025,Boston city,census
BOS01544,Match,"7 PRESCOTT ST, EAST BOSTON, MA, 02128",-71.030870360478,42.380476834034,25,025,Boston city,census
BOS01545,Match,"250 LEXINGTON ST, EAST BOSTON, MA, 02128",-71.03089348378,42.380253242982,25,025,Boston city,census
BOS01546,Match,"246 LEXINGTON ST, EAST BOSTON, MA, 02128",-71.031030758847,42.38020211072,25,025,Boston city,census
BOS01547,Match,"244 LEXINGTON ST, EAST BOSTON, MA, 02128",-71.031099396381,42.380176544589,25,025,Boston city,census
BOS01548,Match,"242 LEXINGTON ST, EAST BOSTON, MA, 02128",-71.031168033915,42.380150978458,25,025,Boston city,census
BOS01549,Match,"240 LEXINGTON ST, EAST BOSTON, MA, 02128",-71.031236671448,42.380125412327,25,025,Boston city,census
BOS01550,Match,"238 LEXINGTON ST, EAST BOSTON, MA, 02128",-71.031305308982,42.380099846196,25,025,Boston city,census
BOS01551,Match,"234 LEXINGTON ST, EAST BOSTON, MA, 02128",-71.031442584049,42.380048713934,25,025,Boston city,census
BOS01552,Match,"232 LEXINGTON ST, EAST BOSTON, MA, 02128",-71.031511221583,42.380023147803,25,025,Boston city,census
BOS01553,Match,"230 LEXINGTON ST, EAST BOSTON, MA, 02128",-71.031579859117,42.379997581672,25,025,Boston city,census
BOS01554,Match,"224 LEXINGTON ST, EAST BOSTON, MA, 02128",-71.031785771718,42.379920883279,25,025,Boston city,census
BOS01555,Match,"222 LEXINGTON ST, EAST BOSTON, MA, 02128",-71.031854409251,42.379895317149,25,025,Boston city,census
BOS01556,Match,"220 LEXINGTON ST, EAST BOSTON, MA, 02128",-71.031923046785,42.379869751018,25,025,Boston city,census
BOS01557,Match,"212 LEXINGTON ST, EAST BOSTON, MA, 02128",-71.03219759692,42.379767486494,25,025,Boston city,census
BOS01558,Match,"210 LEXINGTON ST, EAST BOSTON, MA, 02128",-71.032266234453,42.379741920363,25,025,Boston city,census
BOS01559,Match,"208 LEXINGTON ST, EAST BOSTON, MA, 02128",-71.032334871987,42.379716354232,25,025,Boston city,census
BOS01560,Match,"206 LEXINGTON ST, EAST BOSTON, MA, 02128",-71.032403509521,42.379690788101,25,025,Boston city,census
BOS01561,Match,"204 LEXINGTON ST, EAST BOSTON, MA, 02128",-71.032472147054,42.37966522197,25,025,Boston city,census
BOS01562,Match,"202 LEXINGTON ST, EAST BOSTON, MA, 02128",-71.032540784588,42.379639655839,25,025,Boston city,census
BOS01563,Match,"200 LEXINGTON ST, EAST BOSTON, MA, 02128",-71.032609422122,42.379614089708,25,025,Boston city,census
BOS01564,Match,"88 PUTNAM ST, EAST BOSTON, MA, 02128",-71.032889305748,42.379777034916,25,025,Boston city,census
BOS01565,Match,"86 PUTNAM ST, EAST BOSTON, MA, 02128",-71.032917990825,42.379819890793,25,025,Boston city,census
BOS01566,Match,"198 TRENTON ST, EAST BOSTON, MA, 02128",-71.03156303765,42.380775658707,25,025,Boston city,census
BOS01567,Match,"196 TRENTON ST, EAST BOSTON, MA, 02128",-71.031694666296,42.380726732528,25,025,Boston city,census
BOS01568,Match,"192 TRENTON ST, EAST BOSTON, MA, 02128",-71.031957923589,42.380628880167,25,025,Boston city,census
BOS01569,Match,"118 WHITE ST, EAST BOSTON, MA, 02128",-71.033133808919,42.380575083949,25,025,Boston city,census
BOS01570,Match,"116 WHITE ST, EAST BOSTON, MA, 02128",-71.033157154395,42.380575425139,25,025,Boston city,census
BOS01571,Match,"114 WHITE ST, EAST BOSTON, MA, 02128",-71.033180499871,42.380575766329,25,025,Boston city,census
BOS01572,Match,"112 WHITE ST, EAST BOSTON, MA, 02128",-71.033203845347,42.380576107519,25,025,Boston city,census
BOS01573,Match,"106 WHITE ST, EAST BOSTON, MA, 02128",-71.033273881776,42.380577131089,25,025,Boston city,census
BOS01574,Match,"104 WHITE ST, EAST BOSTON, MA, 02128",-71.033297227252,42.380577472279,25,025,Boston city,census
BOS01575,Match,"54 PUTNAM ST, EAST BOSTON, MA, 02128",-71.033341658341,42.380875189945,25,025,Boston city,census
BOS01576,Match,"52 PUTNAM ST, EAST BOSTON, MA, 02128",-71.033341306352,42.380908117155,25,025,Boston city,census
BOS01577,Match,"48 PUTNAM ST, EAST BOSTON, MA, 02128",-71.033340602375,42.380973971577,25,025,Boston city,census
BOS01578,Match,"205 E EAGLE ST, EAST BOSTON, MA, 02128",-71.032284933924,42.381291616904,25,025,Boston city,census
BOS01579,Match,"207 E EAGLE ST, EAST BOSTON, MA, 02128",-71.032264690379,42.381291400477,25,025,Boston city,census
BOS01580,Match,"217 E EAGLE ST, EAST BOSTON, MA, 02128",-71.032163472654,42.381290318339,25,025,Boston city,census
BOS01581,Match,"223 E EAGLE ST, EAST BOSTON, MA, 02128",-71.032102742019,42.381289669056,25,025,Boston city,census
BOS01582,Match,"225 E EAGLE ST, EAST BOSTON, MA, 02128",-71.032082498474,42.381289452628,25,025,Boston city,census
BOS01583,Match,"235 E EAGLE ST, EAST BOSTON, MA, 02128",-71.031981280749,42.38128837049,25,025,Boston city,census
BOS01584,Match,"278 E EAGLE ST, EAST BOSTON, MA, 02128",-71.030785959822,42.381396283111,25,025,Boston city,census
BOS01585,Match,"274 E EAGLE ST, EAST BOSTON, MA, 02128",-71.030868043121,42.381396283113,25,025,Boston city,census
BOS01586,Match,"262 E EAGLE ST, EAST BOSTON, MA, 02128",-71.03111429302,42.381396283121,25,025,Boston city,census
BOS01587,Match,"258 E EAGLE ST, EAST BOSTON, MA, 02128",-71.031196376319,42.381396283124,25,025,Boston city,census
BOS01588,Match,"254 E EAGLE ST, EAST BOSTON, MA, 02128",-71.031278459619,42.381396283126,25,025,Boston city,census
BOS01589,Match,"252 E EAGLE ST, EAST BOSTON, MA, 02128",-71.031432459983,42.3813971063,25,025,Boston city,census
BOS01590,Match,"250 E EAGLE ST, EAST BOSTON, MA, 02128",-71.031457498052,42.381397373986,25,025,Boston city,census
BOS01591,Match,"242 E EAGLE ST, EAST BOSTON, MA, 02128",-71.031557650327,42.381398444734,25,025,Boston city,census
BOS01592,Match,"230 E EAGLE ST, EAST BOSTON, MA, 02128",-71.03170787874,42.381400050854,25,025,Boston city,census
BOS01593,Match,"224 E EAGLE ST, EAST BOSTON, MA, 02128",-71.031782992947,42.381400853915,25,025,Boston city,census
BOS01594,Match,"222 E EAGLE ST, EAST BOSTON, MA, 02128",-71.031808031016,42.381401121601,25,025,Boston city,census
BOS01595,Match,"220 E EAGLE ST, EAST BOSTON, MA, 02128",-71.031833069085,42.381401389288,25,025,Boston city,census
BOS01596,Match,"218 E EAGLE ST, EAST BOSTON, MA, 02128",-71.031858107153,42.381401656975,25,025,Boston city,census
BOS01597,Match,"210 E EAGLE ST, EAST BOSTON, MA, 02128",-71.031958259429,42.381402727722,25,025,Boston city,census
BOS01598,Match,"208 E EAGLE ST, EAST BOSTON, MA, 02128",-71.031983297498,42.381402995409,25,025,Boston city,census
BOS01599,Match,"206 E EAGLE ST, EAST BOSTON, MA, 02128",-71.032008335567,42.381403263096,25,025,Boston city,census
BOS01600,Match,"202 E EAGLE ST, EAST BOSTON, MA, 02128",-71.032058411704,42.381403798469,25,025,Boston city,census
BOS01601,Match,"139 FALCON ST, EAST BOSTON, MA, 02128",-71.033290878799,42.381891758508,25,025,Boston city,census
BOS01602,Match,"141 FALCON ST, EAST BOSTON, MA, 02128",-71.033254411119,42.381891782103,25,025,Boston city,census
BOS01603,Match,"145 FALCON ST, EAST BOSTON, MA, 02128",-71.03318147576,42.381891829293,25,025,Boston city,census
BOS01604,Match,"151 FALCON ST, EAST BOSTON, MA, 02128",-71.033072072721,42.381891900078,25,025,Boston city,census
BOS01605,Match,"153 FALCON ST, EAST BOSTON, MA, 02128",-71.033035605041,42.381891923673,25,025,Boston city,census
BOS01606,Match,"163 FALCON ST, EAST BOSTON, MA, 02128",-71.032853266642,42.381892041647,25,025,Boston city,census
BOS01607,Match,"165 FALCON ST, EAST BOSTON, MA, 02128",-71.032816798962,42.381892065242,25,025,Boston city,census
BOS01608,Match,"167 FALCON ST, EAST BOSTON, MA, 02128",-71.032780331283,42.381892088837,25,025,Boston city,census
BOS01609,Match,"171 FALCON ST, EAST BOSTON, MA, 02128",-71.032707395923,42.381892136027,25,025,Boston city,census
BOS01610,Match,"175 FALCON ST, EAST BOSTON, MA, 02128",-71.032634460564,42.381892183216,25,025,Boston city,census
BOS01611,Match,"191 FALCON ST, EAST BOSTON, MA, 02128",-71.032342719126,42.381892371975,25,025,Boston city,census
BOS01612,Match,"203 FALCON ST, EAST BOSTON, MA, 02128",-71.032123913047,42.381892513545,25,025,Boston city,census
BOS01613,Match,"6 GLENDON ST, EAST BOSTON, MA, 02128",-71.030374946009,42.38152077542,25,025,Boston city,census
BOS01614,Match,"206 FALCON ST, EAST BOSTON, MA, 02128",-71.032072082486,42.382007138501,25,025,Boston city,census
BOS01615,Match,"204 FALCON ST, EAST BOSTON, MA, 02128",-71.032109006012,42.382007114611,25,025,Boston city,census
BOS01616,Match,"202 FALCON ST, EAST BOSTON, MA, 02128",-71.032145929537,42.382007090721,25,025,Boston city,census
BOS01617,Match,"200 FALCON ST, EAST BOSTON, MA, 02128",-71.032182853063,42.382007066831,25,025,Boston city,census
BOS01618,Match,"198 FALCON ST, EAST BOSTON, MA, 02128",-71.032219776589,42.382007042941,25,025,Boston city,census
BOS01619,Match,"196 FALCON ST, EAST BOSTON, MA, 02128",-71.032256700115,42.382007019052,25,025,Boston city,census
BOS01620,Match,"194 FALCON ST, EAST BOSTON, MA, 02128",-71.03229362364,42.382006995162,25,025,Boston city,census
BOS01621,Match,"192 FALCON ST, EAST BOSTON, MA, 02128",-71.032330547166,42.382006971272,25,025,Boston city,census
BOS01622,Match,"188 FALCON ST, EAST BOSTON, MA, 02128",-71.032404394218,42.382006923492,25,025,Boston city,census
BOS01623,Match,"182 FALCON ST, EAST BOSTON, MA, 02128",-71.032515164795,42.382006851823,25,025,Boston city,census
BOS01624,Match,"180 FALCON ST, EAST BOSTON, MA, 02128",-71.032552088321,42.382006827933,25,025,Boston city,census
BOS01625,Match,"176 FALCON ST, EAST BOSTON, MA, 02128",-71.032625935372,42.382006780154,25,025,Boston city,census
BOS01626,Match,"174 FALCON ST, EAST BOSTON, MA, 02128",-71.032662858898,42.382006756264,25,025,Boston city,census
BOS01627,Match,"172 FALCON ST, EAST BOSTON, MA, 02128",-71.032699782424,42.382006732374,25,025,Boston city,census
BOS01628,Match,"164 FALCON ST, EAST BOSTON, MA, 02128",-71.032847476527,42.382006636815,25,025,Boston city,census
BOS01629,Match,"160 FALCON ST, EAST BOSTON, MA, 02128",-71.032921323578,42.382006589035,25,025,Boston city,census
BOS01630,Match,"158 FALCON ST, EAST BOSTON, MA, 02128",-71.032958247104,42.382006565145,25,025,Boston city,census
BOS01631,Match,"152 FALCON ST, EAST BOSTON, MA, 02128",-71.033069017681,42.382006493476,25,025,Boston city,census
BOS01632,Match,"146 FALCON ST, EAST BOSTON, MA, 02128",-71.033179788258,42.382006421806,25,025,Boston city,census
BOS01633,Match,"144 FALCON ST, EAST BOSTON, MA, 02128",-71.033216711784,42.382006397916,25,025,Boston city,census
BOS01634,Match,"142 FALCON ST, EAST BOSTON, MA, 02128",-71.03325363531,42.382006374027,25,025,Boston city,census
BOS01635,Match,"140 FALCON ST, EAST BOSTON, MA, 02128",-71.033290558835,42.382006350137,25,025,Boston city,census
BOS01636,Match,"138 FALCON ST, EAST BOSTON, MA, 02128",-71.033327482361,42.382006326247,25,025,Boston city,census
BOS01637,Match,"10 PUTNAM ST, EAST BOSTON, MA, 02128",-71.033321056454,42.382370580439,25,025,Boston city,census
BOS01638,Match,"8 PUTNAM ST, EAST BOSTON, MA, 02128",-71.033320369117,42.382416198631,25,025,Boston city,census
BOS01639,Match,"195 CONDOR ST, EAST BOSTON, MA, 02128",-71.03320906111,42.382551294313,25,025,Boston city,census
BOS01640,Match,"197 CONDOR ST, EAST BOSTON, MA, 02128",-71.033154193103,42.382550590743,25,025,Boston city,census
BOS01641,Match,"199 CONDOR ST, EAST BOSTON, MA, 02128",-71.033099325095,42.382549887173,25,025,Boston city,census
BOS01642,Match,"203 CONDOR ST, EAST BOSTON, MA, 02128",-71.03298958908,42.382548480033,25,025,Boston city,census
BOS01643,Match,"213 CONDOR ST, EAST BOSTON, MA, 02128",-71.032715249041,42.382544962181,25,025,Boston city,census
BOS01644,Match,"235 CONDOR ST, EAST BOSTON, MA, 02128",-71.032111700956,42.382537222909,25,025,Boston city,census
BOS01645,Match,"237 CONDOR ST, EAST BOSTON, MA, 02128",-71.032056832948,42.382536519339,25,025,Boston city,census
BOS01646,Match,"24 GLENDON ST, EAST BOSTON, MA, 02128",-71.030370970593,42.382035486164,25,025,Boston city,census
BOS01647,Match,"7 PUTNAM ST, EAST BOSTON, MA, 02128",-71.033475493648,42.382417473898,25,025,Boston city,census
BOS01648,Match,"136 FALCON ST, EAST BOSTON, MA, 02128",-71.03348159382,42.382006971541,25,025,Boston city,census
BOS01649,Match,"134 FALCON ST, EAST BOSTON, MA, 02128",-71.033571623304,42.382007783773,25,025,Boston city,census
BOS01650,Match,"130 FALCON ST, EAST BOSTON, MA, 02128",-71.033751682272,42.382009408239,25,025,Boston city,census
BOS01651,Match,"128 FALCON ST, EAST BOSTON, MA, 02128",-71.033841711756,42.382010220472,25,025,Boston city,census
BOS01652,Match,"126 FALCON ST, EAST BOSTON, MA, 02128",-71.03393174124,42.382011032705,25,025,Boston city,census
BOS01653,Match,"124 FALCON ST, EAST BOSTON, MA, 02128",-71.034021770724,42.382011844938,25,025,Boston city,census
BOS01654,Match,"122 FALCON ST, EAST BOSTON, MA, 02128",-71.034111800208,42.382012657171,25,025,Boston city,census
BOS01655,Match,"120 FALCON ST, EAST BOSTON, MA, 02128",-71.034201829692,42.382013469404,25,025,Boston city,census
BOS01656,Match,"118 FALCON ST, EAST BOSTON, MA, 02128",-71.034291859176,42.382014281637,25,025,Boston city,census
BOS01657,Match,"116 FALCON ST, EAST BOSTON, MA, 02128",-71.03438188866,42.38201509387,25,025,Boston city,census
BOS01658,Match,"114 FALCON ST, EAST BOSTON, MA, 02128",-71.034471918143,42.382015906102,25,025,Boston city,census
BOS01659,Match,"112 FALCON ST, EAST BOSTON, MA, 02128",-71.034561947627,42.382016718335,25,025,Boston city,census
BOS01660,Match,"106 FALCON ST, EAST BOSTON, MA, 02128",-71.034832036079,42.382019155034,25,025,Boston city,census
BOS01661,Match,"104 FALCON ST, EAST BOSTON, MA, 02128",-71.034922065563,42.382019967267,25,025,Boston city,census
BOS01662,Match,"98 FALCON ST, EAST BOSTON, MA, 02128",-71.035192154015,42.382022403966,25,025,Boston city,census
BOS01663,Match,"96 FALCON ST, EAST BOSTON, MA, 02128",-71.035282183499,42.382023216199,25,025,Boston city,census
BOS01664,Match,"94 FALCON ST, EAST BOSTON, MA, 02128",-71.035373166418,42.382023291405,25,025,Boston city,census
BOS01665,Match,"92 FALCON ST, EAST BOSTON, MA, 02128",-71.035463202629,42.382023291408,25,025,Boston city,census
BOS01666,Match,"90 FALCON ST, EAST BOSTON, MA, 02128",-71.03555323884,42.382023291411,25,025,Boston city,census
BOS01667,Match,"88 FALCON ST, EAST BOSTON, MA, 02128",-71.035643275051,42.382023291414,25,025,Boston city,census
BOS01668,Match,"86 FALCON ST, EAST BOSTON, MA, 02128",-71.035733311262,42.382023291416,25,025,Boston city,census
BOS01669,Match,"84 FALCON ST, EAST BOSTON, MA, 02128",-71.035823347473,42.382023291419,25,025,Boston city,census
BOS01670,Match,"225 BROOKS ST, EAST BOSTON, MA, 02128",-71.036012217539,42.382150544057,25,025,Boston city,census
BOS01671,Match,"123 CONDOR ST, EAST BOSTON, MA, 02128",-71.035437146913,42.382539410028,25,025,Boston city,census
BOS01672,Match,"125 CONDOR ST, EAST BOSTON, MA, 02128",-71.035377592029,42.38253982632,25,025,Boston city,census
BOS01673,Match,"163 CONDOR ST, EAST BOSTON, MA, 02128",-71.034246049226,42.382547735875,25,025,Boston city,census
BOS01674,Match,"167 CONDOR ST, EAST BOSTON, MA, 02128",-71.034126939458,42.38254856846,25,025,Boston city,census
BOS01675,Match,"171 CONDOR ST, EAST BOSTON, MA, 02128",-71.034007829689,42.382549401044,25,025,Boston city,census
BOS01676,Match,"175 CONDOR ST, EAST BOSTON, MA, 02128",-71.03388871992,42.382550233629,25,025,Boston city,census
BOS01677,Match,"179 CONDOR ST, EAST BOSTON, MA, 02128",-71.033769610152,42.382551066214,25,025,Boston city,census
BOS01678,Match,"135 FALCON ST, EAST BOSTON, MA, 02128",-71.033483488419,42.381892388727,25,025,Boston city,census
BOS01679,Match,"92 WHITE ST, EAST BOSTON, MA, 02128",-71.033885294806,42.380586246438,25,025,Boston city,census
BOS01680,Match,"90 WHITE ST, EAST BOSTON, MA, 02128",-71.034014067954,42.380588178309,25,025,Boston city,census
BOS01681,Match,"87 FALCON ST, EAST BOSTON, MA, 02128",-71.036003419902,42.38190870005,25,025,Boston city,census
BOS01682,Match,"89 FALCON ST, EAST BOSTON, MA, 02128",-71.035898377655,42.381908700046,25,025,Boston city,census
BOS01683,Match,"93 FALCON ST, EAST BOSTON, MA, 02128",-71.035688293163,42.38190870004,25,025,Boston city,census
BOS01684,Match,"97 FALCON ST, EAST BOSTON, MA, 02128",-71.035478208671,42.381908700033,25,025,Boston city,census
BOS01685,Match,"99 FALCON ST, EAST BOSTON, MA, 02128",-71.035373166425,42.38190870003,25,025,Boston city,census
BOS01686,Match,"101 FALCON ST, EAST BOSTON, MA, 02128",-71.035269073184,42.381908498013,25,025,Boston city,census
BOS01687,Match,"103 FALCON ST, EAST BOSTON, MA, 02128",-71.035164038786,42.381907550407,25,025,Boston city,census
BOS01688,Match,"105 FALCON ST, EAST BOSTON, MA, 02128",-71.035059004388,42.381906602802,25,025,Boston city,census
BOS01689,Match,"107 FALCON ST, EAST BOSTON, MA, 02128",-71.03495396999,42.381905655197,25,025,Boston city,census
BOS01690,Match,"109 FALCON ST, EAST BOSTON, MA, 02128",-71.034848935592,42.381904707592,25,025,Boston city,census
BOS01691,Match,"111 FALCON ST, EAST BOSTON, MA, 02128",-71.034743901194,42.381903759987,25,025,Boston city,census
BOS01692,Match,"119 FALCON ST, EAST BOSTON, MA, 02128",-71.034323763602,42.381899969567,25,025,Boston city,census
BOS01693,Match,"121 FALCON ST, EAST BOSTON, MA, 02128",-71.034218729204,42.381899021962,25,025,Boston city,census
BOS01694,Match,"129 FALCON ST, EAST BOSTON, MA, 02128",-71.033798591613,42.381895231542,25,025,Boston city,census
BOS01695,Match,"131 FALCON ST, EAST BOSTON, MA, 02128",-71.033693557215,42.381894283937,25,025,Boston city,census
BOS01696,Match,"133 FALCON ST, EAST BOSTON, MA, 02128",-71.033588522817,42.381893336332,25,025,Boston city,census
BOS01697,Match,"82 WHITE ST, EAST BOSTON, MA, 02128",-71.036175746738,42.380606892145,25,025,Boston city,census
BOS01698,Match,"80 WHITE ST, EAST BOSTON, MA, 02128",-71.03626809283,42.38060761403,25,025,Boston city,census
BOS01699,Match,"68 WHITE ST, EAST BOSTON, MA, 02128",-71.036822169382,42.380611945345,25,025,Boston city,census
BOS01700,Match,"60 WHITE ST, EAST BOSTON, MA, 02128",-71.03719155375,42.380614832888,25,025,Boston city,census
BOS01701,Match,"48 WHITE ST, EAST BOSTON, MA, 02128",-71.037747450234,42.380615031981,25,025,Boston city,census
BOS01702,Match,"46 WHITE ST, EAST BOSTON, MA, 02128",-71.037902481651,42.380613610108,25,025,Boston city,census
BOS01703,Match,"44 WHITE ST, EAST BOSTON, MA, 02128",-71.037947383369,42.38061321661,25,025,Boston city,census
BOS01704,Match,"42 WHITE ST, EAST BOSTON, MA, 02128",-71.037992285088,42.380612823112,25,025,Boston city,census
BOS01705,Match,"38 WHITE ST, EAST BOSTON, MA, 02128",-71.038082088525,42.380612036117,25,025,Boston city,census
BOS01706,Match,"36 WHITE ST, EAST BOSTON, MA, 02128",-71.038126990243,42.380611642619,25,025,Boston city,census
BOS01707,Match,"34 WHITE ST, EAST BOSTON, MA, 02128",-71.038171891962,42.380611249121,25,025,Boston city,census
BOS01708,Match,"32 WHITE ST, EAST BOSTON, MA, 02128",-71.03821679368,42.380610855623,25,025,Boston city,census
BOS01709,Match,"28 WHITE ST, EAST BOSTON, MA, 02128",-71.038306597117,42.380610068628,25,025,Boston city,census
BOS01710,Match,"26 WHITE ST, EAST BOSTON, MA, 02128",-71.038351498836,42.38060967513,25,025,Boston city,census
BOS01711,Match,"419 MERIDIAN ST, EAST BOSTON, MA, 02128",-71.039193937032,42.381172613824,25,025,Boston city,census
BOS01712,Match,"421 MERIDIAN ST, EAST BOSTON, MA, 02128",-71.03919487762,42.381203219159,25,025,Boston city,census
BOS01713,Match,"423 MERIDIAN ST, EAST BOSTON, MA, 02128",-71.039195818207,42.381233824495,25,025,Boston city,census
BOS01714,Match,"425 MERIDIAN ST, EAST BOSTON, MA, 02128",-71.039196758795,42.381264429831,25,025,Boston city,census
BOS01715,Match,"23 W EAGLE ST, EAST BOSTON, MA, 02128",-71.038518671949,42.381293183587,25,025,Boston city,census
BOS01716,Match,"27 W EAGLE ST, EAST BOSTON, MA, 02128",-71.03839488255,42.381293096022,25,025,Boston city,census
BOS01717,Match,"31 W EAGLE ST, EAST BOSTON, MA, 02128",-71.038271093152,42.381293008457,25,025,Boston city,census
BOS01718,Match,"33 W EAGLE ST, EAST BOSTON, MA, 02128",-71.038209198453,42.381292964674,25,025,Boston city,census
BOS01719,Match,"35 W EAGLE ST, EAST BOSTON, MA, 02128",-71.038147303754,42.381292920892,25,025,Boston city,census
BOS01720,Match,"37 W EAGLE ST, EAST BOSTON, MA, 02128",-71.038085409054,42.381292877109,25,025,Boston city,census
BOS01721,Match,"39 W EAGLE ST, EAST BOSTON, MA, 02128",-71.038023514355,42.381292833327,25,025,Boston city,census
BOS01722,Match,"43 W EAGLE ST, EAST BOSTON, MA, 02128",-71.037899724957,42.381292745762,25,025,Boston city,census
BOS01723,Match,"49 W EAGLE ST, EAST BOSTON, MA, 02128",-71.037713966521,42.381292714157,25,025,Boston city,census
BOS01724,Match,"51 W EAGLE ST, EAST BOSTON, MA, 02128",-71.037652071794,42.381292714155,25,025,Boston city,census
BOS01725,Match,"53 W EAGLE ST, EAST BOSTON, MA, 02128",-71.037590177067,42.381292714153,25,025,Boston city,census
BOS01726,Match,"55 W EAGLE ST, EAST BOSTON, MA, 02128",-71.03752828234,42.381292714151,25,025,Boston city,census
BOS01727,Match,"57 W EAGLE ST, EAST BOSTON, MA, 02128",-71.037466387613,42.381292714149,25,025,Boston city,census
BOS01728,Match,"59 W EAGLE ST, EAST BOSTON, MA, 02128",-71.037404492886,42.381292714147,25,025,Boston city,census
BOS01729,Match,"61 W EAGLE ST, EAST BOSTON, MA, 02128",-71.037342598159,42.381292714145,25,025,Boston city,census
BOS01730,Match,"63 W EAGLE ST, EAST BOSTON, MA, 02128",-71.037280703432,42.381292714143,25,025,Boston city,census
BOS01731,Match,"65 W EAGLE ST, EAST BOSTON, MA, 02128",-71.037218808705,42.381292714141,25,025,Boston city,census
BOS01732,Match,"67 W EAGLE ST, EAST BOSTON, MA, 02128",-71.037156913978,42.381292714139,25,025,Boston city,census
BOS01733,Match,"69 W EAGLE ST, EAST BOSTON, MA, 02128",-71.037095019251,42.381292714137,25,025,Boston city,census
BOS01734,Match,"71 W EAGLE ST, EAST BOSTON, MA, 02128",-71.037033124524,42.381292714135,25,025,Boston city,census
BOS01735,Match,"77 W EAGLE ST, EAST BOSTON, MA, 02128",-71.036847440343,42.381292714129,25,025,Boston city,census
BOS01736,Match,"81 W EAGLE ST, EAST BOSTON, MA, 02128",-71.036723650888,42.381292714125,25,025,Boston city,census
BOS01737,Match,"220 BROOKS ST, EAST BOSTON, MA, 02128",-71.036167307505,42.381293243531,25,025,Boston city,census
BOS01738,Match,"216 BROOKS ST, EAST BOSTON, MA, 02128",-71.036170726561,42.381018671572,25,025,Boston city,census
BOS01739,Match,"214 BROOKS ST, EAST BOSTON, MA, 02128",-71.036172436089,42.380881385593,25,025,Boston city,census
BOS01740,Match,"86 W EAGLE ST, EAST BOSTON, MA, 02128",-71.036672071942,42.381407305499,25,025,Boston city,census
BOS01741,Match,"82 W EAGLE ST, EAST BOSTON, MA, 02128",-71.036840563144,42.381407305504,25,025,Boston city,census
BOS01742,Match,"76 W EAGLE ST, EAST BOSTON, MA, 02128",-71.037093299946,42.381407305513,25,025,Boston city,census
BOS01743,Match,"72 W EAGLE ST, EAST BOSTON, MA, 02128",-71.037261791147,42.381407305518,25,025,Boston city,census
BOS01744,Match,"70 W EAGLE ST, EAST BOSTON, MA, 02128",-71.037346036748,42.381407305521,25,025,Boston city,census
BOS01745,Match,"66 W EAGLE ST, EAST BOSTON, MA, 02128",-71.037514527949,42.381407305526,25,025,Boston city,census
BOS01746,Match,"64 W EAGLE ST, EAST BOSTON, MA, 02128",-71.03759877355,42.381407305529,25,025,Boston city,census
BOS01747,Match,"58 W EAGLE ST, EAST BOSTON, MA, 02128",-71.037851510352,42.381407305537,25,025,Boston city,census
BOS01748,Match,"56 W EAGLE ST, EAST BOSTON, MA, 02128",-71.037935681641,42.381407362623,25,025,Boston city,census
BOS01749,Match,"54 W EAGLE ST, EAST BOSTON, MA, 02128",-71.038019927204,42.381407422216,25,025,Boston city,census
BOS01750,Match,"52 W EAGLE ST, EAST BOSTON, MA, 02128",-71.038104172767,42.381407481809,25,025,Boston city,census
BOS01751,Match,"40 W EAGLE ST, EAST BOSTON, MA, 02128",-71.038609646143,42.381407839366,25,025,Boston city,census
BOS01752,Match,"36 W EAGLE ST, EAST BOSTON, MA, 02128",-71.038778137269,42.381407958552,25,025,Boston city,census
BOS01753,Match,"32 W EAGLE ST, EAST BOSTON, MA, 02128",-71.038946628394,42.381408077738,25,025,Boston city,census
BOS01754,Match,"30 W EAGLE ST, EAST BOSTON, MA, 02128",-71.039030873957,42.38140813733,25,025,Boston city,census
BOS01755,Match,"28 W EAGLE ST, EAST BOSTON, MA, 02128",-71.03911511952,42.381408196923,25,025,Boston city,census
BOS01756,Match,"439 MERIDIAN ST, EAST BOSTON, MA, 02128",-71.03920983541,42.381692602822,25,025,Boston city,census
BOS01757,Match,"441 MERIDIAN ST, EAST BOSTON, MA, 02128",-71.039211561367,42.381749205971,25,025,Boston city,census
BOS01758,Match,"443 MERIDIAN ST, EAST BOSTON, MA, 02128",-71.039213287324,42.381805809121,25,025,Boston city,census
BOS01759,Match,"445 MERIDIAN ST, EAST BOSTON, MA, 02128",-71.039215013281,42.38186241227,25,025,Boston city,census
BOS01760,Match,"25 FALCON ST, EAST BOSTON, MA, 02128",-71.039218760295,42.381917493726,25,025,Boston city,census
BOS01761,Match,"27 FALCON ST, EAST BOSTON, MA, 02128",-71.039116763158,42.381917207864,25,025,Boston city,census
BOS01762,Match,"29 FALCON ST, EAST BOSTON, MA, 02128",-71.039014766021,42.381916922001,25,025,Boston city,census
BOS01763,Match,"31 FALCON ST, EAST BOSTON, MA, 02128",-71.038912768884,42.381916636139,25,025,Boston city,census
BOS01764,Match,"33 FALCON ST, EAST BOSTON, MA, 02128",-71.038810771748,42.381916350277,25,025,Boston city,census
BOS01765,Match,"37 FALCON ST, EAST BOSTON, MA, 02128",-71.038606777474,42.381915778552,25,025,Boston city,census
BOS01766,Match,"39 FALCON ST, EAST BOSTON, MA, 02128",-71.038504780337,42.38191549269,25,025,Boston city,census
BOS01767,Match,"49 FALCON ST, EAST BOSTON, MA, 02128",-71.037994794653,42.381914063379,25,025,Boston city,census
BOS01768,Match,"51 FALCON ST, EAST BOSTON, MA, 02128",-71.037892797516,42.381913777517,25,025,Boston city,census
BOS01769,Match,"55 FALCON ST, EAST BOSTON, MA, 02128",-71.037688803242,42.381913205792,25,025,Boston city,census
BOS01770,Match,"57 FALCON ST, EAST BOSTON, MA, 02128",-71.037586806105,42.38191291993,25,025,Boston city,census
BOS01771,Match,"63 FALCON ST, EAST BOSTON, MA, 02128",-71.037280814695,42.381912062343,25,025,Boston city,census
BOS01772,Match,"71 FALCON ST, EAST BOSTON, MA, 02128",-71.036872826147,42.381910918894,25,025,Boston city,census
BOS01773,Match,"73 FALCON ST, EAST BOSTON, MA, 02128",-71.036770829011,42.381910633032,25,025,Boston city,census
BOS01774,Match,"77 FALCON ST, EAST BOSTON, MA, 02128",-71.036566834737,42.381910061307,25,025,Boston city,census
BOS01775,Match,"79 FALCON ST, EAST BOSTON, MA, 02128",-71.0364648376,42.381909775445,25,025,Boston city,census
BOS01776,Match,"78 FALCON ST, EAST BOSTON, MA, 02128",-71.03615825759,42.382023508401,25,025,Boston city,census
BOS01777,Match,"68 FALCON ST, EAST BOSTON, MA, 02128",-71.036704670823,42.382025039806,25,025,Boston city,census
BOS01778,Match,"64 FALCON ST, EAST BOSTON, MA, 02128",-71.036923236117,42.382025652368,25,025,Boston city,census
BOS01779,Match,"62 FALCON ST, EAST BOSTON, MA, 02128",-71.037032518763,42.382025958649,25,025,Boston city,census
BOS01780,Match,"60 FALCON ST, EAST BOSTON, MA, 02128",-71.03714180141,42.382026264929,25,025,Boston city,census
BOS01781,Match,"56 FALCON ST, EAST BOSTON, MA, 02128",-71.037360366703,42.382026877492,25,025,Boston city,census
BOS01782,Match,"54 FALCON ST, EAST BOSTON, MA, 02128",-71.03746964935,42.382027183773,25,025,Boston city,census
BOS01783,Match,"50 FALCON ST, EAST BOSTON, MA, 02128",-71.037688214643,42.382027796334,25,025,Boston city,census
BOS01784,Match,"48 FALCON ST, EAST BOSTON, MA, 02128",-71.03779749729,42.382028102615,25,025,Boston city,census
BOS01785,Match,"44 FALCON ST, EAST BOSTON, MA, 02128",-71.038016062583,42.382028715177,25,025,Boston city,census
BOS01786,Match,"42 FALCON ST, EAST BOSTON, MA, 02128",-71.03812534523,42.382029021458,25,025,Boston city,census
BOS01787,Match,"40 FALCON ST, EAST BOSTON, MA, 02128",-71.038234627876,42.382029327739,25,025,Boston city,census
BOS01788,Match,"38 FALCON ST, EAST BOSTON, MA, 02128",-71.038343910523,42.38202963402,25,025,Boston city,census
BOS01789,Match,"36 FALCON ST, EAST BOSTON, MA, 02128",-71.038453193169,42.382029940301,25,025,Boston city,census
BOS01790,Match,"34 FALCON ST, EAST BOSTON, MA, 02128",-71.038562475816,42.382030246582,25,025,Boston city,census
BOS01791,Match,"32 FALCON ST, EAST BOSTON, MA, 02128",-71.038671758463,42.382030552863,25,025,Boston city,census
BOS01792,Match,"30 FALCON ST, EAST BOSTON, MA, 02128",-71.038781041109,42.382030859144,25,025,Boston city,census
BOS01793,Match,"28 FALCON ST, EAST BOSTON, MA, 02128",-71.038890323756,42.382031165425,25,025,Boston city,census
BOS01794,Match,"22 FALCON ST, EAST BOSTON, MA, 02128",-71.039218171696,42.382032084268,25,025,Boston city,census
BOS01795,Match,"451 MERIDIAN ST, EAST BOSTON, MA, 02128",-71.039221926796,42.382090938955,25,025,Boston city,census
BOS01796,Match,"453 MERIDIAN ST, EAST BOSTON, MA, 02128",-71.039223649433,42.382148319659,25,025,Boston city,census
BOS01797,Match,"455 MERIDIAN ST, EAST BOSTON, MA, 02128",-71.03922537207,42.382205700364,25,025,Boston city,census
BOS01798,Match,"463 MERIDIAN ST, EAST BOSTON, MA, 02128",-71.039232262618,42.382435223182,25,025,Boston city,census
BOS01799,Match,"37 CONDOR ST, EAST BOSTON, MA, 02128",-71.03862809784,42.382545698358,25,025,Boston city,census
BOS01800,Match,"41 CONDOR ST, EAST BOSTON, MA, 02128",-71.038475655338,42.382545032352,25,025,Boston city,census
BOS01801,Match,"47 CONDOR ST, EAST BOSTON, MA, 02128",-71.038246991585,42.382544033342,25,025,Boston city,census
BOS01802,Match,"61 CONDOR ST, EAST BOSTON, MA, 02128",-71.037713442828,42.38254170232,25,025,Boston city,census
BOS01803,Match,"63 CONDOR ST, EAST BOSTON, MA, 02128",-71.037637221577,42.382541369317,25,025,Boston city,census
BOS01804,Match,"65 CONDOR ST, EAST BOSTON, MA, 02128",-71.037561000326,42.382541036314,25,025,Boston city,census
BOS01805,Match,"67 CONDOR ST, EAST BOSTON, MA, 02128",-71.037484779075,42.382540703311,25,025,Boston city,census
BOS01806,Match,"81 CONDOR ST, EAST BOSTON, MA, 02128",-71.036951230318,42.382538372289,25,025,Boston city,census
BOS01807,Match,"85 CONDOR ST, EAST BOSTON, MA, 02128",-71.036798787816,42.382537706283,25,025,Boston city,census
BOS01808,Match,"91 CONDOR ST, EAST BOSTON, MA, 02128",-71.036570124063,42.382536707274,25,025,Boston city,census
BOS01809,Match,"93 CONDOR ST, EAST BOSTON, MA, 02128",-71.036493902811,42.382536374271,25,025,Boston city,census
BOS01810,Match,"97 CONDOR ST, EAST BOSTON, MA, 02128",-71.03634146031,42.382535708265,25,025,Boston city,census
BOS01811,Match,"224 BROOKS ST, EAST BOSTON, MA, 02128",-71.036161893795,42.382034688177,25,025,Boston city,census
BOS01812,Match,"12 FALCON ST, EAST BOSTON, MA, 02128",-71.039760320948,42.38203364912,25,025,Boston city,census
BOS01813,Match,"7 CONDOR ST, EAST BOSTON, MA, 02128",-71.039901741339,42.382550734668,25,025,Boston city,census
BOS01814,Match,"13 CONDOR ST, EAST BOSTON, MA, 02128",-71.03964732326,42.382549852285,25,025,Boston city,census
BOS01815,Match,"15 CONDOR ST, EAST BOSTON, MA, 02128",-71.039562517233,42.382549558157,25,025,Boston city,census
BOS01816,Match,"458 MERIDIAN ST, EAST BOSTON, MA, 02128",-71.039384839355,42.382348818559,25,025,Boston city,census
BOS01817,Match,"454 MERIDIAN ST, EAST BOSTON, MA, 02128",-71.039382454165,42.382269368353,25,025,Boston city,census
BOS01818,Match,"430 MERIDIAN ST, EAST BOSTON, MA, 02128",-71.039356297313,42.38140700669,25,025,Boston city,census
BOS01819,Match,"8 W EAGLE ST, EAST BOSTON, MA, 02128",-71.039961006278,42.381408311432,25,025,Boston city,census
BOS01820,Match,"6 W EAGLE ST, EAST BOSTON, MA, 02128",-71.040036810769,42.381408311435,25,025,Boston city,census
BOS01821,Match,"4 W EAGLE ST, EAST BOSTON, MA, 02128",-71.040112615261,42.381408311437,25,025,Boston city,census
BOS01822,Match,"2 W EAGLE ST, EAST BOSTON, MA, 02128",-71.040188419752,42.381408311439,25,025,Boston city,census
BOS01823,Match,"425 BORDER ST, EAST BOSTON, MA, 02128",-71.040239473353,42.381924582003,25,025,Boston city,census
BOS01824,Match,"5 FALCON ST, EAST BOSTON, MA, 02128",-71.040086385519,42.381920002569,25,025,Boston city,census
BOS01825,Match,"7 FALCON ST, EAST BOSTON, MA, 02128",-71.04000722068,42.381919772962,25,025,Boston city,census
BOS01826,Match,"440 MERIDIAN ST, EAST BOSTON, MA, 02128",-71.039371830928,42.381916435035,25,025,Boston city,census
BOS01827,Match,"438 MERIDIAN ST, EAST BOSTON, MA, 02128",-71.039368724205,42.381814549366,25,025,Boston city,census
BOS01828,Match,"436 MERIDIAN ST, EAST BOSTON, MA, 02128",-71.039365617482,42.381712663697,25,025,Boston city,census
BOS01829,Match,"434 MERIDIAN ST, EAST BOSTON, MA, 02128",-71.039362510759,42.381610778028,25,025,Boston city,census
BOS01830,Match,"432 MERIDIAN ST, EAST BOSTON, MA, 02128",-71.039359404036,42.381508892359,25,025,Boston city,census
BOS01831,Match,"428 MERIDIAN ST, EAST BOSTON, MA, 02128",-71.039352789485,42.38129243442,25,025,Boston city,census
BOS01832,Match,"426 MERIDIAN ST, EAST BOSTON, MA, 02128",-71.039350673163,42.381223572414,25,025,Boston city,census
BOS01833,Match,"424 MERIDIAN ST, EAST BOSTON, MA, 02128",-71.039348556841,42.381154710409,25,025,Boston city,census
BOS01834,Match,"422 MERIDIAN ST, EAST BOSTON, MA, 02128",-71.039346440519,42.381085848403,25,025,Boston city,census
BOS01835,Match,"418 MERIDIAN ST, EAST BOSTON, MA, 02128",-71.039340773698,42.380902403941,25,025,Boston city,census
BOS01836,Match,"416 MERIDIAN ST, EAST BOSTON, MA, 02128",-71.039336066666,42.3807516875,25,025,Boston city,census
BOS01837,Match,"414 MERIDIAN ST, EAST BOSTON, MA, 02128",-71.039331359633,42.380600971059,25,025,Boston city,census
BOS01838,Match,"401 BORDER ST, EAST BOSTON, MA, 02128",-71.040129636051,42.380687862182,25,025,Boston city,census
BOS01839,Match,"406 MERIDIAN ST, EAST BOSTON, MA, 02128",-71.039324969346,42.380327010601,25,025,Boston city,census
BOS01840,Match,"398 MERIDIAN ST, EAST BOSTON, MA, 02128",-71.039320443679,42.380113925234,25,025,Boston city,census
BOS01841,Match,"390 MERIDIAN ST, EAST BOSTON, MA, 02128",-71.039315918012,42.379900839868,25,025,Boston city,census
BOS01842,Match,"388 MERIDIAN ST, EAST BOSTON, MA, 02128",-71.039314786595,42.379847568527,25,025,Boston city,census
BOS01843,Match,"372 MERIDIAN ST, EAST BOSTON, MA, 02128",-71.039305735261,42.379421397795,25,025,Boston city,census
BOS01844,Match,"370 MERIDIAN ST, EAST BOSTON, MA, 02128",-71.039303347338,42.379306853405,25,025,Boston city,census
BOS01845,Match,"368 MERIDIAN ST, EAST BOSTON, MA, 02128",-71.039301946654,42.379238357768,25,025,Boston city,census
BOS01846,Match,"366 MERIDIAN ST, EAST BOSTON, MA, 02128",-71.03930054597,42.379169862131,25,025,Boston city,census
BOS01847,Match,"358 MERIDIAN ST, EAST BOSTON, MA, 02128",-71.039294547375,42.3788957903,25,025,Boston city,census
BOS01848,Match,"6 EUTAW ST, EAST BOSTON, MA, 02128",-71.03978370995,42.378702504342,25,025,Boston city,census
BOS01849,Match,"345 BORDER ST, EAST BOSTON, MA, 02128",-71.040007524551,42.379292706093,25,025,Boston city,census
BOS01850,Match,"347 BORDER ST, EAST BOSTON, MA, 02128",-71.040011230277,42.379335254578,25,025,Boston city,census
BOS01851,Match,"367 BORDER ST, EAST BOSTON, MA, 02128",-71.040048287536,42.379760739428,25,025,Boston city,census
BOS01852,Match,"369 BORDER ST, EAST BOSTON, MA, 02128",-71.040051993262,42.379803287913,25,025,Boston city,census
BOS01853,Match,"342 MERIDIAN ST, EAST BOSTON, MA, 02128",-71.03928027727,42.378311433252,25,025,Boston city,census
BOS01854,Match,"336 MERIDIAN ST, EAST BOSTON, MA, 02128",-71.039275155919,42.378113307213,25,025,Boston city,census
BOS01855,Match,"334 MERIDIAN ST, EAST BOSTON, MA, 02128",-71.039273448802,42.378047265199,25,025,Boston city,census
BOS01856,Match,"314 MERIDIAN ST, EAST BOSTON, MA, 02128",-71.039257883256,42.377460573384,25,025,Boston city,census
BOS01857,Match,"312 MERIDIAN ST, EAST BOSTON, MA, 02128",-71.039256578942,42.377412002584,25,025,Boston city,census
BOS01858,Match,"408 BORDER ST, EAST BOSTON, MA, 02128",-71.040298207259,42.380837642623,25,025,Boston city,census
BOS01859,Match,"477 MERIDIAN ST, EAST BOSTON, MA, 02128",-71.039236499257,42.383140642097,25,025,Boston city,census
BOS01860,Match,"475 MERIDIAN ST, EAST BOSTON, MA, 02128",-71.039236702049,42.383021286491,25,025,Boston city,census
BOS01861,Match,"471 MERIDIAN ST, EAST BOSTON, MA, 02128",-71.039237107632,42.38278257528,25,025,Boston city,census
BOS01862,Match,"469 MERIDIAN ST, EAST BOSTON, MA, 02128",-71.039237310423,42.382663219674,25,025,Boston city,census
BOS01863,Match,"30 CONDOR ST, EAST BOSTON, MA, 02128",-71.038801400297,42.382661048866,25,025,Boston city,census
BOS01864,Match,"34 CONDOR ST, EAST BOSTON, MA, 02128",-71.038739178868,42.382660777027,25,025,Boston city,census
BOS01865,Match,"38 CONDOR ST, EAST BOSTON, MA, 02128",-71.038676957439,42.382660505187,25,025,Boston city,census
BOS01866,Match,"42 CONDOR ST, EAST BOSTON, MA, 02128",-71.038614736009,42.382660233348,25,025,Boston city,census
BOS01867,Match,"46 CONDOR ST, EAST BOSTON, MA, 02128",-71.03855251458,42.382659961509,25,025,Boston city,census
BOS01868,Match,"137 CHELSEA ST, EAST BOSTON, MA, 02128",-71.034675802071,42.373336245285,25,025,Boston city,census
BOS01869,Match,"139 CHELSEA ST, EAST BOSTON, MA, 02128",-71.034639961209,42.373367354763,25,025,Boston city,census
BOS01870,Match,"143 CHELSEA ST, EAST BOSTON, MA, 02128",-71.034568279485,42.373429573718,25,025,Boston city,census
BOS01871,Match,"145 CHELSEA ST, EAST BOSTON, MA, 02128",-71.034532438624,42.373460683195,25,025,Boston city,census
BOS01872,Match,"147 CHELSEA ST, EAST BOSTON, MA, 02128",-71.034496597762,42.373491792673,25,025,Boston city,census
BOS01873,Match,"149 CHELSEA ST, EAST BOSTON, MA, 02128",-71.0344607569,42.37352290215,25,025,Boston city,census
BOS01874,Match,"151 CHELSEA ST, EAST BOSTON, MA, 02128",-71.034424916038,42.373554011628,25,025,Boston city,census
BOS01875,Match,"155 CHELSEA ST, EAST BOSTON, MA, 02128",-71.034353234314,42.373616230583,25,025,Boston city,census
BOS01876,Match,"157 CHELSEA ST, EAST BOSTON, MA, 02128",-71.034252694091,42.373703454423,25,025,Boston city,census
BOS01877,Match,"159 CHELSEA ST, EAST BOSTON, MA, 02128",-71.034209249931,42.373741125954,25,025,Boston city,census
BOS01878,Match,"167 CHELSEA ST, EAST BOSTON, MA, 02128",-71.034035473291,42.373891812078,25,025,Boston city,census
BOS01879,Match,"173 CHELSEA ST, EAST BOSTON, MA, 02128",-71.033905140811,42.374004826671,25,025,Boston city,census
BOS01880,Match,"175 CHELSEA ST, EAST BOSTON, MA, 02128",-71.033861696651,42.374042498203,25,025,Boston city,census
BOS01881,Match,"177 CHELSEA ST, EAST BOSTON, MA, 02128",-71.033818252491,42.374080169734,25,025,Boston city,census
BOS01882,Match,"189 CHELSEA ST, EAST BOSTON, MA, 02128",-71.03355758753,42.37430619892,25,025,Boston city,census
BOS01883,Match,"191 CHELSEA ST, EAST BOSTON, MA, 02128",-71.03351414337,42.374343870451,25,025,Boston city,census
BOS01884,Match,"247 MARION ST, EAST BOSTON, MA, 02128",-71.033409409207,42.374407355104,25,025,Boston city,census
BOS01885,Match,"249 MARION ST, EAST BOSTON, MA, 02128",-71.033390869744,42.374395535659,25,025,Boston city,census
BOS01886,Match,"251 MARION ST, EAST BOSTON, MA, 02128",-71.033372330281,42.374383716215,25,025,Boston city,census
BOS01887,Match,"253 MARION ST, EAST BOSTON, MA, 02128",-71.033353790818,42.37437189677,25,025,Boston city,census
BOS01888,Match,"255 MARION ST, EAST BOSTON, MA, 02128",-71.033335251355,42.374360077325,25,025,Boston city,census
BOS01889,Match,"220 BREMEN ST, EAST BOSTON, MA, 02128",-71.033186759438,42.373878389111,25,025,Boston city,census
BOS01890,Match,"218 BREMEN ST, EAST BOSTON, MA, 02128",-71.033238633983,42.373834045347,25,025,Boston city,census
BOS01891,Match,"216 BREMEN ST, EAST BOSTON, MA, 02128",-71.033290508528,42.373789701582,25,025,Boston city,census
BOS01892,Match,"214 BREMEN ST, EAST BOSTON, MA, 02128",-71.033342383073,42.373745357818,25,025,Boston city,census
BOS01893,Match,"212 BREMEN ST, EAST BOSTON, MA, 02128",-71.033394257618,42.373701014053,25,025,Boston city,census
BOS01894,Match,"208 BREMEN ST, EAST BOSTON, MA, 02128",-71.033498006708,42.373612326524,25,025,Boston city,census
BOS01895,Match,"200 BREMEN ST, EAST BOSTON, MA, 02128",-71.033705504888,42.373434951466,25,025,Boston city,census
BOS01896,Match,"198 BREMEN ST, EAST BOSTON, MA, 02128",-71.033757379433,42.373390607702,25,025,Boston city,census
BOS01897,Match,"196 BREMEN ST, EAST BOSTON, MA, 02128",-71.033809253978,42.373346263938,25,025,Boston city,census
BOS01898,Match,"194 BREMEN ST, EAST BOSTON, MA, 02128",-71.033861128523,42.373301920173,25,025,Boston city,census
BOS01899,Match,"192 BREMEN ST, EAST BOSTON, MA, 02128",-71.033913003068,42.373257576409,25,025,Boston city,census
BOS01900,Match,"190 BREMEN ST, EAST BOSTON, MA, 02128",-71.033964877613,42.373213232644,25,025,Boston city,census
BOS01901,Match,"162 BREMEN ST, EAST BOSTON, MA, 02128",-71.035130217983,42.372217051103,25,025,Boston city,census
BOS01902,Match,"160 BREMEN ST, EAST BOSTON, MA, 02128",-71.035176692757,42.372177365931,25,025,Boston city,census
BOS01903,Match,"158 BREMEN ST, EAST BOSTON, MA, 02128",-71.035223167531,42.372137680758,25,025,Boston city,census
BOS01904,Match,"156 BREMEN ST, EAST BOSTON, MA, 02128",-71.035269642305,42.372097995586,25,025,Boston city,census
BOS01905,Match,"152 BREMEN ST, EAST BOSTON, MA, 02128",-71.035362591853,42.372018625242,25,025,Boston city,census
BOS01906,Match,"150 BREMEN ST, EAST BOSTON, MA, 02128",-71.035409066627,42.37197894007,25,025,Boston city,census
BOS01907,Match,"148 BREMEN ST, EAST BOSTON, MA, 02128",-71.035455541401,42.371939254898,25,025,Boston city,census
BOS01908,Match,"146 BREMEN ST, EAST BOSTON, MA, 02128",-71.035502016175,42.371899569726,25,025,Boston city,census
BOS01909,Match,"132 BREMEN ST, EAST BOSTON, MA, 02128",-71.035827339592,42.371621773521,25,025,Boston city,census
BOS01910,Match,"130 BREMEN ST, EAST BOSTON, MA, 02128",-71.035873814366,42.371582088348,25,025,Boston city,census
BOS01911,Match,"128 BREMEN ST, EAST BOSTON, MA, 02128",-71.03592028914,42.371542403176,25,025,Boston city,census
BOS01912,Match,"126 BREMEN ST, EAST BOSTON, MA, 02128",-71.035966763914,42.371502718004,25,025,Boston city,census
BOS01913,Match,"124 BREMEN ST, EAST BOSTON, MA, 02128",-71.036013238688,42.371463032832,25,025,Boston city,census
BOS01914,Match,"122 BREMEN ST, EAST BOSTON, MA, 02128",-71.036059713462,42.37142334766,25,025,Boston city,census
BOS01915,Match,"118 BREMEN ST, EAST BOSTON, MA, 02128",-71.036152663009,42.371343977316,25,025,Boston city,census
BOS01916,Match,"116 BREMEN ST, EAST BOSTON, MA, 02128",-71.036199137783,42.371304292144,25,025,Boston city,census
BOS01917,Match,"114 BREMEN ST, EAST BOSTON, MA, 02128",-71.036245612557,42.371264606971,25,025,Boston city,census
BOS01918,Match,"112 BREMEN ST, EAST BOSTON, MA, 02128",-71.036292087331,42.371224921799,25,025,Boston city,census
BOS01919,Match,"110 BREMEN ST, EAST BOSTON, MA, 02128",-71.036338562105,42.371185236627,25,025,Boston city,census
BOS01920,Match,"108 BREMEN ST, EAST BOSTON, MA, 02128",-71.036385036879,42.371145551455,25,025,Boston city,census
BOS01921,Match,"106 BREMEN ST, EAST BOSTON, MA, 02128",-71.036431511653,42.371105866283,25,025,Boston city,census
BOS01922,Match,"104 BREMEN ST, EAST BOSTON, MA, 02128",-71.036477986427,42.371066181111,25,025,Boston city,census
BOS01923,Match,"102 BREMEN ST, EAST BOSTON, MA, 02128",-71.036524461201,42.371026495938,25,025,Boston city,census
BOS01924,Match,"57 CHELSEA ST, EAST BOSTON, MA, 02128",-71.037001048316,42.371338977433,25,025,Boston city,census
BOS01925,Match,"59 CHELSEA ST, EAST BOSTON, MA, 02128",-71.036943455369,42.371388123732,25,025,Boston city,census
BOS01926,Match,"61 CHELSEA ST, EAST BOSTON, MA, 02128",-71.036885862422,42.37143727003,25,025,Boston city,census
BOS01927,Match,"63 CHELSEA ST, EAST BOSTON, MA, 02128",-71.036828269475,42.371486416328,25,025,Boston city,census
BOS01928,Match,"65 CHELSEA ST, EAST BOSTON, MA, 02128",-71.036770676529,42.371535562627,25,025,Boston city,census
BOS01929,Match,"69 CHELSEA ST, EAST BOSTON, MA, 02128",-71.036655490635,42.371633855224,25,025,Boston city,census
BOS01930,Match,"71 CHELSEA ST, EAST BOSTON, MA, 02128",-71.036597897688,42.371683001522,25,025,Boston city,census
BOS01931,Match,"75 CHELSEA ST, EAST BOSTON, MA, 02128",-71.036482711795,42.371781294119,25,025,Boston city,census
BOS01932,Match,"83 CHELSEA ST, EAST BOSTON, MA, 02128",-71.036252340008,42.371977879312,25,025,Boston city,census
BOS01933,Match,"87 CHELSEA ST, EAST BOSTON, MA, 02128",-71.036137154114,42.372076171909,25,025,Boston city,census
BOS01934,Match,"89 CHELSEA ST, EAST BOSTON, MA, 02128",-71.036035638685,42.372162904837,25,025,Boston city,census
BOS01935,Match,"95 CHELSEA ST, EAST BOSTON, MA, 02128",-71.035887994153,42.372289205273,25,025,Boston city,census
BOS01936,Match,"97 CHELSEA ST, EAST BOSTON, MA, 02128",-71.035786636153,42.372376169989,25,025,Boston city,census
BOS01937,Match,"101 CHELSEA ST, EAST BOSTON, MA, 02128",-71.03568164967,42.372466518023,25,025,Boston city,census
BOS01938,Match,"107 CHELSEA ST, EAST BOSTON, MA, 02128",-71.035524169945,42.372602040074,25,025,Boston city,census
BOS01939,Match,"109 CHELSEA ST, EAST BOSTON, MA, 02128",-71.035471676704,42.372647214091,25,025,Boston city,census
BOS01940,Match,"59 GOVE ST, EAST BOSTON, MA, 02128",-71.037016983053,42.371114595764,25,025,Boston city,census
BOS01941,Match,"61 GOVE ST, EAST BOSTON, MA, 02128",-71.036996709067,42.37110192803,25,025,Boston city,census
BOS01942,Match,"63 GOVE ST, EAST BOSTON, MA, 02128",-71.03697643508,42.371089260296,25,025,Boston city,census
BOS01943,Match,"65 GOVE ST, EAST BOSTON, MA, 02128",-71.036956161093,42.371076592563,25,025,Boston city,census
BOS01944,Match,"90 BREMEN ST, EAST BOSTON, MA, 02128",-71.036857604792,42.370742982775,25,025,Boston city,census
BOS01945,Match,"88 BREMEN ST, EAST BOSTON, MA, 02128",-71.03690389664,42.370703642474,25,025,Boston city,census
BOS01946,Match,"86 BREMEN ST, EAST BOSTON, MA, 02128",-71.036950188488,42.370664302173,25,025,Boston city,census
BOS01947,Match,"84 BREMEN ST, EAST BOSTON, MA, 02128",-71.036996480336,42.370624961872,25,025,Boston city,census
BOS01948,Match,"82 BREMEN ST, EAST BOSTON, MA, 02128",-71.037042772184,42.370585621571,25,025,Boston city,census
BOS01949,Match,"66 BREMEN ST, EAST BOSTON, MA, 02128",-71.037413106967,42.370270899162,25,025,Boston city,census
BOS01950,Match,"64 BREMEN ST, EAST BOSTON, MA, 02128",-71.037459398815,42.370231558861,25,025,Boston city,census
BOS01951,Match,"62 BREMEN ST, EAST BOSTON, MA, 02128",-71.037505690663,42.37019221856,25,025,Boston city,census
BOS01952,Match,"15 CHELSEA ST, EAST BOSTON, MA, 02128",-71.03818074859,42.37033087944,25,025,Boston city,census
BOS01953,Match,"23 CHELSEA ST, EAST BOSTON, MA, 02128",-71.037933507183,42.370542107712,25,025,Boston city,census
BOS01954,Match,"25 CHELSEA ST, EAST BOSTON, MA, 02128",-71.037893398919,42.370576371726,25,025,Boston city,census
BOS01955,Match,"27 CHELSEA ST, EAST BOSTON, MA, 02128",-71.037853290655,42.370610635741,25,025,Boston city,census
BOS01956,Match,"29 CHELSEA ST, EAST BOSTON, MA, 02128",-71.037813182391,42.370644899755,25,025,Boston city,census
BOS01957,Match,"31 CHELSEA ST, EAST BOSTON, MA, 02128",-71.037773074127,42.370679163769,25,025,Boston city,census
BOS01958,Match,"33 CHELSEA ST, EAST BOSTON, MA, 02128",-71.037671617917,42.370765868161,25,025,Boston city,census
BOS01959,Match,"37 CHELSEA ST, EAST BOSTON, MA, 02128",-71.037569307474,42.370853334991,25,025,Boston city,census
BOS01960,Match,"39 CHELSEA ST, EAST BOSTON, MA, 02128",-71.037518152252,42.370897068406,25,025,Boston city,census
BOS01961,Match,"41 CHELSEA ST, EAST BOSTON, MA, 02128",-71.03746699703,42.370940801821,25,025,Boston city,census
BOS01962,Match,"43 CHELSEA ST, EAST BOSTON, MA, 02128",-71.037415841808,42.370984535235,25,025,Boston city,census
BOS01963,Match,"45 CHELSEA ST, EAST BOSTON, MA, 02128",-71.037364686587,42.37102826865,25,025,Boston city,census
BOS01964,Match,"47 CHELSEA ST, EAST BOSTON, MA, 02128",-71.037313531365,42.371072002065,25,025,Boston city,census
BOS01965,Match,"108 ORLEANS ST, EAST BOSTON, MA, 02128",-71.036699865122,42.369621821443,25,025,Boston city,census
BOS01966,Match,"106 ORLEANS ST, EAST BOSTON, MA, 02128",-71.036801408808,42.369535092793,25,025,Boston city,census
BOS01967,Match,"104 ORLEANS ST, EAST BOSTON, MA, 02128",-71.036866603822,42.369479328327,25,025,Boston city,census
BOS01968,Match,"102 ORLEANS ST, EAST BOSTON, MA, 02128",-71.036931798836,42.369423563862,25,025,Boston city,census
BOS01969,Match,"178 MAVERICK ST, EAST BOSTON, MA, 02128",-71.037189267828,42.369442612846,25,025,Boston city,census
BOS01970,Match,"174 MAVERICK ST, EAST BOSTON, MA, 02128",-71.037305057052,42.369493956023,25,025,Boston city,census
BOS01971,Match,"170 MAVERICK ST, EAST BOSTON, MA, 02128",-71.037420846277,42.3695452992,25,025,Boston city,census
BOS01972,Match,"80 FRANKFORT ST, EAST BOSTON, MA, 02128",-71.033862096797,42.371010179722,25,025,Boston city,census
BOS01973,Match,"78 FRANKFORT ST, EAST BOSTON, MA, 02128",-71.033921396655,42.370959823404,25,025,Boston city,census
BOS01974,Match,"76 FRANKFORT ST, EAST BOSTON, MA, 02128",-71.033980696513,42.370909467086,25,025,Boston city,census
BOS01975,Match,"74 FRANKFORT ST, EAST BOSTON, MA, 02128",-71.034039996371,42.370859110767,25,025,Boston city,census
BOS01976,Match,"72 FRANKFORT ST, EAST BOSTON, MA, 02128",-71.034099296228,42.370808754449,25,025,Boston city,census
BOS01977,Match,"70 FRANKFORT ST, EAST BOSTON, MA, 02128",-71.034158596086,42.370758398131,25,025,Boston city,census
BOS01978,Match,"68 FRANKFORT ST, EAST BOSTON, MA, 02128",-71.034217895944,42.370708041813,25,025,Boston city,census
BOS01979,Match,"66 FRANKFORT ST, EAST BOSTON, MA, 02128",-71.034277195802,42.370657685495,25,025,Boston city,census
BOS01980,Match,"62 FRANKFORT ST, EAST BOSTON, MA, 02128",-71.034395795518,42.370556972859,25,025,Boston city,census
BOS01981,Match,"60 FRANKFORT ST, EAST BOSTON, MA, 02128",-71.034455095376,42.37050661654,25,025,Boston city,census
BOS01982,Match,"58 FRANKFORT ST, EAST BOSTON, MA, 02128",-71.034514395234,42.370456260222,25,025,Boston city,census
BOS01983,Match,"56 FRANKFORT ST, EAST BOSTON, MA, 02128",-71.034573695092,42.370405903904,25,025,Boston city,census
BOS01984,Match,"200 MAVERICK ST, EAST BOSTON, MA, 02128",-71.036224144127,42.36901852354,25,025,Boston city,census
BOS01985,Match,"198 MAVERICK ST, EAST BOSTON, MA, 02128",-71.036318229164,42.36905974114,25,025,Boston city,census
BOS01986,Match,"196 MAVERICK ST, EAST BOSTON, MA, 02128",-71.036412314201,42.36910095874,25,025,Boston city,census
BOS01987,Match,"194 MAVERICK ST, EAST BOSTON, MA, 02128",-71.036506399237,42.36914217634,25,025,Boston city,census
BOS01988,Match,"190 MAVERICK ST, EAST BOSTON, MA, 02128",-71.036694569311,42.36922461154,25,025,Boston city,census
BOS01989,Match,"188 MAVERICK ST, EAST BOSTON, MA, 02128",-71.036788654347,42.369265829139,25,025,Boston city,census
BOS01990,Match,"186 MAVERICK ST, EAST BOSTON, MA, 02128",-71.036882739384,42.369307046739,25,025,Boston city,census
BOS01991,No_Match,,,,,,,
BOS01992,Match,"103 ORLEANS ST, EAST BOSTON, MA, 02128",-71.036582634071,42.369546790721,25,025,Boston city,census
BOS01993,Match,"105 ORLEANS ST, EAST BOSTON, MA, 02128",-71.036538430766,42.369584489576,25,025,Boston city,census
